smiles,MW,LogP,NR-AR,NR-AR-LBD,NR-AhR,NR-Aromatase,NR-ER,NR-ER-LBD,NR-PPAR-gamma,SR-ARE,SR-ATAD5,SR-HSE,SR-MMP,SR-p53
CCOc1ccc2nc(S(N)(=O)=O)sc2c1,258.32399999999996,1.3424,0.0,0.0,1.0,,,0.0,0.0,1.0,0.0,0.0,0.0,0.0
CCN1C(=O)NC(c2ccccc2)C1=O,204.22899999999998,1.2993999999999999,0.0,0.0,0.0,0.0,0.0,0.0,0.0,,0.0,,0.0,0.0
CC[C@]1(O)CC[C@H]2[C@@H]3CCC4=CCCC[C@@H]4[C@H]3CC[C@@]21C,288.475,5.090300000000005,,,,,,,,0.0,,0.0,,
CCCN(CC)C(CC)C(=O)Nc1c(C)cccc1C,276.42400000000004,3.7524400000000018,0.0,0.0,0.0,0.0,0.0,0.0,0.0,,0.0,,0.0,0.0
CC(O)(P(=O)(O)O)P(=O)(O)O,206.027,-0.9922000000000002,0.0,0.0,0.0,0.0,0.0,0.0,0.0,0.0,0.0,0.0,0.0,0.0
CC(C)(C)OOC(C)(C)CCC(C)(C)OOC(C)(C)C,290.444,4.817200000000005,0.0,0.0,0.0,0.0,0.0,0.0,0.0,,0.0,0.0,0.0,0.0
O=S(=O)(Cl)c1ccccc1,176.62400000000002,1.6141,0.0,0.0,0.0,0.0,0.0,0.0,0.0,0.0,0.0,0.0,0.0,0.0
O=C(O)Cc1cc(I)c(Oc2ccc(O)c(I)c2)c(I)c1,621.9340000000001,4.625400000000002,0.0,,0.0,,1.0,,,1.0,0.0,1.0,0.0,1.0
OC[C@H](O)[C@@H](O)[C@H](O)CO,152.146,-2.9463000000000004,0.0,0.0,0.0,0.0,0.0,0.0,0.0,0.0,0.0,0.0,,0.0
CCCCCCCC(=O)[O-].CCCCCCCC(=O)[O-].[Zn+2],351.8019999999999,2.1911000000000005,,,,,,,,0.0,,0.0,,
NC(=O)c1ccc[n+]([C@@H]2O[C@H](COP(=O)([O-])OP(=O)(O)OC[C@H]3O[C@@H](n4cnc5c(N)ncnc54)[C@H](O)[C@@H]3O)[C@@H](O)[C@H]2O)c1,663.4300000000004,-3.6478999999999964,0.0,0.0,0.0,,0.0,0.0,0.0,,0.0,,,0.0
O=c1[nH]c(=O)n([C@H]2C[C@H](O)[C@@H](CO)O2)cc1I,354.1,-1.2181000000000002,0.0,0.0,,,0.0,0.0,0.0,0.0,0.0,0.0,0.0,0.0
CC(C)COC(=O)C(C)C,144.21399999999997,1.8416000000000001,0.0,0.0,0.0,0.0,0.0,0.0,0.0,0.0,0.0,0.0,0.0,0.0
C=C(C)C(=O)OCCOC(=O)C(=C)C,198.21799999999996,1.2249999999999999,0.0,0.0,0.0,0.0,0.0,0.0,0.0,0.0,0.0,0.0,0.0,0.0
Cl/C=C\C[N+]12CN3CN(CN(C3)C1)C2,215.70799999999997,0.24750000000000005,0.0,0.0,0.0,,0.0,0.0,,1.0,0.0,0.0,0.0,
O=C([O-])Cc1cccc2ccccc12,185.202,1.1321999999999994,0.0,0.0,0.0,0.0,0.0,0.0,1.0,0.0,0.0,0.0,0.0,0.0
CCCCCCCCCCOCC(O)CN,231.37999999999997,2.4633,0.0,0.0,0.0,,0.0,,,,,0.0,,
CCN(CC)C(=O)c1cccnc1,178.235,1.5636,0.0,0.0,0.0,0.0,,0.0,0.0,,0.0,,0.0,0.0
COc1cc(O)cc(O)c1,140.13799999999998,1.1063999999999998,0.0,0.0,,0.0,,,0.0,,0.0,0.0,0.0,0.0
CCOC(=O)c1cccnc1,151.16499999999996,1.2583,,,,,,,,0.0,,0.0,,
CCOc1ccc(S(=O)(=O)O)c2cccnc12,253.279,1.8801999999999999,0.0,0.0,,0.0,1.0,1.0,0.0,,0.0,,0.0,0.0
O=C(O)[C@H](O)c1ccccc1,152.149,0.8046,0.0,0.0,0.0,0.0,,0.0,0.0,0.0,0.0,0.0,0.0,0.0
Nc1ccc(/N=N/c2ccccc2)cc1,197.24100000000004,3.6842000000000015,0.0,0.0,1.0,,1.0,0.0,,1.0,1.0,0.0,,0.0
CN[C@@H]1C[C@@H](c2ccc(Cl)c(Cl)c2)c2ccccc21,292.209,4.789500000000003,0.0,0.0,1.0,,0.0,0.0,0.0,,0.0,,,
CN1[C@H]2CC[C@@H]1C[C@H](OC(=O)c1cc(Cl)cc(Cl)c1)C2,314.21200000000005,3.775400000000003,0.0,0.0,0.0,0.0,0.0,0.0,0.0,0.0,0.0,0.0,,0.0
CN(C)CCCN1c2ccccc2CCc2ccc(Cl)cc21,314.86,4.528400000000004,0.0,0.0,0.0,,0.0,0.0,,0.0,0.0,0.0,,0.0
C#CCO,56.064,-0.3881,0.0,0.0,0.0,0.0,0.0,0.0,0.0,0.0,0.0,0.0,0.0,0.0
Nc1ccccc1S(=O)(=O)O,173.19299999999998,0.5155000000000001,0.0,0.0,0.0,0.0,0.0,0.0,0.0,0.0,0.0,0.0,,0.0
CC(O)CC(C)(C)O,118.17599999999999,0.5282,0.0,0.0,0.0,0.0,0.0,0.0,0.0,0.0,0.0,0.0,0.0,0.0
CC(C)(C)CC(C)(C)N,129.24699999999999,2.1599000000000004,0.0,0.0,0.0,0.0,0.0,0.0,0.0,0.0,0.0,0.0,0.0,0.0
CC(=O)CC(C)C,100.16099999999999,1.6215,0.0,0.0,0.0,0.0,0.0,0.0,0.0,0.0,0.0,0.0,0.0,0.0
CCCC(C)=O,86.13399999999999,1.3755,0.0,0.0,0.0,0.0,0.0,0.0,0.0,0.0,0.0,0.0,0.0,0.0
Nc1nc2ccccc2[nH]1,133.15399999999997,1.1451,0.0,0.0,1.0,0.0,0.0,0.0,0.0,0.0,0.0,0.0,0.0,0.0
Oc1c(Cl)c(Cl)c(Cl)c(Cl)c1Cl,266.33799999999997,4.6592,0.0,,1.0,,,0.0,,1.0,0.0,0.0,1.0,1.0
c1ccc(-c2ccccc2)cc1,154.21199999999996,3.353600000000001,0.0,0.0,0.0,0.0,0.0,0.0,0.0,0.0,0.0,0.0,0.0,0.0
CNC(=O)Nc1ccc(Cl)c(Cl)c1,219.07099999999997,2.7447,0.0,0.0,1.0,0.0,0.0,,0.0,0.0,0.0,0.0,,0.0
CC(=O)Nc1ccc(C)c(Cl)c1,183.63799999999998,2.606820000000001,0.0,0.0,0.0,0.0,,0.0,0.0,0.0,0.0,0.0,,0.0
CCCCNC(=S)NCCCC,188.33999999999995,2.0507,0.0,0.0,0.0,0.0,0.0,0.0,0.0,0.0,0.0,1.0,0.0,0.0
CCCCNC(=O)NCCCC,172.27199999999993,1.8858,0.0,0.0,0.0,0.0,0.0,0.0,0.0,0.0,0.0,0.0,0.0,0.0
CC(C)N(c1ccccc1)C(C)C,177.29099999999997,3.309800000000002,0.0,0.0,0.0,0.0,0.0,0.0,0.0,0.0,0.0,0.0,0.0,0.0
CCc1cccc(C)c1,120.19499999999996,2.5574200000000005,0.0,0.0,0.0,0.0,0.0,0.0,0.0,0.0,0.0,0.0,0.0,0.0
CC(C)CCCCCCCOP(OCCCCCCCC(C)C)Oc1ccccc1,438.6330000000002,9.3187,0.0,0.0,0.0,0.0,0.0,0.0,0.0,,0.0,0.0,0.0,0.0
CCCCCCCC/C=C\CCCCCCCC(=O)OC(CO)CO,356.547,4.920300000000006,0.0,0.0,0.0,,0.0,0.0,0.0,0.0,0.0,1.0,0.0,0.0
CCCCCCCCCCC=CC1CC(=O)OC1=O,266.381,4.163100000000004,0.0,0.0,0.0,0.0,0.0,0.0,0.0,1.0,0.0,0.0,0.0,0.0
CC(C)C(Nc1ccc(C(F)(F)F)cc1Cl)C(=O)OC(C#N)c1cccc(Oc2ccccc2)c1,502.9200000000002,7.395680000000005,0.0,0.0,,0.0,0.0,,,0.0,0.0,,1.0,
CS(=O)(=O)NC(=O)c1cc(Oc2ccc(C(F)(F)F)cc2Cl)ccc1[N+](=O)[O-],438.76700000000005,3.748700000000002,0.0,0.0,0.0,0.0,0.0,0.0,0.0,0.0,0.0,0.0,0.0,0.0
CCOP(=S)(CC)Sc1ccccc1,246.33700000000005,4.144600000000003,0.0,0.0,0.0,1.0,,0.0,0.0,0.0,0.0,0.0,0.0,0.0
CC/C=C\CCCCO,128.215,2.1152,0.0,0.0,0.0,0.0,0.0,0.0,0.0,0.0,0.0,0.0,0.0,0.0
Nc1ccccc1C(=O)Oc1ccc2ccccc2c1,263.296,3.641200000000002,,0.0,1.0,,1.0,0.0,0.0,1.0,1.0,0.0,1.0,0.0
C=C[C@H]1CN2CCC1C[C@H]2[C@H](O)c1ccnc2ccc(OC)cc12,324.4240000000001,3.1732000000000014,0.0,0.0,1.0,0.0,0.0,0.0,0.0,,0.0,0.0,0.0,0.0
CC(=O)CCC(C)=O,114.14399999999999,0.9446,0.0,0.0,0.0,0.0,0.0,0.0,0.0,0.0,0.0,0.0,0.0,0.0
N#CCCNCCC#N,123.15899999999999,0.40336,0.0,0.0,0.0,0.0,0.0,0.0,0.0,0.0,0.0,0.0,0.0,0.0
CCOc1ccc(N=Nc2ccc(C=Cc3ccc(N=Nc4ccc(OCC)cc4)cc3S(=O)(=O)[O-])c(S(=O)(=O)[O-])c2)cc1,634.6920000000003,7.293400000000009,0.0,0.0,0.0,0.0,0.0,0.0,0.0,,0.0,0.0,,0.0
O=C1c2ccccc2C(=O)C1c1ccc2cc(S(=O)(=O)[O-])cc(S(=O)(=O)[O-])c2n1,431.4030000000002,1.2058,0.0,0.0,,0.0,0.0,0.0,0.0,1.0,0.0,0.0,,0.0
O=C(Nc1ccc2c(O)c(N=Nc3ccc(N=Nc4ccc(S(=O)(=O)[O-])cc4)cc3)c(S(=O)(=O)[O-])cc2c1)c1ccccc1,629.6320000000002,6.436700000000006,0.0,0.0,0.0,,,0.0,0.0,1.0,0.0,0.0,,0.0
CSc1ccc2c(c1)C(N1CCN(C)CC1)Cc1ccccc1S2,356.56,4.4043000000000045,0.0,0.0,0.0,,0.0,0.0,,0.0,0.0,0.0,,0.0
COCCCC/C(=N\OCCN)c1ccc(C(F)(F)F)cc1,318.339,3.201500000000001,0.0,0.0,0.0,,0.0,0.0,,,0.0,0.0,,0.0
Cc1ccccc1CCO,136.19400000000002,1.52982,0.0,0.0,0.0,0.0,0.0,0.0,0.0,0.0,0.0,0.0,0.0,0.0
Cc1nc(C)c(C)nc1C,136.19799999999998,1.7102799999999998,0.0,0.0,0.0,0.0,0.0,0.0,0.0,0.0,0.0,0.0,0.0,0.0
CC1=CC(O)CC(C)(C)C1,140.226,2.1136,0.0,0.0,0.0,0.0,0.0,0.0,0.0,0.0,0.0,0.0,0.0,0.0
Cc1cnc(C)c(C)n1,122.17099999999999,1.4018599999999999,0.0,0.0,0.0,0.0,0.0,0.0,0.0,0.0,0.0,0.0,0.0,0.0
CC(C)COC(=O)c1ccccc1,178.231,2.4994000000000005,0.0,0.0,0.0,0.0,,0.0,0.0,0.0,0.0,0.0,0.0,0.0
C=C(C)[C@@H]1CC=C(C)CC1,136.23799999999997,3.308900000000002,0.0,0.0,0.0,0.0,,0.0,0.0,0.0,0.0,0.0,0.0,0.0
O=[N+]([O-])[O-].O=[N+]([O-])[O-].[Ca+2],164.086,-0.8590000000000002,0.0,0.0,0.0,0.0,0.0,0.0,0.0,0.0,0.0,0.0,0.0,0.0
Nc1ccc(N)c([N+](=O)[O-])c1,153.14100000000002,0.7592000000000001,0.0,0.0,1.0,0.0,,0.0,0.0,1.0,0.0,0.0,1.0,
CC1COc2ccccc2N1,149.19299999999998,1.8793999999999997,0.0,0.0,1.0,,0.0,0.0,0.0,0.0,0.0,0.0,,0.0
O=C(O)c1cc(Cl)cc(Cl)c1O,207.012,2.3972,0.0,0.0,0.0,0.0,0.0,0.0,0.0,0.0,0.0,0.0,,0.0
CCCCCCCCCCCC(=O)NCCCN(C)C,284.488,3.9752000000000027,0.0,,0.0,,,,,,0.0,,,
CC(C)CCCCCOC(=O)CCS,218.362,3.0659000000000023,0.0,0.0,0.0,0.0,0.0,0.0,0.0,0.0,0.0,0.0,0.0,0.0
O=[N+]([O-])c1cc([As](=O)(O)O)ccc1O,263.037,-1.1386000000000003,0.0,0.0,0.0,0.0,0.0,0.0,0.0,0.0,0.0,0.0,0.0,0.0
CCC(COC(=O)CCS)(COC(=O)CCS)COC(=O)CCS,398.5680000000001,1.9720999999999997,0.0,0.0,0.0,0.0,0.0,0.0,0.0,0.0,0.0,0.0,0.0,1.0
C=CCOc1c(Br)cc(Br)cc1Br,370.86600000000004,4.538900000000002,0.0,0.0,1.0,0.0,0.0,0.0,0.0,0.0,0.0,0.0,,0.0
F[B-](F)(F)F.[H+],87.81200000000001,1.4125,0.0,0.0,0.0,0.0,0.0,0.0,0.0,,0.0,0.0,0.0,0.0
CC(C)[C@H]1CC[C@H](C)C[C@@H]1O,156.269,2.439500000000001,0.0,0.0,0.0,0.0,0.0,0.0,0.0,0.0,0.0,0.0,0.0,0.0
C(=C/c1ccccc1)\c1ccccc1,180.24999999999997,3.857000000000003,0.0,0.0,1.0,,1.0,0.0,0.0,1.0,0.0,0.0,,0.0
Cc1ccc2c(ccc3ccccc32)c1,192.261,4.301420000000003,0.0,0.0,,,,0.0,0.0,0.0,0.0,0.0,,0.0
Cn1c(=O)c2c(ncn2CC2OCCO2)n(C)c1=O,266.25699999999995,-1.1933999999999994,0.0,0.0,0.0,0.0,0.0,0.0,0.0,0.0,0.0,0.0,0.0,0.0
C[C@H]1O[C@@H](n2cc(F)c(=O)[nH]c2=O)[C@H](O)[C@@H]1O,246.19400000000002,-1.6851999999999996,0.0,0.0,0.0,0.0,1.0,1.0,0.0,,0.0,0.0,0.0,1.0
CN1CCc2cccc3c2[C@H]1Cc1ccc(O)c(O)c1-3,267.328,2.8499000000000025,0.0,0.0,1.0,,,0.0,0.0,1.0,0.0,,,0.0
COC(=O)C1=CCCN(C)C1,155.197,0.4213,0.0,0.0,0.0,0.0,0.0,0.0,0.0,0.0,0.0,0.0,0.0,0.0
COc1ccc(C2C(=O)c3ccccc3C2=O)cc1,252.269,2.8580000000000005,,,,,,,,0.0,,0.0,,
Cc1ccc(C(=O)O)cc1[N+](=O)[O-],181.147,1.60142,0.0,0.0,0.0,0.0,0.0,0.0,0.0,0.0,0.0,0.0,0.0,0.0
Cc1cc(C(=O)O)ccc1[N+](=O)[O-],181.14699999999996,1.60142,0.0,0.0,0.0,0.0,0.0,0.0,0.0,0.0,0.0,0.0,0.0,0.0
CCCC(CCC)C(=O)O[C@@H]1C[C@@H]2CC[C@H](C1)[N+]2(C)C,282.448,3.5158000000000023,0.0,0.0,0.0,0.0,0.0,0.0,0.0,,0.0,,0.0,0.0
CCCCCC(C)O,116.20399999999998,1.9475000000000002,0.0,0.0,0.0,0.0,0.0,0.0,0.0,0.0,0.0,0.0,0.0,0.0
O=C([O-])c1ccccc1O,137.11399999999998,-0.24430000000000013,0.0,0.0,0.0,0.0,0.0,0.0,0.0,0.0,0.0,0.0,,0.0
NC(=O)c1ccccc1,121.13899999999995,0.7855000000000001,0.0,0.0,0.0,0.0,0.0,0.0,0.0,0.0,0.0,0.0,0.0,0.0
CCN1CCc2nc(N)oc2CC1,181.23899999999998,0.6773000000000001,,,,,,,,0.0,,0.0,,
CC(C)(C)[C@]1(O)CCN2C[C@H]3c4ccccc4CCc4cccc(c43)[C@@H]2C1,361.52900000000017,4.844800000000005,0.0,0.0,0.0,,,0.0,0.0,,0.0,,,0.0
O=C1C(N(CO)C(=O)NCO)N(CO)C(=O)N1CO,278.221,-3.6124999999999985,0.0,0.0,0.0,0.0,0.0,0.0,0.0,0.0,0.0,0.0,0.0,0.0
O=c1[nH]c(=O)n([C@H]2C[C@H](O)[C@@H](CO)O2)cc1/C=C/Br,333.13800000000003,-0.45710000000000006,,0.0,0.0,0.0,0.0,0.0,0.0,,0.0,,0.0,0.0
OCCN1CCN(CCCN2c3ccccc3C=Cc3ccccc32)CC1,363.50500000000017,3.308500000000002,0.0,0.0,0.0,0.0,0.0,0.0,,0.0,0.0,0.0,,0.0
CC(C)NC[C@@H](O)COc1ccc(CC(N)=O)cc1,266.34099999999995,0.45210000000000006,0.0,0.0,0.0,0.0,0.0,0.0,0.0,0.0,0.0,0.0,0.0,0.0
CCNC(=O)N1CCN(CCCC(c2ccc(F)cc2)c2ccc(F)cc2)CC1,401.5010000000001,4.224000000000004,0.0,,0.0,,,0.0,,1.0,0.0,0.0,0.0,0.0
Nc1ccc([N+](=O)[O-])cc1N,153.141,0.7592000000000001,0.0,0.0,1.0,0.0,1.0,1.0,0.0,1.0,0.0,,1.0,0.0
[I-].[K+],166.002,-5.992,0.0,0.0,0.0,0.0,0.0,0.0,0.0,0.0,0.0,0.0,0.0,0.0
O=C(C=Cc1ccc(O)c(O)c1)O[C@@H]1C[C@](O)(C(=O)O)C[C@@H](O)[C@H]1O,354.31100000000004,-0.6459000000000001,0.0,0.0,0.0,0.0,0.0,0.0,0.0,0.0,0.0,0.0,0.0,0.0
Oc1nc(Cl)c(Cl)cc1Cl,198.436,2.7474,0.0,,1.0,,0.0,0.0,,1.0,0.0,0.0,1.0,0.0
C/C=C/C=C/C=O,96.12899999999999,1.3176,0.0,0.0,0.0,0.0,0.0,0.0,0.0,1.0,0.0,0.0,0.0,0.0
O=[N+]([O-])c1cc(C(F)(F)F)cc([N+](=O)[O-])c1Cl,270.54999999999995,3.1752000000000002,1.0,,0.0,,,0.0,,1.0,0.0,0.0,,0.0
C[Si](C)(C)N[Si](C)(C)C,161.397,2.2458,0.0,0.0,0.0,0.0,0.0,1.0,0.0,0.0,0.0,0.0,0.0,0.0
C=CC(=O)OCCCl,134.562,0.9543999999999999,0.0,0.0,0.0,0.0,0.0,0.0,0.0,,0.0,0.0,0.0,0.0
COCC(C)N(C(=O)CCl)c1c(C)csc1C,275.80100000000004,2.9716400000000016,0.0,0.0,0.0,1.0,0.0,0.0,,1.0,0.0,0.0,,0.0
CN(C)CCn1nnnc1SCC1=C(C(=O)O)N2C(=O)[C@@H](NC(=O)Cc3csc(N)n3)[C@H]2SC1,525.6420000000002,-0.653199999999996,0.0,0.0,0.0,0.0,0.0,0.0,0.0,,0.0,0.0,0.0,0.0
C/C(=N\NC(=O)Nc1cc(F)cc(F)c1)c1ncccc1C(=O)[O-],333.27400000000006,1.2690000000000001,0.0,0.0,,0.0,0.0,0.0,0.0,0.0,0.0,0.0,0.0,0.0
CC1COC(Cn2cncn2)(c2ccc(Oc3ccc(Cl)cc3)cc2Cl)O1,406.2690000000001,4.665500000000003,0.0,0.0,0.0,,,,,1.0,,0.0,,
CCN(CC)CCOC(=O)C(Cc1cccc2ccccc12)CC1CCCO1,383.5320000000002,4.452600000000004,0.0,0.0,0.0,0.0,0.0,0.0,0.0,0.0,0.0,0.0,0.0,0.0
CCN[C@H]1C[C@H](C)S(=O)(=O)c2sc(S(N)(=O)=O)cc21,324.44900000000007,0.612,0.0,0.0,0.0,0.0,0.0,0.0,0.0,0.0,0.0,0.0,0.0,0.0
CCN[C@H]1CN(CCCOC)S(=O)(=O)c2sc(S(N)(=O)=O)cc21,383.5170000000001,0.08690000000000164,0.0,0.0,0.0,0.0,0.0,0.0,0.0,0.0,0.0,0.0,0.0,0.0
CC(C)N(CCC(C(N)=O)(c1ccccc1)c1ccccn1)C(C)C,339.4830000000001,3.361900000000002,0.0,0.0,0.0,0.0,0.0,0.0,0.0,0.0,0.0,0.0,0.0,0.0
CC[C@H]1[C@@H]2C[C@H]3[C@@H]4N(C)c5ccccc5[C@]45C[C@@H](C2[C@H]5O)N3[C@@H]1O,326.44,1.5545,0.0,0.0,0.0,0.0,0.0,0.0,0.0,,0.0,,,0.0
CC1(C)O[C@@H]2C[C@H]3[C@@H]4C[C@H](F)C5=CC(=O)C=C[C@]5(C)[C@H]4[C@@H](O)C[C@]3(C)[C@]2(C(=O)CO)O1,434.50400000000025,2.2747000000000006,1.0,0.0,0.0,,0.0,,0.0,0.0,,0.0,,0.0
CSC(=O)c1c(C(F)F)nc(C(F)(F)F)c(C(=O)SC)c1CC(C)C,401.42200000000014,5.242900000000003,0.0,0.0,0.0,,0.0,0.0,0.0,0.0,0.0,0.0,,0.0
O=C(O)/C=C(\CC(=O)O)C(=O)O,174.108,-0.44329999999999964,0.0,0.0,0.0,0.0,,0.0,0.0,0.0,0.0,0.0,0.0,0.0
CCCCCCCCCCCCCCCC(=O)O[C@@H]1CC(C)=C(/C=C/C(C)=C/C=C/C(C)=C/C=C\C=C(C)\C=C\C=C(C)\C=C\C2=C(C)C[C@@H](OC(=O)CCCCCCCCCCCCCCC)CC2(C)C)C(C)(C)C1,1045.7159999999988,22.611800000000017,0.0,0.0,0.0,0.0,0.0,0.0,0.0,,0.0,,0.0,0.0
O=C(CO)[C@@H](O)[C@H](O)[C@@H](O)CO,180.15599999999998,-3.3772000000000006,,,,,,,,0.0,,0.0,,
CC1=C(C(=O)Nc2ccccc2)S(=O)(=O)CCO1,267.306,1.3016,0.0,0.0,0.0,,,0.0,,1.0,0.0,,,1.0
CNCC(=O)c1ccc(O)c(O)c1,181.19099999999997,0.49990000000000007,,,,,,,,0.0,,0.0,,
CC(C)(C)C1CCC(=O)CC1,154.25299999999996,2.791800000000001,0.0,0.0,0.0,,0.0,0.0,0.0,0.0,0.0,1.0,0.0,0.0
CN(C)[C@@H]1C(O)=C(C(=O)NCN2CCCC2)C(=O)[C@@]2(O)C(O)=C3C(=O)c4c(O)cccc4[C@@](C)(O)C3C[C@@H]12,527.5740000000002,0.46980000000000227,0.0,0.0,0.0,0.0,0.0,0.0,0.0,0.0,0.0,0.0,0.0,0.0
CN1CCN=C(c2ccccc2)c2cc(Cl)ccc21,270.76300000000003,3.627200000000003,0.0,0.0,,0.0,0.0,0.0,0.0,,0.0,,0.0,
CN(C)CCc1c[nH]c2ccc(Cn3cncn3)cc12,269.35200000000003,1.9118000000000002,0.0,0.0,0.0,0.0,0.0,0.0,0.0,,0.0,,0.0,0.0
CCCCC(=O)[O-],101.12499999999999,-0.07350000000000012,0.0,0.0,0.0,0.0,0.0,0.0,0.0,,0.0,,0.0,0.0
CCCCCCCCCCCCCC(=O)OC,242.40299999999993,4.8605000000000045,0.0,0.0,0.0,0.0,0.0,0.0,0.0,0.0,0.0,0.0,0.0,0.0
Nc1ccncc1N,109.132,0.2460000000000001,,,,,,,,0.0,,0.0,,
CCCCCCC(C)O,130.231,2.3376000000000006,0.0,0.0,0.0,0.0,0.0,0.0,0.0,0.0,0.0,0.0,0.0,0.0
CCC[Si](OC)(OC)OC,164.27699999999996,1.2745,0.0,0.0,0.0,0.0,0.0,0.0,0.0,0.0,0.0,0.0,0.0,0.0
CC1=C(CC=O)C(C)(C)CCC1,166.26399999999995,3.102000000000002,0.0,0.0,0.0,0.0,0.0,0.0,0.0,0.0,0.0,0.0,0.0,0.0
NCCNCCNCCN,146.238,-1.916999999999998,0.0,0.0,0.0,0.0,,0.0,0.0,0.0,0.0,0.0,0.0,0.0
C[C@]12CC[C@H]3[C@@H](CC[C@@]45O[C@@H]4C(O)=C(C#N)C[C@]35C)[C@@H]1CC[C@@H]2O,329.44000000000005,3.466880000000002,1.0,1.0,0.0,,1.0,0.0,0.0,1.0,0.0,0.0,,1.0
CCCC1COC(Cn2cncn2)(c2ccc(Cl)cc2Cl)O1,342.2260000000001,3.653400000000003,0.0,0.0,1.0,1.0,,0.0,0.0,1.0,0.0,0.0,0.0,0.0
Cc1ccc(N)c(N)c1,122.17100000000002,1.1594200000000001,0.0,0.0,1.0,0.0,1.0,1.0,0.0,1.0,1.0,1.0,,0.0
CCCCCNCCCCC,157.301,2.9564000000000012,0.0,0.0,0.0,0.0,0.0,0.0,0.0,0.0,0.0,0.0,0.0,0.0
COCC(C)O,90.122,0.013600000000000112,0.0,0.0,0.0,0.0,1.0,0.0,0.0,0.0,0.0,0.0,0.0,0.0
c1ccc2c(c1)Oc1ccccc1S2,200.262,3.943500000000001,0.0,0.0,0.0,0.0,1.0,0.0,0.0,0.0,0.0,0.0,1.0,0.0
CC1CN1,57.096,-0.021899999999999975,0.0,0.0,0.0,0.0,0.0,0.0,0.0,0.0,0.0,0.0,0.0,0.0
CCc1cnc(C2=NC(C)(C(C)C)C(=O)N2)c(C(=O)O)c1,289.335,1.6333000000000002,0.0,0.0,0.0,0.0,0.0,0.0,0.0,0.0,0.0,0.0,0.0,0.0
NCC(=O)CCC(=O)O,131.131,-0.6210000000000004,,,,,,,,,,0.0,,
Clc1ccc(C(Cn2ccnc2)OCc2c(Cl)cccc2Cl)c(Cl)c1,416.1350000000001,6.454800000000002,0.0,,,1.0,0.0,,0.0,,0.0,1.0,0.0,
Clc1cnc(Oc2ccc(Oc3ncc(Cl)cc3Cl)cc2)c(Cl)c1,402.0640000000001,6.674800000000002,0.0,0.0,0.0,0.0,0.0,0.0,0.0,0.0,0.0,0.0,1.0,0.0
COc1ccccc1OCCNCC(O)COc1cccc2[nH]c3ccccc3c12,406.482,3.738000000000002,0.0,0.0,1.0,0.0,,0.0,0.0,0.0,0.0,0.0,1.0,0.0
ClCOCCl,114.959,1.3956,0.0,0.0,0.0,0.0,1.0,0.0,0.0,0.0,0.0,0.0,0.0,0.0
CC(O)CNCC(C)O,133.191,-0.6623999999999999,0.0,0.0,0.0,0.0,0.0,0.0,0.0,0.0,0.0,0.0,0.0,0.0
C[C@H](CCC(=O)[O-])[C@H]1CC[C@H]2[C@H]3[C@H](C[C@H](O)[C@@]21C)[C@@]1(C)CC[C@@H](O)C[C@H]1C[C@H]3O,407.5710000000002,2.1140000000000003,0.0,0.0,,0.0,0.0,0.0,0.0,0.0,0.0,0.0,0.0,0.0
CC(=O)[C@H]1[C@H](C#N)C[C@H]2[C@@H]3CC=C4C[C@@H](O)CC[C@]4(C)[C@H]3CC[C@@]21C,341.4950000000001,4.264980000000004,0.0,0.0,0.0,,,0.0,0.0,1.0,0.0,0.0,0.0,0.0
O=[N+]([O-])c1ccc([As](=O)(O)O)cc1,247.03799999999998,-0.8442000000000001,0.0,0.0,0.0,0.0,0.0,0.0,0.0,,0.0,0.0,0.0,0.0
CCOC(=O)C1OC1c1ccccc1,192.214,1.6895999999999998,0.0,0.0,0.0,0.0,0.0,0.0,0.0,,0.0,0.0,0.0,0.0
ONc1ccccc1,109.12799999999997,1.4876999999999998,0.0,0.0,1.0,,1.0,0.0,0.0,,0.0,0.0,,0.0
O=CC(=O)c1ccccc1,134.134,1.0682,0.0,0.0,0.0,0.0,0.0,0.0,0.0,0.0,0.0,,0.0,0.0
[Cu]I,190.45,0.8832000000000001,0.0,0.0,0.0,0.0,,0.0,0.0,,0.0,1.0,0.0,0.0
CCCCC(CC)CCC(CC(C)C)OS(=O)(=O)[O-],293.44900000000007,3.874500000000003,0.0,0.0,0.0,0.0,0.0,0.0,0.0,0.0,0.0,0.0,0.0,0.0
ClCc1ccc(Cl)cc1Cl,195.476,3.7322000000000015,0.0,0.0,0.0,0.0,0.0,0.0,0.0,,0.0,0.0,,
O=C(O)CCCCCCCCC(=O)O,202.24999999999997,2.2763999999999998,0.0,0.0,0.0,0.0,0.0,0.0,0.0,0.0,0.0,0.0,0.0,0.0
CCCCCCCC(=O)OC,158.24099999999999,2.5199000000000007,0.0,0.0,0.0,0.0,0.0,0.0,0.0,0.0,0.0,0.0,0.0,0.0
CC(O)COCC(C)O,134.175,-0.2354,0.0,0.0,0.0,0.0,0.0,0.0,0.0,0.0,0.0,0.0,0.0,0.0
Cc1ccc(C(=O)C(=O)[O-])cc1C,177.179,0.2360399999999998,,,,,,,,0.0,,0.0,,
O=C([O-])COc1nn(Cc2ccccc2)c2ccccc12,281.29100000000005,1.2132999999999994,0.0,,0.0,0.0,0.0,0.0,0.0,0.0,0.0,0.0,0.0,0.0
Cc1ncc[nH]1,82.106,0.7181199999999999,0.0,0.0,1.0,0.0,0.0,0.0,0.0,0.0,0.0,0.0,0.0,0.0
COc1ccc2sc(C(=O)Nc3nnn[n-]3)c(OC(C)C)c2c1,332.3650000000001,2.0915999999999997,0.0,,0.0,1.0,,0.0,1.0,,0.0,0.0,,
Oc1ccc2c(c1)OC[C@@H](N1CCC(O)(c3ccc(F)cc3)CC1)[C@H]2O,359.3970000000001,2.309300000000001,0.0,0.0,1.0,,1.0,0.0,0.0,0.0,1.0,0.0,,0.0
O=C(O)CCN(C1(C(=O)NO)CCCC1)S(=O)(=O)c1ccc(Oc2ccc(F)cc2)cc1,466.48700000000014,2.901600000000001,0.0,0.0,0.0,0.0,0.0,0.0,0.0,,0.0,0.0,,0.0
O=C(NO)C1(NS(=O)(=O)c2ccc(Oc3ccc(F)cc3)cc2)CCOCC1,410.42300000000023,1.9508999999999999,0.0,0.0,0.0,0.0,,0.0,0.0,,0.0,0.0,0.0,0.0
Cc1nc(C)nc(N2C[C@H](C)N(c3ccnc([C@@H](C)O)n3)[C@H](C)C2)n1,343.4350000000001,1.4353399999999998,0.0,0.0,0.0,,0.0,0.0,0.0,,0.0,0.0,0.0,0.0
CC[C@H](C)[C@@H](C(=O)O)n1sc2ccccc2c1=O,265.334,2.734800000000001,0.0,0.0,0.0,0.0,0.0,0.0,0.0,1.0,0.0,0.0,,0.0
Cc1cc(SC2=C(O)C[C@@](CCc3ccc(N)cc3)(C(C)C)OC2=O)c(C(C)(C)C)cc1CO,483.67400000000026,6.203220000000006,0.0,,0.0,0.0,0.0,0.0,,0.0,0.0,0.0,0.0,0.0
CCn1nc(C)c2c1C(=O)NCC(c1ccc(O)cc1)=N2,284.31899999999996,1.7812199999999998,0.0,0.0,,0.0,0.0,0.0,0.0,,0.0,0.0,0.0,0.0
C[C@]12C[C@H](O)[C@H]3[C@@H](CCC4=CC(=O)CC[C@@]43C)[C@@H]1CC[C@]2(O)C(=O)COP(=O)([O-])[O-],440.42900000000026,0.6345999999999994,1.0,1.0,0.0,,1.0,,0.0,,0.0,,0.0,0.0
CN1C[C@H]2c3ccccc3Oc3ccc(Cl)cc3[C@@H]2C1,285.77400000000006,4.258500000000003,,,,,,,,0.0,,0.0,,
CO[C@H]1C[C@H](O[C@@H]2[C@@H](C)C(=O)O[C@H](C)[C@H](C)[C@H](OC(C)=O)[C@@H](C)C(=O)[C@@]3(CO3)C[C@H](C)[C@H](O[C@@H]3O[C@H](C)C[C@H](N(C)C)[C@H]3OC(C)=O)[C@H]2C)O[C@@H](C)[C@@H]1OC(C)=O,813.9790000000002,3.620900000000008,0.0,0.0,0.0,0.0,0.0,0.0,0.0,,0.0,,0.0,0.0
CO[Si](C)(C)OC,120.22399999999999,0.9809999999999999,0.0,0.0,0.0,0.0,0.0,0.0,0.0,0.0,0.0,0.0,0.0,0.0
CC(O)(c1ccc(Cl)cc1)c1ccc(Cl)cc1,267.155,4.249200000000002,0.0,0.0,0.0,,0.0,0.0,,,0.0,0.0,1.0,0.0
CN(C)C(=O)Nc1ccc(Oc2ccc(Cl)cc2)cc1,290.75,4.225800000000003,0.0,0.0,1.0,1.0,,0.0,0.0,1.0,0.0,0.0,1.0,0.0
CC(=O)c1ccccc1O,136.14999999999998,1.5948,0.0,0.0,0.0,,0.0,0.0,0.0,0.0,0.0,0.0,0.0,0.0
O=C(O)Cc1c(Cl)ccc(Cl)c1Cl,239.485,3.273900000000001,0.0,0.0,0.0,0.0,0.0,0.0,1.0,0.0,0.0,0.0,0.0,0.0
O=C(O)c1cccc(Cl)n1,157.55599999999998,1.4332,0.0,0.0,0.0,0.0,0.0,0.0,0.0,0.0,0.0,,0.0,0.0
CCCCCCCCCC=O,156.269,3.3260000000000023,0.0,0.0,0.0,0.0,,0.0,,0.0,0.0,0.0,0.0,0.0
Cc1ccc(C(C)(C)C)cc1,148.24900000000002,3.2925200000000014,0.0,0.0,0.0,0.0,0.0,0.0,0.0,0.0,0.0,0.0,0.0,0.0
BrCBr,173.83499999999998,1.7337,0.0,0.0,0.0,0.0,0.0,0.0,0.0,0.0,0.0,0.0,0.0,0.0
Nc1cc(Cl)cc(Cl)c1,162.019,2.5756000000000006,0.0,0.0,0.0,0.0,0.0,0.0,0.0,0.0,0.0,0.0,0.0,0.0
CCCCCCCCCC(=O)O,172.268,3.2117000000000013,0.0,0.0,0.0,0.0,0.0,0.0,0.0,0.0,0.0,0.0,,0.0
CC(C)(C)c1cc([N+](=O)[O-])cc(C(C)(C)C)c1O,251.32599999999996,3.8954000000000035,0.0,,0.0,,,,0.0,,,,1.0,
O.O.O.O.O.O.O=[N+]([O-])[O-].O=[N+]([O-])[O-].[Mg+2],256.40299999999996,-5.807199999999997,0.0,0.0,0.0,0.0,0.0,0.0,0.0,0.0,0.0,0.0,0.0,0.0
CCCCCCCCCOS(=O)(=O)[O-],223.314,2.2138,0.0,0.0,0.0,0.0,1.0,0.0,0.0,0.0,0.0,0.0,0.0,0.0
O=Cc1ccc(C(=O)O)cc1,150.13299999999998,1.1973,0.0,0.0,0.0,0.0,0.0,0.0,0.0,1.0,0.0,0.0,0.0,0.0
CCC(Cl)CCl,127.014,2.2426000000000004,0.0,0.0,0.0,0.0,0.0,0.0,0.0,0.0,0.0,0.0,0.0,0.0
CC(C)(O)c1ccccc1,136.194,1.914,0.0,,0.0,,0.0,0.0,0.0,0.0,0.0,0.0,,0.0
O=C1CCCN1,85.10600000000001,-0.10360000000000008,0.0,0.0,0.0,0.0,1.0,0.0,0.0,0.0,0.0,0.0,0.0,0.0
ClCc1ccccc1Cl,161.03099999999995,3.078800000000001,0.0,,0.0,0.0,0.0,0.0,0.0,0.0,0.0,0.0,,0.0
Cc1ccc([N+](=O)[O-])c([N+](=O)[O-])c1,182.135,1.8114199999999998,0.0,0.0,,0.0,0.0,0.0,0.0,1.0,0.0,0.0,,0.0
N#CC1(N=NC2(C#N)CCCCC2)CCCCC1,244.34199999999987,3.891560000000003,0.0,0.0,0.0,0.0,0.0,0.0,0.0,0.0,0.0,0.0,0.0,0.0
C=CC(=O)OCCOC(=O)C=C,170.164,0.44479999999999986,0.0,,0.0,0.0,1.0,1.0,1.0,1.0,1.0,,0.0,
CCCC[P+](CCCC)(CCCC)CCCC,259.43799999999993,6.204400000000007,0.0,0.0,0.0,0.0,0.0,0.0,0.0,0.0,0.0,0.0,0.0,
N#CCc1cccc(C(F)(F)F)c1,185.14799999999994,2.7714800000000013,0.0,0.0,0.0,0.0,0.0,0.0,0.0,0.0,0.0,,0.0,0.0
COc1cccc(Br)c1,187.036,2.457700000000001,0.0,0.0,0.0,0.0,0.0,0.0,0.0,0.0,0.0,0.0,0.0,0.0
CCCCCCCCNC,143.274,2.566300000000001,0.0,0.0,0.0,0.0,0.0,0.0,0.0,0.0,0.0,0.0,0.0,0.0
CCC1OCC(COc2ccc(Oc3ccccc3)cc2)O1,300.35400000000004,4.009200000000003,0.0,,1.0,,1.0,0.0,0.0,,0.0,,,0.0
CC1=C(C(=O)Nc2ccccc2)SCCO1,235.30799999999996,2.620000000000001,0.0,0.0,1.0,,1.0,0.0,0.0,0.0,1.0,0.0,0.0,0.0
CCCCN(CCCC)SN(C)C(=O)Oc1cccc2c1OC(C)(C)C2,380.55400000000014,5.296100000000005,0.0,0.0,1.0,,1.0,0.0,,0.0,0.0,1.0,,0.0
Cc1cc(OC(=O)N(C)C)nn1C(=O)N(C)C,240.263,0.78162,0.0,0.0,0.0,0.0,0.0,0.0,0.0,0.0,0.0,0.0,0.0,0.0
Cc1ccc2c(Br)cc(Br)c(O)c2n1,316.98,3.773820000000001,0.0,0.0,1.0,0.0,,0.0,,,1.0,1.0,1.0,
O=c1c(O)c(-c2ccc(O)cc2)oc2cc(O)cc(O)c12,286.23900000000003,2.2824000000000004,0.0,0.0,1.0,1.0,1.0,1.0,,0.0,0.0,0.0,1.0,0.0
CC(O)COc1ccccc1,152.19299999999998,1.4462,0.0,0.0,0.0,0.0,0.0,0.0,0.0,0.0,0.0,0.0,0.0,0.0
O=P1(NCCCl)OCCCN1CCCl,261.08899999999994,1.884,0.0,0.0,0.0,0.0,0.0,0.0,0.0,0.0,0.0,0.0,0.0,0.0
C=CC(=C)C,68.119,1.7485,,,,,,0.0,0.0,0.0,0.0,0.0,0.0,0.0
CC(C)O,60.096000000000004,0.38710000000000006,0.0,,0.0,,0.0,0.0,0.0,0.0,0.0,,0.0,0.0
CC(C)OC(=O)Nc1cccc(Cl)c1,213.66400000000002,3.2969000000000017,0.0,0.0,,,0.0,0.0,0.0,0.0,1.0,0.0,,0.0
CC(C)OC(=O)Nc1ccccc1,179.21900000000002,2.6435000000000013,0.0,0.0,0.0,,1.0,0.0,0.0,0.0,0.0,0.0,0.0,0.0
CC=Cc1ccc2c(c1)OCO2,162.18799999999996,2.4484000000000004,0.0,0.0,0.0,0.0,0.0,0.0,0.0,0.0,0.0,0.0,0.0,0.0
CCCC(CCC)C(=O)[O-],143.206,0.9526999999999999,0.0,0.0,0.0,,0.0,0.0,0.0,0.0,0.0,0.0,0.0,0.0
CC1COc2c(N3CCN(C)CC3)c(F)cc3c(=O)c(C(=O)O)cn1c23,361.37300000000005,1.5439999999999998,0.0,0.0,0.0,0.0,0.0,0.0,0.0,0.0,0.0,0.0,0.0,0.0
CC(=O)Oc1cc(C)c(OC(C)=O)c2ccccc12,258.273,2.998820000000001,0.0,0.0,1.0,,,0.0,,,0.0,,,1.0
CCN(Cc1ccc(Cl)nc1)/C(=C/[N+](=O)[O-])NC,270.72,1.8518999999999999,0.0,0.0,0.0,0.0,0.0,0.0,0.0,0.0,0.0,0.0,0.0,0.0
CC1CCC(C(C)C)C(OC(=O)c2ccccc2N)C1,275.39200000000005,3.886400000000002,0.0,0.0,0.0,0.0,1.0,1.0,0.0,0.0,0.0,,1.0,
O=C(c1ccccc1)c1cc(Cl)ccc1O,232.666,3.2766000000000015,0.0,0.0,,1.0,,,0.0,,0.0,0.0,1.0,0.0
OC[C@]1(O)OC[C@@H](O)[C@H](O)[C@@H]1O,180.156,-3.2197999999999998,0.0,0.0,0.0,0.0,0.0,0.0,0.0,0.0,0.0,0.0,0.0,0.0
Cc1ccc(C=C2C(=O)C3CCC2C3(C)C)cc1,240.34599999999998,4.013520000000003,0.0,0.0,0.0,0.0,0.0,,0.0,0.0,0.0,0.0,1.0,0.0
CC(C)C[P+](C)(CC(C)C)CC(C)C,217.35699999999997,4.601800000000004,0.0,0.0,0.0,0.0,0.0,0.0,0.0,0.0,0.0,0.0,0.0,0.0
C=C1C[C@]23CC[C@@H]4[C@](C)(C(=O)O[C@@H]5O[C@H](CO)[C@@H](O)[C@H](O)[C@H]5O)CCC[C@]4(C)[C@@H]2C[C@@H](O[C@@H]2O[C@H](CO)[C@@H](O)[C@H](O[C@@H]4O[C@H](CO)[C@@H](O)[C@H](O)[C@H]4O)[C@H]2OC2O[C@H](CO)[C@@H](O)[C@H](O)[C@H]2O)[C@@H]1C3,967.0210000000009,-5.257999999999982,0.0,0.0,0.0,0.0,0.0,0.0,0.0,0.0,0.0,0.0,0.0,0.0
CCCCCCCC[P+](CCCCCCCC)(CCCCCCCC)CCCCCCCC,483.8700000000006,12.44599999999998,0.0,,,1.0,,,,,,,1.0,
CCCCC(CC)COC(=O)c1ccc(C(=O)OCC(CC)CCCC)c(C(=O)OCC(CC)CCCC)c1,546.7890000000004,8.806200000000006,0.0,0.0,0.0,0.0,1.0,0.0,0.0,0.0,0.0,0.0,0.0,0.0
O=c1n(CCO)c(=O)n(CCO)c(=O)n1CCO,261.2339999999999,-3.851399999999997,0.0,0.0,0.0,0.0,0.0,0.0,0.0,0.0,0.0,1.0,0.0,0.0
Cc1cc(C)cc(OP(=O)(Oc2cc(C)cc(C)c2)Oc2cc(C)cc(C)c2)c1,410.45000000000016,7.182020000000006,0.0,0.0,1.0,0.0,0.0,0.0,0.0,,0.0,0.0,,0.0
O=P(OC(CCl)CCl)(OC(CCl)CCl)OC(CCl)CCl,430.90700000000004,4.682900000000004,0.0,0.0,0.0,1.0,0.0,0.0,0.0,0.0,0.0,0.0,,0.0
O=c1n(CC2CO2)c(=O)n(CC2CO2)c(=O)n1CC1CO1,297.267,-2.6318999999999972,0.0,0.0,0.0,,0.0,0.0,0.0,1.0,1.0,1.0,0.0,1.0
Cc1cc(-c2ccc(N=Nc3c(S(=O)(=O)[O-])cc4cc(S(=O)(=O)[O-])cc(N)c4c3O)c(C)c2)ccc1N=Nc1c(S(=O)(=O)[O-])cc2cc(S(=O)(=O)[O-])cc(N)c2c1O,868.8620000000001,5.2996400000000055,0.0,0.0,,,,0.0,0.0,,,,,0.0
O=C(O)c1ccc(O)cc1O,154.12099999999998,0.7959999999999998,0.0,0.0,0.0,0.0,0.0,0.0,0.0,0.0,0.0,0.0,0.0,0.0
O=C1c2c(O)ccc([N+](=O)[O-])c2C(=O)c2c([N+](=O)[O-])ccc(O)c21,330.208,1.6896,0.0,,,,,,,1.0,,,1.0,
CC1=CC(C)(C)Nc2ccccc21,173.25900000000001,3.2940000000000014,0.0,0.0,0.0,0.0,0.0,0.0,0.0,0.0,0.0,0.0,1.0,0.0
Cc1cc(=O)oc2cc(O)cc(O)c12,192.17,1.51262,0.0,0.0,1.0,0.0,,0.0,,,0.0,,1.0,
CC(C)CNCC(C)C,129.24699999999996,1.888,0.0,0.0,0.0,0.0,0.0,0.0,0.0,0.0,0.0,0.0,0.0,0.0
CNC1(c2ccccc2Cl)CCCCC1=O,237.7299999999999,2.897800000000001,0.0,0.0,0.0,0.0,0.0,0.0,0.0,,0.0,,0.0,0.0
Cc1ccccc1OCC(O)CNCCOc1ccc(C(N)=O)cc1,344.41100000000006,1.5022199999999999,0.0,0.0,0.0,0.0,0.0,0.0,0.0,,0.0,,0.0,0.0
O=c1oc2cc(O)ccc2c2oc3cc(O)ccc3c12,268.224,3.1036,0.0,0.0,1.0,,1.0,,,,1.0,,1.0,0.0
COc1ccc(-c2coc3cc(O)cc(O)c3c2=O)cc1,284.267,2.8798000000000012,0.0,,1.0,,1.0,1.0,,1.0,1.0,0.0,,
O=c1cc(-c2ccccc2)oc2cc(O)cc(O)c12,254.24099999999999,2.8712000000000013,0.0,0.0,1.0,,1.0,1.0,1.0,1.0,0.0,,1.0,
O=c1cc(-c2ccc(O)cc2)oc2cc(O)cc(O)c12,270.24,2.576800000000001,0.0,0.0,1.0,,1.0,1.0,,1.0,1.0,0.0,1.0,1.0
O=C(CCc1ccc(O)cc1)c1c(O)cc(O)cc1O,274.272,2.324500000000001,,,,,1.0,1.0,,1.0,0.0,0.0,1.0,
CCC(=O)N(c1ccccc1)C1CCN(CCc2ccccc2)CC1,336.47900000000004,4.136700000000004,1.0,1.0,0.0,0.0,0.0,0.0,0.0,,0.0,,0.0,0.0
O=C(O)CCC(=O)c1ccc(-c2ccccc2)cc1,254.28500000000003,3.4011000000000022,0.0,,,,0.0,0.0,0.0,0.0,0.0,0.0,,0.0
CCOC(=O)C1=C(C)NC(C)=C(C(=O)OC)C1c1cccc(Cl)c1Cl,384.259,3.9643000000000033,0.0,,,,0.0,,0.0,1.0,0.0,,,
NC(=O)OCC(COC(N)=O)c1ccccc1,238.24300000000002,0.9607999999999993,0.0,0.0,0.0,0.0,0.0,0.0,0.0,0.0,0.0,0.0,0.0,0.0
CCNC(C)Cc1cccc(C(F)(F)F)c1,231.26099999999997,3.2459000000000024,0.0,0.0,0.0,0.0,0.0,0.0,0.0,,0.0,,,0.0
COC(=O)c1ccc(C)cc1C1=NC(=O)C(C)(C(C)C)N1,288.347,2.07272,0.0,0.0,0.0,0.0,0.0,0.0,0.0,0.0,0.0,0.0,0.0,0.0
CCOP(=S)(NC(C)C)Oc1ccccc1C(=O)OC(C)C,345.4010000000002,3.8896000000000033,0.0,0.0,1.0,1.0,0.0,0.0,0.0,,0.0,0.0,,0.0
CSc1nc(NC2CC2)nc(NC(C)(C)C)n1,253.375,2.3782000000000005,0.0,0.0,1.0,,0.0,0.0,0.0,,0.0,,1.0,0.0
C[C@]12CC[C@H]3[C@@H](CCC4=CC(=O)CC[C@@]43C)[C@@H]1CC[C@@H]2C(=O)CO,330.4680000000001,3.695900000000003,1.0,1.0,0.0,,1.0,0.0,0.0,,0.0,0.0,0.0,0.0
CN(C)[C@@H]1C(O)=C(C(N)=O)C(=O)[C@@]2(O)C(O)=C3C(=O)c4c(O)ccc(Cl)c4[C@@H](O)[C@H]3C[C@@H]12,464.8580000000002,0.2649000000000006,,,,,,,,0.0,,0.0,,
CCC1(C)CC(=O)NC(=O)C1,155.19699999999997,0.8392999999999999,0.0,0.0,0.0,0.0,0.0,0.0,0.0,,0.0,,0.0,0.0
O=C1NCN(c2ccccc2)C12CCN(CCCOc1ccc(F)cc1)CC2,383.4670000000001,3.0231000000000012,0.0,0.0,0.0,,,0.0,0.0,1.0,0.0,0.0,1.0,0.0
NC(=S)NNC(N)=S,150.232,-1.4322,0.0,0.0,0.0,0.0,0.0,0.0,0.0,0.0,0.0,0.0,0.0,0.0
NC(=S)C(N)=S,120.202,-0.44139999999999974,0.0,0.0,0.0,0.0,0.0,0.0,0.0,,0.0,0.0,0.0,0.0
CC1CN1P(=O)(N1CC1C)N1CC1C,215.237,1.2067999999999999,0.0,0.0,0.0,0.0,0.0,0.0,,0.0,0.0,0.0,0.0,0.0
O=C(Oc1ccccc1)Oc1ccccc1,214.21999999999997,3.264400000000002,0.0,0.0,0.0,0.0,0.0,0.0,0.0,0.0,0.0,0.0,0.0,0.0
C[Hg]Cl,251.078,1.2708,0.0,0.0,0.0,,0.0,,1.0,,1.0,1.0,,1.0
S=c1[nH]cnc2[nH]cnc12,152.182,1.0154899999999998,0.0,0.0,1.0,,0.0,0.0,,1.0,0.0,0.0,0.0,1.0
[Hg+2],200.59,-0.0025,0.0,1.0,1.0,,,1.0,1.0,,,1.0,,1.0
CCCCCCCCCCCCNC(=N)N,227.396,3.39037,0.0,0.0,0.0,0.0,0.0,0.0,0.0,,0.0,0.0,,0.0
CN(C)CCN(Cc1cccs1)c1ccccn1,261.394,2.7113000000000005,0.0,0.0,0.0,0.0,0.0,0.0,0.0,0.0,0.0,0.0,0.0,0.0
COc1nn(CSP(=S)(OC)OC)c(=O)s1,302.339,1.5213999999999999,0.0,0.0,0.0,0.0,0.0,0.0,0.0,0.0,0.0,,0.0,0.0
NC1=NCC2c3ccccc3Cc3ccccc3N12,249.31699999999998,2.4668,0.0,0.0,0.0,0.0,0.0,0.0,0.0,0.0,0.0,0.0,0.0,
CC(=O)[C@H]1CC[C@H]2[C@@H]3CC[C@H]4C[C@](C)(O)CC[C@]4(C)[C@H]3CC[C@]12C,332.5280000000001,4.985300000000005,0.0,0.0,0.0,0.0,0.0,0.0,0.0,0.0,0.0,0.0,0.0,0.0
O=C([O-])CCC/C=C\C[C@H]1[C@@H](O)C[C@@H](O)[C@@H]1/C=C/[C@@H](O)COc1cccc(Cl)c1,423.9130000000001,1.8602999999999985,0.0,0.0,0.0,0.0,0.0,0.0,0.0,,0.0,,,0.0
O=C(O)Cc1ccc(CCNS(=O)(=O)c2ccc(Cl)cc2)cc1,353.827,2.4881,0.0,0.0,0.0,0.0,0.0,0.0,1.0,0.0,0.0,0.0,0.0,0.0
NC(=O)c1cn(Cc2c(F)cccc2F)nn1,238.197,0.7035000000000001,0.0,0.0,0.0,0.0,0.0,0.0,0.0,0.0,0.0,0.0,0.0,0.0
COc1ccc(C=CC(=O)OCCC(C)C)cc1,248.32199999999995,3.2977000000000025,0.0,0.0,,,,0.0,0.0,,,,0.0,0.0
O=C(NC1CCN(CCc2c[nH]c3ccccc23)CC1)c1ccccc1,347.46200000000016,3.604800000000002,0.0,0.0,,0.0,0.0,0.0,0.0,0.0,0.0,0.0,0.0,0.0
CCn1cc[n+](C)c1C.O=S(=O)([O-])C(F)(F)F,274.26399999999995,0.6923199999999999,0.0,0.0,0.0,0.0,1.0,0.0,0.0,0.0,0.0,0.0,0.0,0.0
Clc1ccc2cc3ccccc3cc2c1,212.679,4.6464000000000025,0.0,,1.0,,,,,0.0,0.0,,,1.0
CCCCn1cc[n+](C)c1.F[B-](F)(F)F,226.02599999999995,2.412700000000001,0.0,0.0,0.0,0.0,0.0,0.0,0.0,1.0,0.0,0.0,0.0,0.0
F/C(COc1ccc2c(c1)[nH]c1ccccc12)=C1/CN2CCC1CC2,336.41000000000014,4.649100000000004,0.0,0.0,1.0,,0.0,0.0,,,0.0,,,0.0
CC(C)Cc1ccc([C@@H](C)C(=O)NS(C)(=O)=O)cc1,283.393,2.0644,0.0,0.0,0.0,0.0,0.0,0.0,0.0,,0.0,,0.0,0.0
CCCCN(CCCC)C(=S)SSC(=S)N(CCCC)CCCC,408.7680000000003,6.742000000000007,0.0,0.0,0.0,,0.0,0.0,,,0.0,1.0,,0.0
CCC[n+]1ccn(C)c1C.O=S(=O)([N-]S(=O)(=O)C(F)(F)F)C(F)(F)F,419.369,2.09032,0.0,0.0,0.0,0.0,0.0,0.0,0.0,0.0,0.0,0.0,,0.0
Brc1c2ccccc2cc2ccccc12,257.13000000000005,4.755500000000002,0.0,,0.0,,1.0,,1.0,,0.0,,,1.0
CCO/C=C1\N=C(c2ccccc2)OC1=O,217.22400000000002,1.8679,0.0,0.0,,0.0,0.0,0.0,0.0,0.0,0.0,0.0,0.0,0.0
CNc1cc(OC)c(C(=O)N[C@H]2CCN(Cc3ccccc3)[C@H]2C)cc1Cl,387.91100000000006,3.783100000000003,0.0,0.0,0.0,0.0,0.0,0.0,0.0,,0.0,,0.0,0.0
CCN1CCCC1CNC(=O)c1cc(S(=O)(=O)CC)c(N)cc1OC,369.4870000000002,1.2851000000000006,0.0,0.0,0.0,0.0,0.0,0.0,0.0,0.0,0.0,0.0,0.0,0.0
COc1cc2c(cc1OC)C1CC(=O)C(CC(C)C)CN1CC2,317.4290000000001,3.238100000000002,0.0,0.0,0.0,0.0,0.0,0.0,0.0,0.0,0.0,0.0,,0.0
Cc1cc(C)cc(C(=O)OC2C[C@@H]3CC[C@H](C2)N3C)c1,273.376,3.085440000000002,0.0,0.0,0.0,0.0,0.0,0.0,0.0,,0.0,,0.0,0.0
CC[N+]1(C)CCCC1.O=S(=O)([O-])C(F)(F)F,263.281,1.2980999999999998,0.0,0.0,0.0,0.0,0.0,0.0,0.0,0.0,0.0,0.0,0.0,0.0
COP(=O)(OC)SCn1c(=O)oc2cc(Cl)cnc21,324.682,2.7345000000000006,0.0,0.0,1.0,,0.0,0.0,0.0,1.0,0.0,0.0,,
CNC(=O)/C=C(\C)OP(=O)(OC)OC,223.16499999999996,1.0536999999999999,0.0,0.0,0.0,0.0,0.0,0.0,0.0,0.0,0.0,0.0,0.0,0.0
Cc1occc1SSc1ccoc1C,226.322,4.288840000000002,0.0,,0.0,,0.0,0.0,0.0,,0.0,1.0,0.0,1.0
Cc1cc(C(F)(C(F)(F)F)C(F)(F)F)ccc1NC(=O)c1cccc(I)c1C(=O)NC(C)(C)CS(C)(=O)=O,682.396,5.694320000000004,0.0,0.0,0.0,0.0,,0.0,,,0.0,1.0,1.0,0.0
CC=CC(=O)CC,98.145,1.5416,0.0,0.0,0.0,0.0,0.0,0.0,0.0,0.0,0.0,0.0,0.0,0.0
CC1OCCC1=O,100.11699999999999,0.36430000000000007,0.0,0.0,0.0,0.0,0.0,0.0,0.0,0.0,0.0,0.0,0.0,0.0
CC1CCCC(=O)C1=O,126.15499999999999,0.9446,0.0,0.0,0.0,0.0,0.0,0.0,0.0,0.0,0.0,0.0,0.0,0.0
CC1=C(O)C(=O)OC1C,128.12699999999998,0.7637,0.0,0.0,0.0,0.0,0.0,0.0,0.0,,0.0,0.0,0.0,0.0
CCCCCc1ccco1,138.20999999999998,3.0123000000000015,0.0,0.0,0.0,,0.0,0.0,,,0.0,,1.0,
c1cnc2c(n1)CCCC2,134.182,1.3554,0.0,0.0,0.0,0.0,0.0,0.0,0.0,0.0,0.0,0.0,0.0,0.0
CCCCc1ccc2cccc(S(=O)(=O)[O-])c2c1,263.33799999999997,3.086500000000002,0.0,0.0,0.0,0.0,0.0,0.0,0.0,0.0,0.0,0.0,0.0,0.0
Cc1cc(S(=O)(=O)[O-])ccc1/N=N/c1c(O)ccc2ccccc12,341.36800000000005,4.173320000000002,0.0,0.0,1.0,,0.0,0.0,0.0,,0.0,0.0,,0.0
Cc1ccc(N=Nc2c(O)ccc(N=Nc3ccc(S(=O)(=O)[O-])cc3)c2O)c(C)c1,425.4460000000002,5.449540000000006,0.0,0.0,1.0,0.0,0.0,0.0,0.0,0.0,0.0,0.0,,0.0
Nc1cnn([C@@H]2O[C@H](CO)[C@@H](O)[C@H]2O)c(=O)n1,244.20700000000002,-3.1679999999999997,0.0,0.0,0.0,0.0,0.0,0.0,,0.0,0.0,0.0,,1.0
CCNc1nc(Cl)nc(NC(C)(C)C)n1,229.715,2.1672000000000002,0.0,0.0,,,1.0,1.0,0.0,0.0,0.0,0.0,,0.0
NS(=O)(=O)c1cc2c(cc1Cl)N=CNS2(=O)=O,295.72900000000004,-0.0608999999999999,0.0,0.0,0.0,0.0,0.0,0.0,0.0,0.0,0.0,0.0,0.0,0.0
Oc1c(Cl)cc(Cl)c2cccnc12,214.051,3.2472000000000003,0.0,,1.0,,,,0.0,,1.0,1.0,1.0,1.0
NC(=O)OCC(O)COc1ccc(Cl)cc1,245.662,1.1750000000000003,0.0,0.0,,0.0,0.0,0.0,0.0,,0.0,,0.0,0.0
CN(C)CCCN1c2ccccc2Sc2ccc(Cl)cc21,318.8730000000001,4.894400000000004,0.0,0.0,0.0,0.0,,0.0,,,0.0,0.0,,1.0
CCCCCCCCCCCCCCn1cc[n+](C)c1,279.49199999999996,5.0137000000000045,0.0,,0.0,1.0,,,,1.0,0.0,,1.0,
O=[Cr](=O)([O-])O[Cr](=O)(=O)[O-],215.98499999999999,-2.9266,0.0,,0.0,,0.0,0.0,,1.0,0.0,0.0,,1.0
O=P(Cl)(Cl)Cl,153.332,2.8109,0.0,0.0,0.0,0.0,0.0,0.0,0.0,0.0,0.0,0.0,0.0,0.0
CCN(Cc1cccc(S(=O)(=O)[O-])c1)c1ccc(C(=C2C=CC(=[N+](CC)Cc3cccc(S(=O)(=O)[O-])c3)C=C2)c2ccccc2)cc1,667.8290000000003,6.122800000000007,0.0,0.0,0.0,0.0,0.0,0.0,,1.0,0.0,0.0,0.0,0.0
CC(C)COC(=O)COc1cc(Cl)c(Cl)cc1Cl,311.592,4.224800000000003,0.0,0.0,0.0,0.0,0.0,0.0,0.0,,0.0,0.0,,0.0
O=C(OC[C@H]1O[C@@H](OC(=O)c2cc(O)c(O)c(OC(=O)c3cc(O)c(O)c(O)c3)c2)[C@H](OC(=O)c2cc(O)c(O)c(OC(=O)c3cc(O)c(O)c(O)c3)c2)[C@@H](OC(=O)c2cc(O)c(O)c(OC(=O)c3cc(O)c(O)c(O)c3)c2)[C@@H]1OC(=O)c1cc(O)c(O)c(OC(=O)c2cc(O)c(O)c(O)c2)c1)c1cc(O)c(O)c(OC(=O)c2cc(O)c(O)c(O)c2)c1,1701.2060000000006,4.838100000000016,1.0,0.0,1.0,,0.0,0.0,,1.0,1.0,,1.0,1.0
CN(C)CCOC(c1ccccc1)c1ccccc1,255.36100000000002,3.3542000000000023,0.0,0.0,0.0,0.0,0.0,1.0,0.0,0.0,0.0,0.0,0.0,0.0
COC(=O)c1ccc(C)cc1,150.177,1.78162,0.0,0.0,0.0,0.0,0.0,0.0,0.0,0.0,0.0,0.0,0.0,0.0
CN(C)CCCN1c2ccccc2C(C)(C)c2ccccc21,294.442,4.415700000000004,0.0,0.0,0.0,0.0,0.0,0.0,,,0.0,,,0.0
COc1ccc([C@@H]2Sc3ccccc3N(CCN(C)C)C(=O)[C@@H]2OC(C)=O)cc1,414.52700000000016,3.368500000000002,0.0,0.0,0.0,0.0,0.0,,0.0,0.0,0.0,0.0,0.0,
CC(=O)C=Cc1ccccc1,146.189,2.2888,0.0,0.0,0.0,0.0,1.0,0.0,0.0,0.0,0.0,0.0,0.0,0.0
Cc1c[nH]c(=S)[nH]c1=O,142.18300000000002,0.74091,0.0,0.0,0.0,0.0,0.0,0.0,0.0,0.0,0.0,0.0,0.0,0.0
COc1ccc2cc1Oc1cc3c(cc1OC)CC[N+](C)(C)[C@H]3Cc1ccc(cc1)Oc1c(OC)c(OC)cc3c1[C@@H](C2)[N+](C)(C)CC3,652.8319999999999,7.451600000000009,0.0,0.0,0.0,0.0,0.0,0.0,0.0,0.0,0.0,0.0,0.0,0.0
CCCCC[C@H](O)/C=C/[C@H]1[C@H](O)CC(=O)[C@@H]1C/C=C\CCCC(=O)O,352.4710000000001,3.251100000000002,0.0,,0.0,0.0,,,0.0,0.0,0.0,0.0,0.0,0.0
CCCCC[C@H](O)/C=C/[C@H]1[C@H](O)C[C@H](O)[C@@H]1C/C=C\CCCC(=O)O,354.48700000000014,3.0429000000000013,0.0,0.0,0.0,0.0,1.0,,0.0,,0.0,,0.0,0.0
CC12CCC(CC1)C(C)(C)O2,154.253,2.7441000000000013,0.0,0.0,1.0,0.0,0.0,0.0,0.0,0.0,0.0,0.0,0.0,0.0
C=COCC1CCC(CO)CC1,170.25199999999998,1.9452,0.0,0.0,0.0,0.0,0.0,0.0,0.0,0.0,0.0,0.0,0.0,0.0
CC(=O)/C=C/C1=C(C)CCCC1(C)C,192.30199999999996,3.6582000000000026,0.0,0.0,0.0,0.0,0.0,0.0,0.0,0.0,0.0,0.0,0.0,0.0
CC(=O)NC1CCSC1=O,159.20999999999998,0.15460000000000013,0.0,0.0,0.0,0.0,0.0,0.0,0.0,0.0,0.0,0.0,0.0,0.0
CC(C)(C)CC(C)(C)c1ccc(O)c(Cc2ccc(Cl)cc2Cl)c1,365.34400000000005,7.003600000000006,0.0,,0.0,0.0,,,,0.0,0.0,,1.0,
CC1COc2ccccc2N1C(=O)C(Cl)Cl,260.12,2.6042000000000005,0.0,0.0,1.0,,0.0,,,1.0,1.0,0.0,0.0,1.0
CC(N)CN,74.127,-0.7077,0.0,0.0,0.0,,0.0,0.0,0.0,0.0,0.0,0.0,0.0,0.0
CCC(C)O,74.12299999999999,0.7771999999999999,0.0,0.0,0.0,0.0,,0.0,0.0,0.0,0.0,0.0,0.0,0.0
CCCCC(CC)CNC(=N)NC(=N)NCCCCCCNC(=N)NC(=N)NCC(CC)CCCC,508.80400000000037,4.256280000000006,0.0,,,,,,,,,,,
CC(O)CN,75.111,-0.6741000000000001,0.0,0.0,0.0,0.0,0.0,0.0,0.0,0.0,0.0,0.0,0.0,0.0
CO/N=C(\C(=O)N[C@@H]1C(=O)N2C(C(=O)[O-])=C(CSc3nc(=O)c([O-])nn3C)CS[C@H]12)c1csc(N)n1,552.576,-3.1656999999999966,0.0,0.0,,0.0,,0.0,0.0,0.0,0.0,0.0,0.0,0.0
O=c1oc2cc(O)ccc2s1,168.17299999999997,1.5601,0.0,0.0,0.0,0.0,0.0,0.0,0.0,,0.0,,0.0,0.0
C=CCc1ccc(O)c(OC)c1,164.20399999999995,2.1292999999999997,0.0,0.0,0.0,0.0,0.0,0.0,0.0,0.0,0.0,0.0,0.0,0.0
COC(=O)[C@@H](N)CCCN/C(N)=N/[N+](=O)[O-],233.228,-1.6370999999999976,0.0,0.0,0.0,0.0,0.0,0.0,0.0,0.0,0.0,0.0,0.0,0.0
CC1(S(=O)(=O)[O-])CC(=O)c2ccccc2C1=O,253.255,0.7596,0.0,0.0,1.0,,,,,,0.0,,,1.0
Cc1nnc2n1-c1sc(CCC(=O)N3CCOCC3)cc1C(c1ccccc1Cl)=NC2,455.9710000000002,3.4330200000000026,0.0,0.0,0.0,0.0,0.0,0.0,0.0,0.0,0.0,0.0,,0.0
C[C@H](N[C@H](CCc1ccccc1)C(=O)O)C(=O)N1CCC[C@H]1C(=O)O,348.39900000000017,1.1261000000000003,0.0,0.0,0.0,0.0,0.0,0.0,0.0,0.0,0.0,0.0,0.0,0.0
CCC(C)[C@H]1O[C@]2(C=C[C@@H]1C)C[C@@H]1C[C@@H](CC=C(C)[C@@H](O[C@H]3C[C@H](OC)[C@@H](O[C@H]4C[C@H](OC)[C@H](NC(C)=O)[C@H](C)O4)[C@H](C)O3)[C@@H](C)C=CC=C3CO[C@@H]4[C@H](O)C(C)=C[C@@H](C(=O)O1)[C@]34O)O2,914.1430000000003,5.521200000000009,0.0,0.0,0.0,,,0.0,,,0.0,,1.0,
COc1c(Br)cc(Br)c(C)c1Br,358.855,4.291120000000001,0.0,0.0,0.0,0.0,0.0,0.0,0.0,0.0,0.0,0.0,,0.0
C=C[C@H]1CN2CC[C@H]1C[C@H]2[C@H](O)c1ccnc2ccc(OC)cc12.C=C[C@H]1CN2CC[C@H]1C[C@H]2[C@H](O)c1ccnc2ccc(OC)cc12,648.8480000000003,6.346400000000008,1.0,0.0,1.0,,1.0,0.0,0.0,,0.0,,0.0,0.0
CN(C)CCc1c[nH]c2ccc(CS(=O)(=O)N3CCCC3)cc12,335.4730000000002,2.1975999999999996,0.0,0.0,0.0,0.0,0.0,0.0,0.0,0.0,0.0,0.0,0.0,0.0
O=C1/C(=C2\Nc3ccc(S(=O)(=O)O)cc3C2=O)Nc2ccc(S(=O)(=O)O)cc21,422.3960000000001,1.3082,0.0,0.0,0.0,0.0,1.0,0.0,0.0,,0.0,,0.0,0.0
CC(=O)O[Cr](O)OC(C)=O.CC(=O)O[Cr](O)OC(C)=O.CC(=O)O[Cr](OC(C)=O)OC(C)=O,603.3100000000002,-1.0248999999999988,0.0,0.0,0.0,0.0,0.0,0.0,0.0,,0.0,0.0,0.0,0.0
CO[C@H]1CC(O[C@H]2C[C@H]([C@H]3O[C@](C)(O)[C@H](C)C[C@@H]3C)O[C@H]2[C@]2(C)CC[C@H]([C@]3(C)CC[C@]4(C[C@H](O)[C@@H](C)[C@@H]([C@@H](C)[C@@H]5O[C@](O)(CC(=O)[O-])[C@@H](C)[C@H](OC)[C@H]5OC)O4)O3)O2)O[C@@H](C)[C@@H]1OC,916.1320000000004,2.9822000000000086,0.0,0.0,0.0,0.0,,0.0,0.0,,0.0,0.0,,1.0
C=CC(=O)OCCn1c(=O)n(CCOC(=O)C=C)c(=O)n(CCOC(=O)C=C)c1=O,423.37800000000027,-1.640699999999996,0.0,1.0,0.0,,,1.0,1.0,,1.0,,0.0,
C=C(C)C(=O)OCCNC(C)(C)C,185.26699999999997,1.4938,0.0,0.0,0.0,0.0,0.0,0.0,0.0,0.0,0.0,0.0,0.0,0.0
NS(=O)(=O)c1ccccc1OC(F)(F)F,241.18999999999994,1.2326000000000001,0.0,0.0,0.0,0.0,0.0,0.0,0.0,0.0,0.0,0.0,0.0,0.0
O=C=NCC1CCCC(CN=C=O)C1,194.23399999999995,1.4644000000000001,0.0,0.0,0.0,0.0,0.0,0.0,0.0,0.0,0.0,0.0,0.0,0.0
C=C[C@H]1CN2CCC1C[C@@H]2[C@@H](O)c1ccnc2ccccc12,294.398,3.164600000000002,0.0,0.0,,,0.0,0.0,0.0,,0.0,,,0.0
Cc1cc(N)c2cc(NC(=O)Nc3ccc4nc(C)cc(N)c4c3)ccc2n1,372.43200000000013,4.208240000000001,,,,,,,,,,0.0,,
O=C(O)c1ccccc1O.Oc1cccc2cccnc12,283.283,3.030800000000002,0.0,0.0,0.0,,1.0,1.0,,0.0,0.0,0.0,,
C[C@]12CC[C@@H]3c4ccc(O)cc4CC[C@H]3[C@@H]1CC[C@@H]2OP(=O)(O)O,352.36699999999996,3.726200000000003,1.0,,0.0,0.0,1.0,1.0,0.0,,0.0,,0.0,0.0
O=C(O)[C@@H](S)[C@H](S)C(=O)O,182.222,-0.2476000000000001,0.0,0.0,0.0,0.0,,0.0,,1.0,0.0,0.0,0.0,
CN1CCN(CCCN2c3ccccc3Sc3ccc(C(F)(F)F)cc32)CC1,407.50500000000017,4.945600000000005,0.0,0.0,0.0,,0.0,0.0,,,,0.0,,
Cc1ncc(CO)c(CN)c1O,168.19599999999997,0.046620000000000106,,,,,,,,0.0,,0.0,,
NS(=O)(=O)c1ccc(C(=O)O)cc1,201.20299999999997,0.03219999999999995,0.0,0.0,0.0,0.0,0.0,0.0,0.0,0.0,0.0,0.0,0.0,0.0
O=C(CCS)OCC(COC(=O)CCS)(COC(=O)CCS)COC(=O)CCS,488.67100000000033,1.4251999999999998,0.0,0.0,0.0,0.0,0.0,0.0,0.0,,0.0,0.0,,1.0
C[C@@H]1NC(=O)[C@@H](N)CNC(=O)[C@H]([C@@H]2CCNC(N)=N2)NC(=O)/C(=C/NC(N)=O)NC(=O)[C@H](CNC(=O)C[C@@H](N)CCCN)NC1=O,652.7179999999997,-7.2072000000000145,,,,,,,,0.0,,0.0,,
OCCOCCN1CCN(C2=Nc3ccccc3Sc3ccccc32)CC1,383.51700000000017,2.8560000000000016,0.0,0.0,0.0,0.0,0.0,0.0,0.0,0.0,0.0,0.0,,0.0
Cc1cc(/C=C/c2ccc3cc(N(C)C)ccc3[n+]2C)c(C)n1-c1ccccc1.Cc1cc(/C=C/c2ccc3cc(N(C)C)ccc3[n+]2C)c(C)n1-c1ccccc1.O=C([O-])c1cc2ccccc2c(Cc2c(O)c(C(=O)[O-])cc3ccccc23)c1O,1151.4209999999996,12.338479999999983,0.0,0.0,,,,0.0,0.0,,0.0,,1.0,1.0
COc1ccc(CN(CCN(C)C)c2ccccn2)cc1,285.391,2.658400000000001,0.0,0.0,0.0,0.0,0.0,0.0,0.0,0.0,0.0,0.0,1.0,0.0
CN(C)C(=O)Oc1ccc[n+](C)c1,181.21499999999997,0.5714999999999999,1.0,0.0,0.0,0.0,1.0,0.0,0.0,0.0,0.0,0.0,0.0,0.0
Cc1ncc(CO)c(CO)c1O,169.18,0.08021999999999985,0.0,0.0,0.0,0.0,0.0,0.0,0.0,0.0,0.0,0.0,0.0,0.0
CCC1NC(=O)c2cc(S(N)(=O)=O)c(Cl)cc2N1,289.74399999999997,0.8788000000000005,0.0,0.0,0.0,0.0,0.0,0.0,0.0,0.0,0.0,0.0,,0.0
C=C[C@H]1CN2CCC1C[C@@H]2[C@@H](O)c1ccnc2ccc(OC)cc12,324.4240000000001,3.1732000000000014,0.0,0.0,1.0,0.0,1.0,1.0,0.0,0.0,0.0,0.0,,0.0
Brc1cc2ccccc2c2ccccc12,257.13000000000005,4.755500000000002,0.0,0.0,,0.0,0.0,0.0,0.0,0.0,0.0,0.0,,0.0
CC(C)(N)CO,89.13799999999999,-0.2840000000000001,0.0,0.0,,0.0,0.0,0.0,0.0,0.0,0.0,0.0,0.0,0.0
CC(C)(CO)CO,104.14899999999999,-0.0028000000000000247,0.0,0.0,0.0,0.0,0.0,1.0,0.0,0.0,0.0,0.0,0.0,0.0
O=S1(=O)CCCC1,120.173,0.19500000000000006,0.0,0.0,0.0,0.0,0.0,0.0,0.0,0.0,0.0,0.0,0.0,0.0
O=[N+]([O-])C(CO)(CO)CO,151.118,-2.0212,0.0,0.0,0.0,0.0,0.0,0.0,0.0,1.0,0.0,0.0,0.0,0.0
OCC(CO)(CO)COCC(CO)(CO)CO,254.27899999999994,-3.070399999999999,0.0,0.0,0.0,0.0,0.0,0.0,0.0,0.0,0.0,0.0,,0.0
O=[N+]([O-])OCCN(CCO[N+](=O)[O-])CCO[N+](=O)[O-],284.181,-1.0866999999999987,0.0,0.0,0.0,0.0,0.0,0.0,0.0,0.0,0.0,0.0,0.0,0.0
NC(CO)(CO)CO,121.136,-2.3391999999999995,0.0,0.0,0.0,0.0,0.0,0.0,0.0,0.0,0.0,0.0,0.0,0.0
O=C(Cl)c1cc(C(=O)Cl)cc(C(=O)Cl)c1,265.479,2.8236000000000008,0.0,0.0,,,0.0,0.0,0.0,,0.0,1.0,0.0,1.0
CO[Si](CCCS)(OC)OC,196.344,1.1844,0.0,0.0,,0.0,0.0,0.0,0.0,0.0,0.0,0.0,0.0,0.0
COc1cc2c3cc1Oc1cc(ccc1O)C[C@@H]1c4c(cc(OC)c(O)c4Oc4ccc(cc4)C[C@@H]3N(C)CC2)CC[N+]1(C)C,609.7429999999999,6.701000000000008,0.0,0.0,0.0,0.0,0.0,0.0,0.0,0.0,0.0,0.0,0.0,0.0
O=C(O[C@@H]1C[C@@H]2CC[C@H](C1)[N+]21CCCC1)C(O)(c1ccccc1)c1ccccc1,392.519,3.769700000000003,0.0,0.0,0.0,0.0,0.0,0.0,0.0,0.0,0.0,0.0,0.0,0.0
COc1cc(C(=O)NC2CCCNC2)cc(OC)c1OC,294.351,1.1941999999999997,0.0,0.0,0.0,0.0,0.0,0.0,0.0,0.0,0.0,0.0,0.0,0.0
C[N+](C)=CCl,92.549,0.5255999999999998,0.0,0.0,0.0,0.0,0.0,0.0,0.0,0.0,0.0,0.0,0.0,0.0
CC(=O)c1cccnc1,121.13899999999997,1.2842,0.0,0.0,0.0,0.0,0.0,0.0,0.0,0.0,0.0,0.0,0.0,0.0
O=S1(=O)OC(c2ccc([O-])cc2)(c2ccc(O)cc2)c2ccccc21,353.37500000000006,2.4766000000000004,0.0,0.0,0.0,,0.0,0.0,0.0,0.0,0.0,0.0,,0.0
O=CN1CCOCC1,115.132,-0.5250000000000001,0.0,0.0,0.0,0.0,0.0,0.0,0.0,0.0,0.0,0.0,0.0,0.0
COC(=O)CCC(=O)O,132.115,0.02419999999999972,0.0,0.0,0.0,0.0,0.0,0.0,0.0,0.0,0.0,0.0,0.0,0.0
NCc1cccnc1,108.14399999999998,0.5403,0.0,0.0,0.0,0.0,0.0,0.0,0.0,0.0,0.0,0.0,0.0,0.0
CCCCCCCCn1sc(Cl)c(Cl)c1=O,282.23600000000005,4.577100000000004,0.0,,0.0,,,0.0,0.0,,0.0,1.0,,1.0
Cc1cc(O)cc(C)c1Cl,156.61199999999997,2.662440000000001,0.0,0.0,0.0,0.0,0.0,0.0,0.0,0.0,0.0,0.0,1.0,0.0
O=[Zr](Cl)Cl,178.129,1.2577,0.0,0.0,0.0,0.0,0.0,0.0,0.0,,0.0,0.0,0.0,0.0
CSc1ccc2c(c1)N(CCC1CCCCN1C)c1ccccc1S2,370.587,5.885600000000005,0.0,0.0,0.0,,,0.0,,,,0.0,,
c1ccc2cnncc2c1,130.15,1.6297999999999997,0.0,0.0,0.0,0.0,0.0,0.0,0.0,0.0,0.0,0.0,0.0,0.0
COC(=O)c1ccc(CBr)cc1,229.07299999999998,2.3681,0.0,0.0,1.0,,1.0,0.0,0.0,0.0,1.0,0.0,0.0,0.0
CN1CCc2cc(Cl)c(O)cc2[C@H]2c3ccccc3CC[C@@H]21,313.8280000000001,3.9802000000000026,0.0,0.0,0.0,0.0,0.0,0.0,0.0,0.0,0.0,0.0,,0.0
O=P(O)(OCc1ccccc1)OCc1ccccc1,278.244,3.520400000000002,0.0,0.0,0.0,0.0,0.0,0.0,0.0,0.0,0.0,0.0,0.0,0.0
S=C=NCc1ccccc1,149.218,2.2894000000000005,0.0,0.0,,0.0,0.0,0.0,,,0.0,1.0,1.0,1.0
Oc1ccc(Cl)cc1Cc1ccccc1,218.68300000000002,3.6364000000000027,0.0,0.0,0.0,,0.0,0.0,0.0,1.0,0.0,0.0,1.0,0.0
ClCc1ccccc1,126.58599999999996,2.4254000000000007,0.0,0.0,0.0,0.0,0.0,0.0,0.0,0.0,0.0,0.0,0.0,0.0
OCc1ccccc1,108.13999999999997,1.1789,0.0,0.0,0.0,0.0,0.0,0.0,0.0,0.0,0.0,0.0,0.0,0.0
CC(=O)OCc1ccccc1,150.177,1.7496999999999998,0.0,0.0,0.0,0.0,0.0,0.0,0.0,0.0,0.0,0.0,0.0,0.0
COCCc1ccc(OCC(O)CNC(C)C)cc1.COCCc1ccc(OCC(O)CNC(C)C)cc1,534.7380000000004,3.2264000000000017,0.0,0.0,0.0,0.0,0.0,0.0,0.0,0.0,0.0,0.0,0.0,0.0
CN(C)C(=N)NC(=N)N,129.167,-1.034159999999999,0.0,0.0,0.0,,0.0,0.0,0.0,0.0,0.0,0.0,0.0,0.0
CCCC[Sn](CCCC)(OC(C)=O)OC(C)=O,351.0310000000001,3.155000000000002,0.0,,,,,0.0,,1.0,,,1.0,1.0
C[NH+](C)CCC(c1ccccc1)c1cccc[nH+]1,242.36600000000004,1.1671999999999998,0.0,0.0,0.0,0.0,1.0,0.0,0.0,0.0,0.0,0.0,0.0,0.0
CCOc1ccc(N)cc1,137.182,1.6675,0.0,0.0,1.0,1.0,0.0,0.0,0.0,,0.0,0.0,0.0,0.0
CC(C)=CCC[C@H](C)CCO,156.269,2.751300000000001,0.0,0.0,0.0,0.0,0.0,0.0,0.0,0.0,0.0,0.0,0.0,0.0
CCOc1cccc(N)c1,137.182,1.6674999999999998,0.0,0.0,,0.0,0.0,0.0,0.0,0.0,0.0,0.0,0.0,0.0
Nc1ccccc1C(=O)OCCc1ccccc1,241.29,2.6683000000000012,1.0,0.0,1.0,,1.0,0.0,0.0,0.0,1.0,0.0,,0.0
CC(C)CC(O)CC(C)C,144.25799999999995,2.4395000000000007,0.0,0.0,0.0,0.0,0.0,0.0,0.0,0.0,0.0,0.0,0.0,0.0
C=C(C)C(=O)OCCOP(=O)(O)OCCOC(=O)C(=C)C,322.25000000000006,1.3586,0.0,0.0,0.0,0.0,0.0,0.0,0.0,0.0,0.0,0.0,0.0,0.0
CC(C)OS(C)(=O)=O,138.188,0.3710000000000001,,0.0,0.0,0.0,0.0,0.0,0.0,0.0,0.0,0.0,,0.0
c1ccc2c(c1)OCC(CN1CCCCC1)O2,233.3109999999999,2.3122999999999996,0.0,0.0,0.0,0.0,0.0,0.0,0.0,,0.0,,0.0,0.0
C=CCN1CCCC1CNC(=O)c1cc(S(N)(=O)=O)cc(OC)c1OC,383.4700000000002,0.7314000000000015,0.0,0.0,0.0,0.0,0.0,0.0,0.0,,0.0,,0.0,0.0
C=C(C)OC(C)=O,100.11699999999999,1.0831,0.0,0.0,0.0,0.0,0.0,0.0,0.0,0.0,0.0,0.0,0.0,0.0
Cc1cc(O)cc2c1O[C@](C)(CCC[C@H](C)CCC[C@H](C)CCCC(C)C)CC2,402.66300000000024,8.223420000000006,0.0,0.0,0.0,0.0,0.0,0.0,0.0,0.0,0.0,0.0,0.0,0.0
Cc1ncc(C[n+]2csc(CCOP(=O)(O)OP(=O)(O)O)c2C)c(N)n1,425.3200000000001,0.8417399999999997,0.0,0.0,0.0,0.0,0.0,0.0,0.0,,0.0,,0.0,0.0
NC(=O)[C@H]1O[C@@H](O)[C@H](O)[C@@H](O)[C@@H]1O,193.155,-3.7284,0.0,0.0,0.0,0.0,0.0,0.0,0.0,,0.0,,0.0,0.0
O=C1CC[C@@H](C(=O)O)N1,129.11499999999998,-0.6504000000000001,0.0,0.0,0.0,0.0,0.0,0.0,0.0,0.0,0.0,0.0,0.0,0.0
CN1C(=S)CN=C(c2ccccc2)c2cc(Cl)ccc21,300.8140000000001,3.954600000000003,0.0,0.0,0.0,,,0.0,0.0,0.0,,0.0,,0.0
CC(C)(C)OC(=O)c1ncn2c1[C@@H]1CCCN1C(=O)c1c(Br)cccc1-2,418.29100000000005,3.8808000000000034,0.0,0.0,,0.0,0.0,0.0,0.0,,0.0,0.0,0.0,0.0
CCC(Cc1c(I)cc(I)c(O)c1I)C(=O)O,571.9180000000001,3.8593000000000015,0.0,0.0,0.0,0.0,,,,,0.0,,,0.0
CCOc1cc(NC(C)=O)ccc1C(=O)OC,237.25499999999997,1.8302999999999998,0.0,0.0,,0.0,0.0,0.0,0.0,0.0,0.0,0.0,0.0,0.0
CC(O)C#CC(C)O,114.14399999999998,-0.24860000000000004,0.0,,0.0,,0.0,0.0,1.0,,,,,0.0
COc1ccc(N)cc1N,138.17,0.8595999999999999,0.0,0.0,1.0,,0.0,,0.0,1.0,0.0,1.0,1.0,1.0
CC1(C)[C@@H](O[C@H]2O[C@H](C(=O)O)[C@@H](O)[C@H](O)[C@H]2O[C@@H]2O[C@H](C(=O)[O-])[C@@H](O)[C@H](O)[C@H]2O)CC[C@@]2(C)[C@H]1CC[C@]1(C)[C@@H]2C(=O)C=C2[C@@H]3C[C@@](C)(C(=O)O)CC[C@]3(C)CC[C@]21C,821.9339999999997,0.9109000000000056,0.0,0.0,0.0,0.0,0.0,0.0,0.0,0.0,0.0,0.0,0.0,0.0
O=C1NC(=O)C(=O)C(=O)N1,142.07,-2.0785,0.0,0.0,0.0,0.0,0.0,0.0,0.0,0.0,0.0,0.0,0.0,0.0
CC(C)(C)c1cc(/C=C2\SC(=N)NC2=O)cc(C(C)(C)C)c1O,332.4690000000001,4.1258700000000035,0.0,0.0,0.0,,,,,1.0,,,1.0,
OCCCC1CCCCC1,142.242,2.3392,0.0,0.0,0.0,0.0,0.0,0.0,0.0,0.0,0.0,0.0,0.0,0.0
Cc1cc2c3c(c1)C(c1ccccc1)=N[C@@H](NC(=O)c1ccncc1)C(=O)N3CC2,396.4500000000002,2.88622,0.0,0.0,0.0,0.0,0.0,0.0,1.0,,0.0,0.0,0.0,0.0
CCc1cc(C2=C(C(=O)[O-])N(c3ccccc3C(F)(F)F)S(=O)(=O)c3ccccc32)cc2c1OCO2,516.4730000000002,3.7147000000000023,0.0,0.0,0.0,0.0,0.0,0.0,,,0.0,0.0,1.0,0.0
O=S(=O)([O-])c1ccc2c(/N=N\c3ccc(S(=O)(=O)[O-])c4ccccc34)c(O)c(S(=O)(=O)[O-])cc2c1,535.5130000000003,2.8263000000000007,0.0,0.0,0.0,0.0,0.0,0.0,0.0,0.0,0.0,0.0,0.0,0.0
O=C=Nc1ccc(Cl)cc1,153.56799999999998,2.3072999999999997,0.0,0.0,,,,0.0,0.0,,,0.0,1.0,0.0
CC(C)OC(=O)c1ccccc1C(=O)OC(C)C,250.29399999999998,2.817000000000001,0.0,0.0,0.0,0.0,0.0,0.0,0.0,0.0,0.0,0.0,0.0,0.0
CO[C@H]1[C@H]([C@@]2(C)O[C@@H]2CC=C(C)C)[C@]2(CC[C@H]1OC(=O)/C=C/C=C/C=C/C=C/C(=O)O)CO2,458.55100000000016,3.9154000000000027,0.0,0.0,0.0,1.0,0.0,0.0,0.0,1.0,0.0,0.0,0.0,0.0
C1CCC2(CCCCO2)OC1,156.225,2.0837,0.0,0.0,0.0,0.0,0.0,0.0,0.0,0.0,0.0,0.0,0.0,0.0
CCCCC(CC)COC(=O)c1ccccc1O,250.338,3.7654000000000036,,,,,,,,0.0,,0.0,,
C[C@H]1O[C@H](O[C@@H]2[C@@H](O)[C@@H](O)[C@H](O)[C@H](O)[C@H]2O)[C@@H](N)C[C@@H]1NC(=N)C(=O)O,379.36600000000016,-4.328029999999994,0.0,0.0,0.0,0.0,0.0,0.0,0.0,0.0,0.0,0.0,0.0,0.0
CN(C)CCCN1c2ccccc2CCc2ccccc21,280.415,3.8750000000000027,0.0,0.0,0.0,0.0,,0.0,,,0.0,0.0,,0.0
CCCCOCCO,118.17599999999999,0.7953999999999999,0.0,0.0,0.0,0.0,0.0,0.0,0.0,0.0,0.0,0.0,0.0,0.0
[O-][n+]1ccccc1[S-],126.16,0.22580000000000017,0.0,1.0,0.0,,,0.0,1.0,,1.0,1.0,1.0,
CCCN(CCC)C(=O)SCC,189.32399999999998,2.9815000000000014,0.0,0.0,0.0,0.0,0.0,0.0,0.0,0.0,0.0,0.0,0.0,0.0
O=S(=O)([O-])c1cccc2ccccc12,207.23,1.7439000000000002,0.0,0.0,0.0,0.0,0.0,0.0,0.0,0.0,0.0,0.0,0.0,0.0
CC(C)C1=CC2=CC[C@H]3[C@](C)(C(=O)[O-])CCC[C@]3(C)[C@H]2CC1,301.45,3.871500000000003,0.0,0.0,1.0,0.0,0.0,0.0,,,0.0,0.0,,
CN(C)c1ccc(C(=O)c2ccc(N(C)C)cc2)cc1,268.35999999999996,3.0496000000000016,0.0,1.0,1.0,,,,0.0,0.0,1.0,0.0,1.0,1.0
N#CCCC#N,80.09,0.81376,0.0,0.0,0.0,0.0,0.0,0.0,0.0,0.0,0.0,0.0,0.0,0.0
Cc1ncc([N+](=O)[O-])n1CCO,171.15599999999998,0.09201999999999994,0.0,0.0,0.0,0.0,0.0,0.0,0.0,0.0,0.0,0.0,0.0,0.0
Nc1c(CC(=O)[O-])cccc1C(=O)c1ccccc1,254.265,0.7921999999999998,0.0,,0.0,0.0,1.0,0.0,1.0,,0.0,,0.0,0.0
C[N+]1(C)[C@H]2CC[C@@H]1C[C@H](OC(=O)C(CO)c1ccccc1)C2,304.41,2.0755,1.0,0.0,0.0,0.0,1.0,0.0,0.0,0.0,0.0,0.0,0.0,0.0
CC(Cl)(Cl)C(=O)O,142.969,1.2648,0.0,0.0,0.0,0.0,0.0,0.0,0.0,0.0,0.0,0.0,0.0,0.0
CN[C@@H]1[C@H](O[C@H]2[C@H](O[C@@H]3[C@@H](NC(=N)N)[C@H](O)[C@@H](NC(=N)N)[C@H](O)[C@H]3O)O[C@@H](C)[C@]2(O)C=O)O[C@@H](CO)[C@H](O)[C@H]1O.CN[C@@H]1[C@H](O[C@H]2[C@H](O[C@@H]3[C@@H](NC(=N)N)[C@H](O)[C@@H](NC(=N)N)[C@H](O)[C@H]3O)O[C@@H](C)[C@]2(O)C=O)O[C@@H](CO)[C@H](O)[C@H]1O,1163.1600000000008,-15.48351999999997,0.0,0.0,0.0,0.0,0.0,0.0,0.0,,0.0,,0.0,0.0
O=C(CCl)CCl,126.97000000000001,1.0331000000000001,0.0,,0.0,,0.0,1.0,1.0,,1.0,0.0,,1.0
CC(=O)C(Cl)Cl,126.97,1.3791,0.0,0.0,0.0,0.0,0.0,0.0,0.0,0.0,0.0,0.0,0.0,0.0
CC(C)(c1ccccc1)c1ccc(O)cc1,212.29199999999997,3.7181000000000024,0.0,0.0,0.0,,1.0,1.0,0.0,1.0,0.0,0.0,1.0,
Cc1cc(O)c2c(O)c3c(O)cccc3cc2c1,240.258,3.4182200000000016,0.0,0.0,1.0,0.0,0.0,0.0,1.0,1.0,0.0,0.0,1.0,0.0
CCC(=O)[N-]S(=O)(=O)c1ccc(-c2c(-c3ccccc3)noc2C)cc1,369.4220000000001,4.3160200000000035,0.0,0.0,0.0,,0.0,0.0,,,0.0,,0.0,0.0
Cc1ccccc1N1CCN(CCc2nnc3n2CCCC3)CC1,325.46000000000015,2.2875200000000007,0.0,0.0,0.0,0.0,1.0,1.0,0.0,0.0,0.0,0.0,0.0,0.0
C=Cc1ccc(S(=O)(=O)[O-])cc1,183.208,1.2337,0.0,0.0,0.0,0.0,0.0,0.0,,1.0,0.0,0.0,,0.0
C[C@]12CC[C@@H]3c4ccc(OC(=O)N(CCCl)CCCl)cc4CC[C@H]3[C@@H]1CC[C@@H]2OP(=O)(O)O,520.3900000000002,5.299000000000007,1.0,0.0,0.0,0.0,1.0,1.0,,,0.0,,0.0,1.0
CC1Cc2ccccc2N1NC(=O)c1ccc(Cl)c(S(N)(=O)=O)c1,365.84200000000004,2.0834,0.0,0.0,0.0,0.0,0.0,0.0,0.0,0.0,0.0,0.0,0.0,0.0
CC(=O)OC(C)C(=O)OCC[N+](C)(C)C.CC(=O)OC(C)C(=O)OCC[N+](C)(C)C.O=S(=O)([O-])c1cccc2c(S(=O)(=O)[O-])cccc12,722.8320000000003,1.0228000000000061,0.0,0.0,0.0,0.0,1.0,0.0,0.0,,0.0,,0.0,0.0
CC(=O)CC(=O)Nc1ccc2[nH]c(=O)[nH]c2c1,233.227,0.7738,0.0,0.0,0.0,,0.0,0.0,0.0,0.0,0.0,0.0,0.0,0.0
CCO[Si](C)(CCCOCC1CO1)OCC,248.39499999999992,1.9369,0.0,0.0,0.0,0.0,0.0,0.0,0.0,0.0,0.0,0.0,0.0,0.0
O=[N+]([O-])c1cc(C(F)(F)F)c(Cl)c([N+](=O)[O-])c1Cl,304.995,3.8286000000000007,0.0,0.0,0.0,,,,,,,,,
CCCCOCCOCCOCCO,206.28199999999995,0.8286,0.0,0.0,0.0,0.0,0.0,0.0,0.0,0.0,0.0,1.0,0.0,0.0
CCCCCCCC/C=C/C(=O)[O-].CCCCCCCC/C=C/C(=O)[O-],366.54200000000014,4.086200000000003,,,,,,,,0.0,,0.0,,
Nc1cc(C(F)(F)F)ccc1S,193.19300000000004,2.5763000000000003,,,,,,,,,,1.0,,
Cc1cccc(Cc2c[nH]cn2)c1C,186.258,2.6173400000000004,0.0,,,,0.0,0.0,0.0,0.0,0.0,,0.0,0.0
CCOC(=O)CC(=O)OCC,160.16899999999998,0.5027,0.0,0.0,,0.0,0.0,0.0,0.0,0.0,0.0,0.0,0.0,0.0
COc1ccc(CNCC(O)COc2ccc3[nH]c(=O)ccc3c2)cc1OC,384.4320000000002,2.0747999999999998,0.0,0.0,0.0,0.0,0.0,0.0,0.0,,0.0,,0.0,0.0
COC(=O)C1=C(C)NC(COC(N)=O)=C(C(=O)OC(C)C)C1c1cccc(Cl)c1Cl,457.3100000000002,3.428200000000002,0.0,1.0,,,0.0,,1.0,1.0,0.0,1.0,,1.0
CCNC(=O)NCCCOc1cccc(CN2CCCCC2)c1,319.4490000000001,2.7605000000000013,0.0,0.0,0.0,0.0,0.0,0.0,0.0,0.0,0.0,0.0,0.0,0.0
CC(=O)SCC(CC(=O)c1ccc(C)cc1)C(=O)O,280.345,2.5483200000000004,0.0,0.0,0.0,0.0,0.0,0.0,0.0,0.0,0.0,0.0,0.0,0.0
CCOC(=O)Cn1cccc1-c1nc(-c2ccc(OC)cc2)c(-c2ccc(OC)cc2)s1,448.5440000000002,5.5259000000000045,0.0,0.0,0.0,0.0,0.0,0.0,0.0,1.0,0.0,,0.0,
O=C(CCCN1CCN(c2ccc(F)cc2)CC1)NC1c2ccccc2CSc2ccccc21,475.63300000000015,5.239400000000005,0.0,0.0,0.0,,0.0,0.0,,,0.0,0.0,,0.0
CC(C)(C)NC[C@H](O)c1ccc(O)cc1Cl,243.734,2.4671000000000003,0.0,0.0,0.0,0.0,0.0,0.0,0.0,0.0,0.0,0.0,0.0,0.0
CCCCC/C=C\C/C=C\CCCCCCCC(=O)NC(C)c1ccccc1,383.61999999999995,7.677300000000008,0.0,0.0,0.0,0.0,0.0,0.0,0.0,1.0,0.0,0.0,0.0,0.0
CC(NN)c1ccccc1,136.19799999999998,1.2109,0.0,0.0,,0.0,,0.0,0.0,0.0,0.0,0.0,0.0,0.0
O=Cc1ccc(Cl)cc1,140.569,2.1525,,,0.0,,0.0,0.0,0.0,0.0,0.0,0.0,,0.0
CCN(C)C(=O)Oc1cccc([C@H](C)N(C)C)c1,250.34199999999998,2.7597000000000014,0.0,0.0,0.0,0.0,0.0,0.0,0.0,0.0,0.0,0.0,0.0,0.0
CNC(=O)c1cc(Oc2ccc(NC(=O)Nc3ccc(Cl)c(C(F)(F)F)c3)cc2)ccn1,464.83100000000013,5.549700000000003,0.0,,0.0,,,0.0,,,,,1.0,1.0
CCN(CC)C(C)C(=O)c1ccccc1,205.30100000000002,2.5996000000000006,0.0,0.0,,0.0,0.0,0.0,0.0,0.0,0.0,0.0,0.0,0.0
CCN1CC(CCN2CCOCC2)C(c2ccccc2)(c2ccccc2)C1=O,378.5160000000001,3.173300000000001,0.0,0.0,0.0,0.0,0.0,0.0,0.0,,0.0,0.0,0.0,0.0
Cc1cccc(C(=O)O)c1[N+](=O)[O-],181.147,1.60142,0.0,0.0,0.0,0.0,0.0,0.0,0.0,0.0,0.0,0.0,0.0,0.0
CCN(CC)CCOC(=O)C1(c2ccccc2)CCCC1.CCN(CC)CCOC(=O)C1(c2ccccc2)CCCC1.O=S(=O)(O)CCS(=O)(=O)O,769.0360000000003,5.528800000000005,0.0,0.0,0.0,0.0,0.0,0.0,0.0,0.0,0.0,0.0,0.0,0.0
Clc1ccccn1,113.54699999999998,1.7349999999999997,0.0,0.0,0.0,0.0,0.0,0.0,0.0,0.0,0.0,0.0,0.0,0.0
CCC(=O)/C=C/C1C(C)=CCCC1(C)C,206.32899999999995,3.904200000000003,0.0,0.0,0.0,0.0,0.0,0.0,0.0,0.0,0.0,0.0,0.0,0.0
CC1CC(OC(=O)c2ccccc2O)CC(C)(C)C1,262.349,3.7638000000000025,0.0,0.0,0.0,0.0,0.0,0.0,0.0,0.0,0.0,1.0,0.0,0.0
CCCCCCCCCO,144.258,2.7293000000000016,0.0,0.0,0.0,0.0,0.0,0.0,0.0,0.0,0.0,0.0,0.0,0.0
CCCCCCNCCCCCC,185.35499999999996,3.736600000000003,0.0,0.0,0.0,0.0,0.0,0.0,0.0,0.0,0.0,0.0,0.0,0.0
CCN(CC)c1ccc(N)cc1,164.25199999999998,2.115,0.0,0.0,1.0,,,0.0,0.0,1.0,,1.0,1.0,
ClCCCCl,112.98700000000001,1.8540999999999999,0.0,0.0,0.0,0.0,0.0,0.0,0.0,0.0,0.0,0.0,0.0,0.0
CCCCCCOC(C)=O,144.21399999999997,2.1298000000000004,0.0,0.0,0.0,0.0,0.0,0.0,0.0,0.0,0.0,0.0,0.0,0.0
CCCCC(CC)COC(=O)CCCCCCCCC(=O)OCC(CC)CCCC,426.68200000000024,7.626400000000009,0.0,0.0,0.0,0.0,,0.0,0.0,0.0,0.0,0.0,0.0,0.0
CCOC(C)=O,88.106,0.5694,0.0,0.0,0.0,0.0,0.0,0.0,0.0,0.0,0.0,0.0,,0.0
NCCNCCN,103.16900000000001,-1.506599999999999,1.0,1.0,0.0,0.0,0.0,0.0,0.0,0.0,0.0,0.0,0.0,0.0
CCOP(=O)(CC)OCC,166.15699999999998,2.2724,0.0,0.0,0.0,0.0,0.0,0.0,0.0,0.0,0.0,0.0,,0.0
Cc1c2oc3c(C)ccc(C(=O)N[C@@H]4C(=O)N[C@H](C(C)C)C(=O)N5CCC[C@H]5C(=O)N(C)CC(=O)N(C)[C@@H](C(C)C)C(=O)O[C@@H]4C)c3nc-2c(C(=O)N[C@@H]2C(=O)N[C@H](C(C)C)C(=O)N3CCC[C@H]3C(=O)N(C)CC(=O)N(C)[C@@H](C(C)C)C(=O)O[C@@H]2C)c(N)c1=O,1255.4379999999994,0.7256400000000032,0.0,,0.0,1.0,,0.0,,,0.0,0.0,,1.0
NC(=O)CCCCC(N)=O,144.174,-0.4826000000000001,0.0,0.0,0.0,0.0,0.0,0.0,0.0,0.0,0.0,0.0,0.0,0.0
CNC(=O)ON=CC(C)(C)SC,190.26799999999997,1.4698,0.0,0.0,0.0,0.0,0.0,0.0,0.0,0.0,0.0,0.0,0.0,0.0
C=CCOc1ccc(CC(=O)O)cc1Cl,226.659,2.5319000000000003,1.0,0.0,0.0,0.0,1.0,1.0,1.0,,0.0,,0.0,0.0
NN,32.046,-1.1812,0.0,0.0,1.0,0.0,0.0,0.0,0.0,0.0,0.0,0.0,0.0,0.0
N[C@@H](Cc1cnc[nH]1)C(=O)O,155.15699999999998,-0.6359000000000001,0.0,0.0,,0.0,,0.0,0.0,,0.0,,0.0,
NNc1nc(-c2ccccc2)cs1,191.259,2.0957,0.0,0.0,1.0,,0.0,0.0,0.0,1.0,0.0,1.0,1.0,
NNc1nc(-c2ccc(N)cc2)cs1,206.27399999999997,1.6779000000000004,0.0,0.0,1.0,,0.0,0.0,,1.0,0.0,,1.0,0.0
Cc1ccccc1CO[C@H]1C[C@]2(C(C)C)CC[C@@]1(C)O2,274.40399999999994,4.2478200000000035,0.0,0.0,,,0.0,0.0,0.0,0.0,0.0,0.0,0.0,0.0
NNc1ccc(C(=O)O)cc1,152.153,0.6704000000000001,1.0,0.0,,,,0.0,0.0,0.0,0.0,0.0,0.0,0.0
CCCCCCOc1ccccc1C(=O)O,222.284,3.3439000000000014,0.0,0.0,0.0,0.0,,0.0,0.0,0.0,0.0,0.0,0.0,0.0
O=C(OCc1ccccc1)C(=O)OCc1ccccc1,270.28399999999993,2.4732000000000003,0.0,0.0,0.0,0.0,0.0,0.0,0.0,0.0,0.0,0.0,0.0,0.0
CCCSc1ccc2[nH]c(NC(=O)OC)nc2c1,265.33799999999997,3.2433000000000005,0.0,,1.0,,1.0,0.0,0.0,0.0,1.0,1.0,1.0,1.0
CCc1cccc(C)c1N(C(=O)CCl)[C@@H](C)COC,283.799,3.1641200000000014,0.0,0.0,0.0,,0.0,0.0,,1.0,0.0,0.0,,0.0
O=C(O)c1ccccc1C(=O)Nc1cccc2ccccc12,291.30600000000004,3.790300000000002,0.0,0.0,1.0,,0.0,0.0,0.0,1.0,0.0,0.0,,0.0
CCC(=O)OC1(c2ccccc2)CCN(C)CC1,247.33799999999994,2.5607000000000006,0.0,,0.0,0.0,0.0,0.0,0.0,0.0,0.0,0.0,0.0,0.0
COc1cc(-c2ccc(=O)[nH]n2)ccc1OC(F)F,268.219,2.0469,0.0,0.0,,0.0,,0.0,0.0,0.0,1.0,0.0,0.0,0.0
CCOc1ccc([N+](=O)[O-])cc1,167.164,1.9935,0.0,0.0,0.0,,1.0,1.0,,,0.0,,1.0,
CCCCN(CCCC)CCCOC(=O)c1ccc(N)cc1,306.45,3.717900000000002,0.0,0.0,0.0,0.0,0.0,0.0,0.0,0.0,0.0,0.0,0.0,0.0
CCCCOc1cc(C(=O)NCCN(CC)CC)c2ccccc2n1,343.471,3.4853000000000023,0.0,0.0,0.0,0.0,0.0,0.0,0.0,0.0,0.0,0.0,,0.0
CC(C)(c1cc(Br)c(OCC(Br)CBr)c(Br)c1)c1cc(Br)c(OCC(Br)CBr)c(Br)c1,943.6209999999999,10.13689999999999,0.0,0.0,0.0,0.0,0.0,0.0,0.0,0.0,0.0,0.0,0.0,0.0
CC(C)c1ccc(C(C)C)cc1,162.27599999999998,3.9334000000000033,0.0,0.0,0.0,0.0,0.0,0.0,0.0,0.0,0.0,0.0,0.0,0.0
COc1c2occc2cc2ccc(=O)oc12,216.19199999999995,2.5478000000000005,0.0,0.0,1.0,0.0,0.0,1.0,0.0,0.0,0.0,0.0,0.0,0.0
COC(C)(C)C,88.14999999999999,1.4313,0.0,0.0,0.0,0.0,0.0,0.0,0.0,0.0,0.0,0.0,0.0,0.0
COC(N)=O,75.067,-0.2884999999999999,0.0,0.0,0.0,0.0,0.0,0.0,0.0,0.0,0.0,0.0,0.0,0.0
COC(=O)NN,90.08200000000001,-0.7839,0.0,0.0,,0.0,0.0,0.0,0.0,0.0,0.0,0.0,,0.0
Cc1cccc(/N=N/c2ccc(N(C)C)cc2)c1,239.32200000000003,4.4764200000000045,1.0,0.0,1.0,,1.0,0.0,0.0,1.0,1.0,0.0,1.0,0.0
CCCc1nn(C)c2c(=O)[nH]c(-c3cc(S(=O)(=O)N4CCN(C)CC4)ccc3OCC)nc12.O=C(O)CC(O)(CC(=O)O)C(=O)O,666.7100000000005,0.36240000000000505,0.0,0.0,0.0,0.0,0.0,0.0,0.0,0.0,0.0,0.0,,0.0
O=C(O)CNC(=O)c1ccccc1,179.175,0.5009999999999994,0.0,0.0,0.0,0.0,0.0,0.0,0.0,0.0,0.0,0.0,0.0,0.0
CCCCN1CCCC[C@H]1C(=O)Nc1c(C)cccc1C,288.43500000000006,3.8965400000000026,0.0,0.0,0.0,0.0,0.0,0.0,0.0,0.0,0.0,0.0,,0.0
CC(C)(C)OC(=O)N1C[C@@H](F)C[C@H]1C(=O)O,233.23899999999998,1.4185,0.0,0.0,0.0,0.0,0.0,0.0,0.0,0.0,0.0,0.0,0.0,0.0
CC(=O)Oc1c(C)cc(OCC(O)CNC(C)C)c(C)c1C,309.40600000000006,2.2748600000000003,1.0,0.0,0.0,,1.0,1.0,0.0,,0.0,,0.0,0.0
O=C(OCC1CO1)C1CCCCC1C(=O)OCC1CO1,284.308,0.6768000000000001,0.0,0.0,0.0,,0.0,0.0,0.0,1.0,1.0,0.0,0.0,1.0
Oc1nc(O)nc(O)n1,129.075,-1.0116000000000003,0.0,0.0,0.0,0.0,0.0,0.0,0.0,0.0,0.0,0.0,0.0,0.0
N#CC1(O)CCCCC1,125.171,1.20518,0.0,0.0,0.0,0.0,0.0,0.0,0.0,0.0,0.0,0.0,0.0,0.0
CCOC(=O)c1ncn2c1CN(C)C(=O)c1cc(F)ccc1-2,303.293,1.7736999999999998,0.0,0.0,0.0,0.0,0.0,0.0,0.0,0.0,0.0,0.0,0.0,0.0
CNCCC(Oc1ccc(C(F)(F)F)cc1)c1ccccc1,309.33099999999996,4.435000000000003,0.0,0.0,0.0,,,0.0,,0.0,0.0,0.0,,
C[C@]12C[C@H](O)[C@@]3(F)[C@@H](CCC4=CC(=O)CC[C@@]43C)[C@@H]1CC[C@]2(O)C(=O)CO,380.45600000000013,1.8737,1.0,1.0,0.0,,1.0,0.0,0.0,0.0,0.0,0.0,0.0,0.0
CCCCCCCCCCCCCCCCCCOCC(O)CO,344.58,5.617700000000006,1.0,0.0,,,0.0,,0.0,0.0,0.0,0.0,0.0,0.0
OCCN1CCN(CCCN2c3ccccc3Sc3ccc(C(F)(F)F)cc32)CC1,437.5310000000002,4.308100000000003,0.0,0.0,,,0.0,0.0,,,0.0,,,
CSCCC=O,104.17399999999999,0.9383999999999999,0.0,0.0,0.0,0.0,0.0,0.0,0.0,0.0,0.0,0.0,0.0,0.0
CC(C)(C)C(=O)Cl,120.579,1.7979,0.0,0.0,0.0,0.0,0.0,0.0,0.0,0.0,0.0,0.0,0.0,0.0
CCCCC(CC)COC(=O)Cl,192.68599999999998,3.5782000000000025,0.0,0.0,0.0,0.0,0.0,0.0,0.0,0.0,0.0,0.0,0.0,0.0
CCCCC(CC)C(=O)[O-],143.206,0.9526999999999999,0.0,0.0,0.0,0.0,0.0,0.0,0.0,0.0,0.0,0.0,0.0,0.0
BrC1CCC(Br)C(Br)CCC(Br)C(Br)CCC1Br,641.6999999999999,6.921600000000004,0.0,0.0,0.0,,,0.0,0.0,1.0,0.0,,1.0,
COCN(COC)c1nc(N(COC)COC)nc(N(COC)COC)n1,390.44100000000014,-0.08579999999999721,0.0,0.0,0.0,0.0,0.0,0.0,0.0,0.0,0.0,0.0,0.0,0.0
O=Cc1cccc(Br)c1,185.01999999999998,2.2616000000000005,0.0,0.0,0.0,0.0,0.0,0.0,0.0,0.0,0.0,0.0,0.0,0.0
CC(C)(C)CC(C)(C)c1ccc(O)c(-n2nc3ccccc3n2)c1,323.44000000000005,4.839900000000005,0.0,0.0,1.0,0.0,0.0,0.0,0.0,,0.0,0.0,1.0,0.0
C/C=C/C=C/C(=O)[O-],111.11999999999999,-0.13139999999999996,0.0,0.0,0.0,0.0,0.0,0.0,0.0,0.0,0.0,0.0,0.0,0.0
Cc1cc(C)nc(Nc2ccccc2)n1,199.25700000000003,2.837040000000001,0.0,0.0,1.0,,,0.0,0.0,0.0,0.0,0.0,0.0,0.0
CC(C)C[C@@H](NC(=O)[C@@H](O)[C@H](N)Cc1ccccc1)C(=O)O,308.37800000000004,0.5328000000000004,1.0,0.0,0.0,0.0,0.0,0.0,0.0,,0.0,,0.0,0.0
Nc1cnn(-c2ccccc2)c(=O)c1Cl,221.647,1.4681,0.0,0.0,,0.0,0.0,0.0,0.0,0.0,0.0,0.0,0.0,0.0
CCOC(=O)COc1cc(-c2nn(C)c(OC(F)F)c2Cl)c(F)cc1Cl,413.1790000000001,4.0763000000000025,0.0,,1.0,0.0,0.0,0.0,0.0,0.0,0.0,0.0,,0.0
CCCCCC=CCC(=O)OC,170.25199999999998,2.686000000000001,0.0,0.0,0.0,0.0,0.0,0.0,0.0,0.0,0.0,0.0,0.0,0.0
S=C1SCN(Cc2ccccc2)CN1Cc1ccccc1,314.47900000000004,3.9375000000000027,0.0,0.0,0.0,0.0,1.0,0.0,1.0,,0.0,,1.0,0.0
CCCCCCCCC(=O)OCC,186.295,3.3001000000000023,0.0,0.0,0.0,0.0,0.0,0.0,0.0,0.0,0.0,0.0,0.0,0.0
CCCCCCCC#N,125.215,2.8704800000000015,0.0,0.0,0.0,0.0,0.0,0.0,0.0,0.0,0.0,,0.0,0.0
CCCCCCCCCCCCCC(=O)OCC,256.4299999999999,5.250600000000005,0.0,0.0,0.0,0.0,0.0,0.0,0.0,0.0,0.0,0.0,0.0,0.0
CCCCCCC(O)CCOC(C)=O,202.29399999999995,2.2709,0.0,0.0,0.0,0.0,0.0,0.0,0.0,0.0,0.0,0.0,0.0,0.0
C=CCCCCCCCCO,156.269,2.8954000000000018,0.0,0.0,0.0,0.0,0.0,0.0,0.0,0.0,0.0,0.0,0.0,0.0
CC(=O)NC1(c2cccc(F)c2)CCN(CC[C@@]2(c3ccc(Cl)c(Cl)c3)CN(c3ccccc3)C(=O)CO2)CC1.O=C(O)CCC(=O)O,702.6069999999999,5.844500000000005,0.0,,0.0,,,0.0,,,0.0,0.0,,
COCCOc1cc2cc(C(=O)NC3CCN(C(C)C)CC3)n(CC(=O)Nc3ccc(Cl)cn3)c2cn1,529.0410000000003,3.3512000000000013,0.0,0.0,1.0,0.0,,0.0,0.0,,0.0,0.0,0.0,0.0
O=C([O-])c1ccc2c(c1)nc(C(=O)NC1CCN(C3CC3)CC1)n2Cc1cc(-c2ccc(Cl)s2)on1,525.0100000000002,3.1746000000000008,0.0,,,0.0,0.0,0.0,,0.0,0.0,0.0,,0.0
CCCOc1sc(C(=O)N2CCC(c3cc(CN)ccc3F)CC2)c(C)c1Br,469.42000000000013,5.225420000000005,0.0,1.0,,,,,,,0.0,,,
CCOC(=O)c1ccc([C@H]2CC[C@H](NC[C@H](O)COc3ccc(O)c(NS(C)(=O)=O)c3)CC2)cc1,506.6210000000002,2.996100000000002,0.0,0.0,0.0,,,0.0,,,0.0,0.0,,
Nc1nc(N)c(-c2ccccc2)s1,191.25900000000001,1.9745000000000001,0.0,0.0,0.0,0.0,0.0,0.0,0.0,0.0,0.0,0.0,0.0,0.0
Cc1cccc(C)c1NC(=O)CN(CC(=O)O)CC(=O)O,294.307,0.7131399999999998,0.0,0.0,,0.0,0.0,0.0,0.0,0.0,0.0,0.0,0.0,0.0
CCCCCCCCCCCCCCCC[n+]1ccccc1,304.5419999999999,6.455400000000006,0.0,0.0,0.0,1.0,,0.0,,1.0,,,,
CCCCCCCCCCCCCCCCN,241.4629999999999,5.4264000000000046,,,,,,,,0.0,,0.0,,
COc1ccc(C(=O)N2CCN(CC(=O)N3CCOCC3)CC2)cc1,347.41500000000013,0.31180000000000097,0.0,0.0,,0.0,0.0,0.0,0.0,0.0,0.0,0.0,0.0,0.0
Cc1c(C)n(CCN(C)C)c2ccc(C(=O)OCCN(C)C)cc12,331.4600000000001,2.5381400000000003,,,,,,,,,,0.0,,
COc1cc(C=C2CCCC(=Cc3ccc(O)c(OC)c3)C2=O)ccc1O,366.41300000000007,4.3350000000000035,0.0,,0.0,,,0.0,,1.0,,1.0,1.0,
CNC(=O)NC(O)C(Cl)(Cl)Cl,221.471,0.6039999999999999,0.0,0.0,0.0,0.0,0.0,0.0,0.0,0.0,0.0,0.0,,0.0
CCNC(=O)C1CC(C)CCC1C(C)C,211.34899999999996,2.8309000000000015,0.0,0.0,0.0,0.0,0.0,0.0,0.0,0.0,0.0,0.0,0.0,0.0
CCc1ccc(O)c(OC)c1,152.19299999999998,1.9632,0.0,0.0,0.0,0.0,0.0,0.0,0.0,0.0,0.0,0.0,0.0,0.0
CCCCCCC/C=C/C=O,154.253,3.102000000000002,0.0,,,0.0,0.0,0.0,0.0,,0.0,0.0,0.0,0.0
CC/C=C\CC/C=C/C(OCC)OCC,212.33299999999994,3.688100000000003,0.0,0.0,0.0,0.0,0.0,0.0,0.0,1.0,0.0,,,0.0
CS(=O)(=O)c1ccc(C(=O)C2C(=O)CCCC2=O)c(Cl)c1COCC(F)(F)F,440.82300000000015,2.9434000000000013,0.0,0.0,0.0,0.0,0.0,0.0,0.0,0.0,0.0,0.0,0.0,0.0
CN(C)C1CSSSC1,181.351,1.9597999999999998,0.0,0.0,0.0,,0.0,0.0,0.0,1.0,0.0,0.0,0.0,0.0
c1ccc(CN(Cc2ccccc2)Cc2ccccc2)cc1,287.406,4.889000000000004,0.0,0.0,0.0,0.0,1.0,0.0,0.0,,0.0,0.0,,0.0
C[C@@H](O)C(=O)O,90.07799999999999,-0.5482,0.0,0.0,0.0,0.0,1.0,0.0,0.0,0.0,0.0,0.0,0.0,0.0
OC[C@H]1O[C@@H]2O[C@@H]3[C@@H](CO)O[C@H](O[C@@H]4[C@@H](CO)O[C@H](O[C@@H]5[C@@H](CO)O[C@H](O[C@@H]6[C@@H](CO)O[C@H](O[C@@H]7[C@@H](CO)O[C@H](O[C@@H]8[C@@H](CO)O[C@H](O[C@@H]9[C@@H](CO)O[C@H](O[C@H]1[C@H](O)[C@H]2O)[C@H](O)[C@H]9O)[C@H](O)[C@H]8O)[C@H](O)[C@H]7O)[C@H](O)[C@H]6O)[C@H](O)[C@H]5O)[C@H](O)[C@H]4O)[C@H](O)[C@H]3O,1297.1280000000015,-17.406400000000005,0.0,0.0,0.0,0.0,0.0,0.0,0.0,0.0,0.0,0.0,0.0,0.0
CC1=CC[C@@]23CC1C(C)(C)[C@@H]2CC[C@H]3C,204.35699999999997,4.415000000000004,0.0,0.0,0.0,0.0,0.0,0.0,0.0,0.0,0.0,0.0,0.0,0.0
O=C(OCCCCCOC(=O)c1ccccc1)c1ccccc1,312.365,3.870700000000003,0.0,0.0,0.0,0.0,,0.0,0.0,0.0,0.0,0.0,0.0,0.0
CCCCOCCOCCSC#N,203.307,2.03398,0.0,0.0,0.0,0.0,0.0,0.0,0.0,0.0,0.0,0.0,0.0,0.0
O=C(N[C@H]1CN2CCC1CC2)c1ccc2c(c1)OCCO2,288.3470000000001,1.2817999999999994,0.0,0.0,0.0,0.0,0.0,0.0,0.0,0.0,0.0,0.0,0.0,0.0
Nc1nc(Cl)nc2c1ncn2[C@H]1C[C@H](O)[C@@H](CO)O1,285.69100000000003,-0.29740000000000044,0.0,0.0,0.0,0.0,1.0,0.0,0.0,0.0,0.0,0.0,0.0,1.0
CC[C@H]1OC(=O)[C@H](C)[C@@H](O[C@H]2C[C@@](C)(OC)[C@@H](O)[C@H](C)O2)C(C)[C@@H](O[C@@H]2O[C@H](C)C[C@H](N(C)C)[C@H]2O)[C@](C)(OC)C[C@@H](C)C(=O)[C@H](C)[C@@H](O)[C@]1(C)O,747.9640000000002,2.439700000000004,0.0,0.0,0.0,0.0,0.0,0.0,0.0,0.0,0.0,0.0,0.0,0.0
COc1cc(N)c(Cl)cc1C(=O)NC1CCN(CCCOc2ccc(F)cc2)CC1OC,465.9530000000003,3.358100000000002,0.0,0.0,,0.0,,0.0,0.0,0.0,0.0,0.0,,0.0
CCn1nc(C(=O)O)c(=O)c2cc3c(cc21)OCO3,262.22099999999995,0.8432999999999997,0.0,0.0,0.0,0.0,0.0,0.0,0.0,0.0,0.0,0.0,0.0,0.0
C(=C/c1ccccc1)\CN1CCN(C(c2ccccc2)c2ccccc2)CC1,368.5240000000001,5.1070000000000055,0.0,0.0,0.0,0.0,0.0,0.0,0.0,1.0,0.0,0.0,0.0,0.0
BrCCCBr,201.889,2.1663000000000006,0.0,0.0,0.0,0.0,0.0,0.0,0.0,0.0,0.0,0.0,0.0,0.0
COc1ccc(C(Cl)=C(c2ccc(OC)cc2)c2ccc(OC)cc2)cc1,380.8710000000001,5.867800000000005,0.0,0.0,0.0,1.0,0.0,0.0,0.0,0.0,0.0,0.0,1.0,0.0
CCCCCCCCCCCCCOS(=O)(=O)[O-],279.42199999999997,3.774200000000002,0.0,,0.0,0.0,0.0,0.0,0.0,0.0,0.0,0.0,,
Cc1cc(C)nc(NS(=O)(=O)c2ccc(N)cc2)n1,278.337,1.4764399999999998,0.0,0.0,0.0,0.0,1.0,0.0,0.0,0.0,0.0,0.0,0.0,0.0
O=S(=O)([O-])[O-].[Na+].[Na+],142.04299999999998,-7.33,0.0,0.0,0.0,0.0,,0.0,0.0,0.0,0.0,0.0,0.0,0.0
Cc1noc(NS(=O)(=O)c2ccc(N)cc2)c1C,267.31,1.67444,0.0,1.0,0.0,0.0,1.0,0.0,0.0,0.0,0.0,0.0,0.0,0.0
COc1cc([C@H]2Oc3cc([C@H]4Oc5cc(O)cc(O)c5C(=O)[C@@H]4O)ccc3O[C@@H]2CO)ccc1O,482.4410000000002,2.3627,0.0,,1.0,,,0.0,0.0,0.0,0.0,1.0,,0.0
O=S1(=O)CC=CC1,118.15699999999998,-0.028999999999999915,0.0,0.0,0.0,0.0,0.0,0.0,0.0,0.0,0.0,0.0,0.0,0.0
CCCCC1(COC(=O)CCC(=O)O)C(=O)N(c2ccccc2)N(c2ccccc2)C1=O,438.4800000000001,3.5660000000000025,0.0,0.0,0.0,1.0,0.0,0.0,0.0,1.0,0.0,0.0,0.0,0.0
CNCCO,75.11099999999999,-0.8019000000000001,0.0,0.0,0.0,0.0,0.0,0.0,0.0,0.0,0.0,0.0,0.0,0.0
NS(=O)(=O)c1cc(Cl)c(Cl)c(S(N)(=O)=O)c1,305.16400000000004,0.2882000000000006,0.0,0.0,0.0,0.0,0.0,0.0,,,0.0,,0.0,0.0
CN(C)c1ccc2nc3ccc(N(C)C)cc3[s+]c2c1,284.408,3.862600000000003,0.0,0.0,1.0,1.0,,,0.0,1.0,0.0,0.0,1.0,1.0
C=CCc1ccc(OC)c(OC)c1,178.23099999999997,2.4323000000000006,0.0,0.0,0.0,0.0,1.0,0.0,0.0,0.0,0.0,0.0,0.0,0.0
CCN(CC)CCOC(=O)C1(C2CCCCC2)CCCCC1,309.4940000000001,4.402200000000004,0.0,0.0,0.0,,0.0,0.0,0.0,0.0,0.0,0.0,,0.0
CCOC(C)(C)C,102.17699999999999,1.8214000000000001,0.0,0.0,0.0,0.0,0.0,0.0,0.0,,0.0,0.0,,0.0
COC=O,60.05200000000001,-0.2108000000000001,0.0,0.0,0.0,0.0,0.0,0.0,0.0,0.0,0.0,,,0.0
CNC(=O)C[C@@H](N)C(=O)N[C@@H](C(=O)N[C@@H]1C(=O)N2[C@@H](C(=O)O)C(C)(C)S[C@H]12)c1ccc(O)cc1,493.54200000000026,-1.3553999999999955,0.0,0.0,0.0,0.0,0.0,0.0,0.0,,0.0,,0.0,0.0
C#C[C@]1(OC(C)=O)CC[C@H]2[C@@H]3CCC4=C/C(=N/O)CC[C@@H]4[C@H]3CC[C@@]21CC,369.5050000000003,4.714500000000005,1.0,1.0,,,1.0,1.0,,0.0,0.0,,,1.0
CC1=C(/C=C/C(C)=C/C=C/C(C)=C/C(=O)Oc2c(C)c(C)c3c(c2C)CC[C@@](C)(CCC[C@H](C)CCC[C@H](C)CCCC(C)C)O3)C(C)(C)CCC1,713.144,14.571659999999968,0.0,0.0,0.0,1.0,0.0,0.0,0.0,,0.0,,0.0,0.0
COC(=O)CCC[N+](C)(C)C,160.237,0.6457999999999999,0.0,0.0,0.0,0.0,0.0,0.0,0.0,,0.0,,0.0,0.0
C[N+]1(CC2COC(c3ccccc3)(C3CCCCC3)O2)CCCCC1,344.51900000000023,4.465600000000005,0.0,0.0,0.0,0.0,0.0,0.0,0.0,0.0,0.0,0.0,0.0,0.0
CC[C@H](C)[C@H](NC(=O)[C@H](Cc1ccccc1)NC(=O)[C@H](C)NC(=O)[C@H](CC(=O)O)NC(=O)[C@H](CCCCN)NC(=O)[C@H](CO)NC(=O)[C@@H]1CCCN1C(=O)[C@@H]1CCC(=O)N1)C(=O)NCC(=O)N[C@@H](CC(C)C)C(=O)N[C@@H](CCSC)C(N)=O,1188.4169999999997,-3.5602000000000196,0.0,0.0,0.0,,0.0,0.0,0.0,,0.0,,0.0,0.0
CC(CC=O)CCCC(C)(C)O,172.268,2.1527000000000007,0.0,0.0,0.0,0.0,0.0,0.0,0.0,0.0,0.0,0.0,0.0,0.0
CCCCCCCCO[C@@H]1O[C@H](CO)[C@@H](O)[C@H](O)[C@H]1O,292.372,0.16339999999999988,0.0,0.0,0.0,0.0,0.0,0.0,0.0,0.0,0.0,0.0,,0.0
CC(NCCC(c1ccccc1)c1ccccc1)c1ccccc1,315.46000000000004,5.5594000000000054,0.0,0.0,,,,,,,,,1.0,
COc1ccc(C[C@H](N)C(=O)N[C@@H]2[C@@H](CO)O[C@@H](n3cnc4c(N(C)C)ncnc43)[C@@H]2O)cc1,471.5180000000002,-0.7936999999999972,0.0,,,,,0.0,,,,,,1.0
CCN(CC)CCNC(=O)COc1ccc(OC)cc1,280.368,1.5319999999999996,0.0,0.0,0.0,0.0,1.0,0.0,0.0,0.0,0.0,0.0,0.0,0.0
COc1ccccc1N1CCN(CCCC(=O)c2ccc(F)cc2)CC1,356.44100000000003,3.6194000000000024,0.0,0.0,1.0,0.0,0.0,0.0,0.0,,0.0,,0.0,0.0
Cc1cc(-c2ccccc2)nnc1NCCN1CCOCC1,298.39000000000004,2.1961199999999996,0.0,0.0,0.0,,,0.0,0.0,0.0,0.0,0.0,0.0,0.0
CC(=O)Nc1ccc(OC(=O)c2ccccc2O)cc1,271.272,2.5698000000000008,0.0,0.0,0.0,0.0,,0.0,0.0,,0.0,,,0.0
CC(=O)Oc1ccc2c(c1)CC[C@@H]1[C@@H]2CC[C@]2(C)[C@@H](O)CC[C@@H]12,314.425,3.8289000000000026,1.0,1.0,0.0,0.0,1.0,1.0,0.0,0.0,0.0,0.0,1.0,
Cc1ccc(C(=O)C(C)CN2CCCCC2)cc1,245.36599999999993,3.2997200000000024,0.0,0.0,0.0,0.0,1.0,0.0,0.0,1.0,0.0,0.0,0.0,0.0
CC(C)COC(=O)CCCCC(=O)OCC(C)C,258.3579999999999,2.9452000000000016,0.0,0.0,0.0,0.0,0.0,0.0,0.0,0.0,0.0,0.0,0.0,0.0
O=c1sc2ccccc2c(O)c1C1CC(c2ccc(-c3ccc(Br)cc3)cc2)Cc2ccccc21,539.4940000000001,8.258500000000005,,,,,,,,1.0,,1.0,,
O=[N+]([O-])c1ccc(C=Cc2ccc([N+](=O)[O-])cc2S(=O)(=O)[O-])c(S(=O)(=O)[O-])c1,428.35600000000017,1.4816000000000005,0.0,0.0,0.0,0.0,0.0,0.0,0.0,0.0,0.0,0.0,0.0,0.0
CCNC1(c2cccs2)CCCCC1=O,223.3409999999999,2.6960000000000006,0.0,0.0,0.0,0.0,0.0,0.0,0.0,,0.0,,0.0,0.0
CCN(O)CC,89.138,0.7174,0.0,0.0,,,,0.0,0.0,0.0,0.0,0.0,0.0,0.0
O=C1CN=C(c2ccccc2)c2cc(Cl)ccc2N1,270.71899999999994,3.129500000000001,0.0,0.0,0.0,0.0,0.0,0.0,0.0,,0.0,,0.0,0.0
COc1cc(CC(C)N)c(OC)cc1Br,274.158,2.3560000000000008,0.0,0.0,0.0,0.0,0.0,0.0,,,0.0,,0.0,0.0
Cc1ccc2c(Cl)cc(Cl)c(O)c2n1,228.078,3.5556200000000016,0.0,1.0,0.0,,,,1.0,0.0,1.0,0.0,1.0,
CN(C(=O)C(Cl)Cl)c1ccc(OC(=O)c2ccco2)cc1,328.151,3.2653000000000016,0.0,0.0,0.0,0.0,1.0,,0.0,,0.0,0.0,0.0,0.0
CCCCCc1cc(O)c2c(c1)OC(C)(C)c1ccc(C)cc1-2,310.437,5.727820000000007,0.0,,1.0,,,,,,,,1.0,
CN1CC[C@@]23CCCC[C@@H]2[C@@H]1Cc1ccc(O)cc13,257.377,3.080400000000002,1.0,0.0,0.0,0.0,,0.0,0.0,,0.0,,0.0,0.0
CO[C@@]1(NC(=O)Cc2cccs2)C(=O)N2C(C(=O)[O-])=C(COC(N)=O)CS[C@@H]21,426.4520000000002,-1.2360999999999984,0.0,0.0,0.0,0.0,0.0,0.0,0.0,,0.0,,0.0,0.0
Cc1onc(-c2c(Cl)cccc2Cl)c1C(=O)N[C@@H]1C(=O)N2[C@@H](C(=O)[O-])C(C)(C)S[C@H]12,469.3260000000002,1.8674199999999994,,,,,,,,,,0.0,,
COC(=O)CCc1ccc(OCC(O)CNC(C)C)cc1,295.379,1.5298999999999996,0.0,0.0,0.0,0.0,0.0,0.0,0.0,0.0,0.0,0.0,0.0,0.0
C=CC(=O)NC(C)C,113.15999999999998,0.6969999999999998,0.0,0.0,0.0,0.0,0.0,0.0,0.0,0.0,0.0,0.0,0.0,0.0
O=C(Nc1ccccc1SSc1ccccc1NC(=O)c1ccccc1)c1ccccc1,456.59200000000016,6.990600000000005,0.0,,1.0,,1.0,,1.0,0.0,0.0,1.0,1.0,
O=C1c2ccccc2C(=O)C1C(=O)C(c1ccccc1)c1ccccc1,340.37800000000004,4.083000000000003,,,,,,,,,,0.0,,
CCC(=O)OCC(=O)[C@@]1(OC(=O)CC)[C@H](C)C[C@H]2[C@H]3[C@H]([C@@H](O)C[C@@]21C)[C@@]1(C)C=CC(=O)C=C1C[C@H]3Cl,521.0500000000003,3.942700000000003,1.0,1.0,,,,0.0,0.0,,0.0,,0.0,0.0
CC(C)c1cccc(C(C)C)c1O,178.27499999999995,3.6390000000000025,0.0,0.0,0.0,0.0,0.0,0.0,0.0,0.0,0.0,0.0,1.0,0.0
CNC(C)CC1CCCCC1,155.28499999999997,2.564700000000001,0.0,0.0,0.0,0.0,0.0,0.0,0.0,,0.0,,0.0,0.0
Cc1c(C(C)C)c(=O)n(-c2ccccc2)n1C,230.31100000000004,2.607820000000001,0.0,0.0,0.0,0.0,0.0,0.0,0.0,0.0,0.0,0.0,0.0,0.0
[O-][Cl+3]([O-])([O-])[O-],99.449,-4.756,0.0,0.0,0.0,0.0,1.0,0.0,0.0,0.0,0.0,0.0,0.0,0.0
CCN(C)N=O,88.11,0.6194999999999999,0.0,0.0,0.0,0.0,0.0,0.0,0.0,0.0,0.0,0.0,,0.0
CCCCCO,88.14999999999999,1.1689,0.0,0.0,0.0,0.0,0.0,0.0,0.0,0.0,0.0,0.0,,0.0
O=NN(c1ccccc1)c1ccccc1,198.225,3.5061000000000018,0.0,0.0,0.0,0.0,1.0,1.0,0.0,0.0,0.0,0.0,0.0,0.0
O=Nc1ccc(Nc2ccccc2)cc1,198.22500000000002,3.828100000000002,0.0,,0.0,,1.0,1.0,1.0,1.0,1.0,1.0,1.0,1.0
CCCN(CCC)N=O,130.191,1.7898,0.0,0.0,0.0,0.0,0.0,0.0,0.0,0.0,0.0,0.0,0.0,0.0
C[N+](C)(C)C,74.14699999999999,0.3224,0.0,0.0,0.0,0.0,1.0,0.0,0.0,0.0,0.0,0.0,0.0,0.0
O=NN1CCCCCCC1,142.202,1.9339000000000002,0.0,0.0,0.0,0.0,,0.0,0.0,0.0,0.0,0.0,0.0,0.0
COc1cc(OC)c(OC)cc1C=O,196.202,1.5249,0.0,0.0,0.0,,0.0,0.0,0.0,0.0,0.0,0.0,0.0,0.0
C=C(C)C(=O)OC(C)C,128.17099999999996,1.5141,0.0,0.0,0.0,0.0,0.0,0.0,0.0,0.0,0.0,0.0,,0.0
N=C(N)c1ccccc1,120.15499999999996,0.9706700000000004,0.0,0.0,0.0,0.0,0.0,0.0,0.0,0.0,0.0,0.0,0.0,0.0
CCCC[N+](CCCC)(CCCC)CCCC,242.4709999999999,5.003600000000005,0.0,0.0,0.0,0.0,0.0,0.0,0.0,0.0,0.0,0.0,0.0,0.0
CC1CCN(CCCC(=O)c2ccc(F)cc2)CC1,263.356,3.520500000000003,0.0,0.0,0.0,0.0,0.0,0.0,0.0,0.0,0.0,0.0,0.0,0.0
CC(=O)CC(=O)OC(C)(C)C,158.19699999999997,1.3072,0.0,0.0,0.0,0.0,,0.0,0.0,0.0,0.0,0.0,0.0,0.0
N=C(N)NN,74.087,-1.6568300000000002,0.0,0.0,1.0,0.0,0.0,0.0,0.0,0.0,0.0,0.0,0.0,0.0
OCCSSCCO,154.256,0.3524,0.0,0.0,0.0,0.0,0.0,0.0,0.0,,0.0,0.0,0.0,0.0
Cc1ccc(C(N)=O)cc1N,150.181,0.6761200000000002,0.0,0.0,0.0,0.0,0.0,0.0,0.0,0.0,0.0,0.0,0.0,0.0
ClCCCCCCCl,155.068,3.0244000000000018,0.0,0.0,0.0,0.0,0.0,0.0,0.0,0.0,0.0,0.0,0.0,0.0
CN1C(=O)CC(C)(c2ccccc2)C1=O,203.241,1.333,0.0,0.0,0.0,0.0,0.0,0.0,0.0,0.0,0.0,0.0,0.0,0.0
CO[C@H]1[C@@H](O)C[C@H](O[C@H]2[C@@H](O)C[C@H](O[C@H]3[C@@H](O)C[C@H](O[C@H]4CC[C@]5(C)[C@H]6C[C@@H](O)[C@]7(C)[C@@H](C8=CC(=O)OC8)CC[C@]7(O)[C@@H]6CC[C@@H]5C4)O[C@@H]3C)O[C@@H]2C)O[C@@H]1C,794.976,2.872200000000003,,,,1.0,,0.0,,,,,1.0,0.0
C[C@](N)(Cc1ccc(O)c(O)c1)C(=O)O,211.21699999999998,0.4423000000000001,0.0,0.0,0.0,0.0,0.0,0.0,0.0,0.0,0.0,0.0,0.0,0.0
CCC(C)Nc1c([N+](=O)[O-])cc(C(C)(C)C)cc1[N+](=O)[O-],295.339,4.010900000000003,0.0,0.0,0.0,0.0,1.0,0.0,,0.0,0.0,0.0,,0.0
C[C@H]1CCC[C@@H](C)N1CCCC(O)(c1ccccc1)c1ccccn1,338.49500000000006,4.360600000000004,,,,,,,,0.0,,0.0,,
CN1CCN(C2=Nc3ccccc3Oc3ccc(Cl)cc32)CC1.O=C(O)CCC(=O)O,445.9030000000003,3.707200000000002,0.0,0.0,0.0,0.0,0.0,0.0,0.0,0.0,0.0,0.0,,0.0
Nc1ccc2cc(S(=O)(=O)O)ccc2c1,223.25300000000001,1.6687,0.0,0.0,0.0,0.0,0.0,0.0,0.0,0.0,0.0,0.0,0.0,0.0
c1ccc2c(c1)cc1ccc3cccc4ccc2c1c34,252.31599999999997,5.737200000000003,0.0,1.0,1.0,,,,1.0,1.0,0.0,1.0,,1.0
Nc1ccc(-c2ccc(N)cc2)cc1,184.242,2.5180000000000007,0.0,0.0,1.0,1.0,0.0,0.0,0.0,1.0,1.0,0.0,1.0,0.0
N#CC(CCc1ccc(Cl)cc1)(Cn1cncn1)c1ccccc1,336.826,4.025880000000003,0.0,0.0,,1.0,,0.0,,,,0.0,,
[Ba+2],137.328,-0.3808,0.0,0.0,0.0,0.0,0.0,0.0,0.0,0.0,0.0,0.0,1.0,0.0
c1ccccc1,78.11399999999999,1.6866,0.0,0.0,0.0,0.0,0.0,0.0,0.0,0.0,0.0,0.0,,0.0
O=Cc1ccccc1,106.12399999999997,1.4990999999999999,0.0,0.0,0.0,0.0,0.0,0.0,0.0,0.0,0.0,0.0,0.0,0.0
C=CCCC,70.13499999999999,1.9725,0.0,0.0,0.0,0.0,0.0,0.0,0.0,0.0,0.0,0.0,0.0,0.0
CCOC(=O)CP(=O)(OCC)OCC,224.19299999999996,1.8155999999999999,0.0,0.0,0.0,0.0,,0.0,0.0,0.0,0.0,0.0,0.0,0.0
CC(C)(c1ccccc1)c1ccccc1,196.29299999999998,4.012500000000003,0.0,0.0,0.0,0.0,0.0,0.0,0.0,,0.0,0.0,,0.0
O=C(O)COCC(=O)O,134.08700000000002,-0.8277999999999999,0.0,0.0,0.0,0.0,0.0,0.0,0.0,0.0,0.0,0.0,0.0,0.0
Clc1ccc(C(Cl)(Cl)Cl)cc1Cl,264.366,4.8201,0.0,0.0,1.0,,0.0,0.0,0.0,,0.0,,,0.0
CCCCC,72.151,2.1965000000000003,0.0,0.0,,0.0,0.0,0.0,0.0,0.0,0.0,,,0.0
N#CC(C#N)=C(C#N)C#N,128.094,0.3773199999999999,0.0,0.0,0.0,0.0,0.0,0.0,0.0,1.0,0.0,0.0,,0.0
C1CCC2=NCCCN2CC1,152.24099999999999,1.6646,0.0,0.0,0.0,0.0,0.0,0.0,0.0,,0.0,0.0,0.0,0.0
O=C(O)c1c2ccccc2cc2ccccc12,222.243,3.691200000000001,0.0,0.0,0.0,0.0,0.0,0.0,1.0,0.0,0.0,0.0,0.0,0.0
O=C(CBr)c1ccccc1,199.04700000000003,2.2641999999999998,0.0,0.0,,0.0,1.0,0.0,0.0,1.0,0.0,,0.0,0.0
C[N+](C)(C)CC(=O)[O-],117.14799999999998,-1.5574999999999983,0.0,0.0,0.0,0.0,0.0,0.0,0.0,0.0,0.0,0.0,0.0,0.0
Nc1nc(Cl)cc(Cl)n1,163.995,1.3656,0.0,0.0,1.0,0.0,0.0,0.0,0.0,,0.0,0.0,0.0,0.0
COc1ccc(C=O)cc1O,152.14899999999997,1.2132999999999998,0.0,0.0,0.0,,0.0,0.0,0.0,0.0,0.0,0.0,,0.0
CCN(CC)CCNC(=O)c1ccc(N)cc1,235.33100000000002,1.3403999999999996,0.0,0.0,0.0,0.0,0.0,0.0,0.0,0.0,0.0,0.0,0.0,0.0
O=c1c(=O)c2cccc3cccc1c32,182.178,2.2188,0.0,0.0,1.0,0.0,0.0,0.0,0.0,,0.0,,,1.0
O=c1[nH][nH]c2ccccc12,134.13799999999998,0.8562,0.0,0.0,1.0,0.0,0.0,0.0,,0.0,0.0,0.0,0.0,0.0
CC1(C)C(=O)N(Cl)C(=O)N1Br,241.472,1.4929000000000001,0.0,0.0,0.0,0.0,0.0,0.0,0.0,,0.0,0.0,0.0,0.0
O=C1C(I)=CC(=C(c2cc(I)c([O-])c(I)c2)c2ccccc2C(=O)[O-])C=C1I,819.896,4.3553000000000015,0.0,0.0,0.0,0.0,0.0,0.0,,1.0,0.0,0.0,1.0,
CN(CCOc1ccc(CC2SC(=O)NC2=O)cc1)c1ccccn1,357.435,2.490900000000001,0.0,,0.0,0.0,0.0,0.0,1.0,1.0,0.0,0.0,1.0,0.0
CNC(=O)N(c1ccccc1)c1ccccc1,226.27900000000002,3.1641000000000012,0.0,0.0,0.0,0.0,0.0,0.0,0.0,0.0,0.0,0.0,0.0,0.0
CN(CCO)CCO,119.16399999999999,-1.0972000000000002,0.0,0.0,0.0,0.0,0.0,0.0,0.0,0.0,0.0,0.0,,0.0
CC1CCCC1,84.162,2.1965000000000003,0.0,0.0,0.0,0.0,0.0,0.0,0.0,1.0,0.0,,,
C=CC(=O)NCNC(=O)C=C,154.16899999999998,-0.4517000000000002,0.0,0.0,0.0,,,0.0,,1.0,0.0,0.0,0.0,0.0
C[C@H](CN1CCOCC1)C(C(=O)N1CCCC1)(c1ccccc1)c1ccccc1,392.543,3.5634000000000023,0.0,0.0,1.0,0.0,0.0,0.0,0.0,0.0,0.0,0.0,0.0,0.0
N#CSCSC#N,130.197,1.37246,0.0,,0.0,,,1.0,1.0,,1.0,1.0,,1.0
Nc1ccccc1-c1ccccc1,169.227,2.9358000000000013,0.0,0.0,0.0,0.0,,0.0,,0.0,0.0,0.0,0.0,0.0
Cc1ccc(C(=O)c2ccccc2)cc1,196.24900000000002,3.226020000000002,0.0,0.0,,,1.0,0.0,0.0,0.0,0.0,0.0,0.0,0.0
CCCCCCCCCCCCCC[P+](CCCC)(CCCC)CCCC,399.7080000000003,10.105399999999996,0.0,,,,,,,,,,1.0,
CC(C)(C)c1cc(C(C)(C)C)c(O)c(C(C)(C)C)c1,262.43699999999995,5.284700000000006,0.0,0.0,0.0,,0.0,0.0,0.0,0.0,0.0,0.0,1.0,0.0
CS(=O)(=O)c1ccc(C2=C(c3ccccc3)C(=O)OC2)cc1,314.3620000000001,2.5577000000000005,0.0,0.0,0.0,0.0,0.0,0.0,0.0,,0.0,,0.0,0.0
CC[C@@H](O)C(C[C@@H](C)N(C)C)(c1ccccc1)c1ccccc1,311.46900000000005,4.083800000000004,0.0,0.0,0.0,0.0,,0.0,,,0.0,,,0.0
CCCCS,90.19099999999999,1.7163,0.0,,0.0,0.0,0.0,0.0,0.0,0.0,0.0,0.0,0.0,0.0
CC[C@H](O)C(C[C@H](C)N(C)C)(c1ccccc1)c1ccccc1,311.46900000000005,4.083800000000004,0.0,0.0,0.0,0.0,0.0,0.0,,0.0,0.0,0.0,,0.0
Brc1c(NC2=NCCN2)ccc2nccnc12,292.14000000000004,1.7633999999999999,0.0,0.0,0.0,0.0,0.0,0.0,0.0,0.0,0.0,0.0,,0.0
C[C@]12C=CC3=C4CCC(=O)C=C4CC[C@H]3[C@@H]1CC[C@@H]2O,270.37199999999996,3.329300000000002,1.0,1.0,0.0,0.0,1.0,1.0,0.0,1.0,0.0,0.0,0.0,0.0
C[S+](C)CCC(N)C(=O)O,164.25,-0.3336999999999995,0.0,0.0,0.0,0.0,0.0,0.0,0.0,,0.0,,0.0,0.0
NC(=O)OC[C@@H]1[C@H](NC(=O)/C(=N\OCC(=O)[O-])c2csc(N)n2)C(=O)N1S(=O)(=O)[O-],464.3940000000001,-4.552999999999997,0.0,0.0,0.0,0.0,1.0,0.0,0.0,,0.0,,0.0,0.0
Cc1ccc(C(C)(C)c2ccc(C)cc2)cc1,224.34700000000004,4.6293400000000045,0.0,0.0,0.0,0.0,0.0,0.0,0.0,,0.0,,0.0,0.0
COc1ccc(C(=O)c2ccc(C)cc2)c(O)c1,242.274,2.940220000000001,0.0,0.0,1.0,,1.0,0.0,0.0,0.0,0.0,0.0,0.0,0.0
CCCCCCOC(=O)c1cccnc1,207.27300000000002,2.8187000000000015,0.0,0.0,0.0,0.0,0.0,0.0,0.0,,0.0,,0.0,0.0
COc1ccc(-c2noc(CC(=O)O)c2-c2ccc(OC)cc2)cc1,339.34700000000004,3.6529000000000025,,,0.0,0.0,0.0,0.0,0.0,,0.0,,,0.0
C/C(=N\Cc1ccccc1)c1ccccc1O,225.291,3.401400000000003,0.0,0.0,0.0,0.0,0.0,0.0,0.0,,0.0,,0.0,0.0
CCCC(C)(COC(N)=O)COC(=O)NC1CC1,258.318,1.7767,0.0,0.0,,0.0,0.0,0.0,0.0,,0.0,,0.0,0.0
CN1C(=O)CN2CCc3ccccc3C2c2cc(Cl)ccc21,312.80000000000007,3.2639000000000014,0.0,0.0,1.0,,0.0,0.0,0.0,,0.0,,0.0,1.0
CCCCNC(=O)NS(=O)(=O)c1ccc(C)cc1,270.354,1.78302,0.0,0.0,0.0,0.0,0.0,0.0,0.0,0.0,0.0,0.0,0.0,0.0
CCCCCC[C@@H](O)C/C=C\CCCCCCCC(=O)OCC(O)CO,372.54600000000005,3.891100000000003,0.0,0.0,0.0,0.0,0.0,0.0,0.0,,0.0,0.0,0.0,0.0
CCCCCCCC(=O)OCC(O)CO,218.29299999999998,1.2433,0.0,0.0,0.0,0.0,0.0,0.0,0.0,0.0,0.0,0.0,0.0,0.0
CCCCCCCCCCCCCC(=O)OCC(O)CO,302.455,3.583900000000002,0.0,0.0,0.0,,0.0,0.0,0.0,0.0,0.0,0.0,,0.0
Cc1ccc(S(=O)(=O)NC(=O)NN2CCCCCC2)cc1,311.4070000000001,1.7739199999999995,0.0,0.0,0.0,0.0,1.0,0.0,0.0,0.0,0.0,0.0,0.0,0.0
C=CCN(CC=C)C(=O)C(Cl)Cl,208.088,1.9907,0.0,0.0,0.0,0.0,0.0,0.0,0.0,0.0,0.0,0.0,0.0,0.0
CCCCCCCCCCCCCCCCO,242.44699999999992,5.460000000000006,0.0,0.0,0.0,0.0,0.0,0.0,0.0,1.0,0.0,0.0,0.0,0.0
C=CCc1ccc(OC)cc1,148.20499999999998,2.4237,0.0,0.0,0.0,0.0,,0.0,0.0,0.0,0.0,0.0,0.0,0.0
C=CC(=O)OC,86.08999999999999,0.34539999999999993,0.0,0.0,0.0,0.0,0.0,0.0,0.0,0.0,0.0,0.0,,0.0
O=C1c2cccc(O)c2C(=O)c2c(O)cc(CO)cc21,270.23999999999995,1.3654999999999993,0.0,0.0,0.0,,,0.0,,1.0,0.0,0.0,1.0,
C1CSCCS1,120.24199999999999,1.4664,0.0,0.0,0.0,0.0,0.0,0.0,0.0,0.0,0.0,,0.0,0.0
CN(C)C(=O)C(c1ccccc1)c1ccccc1,239.318,2.9067000000000016,0.0,0.0,0.0,0.0,0.0,0.0,0.0,1.0,0.0,0.0,0.0,0.0
OC[C@H]1O[C@@H]2O[C@@H]3[C@@H](CO)O[C@H](O[C@@H]4[C@@H](CO)O[C@H](O[C@@H]5[C@@H](CO)O[C@H](O[C@@H]6[C@@H](CO)O[C@H](O[C@@H]7[C@@H](CO)O[C@H](O[C@H]1[C@H](O)[C@H]2O)[C@H](O)[C@H]7O)[C@H](O)[C@H]6O)[C@H](O)[C@H]5O)[C@H](O)[C@H]4O)[C@H](O)[C@H]3O,972.8460000000011,-13.054800000000023,0.0,0.0,0.0,0.0,1.0,0.0,0.0,1.0,0.0,0.0,0.0,0.0
CCCCCC[C@@H](O)C/C=C\CCCCCCCC(=O)OC,312.49399999999997,5.167700000000005,0.0,0.0,0.0,0.0,0.0,0.0,0.0,0.0,0.0,0.0,,0.0
Nc1ncn([C@H]2C[C@H](O)[C@@H](CO)O2)c(=O)n1,228.20799999999997,-2.1388,0.0,0.0,0.0,,0.0,0.0,0.0,0.0,,0.0,0.0,
COC(=O)c1ccc(NC(C)=O)cc1OC,223.22799999999998,1.4402,,,,,,,,0.0,,0.0,,
COC(=O)c1cc(Cl)c(NC(C)=O)cc1OC,257.673,2.0936,,,,,,,,0.0,,0.0,,
Nc1ccc([N+](=O)[O-])c(C(F)(F)F)c1,206.123,2.1958,,,,,,,,0.0,,0.0,,
CCOC(=O)c1ccc(O)c(O)c1,182.17499999999998,1.2744999999999997,,,,,,,,0.0,,0.0,,
OC1(c2ccc(Cl)cc2)CCNCC1,211.69199999999995,1.9109999999999998,,,,,,,,0.0,,0.0,,
Clc1ccccc1N1CCNCC1,196.68099999999995,1.7495999999999994,,,,,,,,1.0,,0.0,,
O=C(c1ccco1)N1CCNCC1,180.20699999999997,0.325,,,,,,,,0.0,,0.0,,
CC(=O)c1ccc(O)c(C(N)=O)c1,179.17499999999995,0.6937000000000002,,,,,,,,0.0,,0.0,,
CCCC(=O)Nc1ccc(O)c(C(C)=O)c1,221.25599999999997,2.3334,,,,,,,,0.0,,0.0,,
OC1(c2ccccc2)CCNCC1,177.24699999999996,1.2575999999999998,,,,,,,,0.0,,0.0,,
CC(=O)CC(=O)Nc1ccc(C)cc1C,205.25699999999998,2.2210400000000003,0.0,0.0,0.0,0.0,0.0,0.0,0.0,0.0,0.0,0.0,,0.0
COc1cc(Cl)c(OC)cc1N,187.626,1.9393999999999998,0.0,0.0,1.0,0.0,0.0,0.0,0.0,,0.0,0.0,0.0,0.0
CCOC(=O)c1ccccc1C,164.20399999999998,2.1717200000000005,0.0,0.0,0.0,,0.0,0.0,0.0,0.0,0.0,0.0,0.0,0.0
C[Si](C)(C)O[Si](C)(C)O[Si](C)(C)C,236.53599999999997,3.391200000000002,0.0,0.0,0.0,0.0,0.0,0.0,0.0,0.0,0.0,0.0,,0.0
CCCCCCCCOC(=O)c1cc(O)c(O)c(O)c1,282.336,3.320700000000003,0.0,,,,,,,,0.0,,,1.0
CC[Sn](Br)(CC)CC,285.80100000000004,3.3865000000000016,0.0,1.0,0.0,,,1.0,1.0,,1.0,1.0,1.0,1.0
C=CC(=O)OCCOc1ccccc1,192.21400000000003,1.7946,0.0,,0.0,0.0,,0.0,0.0,,0.0,1.0,,1.0
Cc1cc(C)c(N)c(Cl)c1,155.62800000000001,2.53904,0.0,0.0,0.0,0.0,0.0,0.0,0.0,0.0,0.0,0.0,0.0,0.0
CCC(C)(C)C1CCC(O)CC1,170.29599999999996,2.973700000000002,0.0,0.0,0.0,0.0,,0.0,0.0,0.0,0.0,0.0,0.0,0.0
CCCOC(=O)c1ccccc1,164.20399999999998,2.2534,0.0,0.0,0.0,0.0,0.0,0.0,0.0,0.0,0.0,0.0,0.0,0.0
CCC(CO)(CO)COCC(CC)(CO)CO,250.33499999999992,-0.2350000000000002,0.0,0.0,0.0,0.0,0.0,0.0,0.0,0.0,0.0,0.0,0.0,0.0
N=C1NC(=N)c2ccccc21,145.165,0.9405400000000004,0.0,1.0,,,0.0,0.0,,1.0,1.0,0.0,,1.0
C=C(C)C(=O)OCCCCOC(=O)C(=C)C,226.27199999999993,2.0052,0.0,0.0,0.0,,0.0,0.0,0.0,0.0,0.0,0.0,0.0,0.0
CCCCCCCCCCCC(=O)N(CC)CC,255.44599999999994,4.775700000000004,0.0,0.0,0.0,0.0,0.0,0.0,0.0,0.0,0.0,0.0,0.0,0.0
N#CCCOCCOCCC#N,168.19599999999997,0.84696,0.0,0.0,0.0,0.0,0.0,0.0,0.0,0.0,0.0,0.0,,0.0
C=CC(=O)OCCCCCCCCCC,212.33299999999994,3.8563000000000027,0.0,0.0,0.0,0.0,0.0,0.0,0.0,0.0,0.0,0.0,0.0,0.0
Cc1ccc(N(CCO)CCO)cc1,195.262,0.7860199999999999,0.0,0.0,,0.0,0.0,0.0,0.0,0.0,0.0,0.0,0.0,0.0
CN(C)CCN(C)CCO,146.234,-0.5279,0.0,0.0,0.0,0.0,0.0,0.0,0.0,0.0,0.0,0.0,0.0,0.0
C(COCC1CO1)OCC1CO1,174.19599999999997,-0.18280000000000007,0.0,0.0,0.0,,0.0,0.0,0.0,1.0,0.0,,0.0,
CCC(=O)Nc1cccc(N)c1,164.20799999999997,1.6173,0.0,0.0,0.0,0.0,0.0,0.0,0.0,0.0,0.0,0.0,0.0,0.0
S=C(Nc1ccccc1)Nc1ccccc1,228.32000000000002,3.4955000000000016,0.0,0.0,0.0,0.0,0.0,0.0,0.0,,0.0,1.0,,0.0
O=C(N[C@H]1N=C(c2ccccc2F)c2cccc3c2N(CC3)C1=O)c1cc2ccccc2[nH]1,438.4620000000002,3.803200000000002,0.0,0.0,1.0,0.0,,0.0,0.0,0.0,0.0,0.0,0.0,
CCOC(=O)Cc1cccc(-c2cc(CCCCCCc3ccc(O[C@H]4O[C@H](COC(C)=O)[C@@H](OC(C)=O)[C@H](OC(C)=O)[C@@H]4OC(C)=O)c(-c4cccc(CC(=O)OCC)c4)c3)ccc2O[C@H]2O[C@H](COC(C)=O)[C@@H](OC(C)=O)[C@H](OC(C)=O)[C@@H]2OC(C)=O)c1,1255.3259999999996,7.501200000000009,0.0,0.0,0.0,0.0,0.0,0.0,0.0,,0.0,,0.0,0.0
CCc1cc(S(=O)(=O)[O-])c2cc(C(C)C)cccc1-2,277.365,3.381300000000002,0.0,0.0,0.0,0.0,0.0,0.0,0.0,,0.0,0.0,0.0,0.0
O=C(N[C@@H]1N=C(c2ccccc2F)c2cccc3c2N(CC3)C1=O)c1cc2ccccc2[nH]1,438.4620000000002,3.803200000000002,0.0,0.0,1.0,0.0,,0.0,0.0,,1.0,0.0,1.0,
CCC(C(=O)NC(=O)NC(C)=O)c1ccccc1,248.282,1.5525,0.0,0.0,0.0,0.0,0.0,0.0,0.0,0.0,0.0,0.0,0.0,0.0
O=C(O)CNC(=O)CNC(=O)CNC(=O)CSC(=O)c1ccccc1,367.38300000000004,-1.0067999999999981,0.0,0.0,0.0,0.0,0.0,0.0,0.0,0.0,0.0,0.0,0.0,0.0
Nc1ccn(C2CO[C@H](CO)O2)c(=O)n1,213.19299999999998,-1.3107000000000002,0.0,0.0,0.0,0.0,0.0,0.0,0.0,0.0,0.0,0.0,0.0,
CCN1CCN(c2cc(-c3ccc(F)cc3)c3c(n2)CCCCCC3)CC1,367.51200000000034,4.6886000000000045,0.0,0.0,0.0,0.0,0.0,0.0,0.0,0.0,0.0,0.0,0.0,0.0
CCOC(=O)OCC/C(SC(=O)OCC)=C(\C)N(C=O)Cc1cnc(C)nc1N,426.4950000000002,3.010020000000001,0.0,0.0,0.0,0.0,0.0,0.0,0.0,0.0,0.0,0.0,0.0,0.0
CC[C@]1(O)C[C@@H]2CN(CCc3c([nH]c4ccccc34)[C@@](C(=O)OC)(c3cc4c(cc3OC)N(C)[C@H]3[C@@](O)(C(=O)OC)[C@H](OC(C)=O)[C@]5(CC)C=CCN6CC[C@]43[C@@H]65)C2)C1,810.9889999999998,3.9909000000000034,0.0,,0.0,,,,,1.0,1.0,1.0,1.0,1.0
CCC(=O)c1ccc2c(c1)N(CCCN1CCN(CCO)CC1)c1ccccc1S2,425.5980000000002,3.8820000000000032,0.0,0.0,1.0,,0.0,0.0,,,0.0,,,0.0
OC(CCN1CCCCC1)(c1ccccc1)C1CC2C=CC1C2,311.46900000000005,3.9624000000000033,0.0,0.0,0.0,0.0,0.0,0.0,0.0,0.0,0.0,0.0,0.0,0.0
CCOP(=O)(OCC)OCC,182.15599999999998,2.2039999999999997,0.0,0.0,1.0,0.0,0.0,0.0,0.0,0.0,0.0,0.0,0.0,0.0
Nc1ccc(F)cc1,111.119,1.4079,0.0,0.0,,0.0,0.0,0.0,0.0,0.0,0.0,0.0,,0.0
Oc1ccc(Cl)cc1Sc1cc(Cl)ccc1O,287.16700000000003,4.555800000000003,0.0,,0.0,,,0.0,0.0,0.0,,1.0,1.0,1.0
CCC(C)n1c(=O)[nH]c(C)c(Br)c1=O,261.11899999999997,1.5785200000000001,0.0,0.0,1.0,0.0,0.0,0.0,0.0,0.0,0.0,0.0,0.0,0.0
CCOc1cc(OCC)c(C(C)=O)cc1OCC,252.30999999999995,3.085300000000002,0.0,0.0,,,,0.0,0.0,0.0,0.0,0.0,,0.0
CC(=O)OCCOCCOCCOC(C)=O,234.24799999999996,0.14579999999999949,0.0,0.0,0.0,0.0,0.0,0.0,0.0,0.0,0.0,0.0,0.0,0.0
OCCC(F)(F)C(F)(F)C(F)(F)C(F)(F)C(F)(F)C(F)(F)C(F)(F)C(F)(F)F,464.11499999999995,5.378200000000002,0.0,0.0,0.0,0.0,0.0,0.0,0.0,0.0,0.0,0.0,0.0,0.0
Cn1cnc2c1c(=O)[nH]c(=O)n2C,180.16699999999997,-1.0397,0.0,0.0,0.0,0.0,0.0,0.0,0.0,0.0,0.0,0.0,0.0,0.0
CCN(CC)c1ccc2c(C)cc(=O)oc2c1,231.29499999999996,2.9476200000000015,1.0,,1.0,,0.0,,,,0.0,,,1.0
CCN(CC)c1cccc(O)c1,165.236,2.2384000000000004,0.0,0.0,1.0,0.0,1.0,,0.0,,0.0,0.0,,0.0
Oc1ccc2ccccc2c1/N=N/c1ccccc1,248.285,4.9608000000000025,0.0,0.0,1.0,0.0,1.0,0.0,0.0,1.0,0.0,0.0,1.0,0.0
NC(=S)Nc1ccccc1,152.22199999999998,1.3421,0.0,0.0,0.0,0.0,0.0,0.0,0.0,0.0,0.0,0.0,0.0,0.0
Nc1c2ccccc2nc2ccccc12,194.237,2.970200000000001,0.0,,1.0,1.0,1.0,,,,0.0,,1.0,1.0
CC[N+](CC)(CC)CCC(O)(c1ccccc1)C1CCCCC1,318.5250000000002,4.721100000000004,0.0,0.0,0.0,0.0,0.0,0.0,0.0,,0.0,,0.0,0.0
CNP(=O)(OC)Oc1ccc(C(C)(C)C)cc1Cl,291.71500000000003,3.9902000000000033,0.0,0.0,0.0,,0.0,0.0,,1.0,0.0,0.0,0.0,0.0
CC(=O)NNc1ccccc1,150.18099999999998,1.1496,0.0,0.0,0.0,0.0,0.0,0.0,,0.0,0.0,0.0,0.0,0.0
CC(=O)C1C(=O)C=C(C)OC1=O,168.14799999999997,0.22130000000000005,0.0,0.0,0.0,0.0,0.0,0.0,0.0,0.0,0.0,0.0,0.0,0.0
Nc1ccc(Nc2ccccc2)cc1,184.24200000000002,3.0124000000000013,0.0,0.0,,0.0,0.0,0.0,0.0,1.0,0.0,0.0,0.0,
C/C=C(C(=C/C)/c1ccc(O)cc1)\c1ccc(O)cc1,266.34,4.604600000000004,0.0,0.0,0.0,0.0,1.0,1.0,0.0,1.0,0.0,1.0,1.0,1.0
NNCCO,76.09899999999999,-1.5579999999999998,0.0,0.0,0.0,0.0,,0.0,0.0,0.0,0.0,0.0,0.0,0.0
Cc1ncc(C[n+]2csc(CCO)c2C)c(N)n1,265.36199999999997,0.60774,0.0,0.0,0.0,0.0,0.0,0.0,0.0,0.0,0.0,0.0,0.0,0.0
CCOc1ccc(NC(=O)CC(C)O)cc1,223.272,1.7946999999999997,0.0,0.0,0.0,0.0,0.0,0.0,0.0,0.0,0.0,0.0,0.0,0.0
CCOP(=S)(OCC)SCSCC,260.38599999999997,3.727700000000003,0.0,0.0,0.0,,1.0,0.0,0.0,0.0,0.0,0.0,0.0,0.0
C=CC(=O)OCCN(C)C,143.18599999999998,0.2771999999999999,0.0,0.0,0.0,0.0,0.0,0.0,0.0,,0.0,0.0,0.0,0.0
Nc1ccc2cc3ccccc3cc2c1,193.249,3.5752000000000015,0.0,,1.0,,1.0,,,,1.0,,1.0,1.0
CN(C)CCCOc1nn(Cc2ccccc2)c2ccccc12,309.413,3.4151000000000016,0.0,0.0,0.0,0.0,0.0,0.0,0.0,,0.0,0.0,0.0,0.0
CCN1CCCC(OC(=O)C(c2ccccc2)c2ccccc2)C1,323.4360000000001,3.8460000000000027,0.0,0.0,0.0,0.0,0.0,0.0,0.0,0.0,0.0,0.0,,0.0
CCCCC1C(=O)N(c2ccccc2)N(c2ccc(O)cc2)C1=O,324.38000000000005,3.493400000000002,0.0,,0.0,0.0,,0.0,,,0.0,,0.0,
CCOCC(C)O,104.14899999999999,0.4037,0.0,0.0,0.0,0.0,0.0,0.0,0.0,0.0,0.0,0.0,,0.0
CCCCC(CC)CN1CN(CC(CC)CCCC)CC(C)(N)C1,339.6120000000001,4.711700000000004,,,,,,,,0.0,,0.0,,
CN(C)CCCN,102.18100000000001,-0.10320000000000007,0.0,0.0,0.0,0.0,0.0,0.0,0.0,0.0,0.0,0.0,0.0,0.0
O=C1CCCc2ccccc21,146.189,2.2056000000000004,0.0,0.0,1.0,0.0,0.0,0.0,0.0,0.0,0.0,0.0,0.0,0.0
OC1CCCc2ccccc21,148.20499999999998,2.0563000000000002,0.0,0.0,0.0,0.0,0.0,0.0,0.0,0.0,0.0,0.0,0.0,0.0
c1ccc(N=NNc2ccccc2)cc1,197.24100000000004,3.7974000000000014,0.0,0.0,1.0,,1.0,0.0,,1.0,0.0,0.0,,0.0
O=C(O)C1(C(=O)Nc2ccc(Cl)cc2Cl)CC1,274.10300000000007,2.7967000000000013,0.0,,1.0,,0.0,0.0,,1.0,1.0,0.0,,
COC(C)OC,90.122,0.6252,0.0,0.0,0.0,0.0,0.0,0.0,0.0,0.0,0.0,0.0,,0.0
CCc1ccc(C(c2ccc(CC)cc2)C(Cl)Cl)cc1,307.264,5.747000000000004,0.0,0.0,0.0,0.0,,0.0,0.0,0.0,0.0,0.0,1.0,0.0
CC(O)c1ccccc1,122.16699999999996,1.7399,0.0,0.0,0.0,0.0,0.0,0.0,0.0,0.0,0.0,0.0,0.0,0.0
Clc1cccc(-c2cc(Cl)cc(Cl)c2)c1,257.54699999999997,5.313800000000002,0.0,0.0,0.0,0.0,0.0,,0.0,0.0,0.0,0.0,,0.0
Clc1ccccc1-c1nnc(-c2ccccc2Cl)nn1,303.152,3.9074000000000018,0.0,0.0,1.0,,1.0,0.0,0.0,0.0,1.0,0.0,0.0,0.0
CCOc1ccc(NC(N)=O)cc1,180.20699999999997,1.5758999999999999,0.0,0.0,0.0,0.0,,0.0,0.0,0.0,0.0,0.0,0.0,0.0
CCOc1ccccc1C(N)=O,165.19199999999995,1.1842,0.0,0.0,,0.0,0.0,0.0,0.0,0.0,0.0,1.0,0.0,0.0
CCOc1ccc2c(c1)C(C)=CC(C)(C)N2,217.31199999999998,3.692700000000002,0.0,0.0,1.0,0.0,0.0,0.0,1.0,,0.0,,0.0,0.0
C=CC(=O)OCC,100.11699999999999,0.7354999999999999,0.0,0.0,0.0,0.0,0.0,0.0,0.0,0.0,0.0,0.0,0.0,0.0
CN1CCCC1=O,99.133,0.23859999999999992,0.0,0.0,0.0,0.0,0.0,0.0,0.0,0.0,0.0,0.0,0.0,0.0
CNc1ncnc2[nH]cnc12,149.15699999999998,0.39460000000000006,0.0,0.0,,,0.0,0.0,0.0,1.0,1.0,0.0,1.0,0.0
CCOC(=O)C(C)Oc1ccc(Oc2cnc3cc(Cl)ccc3n2)cc1,372.8080000000001,4.4059000000000035,0.0,0.0,1.0,,0.0,0.0,0.0,0.0,0.0,0.0,1.0,0.0
COP(=S)(OC)Oc1ccc([N+](=O)[O-])cc1,263.21099999999996,2.4909,0.0,0.0,1.0,0.0,1.0,0.0,0.0,0.0,0.0,0.0,0.0,0.0
COc1cc(N)ccc1C,137.182,1.58582,0.0,0.0,1.0,0.0,0.0,0.0,,,0.0,0.0,0.0,0.0
CC(=O)c1ccccc1,120.15099999999995,1.8892,0.0,0.0,0.0,0.0,0.0,0.0,0.0,0.0,0.0,0.0,0.0,0.0
Oc1ccc(Cl)cc1Cc1cc(Cl)ccc1O,269.127,3.9954000000000023,0.0,0.0,0.0,,,0.0,0.0,,0.0,1.0,1.0,1.0
Nc1ccc([N+](=O)[O-])cc1[N+](=O)[O-],183.123,1.0852,0.0,0.0,,,0.0,0.0,0.0,,0.0,0.0,1.0,0.0
CC(C)N(CCO)C(C)C,145.24599999999998,1.0975,0.0,0.0,0.0,0.0,0.0,0.0,0.0,0.0,0.0,0.0,,0.0
CCC(C)=NO,87.12199999999999,1.2465,0.0,0.0,0.0,0.0,0.0,0.0,0.0,0.0,0.0,0.0,0.0,0.0
CCC(=O)CC,86.134,1.3755,0.0,0.0,0.0,0.0,0.0,0.0,0.0,0.0,0.0,0.0,0.0,0.0
CC[N+](CC)(CC)CCOc1cccc(OCC[N+](CC)(CC)CC)c1OCC[N+](CC)(CC)CC,510.8280000000005,5.452500000000005,0.0,0.0,0.0,0.0,0.0,0.0,0.0,0.0,0.0,0.0,0.0,0.0
OC[C@H]1OC(O)[C@H](O)[C@@H](O)[C@H]1O,180.156,-3.2214000000000005,0.0,0.0,0.0,0.0,0.0,0.0,0.0,,0.0,,,0.0
CCCCc1ccc(C(=O)O)nc1,179.219,2.1224,0.0,0.0,0.0,0.0,,0.0,0.0,,0.0,,0.0,0.0
C/C(=C(/CCO)SSCC1CCCO1)N(C=O)Cc1cnc(C)nc1N,398.55400000000014,2.49992,0.0,0.0,0.0,0.0,0.0,0.0,0.0,,0.0,,0.0,0.0
CCCC(C)CC,100.205,2.832600000000001,0.0,0.0,0.0,0.0,0.0,0.0,0.0,0.0,0.0,0.0,0.0,0.0
CCOP(=O)([O-])C(N)=O,152.06599999999997,-0.3449999999999999,0.0,0.0,0.0,0.0,0.0,0.0,0.0,,0.0,0.0,,0.0
O=C(Cl)c1cc(Cl)cc(Cl)c1,209.459,3.3724000000000007,0.0,0.0,0.0,0.0,0.0,0.0,0.0,0.0,0.0,0.0,,0.0
COC(=O)c1cccc(Cl)c1,170.59499999999997,2.1266,0.0,0.0,0.0,0.0,0.0,0.0,0.0,0.0,0.0,0.0,0.0,0.0
C=C(C)C(=O)OCCN(C)C,157.213,0.6673,0.0,0.0,0.0,0.0,0.0,0.0,0.0,0.0,0.0,0.0,0.0,0.0
Cc1cc(=O)nc(C(C)C)[nH]1,152.197,1.20172,0.0,0.0,0.0,0.0,0.0,0.0,0.0,0.0,0.0,0.0,0.0,0.0
CC1(C)CC(N)CC(C)(CN)C1,170.29999999999998,1.4888000000000001,0.0,0.0,0.0,0.0,0.0,0.0,0.0,0.0,0.0,0.0,0.0,0.0
CCCOCCO,104.14899999999999,0.40530000000000005,0.0,0.0,0.0,0.0,0.0,0.0,0.0,0.0,0.0,0.0,0.0,0.0
COC(=O)CCS,120.17300000000002,0.4792999999999999,0.0,0.0,0.0,0.0,0.0,0.0,0.0,0.0,0.0,0.0,0.0,0.0
CCCCOC(=O)[C@@H](C)Oc1ccc(Oc2ccc(C(F)(F)F)cn2)cc1,383.366,5.003300000000005,0.0,0.0,0.0,1.0,1.0,0.0,0.0,,0.0,0.0,0.0,0.0
CC(C)NCC(O)COc1ccccc1-n1cccc1,274.36400000000003,2.215,0.0,0.0,0.0,0.0,0.0,0.0,0.0,,0.0,,,
OC[C@H]1O[C@@H](n2cnc3c(S)ncnc32)[C@H](O)[C@@H]1O,284.297,-1.2735000000000003,0.0,0.0,1.0,,0.0,0.0,,1.0,0.0,0.0,,1.0
CC1(C)CO[C@@H](CC(=O)O)CN1,173.212,0.22809999999999997,,,,,,,,0.0,,0.0,,
NC(=O)c1ncn([C@@H]2O[C@H](CO)[C@@H](O)[C@H]2O)c1N,258.23400000000004,-2.8242999999999996,0.0,0.0,0.0,,0.0,0.0,0.0,0.0,0.0,0.0,0.0,0.0
N=C(N)NN.N=C(N)NN,148.174,-3.3136600000000005,0.0,0.0,,0.0,0.0,0.0,0.0,0.0,0.0,0.0,0.0,0.0
CCC(COC(=O)c1cc(OC)c(OC)c(OC)c1)(c1ccccc1)N(C)C,387.47600000000006,3.7363000000000026,0.0,0.0,0.0,0.0,,0.0,0.0,1.0,0.0,0.0,,0.0
CC[C@H](NC(C)C)[C@H](O)c1ccc(O)c2[nH]c(=O)ccc12,290.363,2.0436999999999994,0.0,0.0,0.0,0.0,0.0,0.0,0.0,0.0,0.0,0.0,0.0,0.0
CCCCCCC1(C)CCC(=O)O1,184.27899999999997,3.052500000000002,0.0,0.0,0.0,0.0,0.0,0.0,0.0,0.0,0.0,0.0,,0.0
OC[C@H]1OC(S[Au])[C@H](O)[C@@H](O)[C@@H]1O,392.18300000000005,-2.0187000000000004,0.0,0.0,0.0,0.0,0.0,0.0,,,0.0,,0.0,
CCCCCCC#CC(=O)OC,168.236,2.1332000000000004,0.0,0.0,0.0,0.0,0.0,0.0,0.0,,0.0,0.0,0.0,0.0
CCCCCC/C=C/C(=O)OC,170.25199999999998,2.686000000000001,0.0,0.0,0.0,0.0,0.0,0.0,0.0,0.0,0.0,0.0,0.0,0.0
CCCCCCCC(=O)OCCCCCC,228.37599999999992,4.470400000000004,0.0,0.0,0.0,0.0,0.0,0.0,0.0,0.0,0.0,0.0,0.0,0.0
CCCCCCCC/C=C\CCCCCCCC(=O)OCC,310.522,6.587000000000008,0.0,0.0,0.0,0.0,0.0,0.0,0.0,0.0,0.0,0.0,0.0,0.0
C/C=C/C=C/CO,98.145,1.111,0.0,0.0,0.0,0.0,0.0,0.0,0.0,,0.0,0.0,0.0,0.0
CCN(CC)CC1CCCCN1CC(=O)N1c2ccccc2C(=O)Nc2cccnc21,421.5450000000001,3.508300000000002,0.0,0.0,0.0,0.0,0.0,0.0,0.0,0.0,0.0,0.0,0.0,0.0
CC1(C)Oc2ccc(C#N)cc2[C@@H](N2CCCC2=O)[C@@H]1O,286.33099999999996,1.7536799999999997,0.0,0.0,0.0,0.0,0.0,0.0,0.0,0.0,0.0,0.0,0.0,0.0
O=C(O)CCCCCCC(=O)O,174.196,1.4962000000000002,0.0,,0.0,0.0,0.0,0.0,0.0,0.0,0.0,0.0,0.0,0.0
CCOC(=O)[C@]1(c2ccccc2)Oc2ccccc2[C@@H]1N,283.327,2.5374,0.0,0.0,0.0,1.0,,0.0,0.0,,0.0,0.0,,0.0
CCCN1C=CN(C)C1,126.20299999999997,1.0725,0.0,0.0,0.0,0.0,0.0,0.0,0.0,0.0,0.0,0.0,0.0,0.0
Cc1ccccc1/N=N/c1ccc(/N=N/c2c(O)ccc3ccccc23)c(C)c1,380.45100000000014,7.993040000000006,0.0,0.0,1.0,0.0,1.0,,0.0,1.0,0.0,0.0,0.0,0.0
CCCCCCCCCCCCCBr,263.2629999999999,5.692300000000006,0.0,0.0,0.0,0.0,0.0,0.0,0.0,0.0,0.0,0.0,,0.0
Cc1ncsc1CCCl,161.65699999999998,2.2328200000000002,0.0,0.0,0.0,0.0,0.0,0.0,0.0,0.0,0.0,0.0,0.0,0.0
CCN(CC)CCOc1ccc(C(=C(Cl)c2ccccc2)c2ccccc2)cc1,405.96900000000005,6.562600000000006,0.0,0.0,0.0,1.0,,0.0,0.0,,0.0,,,
Clc1cccc(Cl)c1N=C1NCCN1,230.09799999999998,2.1737000000000006,0.0,0.0,0.0,0.0,0.0,0.0,0.0,0.0,0.0,0.0,0.0,0.0
CC1CCCC(C)N1NC(=O)c1ccc(Cl)c(S(N)(=O)=O)c1,345.8520000000001,1.8951000000000002,0.0,0.0,0.0,0.0,0.0,0.0,0.0,,0.0,,0.0,0.0
Nc1ccc2ccccc2c1S(=O)(=O)O,223.253,1.6687,0.0,0.0,1.0,0.0,1.0,0.0,0.0,1.0,0.0,0.0,0.0,0.0
O=[N+]([O-])c1ccc(Cl)cc1,157.55599999999998,2.2481999999999998,0.0,0.0,0.0,0.0,0.0,0.0,0.0,0.0,0.0,0.0,0.0,0.0
CCCCOC(O)CC,132.20299999999997,1.5314999999999999,0.0,0.0,0.0,0.0,0.0,0.0,0.0,0.0,0.0,0.0,0.0,0.0
CCCCCCCCCCCCOS(=O)(=O)[O-],265.395,3.384100000000002,0.0,0.0,0.0,0.0,0.0,0.0,0.0,0.0,0.0,0.0,0.0,0.0
CCCCC(CC)COS(=O)(=O)[O-],209.28699999999998,1.6796,0.0,0.0,0.0,0.0,0.0,0.0,0.0,0.0,0.0,0.0,0.0,0.0
CCOC(=O)C1=NOC(c2ccccc2)(c2ccccc2)C1,295.3380000000001,3.2696000000000023,0.0,0.0,0.0,,0.0,0.0,0.0,0.0,0.0,0.0,,0.0
O=C(Nc1ccc([N+](=O)[O-])cc1Cl)c1cc(Cl)ccc1O,327.12300000000005,3.859500000000001,0.0,,1.0,,,0.0,,,,,1.0,1.0
CC(C)(C)C(O)/C(=C\c1ccc(Cl)cc1Cl)n1cncn1,326.22700000000003,3.990000000000003,0.0,0.0,,,,0.0,,1.0,0.0,0.0,1.0,0.0
Cc1cc([N+](=O)[O-])ccc1N,152.153,1.4854199999999997,0.0,0.0,,0.0,,0.0,0.0,0.0,0.0,0.0,0.0,0.0
Cc1c(N)cccc1[N+](=O)[O-],152.15299999999996,1.48542,0.0,,,0.0,,0.0,0.0,0.0,0.0,0.0,0.0,0.0
CCOC(=O)C1(c2ccccc2)CCN(CCc2ccc(N)cc2)CC1,352.47800000000007,3.4082000000000017,,,,,,,,0.0,,0.0,,
CCCCC(=O)O[C@]1(C(=O)CO)[C@H](C)C[C@H]2[C@@H]3CCC4=CC(=O)C=C[C@]4(C)[C@@]3(F)[C@@H](O)C[C@@]21C,476.58500000000026,3.6368000000000027,1.0,1.0,,,0.0,0.0,0.0,0.0,0.0,0.0,1.0,0.0
CC(C)(CO)[C@@H](O)C(=O)NCCCO,205.25399999999996,-1.1355999999999997,0.0,0.0,0.0,0.0,0.0,0.0,0.0,0.0,0.0,0.0,0.0,0.0
CC(=O)OCC(=O)[C@@]1(O)[C@H](C)C[C@H]2[C@@H]3CCC4=CC(=O)C=C[C@]4(C)[C@@]3(F)[C@@H](O)C[C@@]21C,434.5040000000002,2.466500000000001,1.0,1.0,0.0,,0.0,0.0,0.0,0.0,0.0,0.0,0.0,0.0
C/C=C(\C)C(=O)OC/C=C(\C)CCC=C(C)C,236.35499999999993,4.188500000000004,0.0,0.0,0.0,0.0,0.0,0.0,0.0,0.0,0.0,0.0,0.0,0.0
N[C@@H](Cc1ccc(Oc2cc(I)c(O)c(I)c2)c(I)c1)C(=O)O,650.9760000000001,3.952700000000001,0.0,0.0,0.0,,0.0,0.0,1.0,0.0,0.0,0.0,0.0,0.0
CO/N=C(\C(=O)N[C@@H]1C(=O)N2C(C(=O)[O-])=C(C[n+]3cccc4c3CCC4)CS[C@H]12)c1csc(N)n1,514.5890000000003,-1.0438999999999956,0.0,0.0,0.0,,0.0,0.0,0.0,,0.0,,0.0,0.0
CC/C(=C(/CC)c1ccc(OP(=O)(O)O)cc1)c1ccc(OP(=O)(O)O)cc1,428.3140000000001,4.3604000000000065,0.0,0.0,,0.0,1.0,1.0,0.0,,0.0,,0.0,0.0
CCN(CC)CCO[C@H]1CC[C@@]2(C)C(=CC[C@H]3[C@@H]4CCC(=O)[C@@]4(C)CC[C@@H]32)C1,387.6080000000003,5.245300000000006,0.0,0.0,0.0,0.0,0.0,0.0,0.0,,0.0,,0.0,0.0
COC(CNC(=O)c1ccccc1OCC(=O)O)C[Hg]O,483.87000000000006,0.3029000000000002,0.0,0.0,0.0,0.0,0.0,0.0,,,,,0.0,0.0
O=C(C=Cc1ccccc1)OCCCc1ccccc1,266.34,3.8758000000000026,0.0,0.0,0.0,,1.0,0.0,0.0,0.0,0.0,0.0,0.0,0.0
CC1=C(C=O)C(C)(C)CCC1,152.23699999999997,2.711900000000001,0.0,0.0,0.0,0.0,0.0,0.0,0.0,0.0,0.0,0.0,0.0,0.0
CCCCCOC(=O)CCCC,172.26799999999994,2.910000000000001,0.0,0.0,0.0,,0.0,0.0,0.0,0.0,0.0,0.0,0.0,0.0
CCCc1ccccc1,120.19499999999995,2.639100000000001,0.0,0.0,0.0,0.0,0.0,0.0,0.0,0.0,0.0,0.0,,0.0
CC(C)=CC(=O)O,100.11699999999999,1.0372000000000001,0.0,0.0,0.0,0.0,1.0,0.0,0.0,0.0,0.0,0.0,0.0,0.0
CCCCCCCCC(=O)Cl,176.687,3.5024000000000024,0.0,0.0,0.0,0.0,0.0,0.0,0.0,,0.0,0.0,0.0,0.0
CN1CCCC1,85.15,0.712,0.0,0.0,0.0,0.0,0.0,0.0,0.0,0.0,0.0,0.0,0.0,0.0
N=C(NCCCCCCNC(=N)NC(=N)Nc1ccc(Cl)cc1)NC(=N)Nc1ccc(Cl)cc1,505.4580000000002,4.175280000000002,1.0,,0.0,,,0.0,0.0,1.0,0.0,0.0,,
CC(=O)Nc1cc([As](=O)(O)O)ccc1O,275.092,-1.0884000000000005,0.0,0.0,0.0,0.0,0.0,0.0,0.0,0.0,0.0,0.0,0.0,0.0
CCCCCC(C)N.CCCCCC(C)N,230.43999999999994,3.8278000000000025,,,,,,,,0.0,,0.0,,
OCc1ccccc1O,124.13899999999997,0.8844999999999998,0.0,0.0,,0.0,0.0,0.0,0.0,0.0,0.0,0.0,0.0,0.0
CC=CC=CCOC(=O)C(C)C,168.236,2.3179000000000007,0.0,0.0,0.0,,0.0,0.0,0.0,1.0,0.0,,0.0,
C[n+]1c2cc(N)ccc2cc2ccc(N)cc21.Nc1ccc2cc3ccc(N)cc3nc2c1,433.53900000000016,4.534300000000002,0.0,,1.0,1.0,,,,,,0.0,1.0,1.0
Oc1c(Br)cc(Br)c2cccnc12,302.95300000000003,3.4654000000000007,0.0,0.0,1.0,0.0,,0.0,0.0,1.0,0.0,1.0,0.0,1.0
CNCCCN1c2ccccc2CCc2ccccc21,266.388,3.5328000000000026,0.0,0.0,0.0,0.0,0.0,0.0,,0.0,0.0,0.0,,0.0
CCC(C)OC(=O)N1CCCCC1CCO,229.31999999999994,2.1584000000000008,0.0,0.0,,0.0,0.0,0.0,0.0,0.0,0.0,0.0,0.0,0.0
Cc1ccc(NC(=O)c2ccc(CN3CCN(C)CC3)cc2)cc1Nc1nccc(-c2cccnc2)n1,493.6150000000002,4.590320000000004,0.0,0.0,1.0,,0.0,0.0,0.0,,,0.0,1.0,0.0
CCCCCC1CCC(=O)O1,156.225,2.2723000000000004,0.0,0.0,0.0,0.0,0.0,0.0,0.0,0.0,0.0,0.0,0.0,0.0
CC/C=C\CCOC(C)OCC,172.26799999999997,2.7418000000000013,0.0,0.0,0.0,0.0,0.0,,0.0,0.0,0.0,0.0,0.0,0.0
CCCOc1ccc(C(=O)OCCN(CC)CC)cc1N,294.3949999999999,2.5562000000000005,0.0,0.0,1.0,0.0,0.0,0.0,0.0,0.0,0.0,0.0,0.0,0.0
COC(=O)C(Cl)C(=O)OC,166.56,-0.06020000000000025,0.0,0.0,0.0,0.0,0.0,0.0,0.0,1.0,0.0,0.0,0.0,0.0
NCCC[C@H](N)C(=O)O,132.163,-0.8627999999999991,0.0,0.0,0.0,,0.0,0.0,0.0,,0.0,,0.0,0.0
COC(=O)C1=C(C)NC(C)=C(C(=O)OCC(C)C)C1c1ccccc1[N+](=O)[O-],388.4200000000001,3.201800000000002,0.0,,1.0,,,0.0,,,,1.0,,
CN1CCN(CCCN2c3ccccc3Sc3ccc(Cl)cc32)CC1,373.95300000000015,4.580200000000004,0.0,0.0,1.0,,,0.0,,,,0.0,,
CCN(CC)CCNC(=O)c1ccc(NS(C)(=O)=O)cc1,313.42300000000006,1.1297,0.0,0.0,,0.0,,0.0,0.0,,0.0,,0.0,0.0
CC(N)Cc1ccc2c(c1)OCO2,179.21899999999997,1.3050000000000002,0.0,0.0,0.0,0.0,0.0,0.0,0.0,,0.0,,0.0,0.0
CC(C)(C)c1ccc(O)c(O)c1,166.21999999999997,2.3953000000000015,0.0,0.0,1.0,1.0,1.0,,0.0,1.0,0.0,1.0,1.0,0.0
CC(C)(C)N,73.13900000000001,0.7436,0.0,0.0,0.0,0.0,0.0,0.0,0.0,0.0,0.0,0.0,0.0,0.0
CCCCOC(=O)c1ccccc1N,193.24599999999998,2.2257000000000002,0.0,0.0,0.0,0.0,0.0,0.0,0.0,,0.0,0.0,,0.0
O=C1CCCCCCCCCCCN1,197.32199999999997,3.0172000000000008,0.0,0.0,0.0,0.0,0.0,0.0,0.0,0.0,0.0,0.0,0.0,0.0
c1ccc(B(c2ccccc2)c2ccccc2)cc1,242.13,2.2028,0.0,0.0,1.0,0.0,1.0,1.0,0.0,,,0.0,1.0,0.0
Cc1cccc(C(=O)O)c1O,152.149,1.39882,0.0,0.0,0.0,0.0,0.0,0.0,0.0,0.0,0.0,0.0,0.0,0.0
NCCOCCO,105.13699999999999,-1.0460000000000003,0.0,0.0,0.0,0.0,0.0,0.0,0.0,0.0,0.0,0.0,0.0,0.0
[S-]c1ccccc1,109.17299999999997,1.5924,0.0,0.0,0.0,0.0,0.0,0.0,0.0,0.0,0.0,0.0,0.0,0.0
CC(C)(C)c1ccc(C=O)cc1,162.23199999999997,2.7966000000000015,0.0,0.0,0.0,0.0,0.0,0.0,0.0,0.0,0.0,0.0,0.0,0.0
CC[N+]1(CC)CCC(=C(c2ccccc2)c2ccccc2)C1C,306.47300000000007,5.137300000000005,0.0,0.0,0.0,0.0,0.0,0.0,0.0,0.0,0.0,0.0,0.0,0.0
CC(=O)OCC(=O)[C@@]1(O)CC[C@H]2[C@@H]3CCC4=CC(=O)C=C[C@]4(C)[C@H]3[C@@H](O)C[C@@]21C,402.48700000000014,2.1284,1.0,1.0,0.0,,1.0,,0.0,0.0,0.0,0.0,0.0,0.0
CC(C)(C)CC(=O)OCC(=O)[C@@]1(O)CC[C@H]2[C@@H]3CCC4=CC(=O)C=C[C@]4(C)[C@H]3[C@@H](O)C[C@@]21C,458.5950000000002,3.5447000000000024,,,,,,,,0.0,,0.0,,
O=C1c2c(O)cccc2Cc2cccc(O)c21,226.23099999999997,2.233000000000001,0.0,0.0,0.0,0.0,0.0,0.0,0.0,0.0,0.0,0.0,0.0,0.0
COc1ccc(N)cc1,123.15499999999999,1.2773999999999999,0.0,0.0,1.0,0.0,1.0,0.0,0.0,0.0,0.0,0.0,0.0,0.0
CC(C)c1cccc(C(C)C)c1N,177.29099999999994,3.515600000000001,0.0,0.0,0.0,0.0,0.0,0.0,0.0,0.0,0.0,0.0,0.0,0.0
O=C(O)c1cc(C(=O)O)c(C(=O)O)cc1C(=O)O,254.14999999999998,0.4794000000000001,0.0,0.0,0.0,0.0,0.0,0.0,0.0,,0.0,0.0,,0.0
Nc1ccc(S(=O)(=O)O)c(N)c1,188.208,0.09769999999999995,0.0,0.0,,0.0,0.0,0.0,0.0,0.0,0.0,0.0,,0.0
O=C(O)C1CCCN1,115.13200000000002,-0.177,0.0,0.0,0.0,0.0,0.0,0.0,0.0,,0.0,,0.0,0.0
C=CCCCCCCCCC=O,168.28,3.4921000000000024,0.0,0.0,0.0,0.0,0.0,0.0,0.0,0.0,0.0,0.0,0.0,0.0
CCO[Si](OCC)(OCC)c1ccccc1,240.375,1.942,0.0,0.0,0.0,0.0,0.0,0.0,0.0,0.0,0.0,0.0,0.0,0.0
C=CCOc1nc(OCC=C)nc(OCC=C)n1,249.26999999999998,1.5659999999999998,0.0,0.0,1.0,0.0,0.0,0.0,0.0,0.0,0.0,0.0,0.0,0.0
NCCOS(=O)(=O)O,141.148,-1.2354999999999996,0.0,0.0,0.0,0.0,0.0,0.0,0.0,0.0,0.0,0.0,0.0,0.0
COc1cc2nc(N3CCN(C(=O)C4COc5ccccc5O4)CC3)nc(N)c2cc1OC,451.4830000000003,1.7177999999999993,0.0,0.0,0.0,0.0,0.0,0.0,0.0,,0.0,0.0,0.0,0.0
Cc1ccc(C(=O)c2ccc(CC(=O)[O-])n2C)cc1,256.28099999999995,0.8569199999999996,0.0,,0.0,0.0,0.0,0.0,0.0,0.0,0.0,0.0,0.0,0.0
CO[C@@]1(NC(=O)C(C(=O)[O-])c2ccc(O)cc2)C(=O)N2C(C(=O)[O-])=C(CSc3nnnn3C)CO[C@@H]21,518.4640000000004,-3.797099999999995,0.0,0.0,0.0,0.0,0.0,0.0,0.0,0.0,0.0,0.0,,0.0
C=C1c2c(Cl)ccc(O)c2C(=O)C2=C(O)[C@]3(O)C(=O)C(C(N)=O)=C(O)[C@@H](N(C)C)[C@@H]3[C@@H](O)[C@H]12.O=C(O)c1cc(S(=O)(=O)O)ccc1O,695.0550000000004,0.5526000000000006,0.0,,0.0,0.0,0.0,0.0,0.0,,0.0,,0.0,0.0
NC(CO)(CO)CO.O=C(c1ccccc1)c1ccc2n1CC[C@H]2C(=O)O,376.40900000000016,-0.048200000000000076,0.0,0.0,0.0,0.0,0.0,0.0,0.0,0.0,0.0,0.0,0.0,0.0
CO[C@@]1(NC(=O)CSCC#N)C(=O)N2C(C(=O)[O-])=C(CSc3nnnn3C)CS[C@@H]21,470.5380000000002,-2.0630199999999963,0.0,0.0,0.0,0.0,0.0,0.0,0.0,,0.0,0.0,0.0,0.0
CCOC(=O)c1ccc(OC(=O)CCCCCNC(=N)N)cc1,321.37699999999995,1.8121699999999998,0.0,0.0,0.0,0.0,1.0,0.0,0.0,0.0,0.0,0.0,0.0,0.0
CC(C)OC(=O)COc1ccc(Cl)cc1Cl,263.12,3.323800000000002,0.0,0.0,0.0,0.0,0.0,0.0,0.0,0.0,0.0,0.0,0.0,0.0
CCCCC(CC)COC(=O)COc1ccc(Cl)cc1Cl,333.255,5.131800000000005,0.0,0.0,0.0,0.0,0.0,0.0,0.0,0.0,0.0,0.0,0.0,0.0
O=S(=O)(Oc1ccc(Cl)cc1Cl)c1ccccc1,303.166,3.7611000000000026,0.0,0.0,1.0,0.0,1.0,,0.0,0.0,0.0,0.0,1.0,0.0
CN(C)C(=O)Nc1ccc(Cl)c(Cl)c1,233.09799999999998,3.0869000000000018,0.0,0.0,1.0,0.0,0.0,0.0,0.0,0.0,0.0,0.0,1.0,0.0
CC(Oc1cc(Cl)ccc1Cl)C(=O)O,235.066,2.845300000000001,0.0,0.0,0.0,0.0,0.0,0.0,0.0,,0.0,0.0,,0.0
CC(Oc1ccc(Cl)cc1Cl)C(=O)O,235.06599999999997,2.845300000000001,0.0,0.0,0.0,,0.0,0.0,0.0,0.0,0.0,0.0,0.0,0.0
CCCCOC(=O)COc1ccc(Cl)cc1Cl,277.147,3.7155000000000022,0.0,0.0,0.0,0.0,0.0,0.0,0.0,0.0,0.0,0.0,0.0,0.0
O=C(O)COc1ccc(Cl)cc1Cl,221.039,2.4568000000000003,0.0,0.0,0.0,0.0,0.0,0.0,0.0,0.0,0.0,0.0,0.0,0.0
Cn1cnc([N+](=O)[O-])c1Sc1ncnc2nc[nH]c12,277.269,1.1457999999999997,0.0,0.0,1.0,,0.0,0.0,0.0,1.0,0.0,0.0,,1.0
[N-]=[N+]=CC(=O)OC[C@H](N)C(=O)O,173.128,-1.7578999999999994,1.0,0.0,0.0,0.0,0.0,0.0,0.0,0.0,0.0,0.0,0.0,0.0
COP(=O)(OC)OC=C(Cl)Cl,220.976,2.6804000000000006,0.0,0.0,0.0,0.0,0.0,0.0,0.0,1.0,0.0,0.0,0.0,0.0
CC(Cl)CCl,112.98700000000001,1.8525,0.0,0.0,0.0,0.0,0.0,0.0,0.0,0.0,0.0,0.0,0.0,0.0
ClCCN1CCCC1,133.62199999999999,1.321,,,,,,,,,,0.0,,
CC(C)N(C)C,87.166,0.9564,0.0,0.0,0.0,0.0,0.0,0.0,0.0,0.0,0.0,0.0,,0.0
CN(C)CCCNCCCN,159.277,-0.12349999999999872,0.0,0.0,0.0,0.0,,,0.0,1.0,0.0,0.0,0.0,0.0
CCn1cc[n+](C)c1,111.16799999999999,0.3324999999999998,0.0,0.0,0.0,0.0,0.0,0.0,0.0,0.0,0.0,0.0,0.0,0.0
CC(=O)OCC(=O)[C@@]12OC3(CCCC3)O[C@@H]1C[C@H]1[C@@H]3CCC4=CC(=O)C=C[C@]4(C)[C@@]3(F)[C@@H](O)C[C@@]12C,502.5790000000003,3.5238000000000023,1.0,0.0,,,,0.0,0.0,,,,,0.0
Clc1ccc(CCC(Cn2ccnc2)Sc2c(Cl)cccc2Cl)cc1,411.7850000000001,6.637000000000003,0.0,,,1.0,0.0,0.0,0.0,,0.0,1.0,,
COc1ccc(Cc2nccc3cc(OC)c(OC)cc23)cc1OC,339.3910000000001,3.860000000000003,0.0,0.0,,0.0,,0.0,0.0,1.0,0.0,0.0,,0.0
Cl[Pd]Cl,177.326,1.3765,0.0,0.0,0.0,0.0,0.0,0.0,0.0,,0.0,0.0,0.0,0.0
Cc1occc1C(=O)Nc1ccc(C(=O)N2CCC(F)(F)/C(=C\C(=O)N3CCC(N4CCCCC4)CC3)c3ccccc32)cc1.Cc1occc1C(=O)Nc1ccc(C(=O)N2CCC(F)(F)/C(=C\C(=O)N3CCC(N4CCCCC4)CC3)c3ccccc32)cc1,1233.4180000000001,12.772839999999983,0.0,0.0,0.0,0.0,,0.0,0.0,,0.0,0.0,0.0,0.0
CC(C)CC(C)(c1ccc(O)cc1)c1ccc(O)cc1,270.372,4.449900000000004,0.0,,0.0,,1.0,,0.0,1.0,0.0,1.0,1.0,
CCCCCCCCCCCCCC[n+]1ccccc1,276.48799999999994,5.675200000000006,0.0,,0.0,1.0,,0.0,,,,,1.0,
COc1c(O[C@@H]2O[C@H](CO)[C@@H](O)[C@H](O)[C@H]2O)cc2c(c1OC)-c1ccc(SC)c(=O)cc1[C@@H](NC(C)=O)CC2,563.6250000000002,0.7549999999999994,0.0,0.0,0.0,0.0,0.0,0.0,0.0,,0.0,,,0.0
Clc1sc(Cl)c(Cl)c1Cl,221.923,4.3617,0.0,0.0,0.0,0.0,0.0,0.0,0.0,0.0,0.0,0.0,0.0,0.0
OCCN1CCN(CC/C=C2/c3ccccc3Sc3ccc(Cl)cc32)CC1,400.9750000000002,4.2363000000000035,0.0,0.0,0.0,0.0,0.0,0.0,0.0,,0.0,,,0.0
ClC=CCl,96.94400000000002,1.9352,0.0,0.0,0.0,0.0,0.0,0.0,0.0,0.0,0.0,0.0,0.0,0.0
O=c1[nH]c(=O)n(Cl)c(=O)n1Cl,197.965,-1.2978999999999996,0.0,0.0,0.0,0.0,0.0,0.0,0.0,,0.0,,0.0,0.0
O=c1[n-]c(=O)n(Cl)c(=O)n1Cl,196.957,-1.6687999999999998,0.0,0.0,0.0,0.0,1.0,0.0,0.0,0.0,0.0,0.0,0.0,0.0
O=[N+]([O-])c1cccc(Cl)c1Cl,192.00099999999998,2.901600000000001,0.0,0.0,0.0,0.0,0.0,0.0,0.0,0.0,0.0,0.0,0.0,0.0
O=[N+]([O-])c1ccc(Cl)cc1Cl,192.00099999999998,2.9016,0.0,0.0,0.0,0.0,0.0,0.0,0.0,,0.0,0.0,0.0,0.0
O=[N+]([O-])c1ccc(Cl)c(Cl)c1,192.00099999999998,2.901600000000001,0.0,0.0,1.0,0.0,0.0,0.0,0.0,0.0,0.0,0.0,0.0,0.0
C[C@@H]1CC2=CC(=O)CC[C@@H]2[C@H]2CC[C@@]3(C)[C@@H](CC[C@]3(C)O)[C@@H]21,302.45799999999997,4.125200000000005,,,,,,,,,,0.0,,
CCCCCCCC/C=C/CCCOC(C)=O,240.38699999999994,4.636500000000004,0.0,0.0,0.0,0.0,0.0,0.0,0.0,0.0,0.0,1.0,0.0,0.0
NCCNC(=O)c1ccc(Cl)cn1,199.641,0.4234999999999998,0.0,0.0,0.0,0.0,0.0,0.0,0.0,0.0,0.0,0.0,0.0,0.0
O=C(O)Cn1c(C(=O)Nc2nc(-c3ccccc3Cl)cs2)cc2ccccc21,411.8700000000001,4.755100000000002,0.0,,,0.0,0.0,0.0,1.0,1.0,0.0,,,0.0
CO/N=C(\C(=O)N[C@@H]1C(=O)N2C(C(=O)[O-])=C(CSc3nc(C)c(CC(=O)[O-])s3)CS[C@H]12)c1csc(N)n1,582.667,-1.6706799999999964,0.0,0.0,0.0,,0.0,0.0,0.0,,0.0,,0.0,0.0
CCN(CC)CCOC(=O)c1cccnc1.O=C(O)CC(O)(CC(=O)O)C(=O)O,414.41100000000023,0.33170000000000044,0.0,0.0,0.0,0.0,0.0,0.0,0.0,,0.0,,0.0,0.0
O=S(=O)([O-])CCCS(=O)(=O)[O-],202.20899999999997,-1.5330999999999992,0.0,0.0,0.0,0.0,0.0,0.0,0.0,,0.0,,0.0,0.0
Nc1c2c(nc3c1CCC3)CCCC2,188.27399999999994,2.0313,0.0,0.0,0.0,0.0,0.0,0.0,0.0,0.0,0.0,0.0,0.0,0.0
CC(C)C[C@H](NC(=O)[C@@H](COC(C)(C)C)NC(=O)[C@H](Cc1ccc(O)cc1)NC(=O)[C@H](CO)NC(=O)[C@H](Cc1c[nH]c2ccccc12)NC(=O)[C@H](Cc1c[nH]cn1)NC(=O)[C@@H]1CCC(=O)N1)C(=O)N[C@@H](CCCNC(=N)N)C(=O)N1CCC[C@H]1C(=O)NNC(N)=O,1269.4330000000002,-2.8960300000000183,0.0,0.0,0.0,0.0,0.0,0.0,0.0,,0.0,,0.0,0.0
O=C(Nc1ccc(Oc2ccc(Cl)cc2)c(Cl)c1)c1cc(I)cc(I)c1O,626.0150000000001,6.952800000000003,0.0,,0.0,0.0,,0.0,0.0,,0.0,1.0,1.0,1.0
O=C(N/N=C/c1ccc([N+](=O)[O-])o1)c1cc([N+](=O)[O-])cc([N+](=O)[O-])c1O,365.21400000000006,1.4736999999999998,0.0,0.0,,,0.0,0.0,0.0,1.0,0.0,0.0,,0.0
O=S(c1cc(Cl)cc(Cl)c1O)c1cc(Cl)cc(Cl)c1O,372.05600000000004,4.878100000000002,0.0,0.0,0.0,0.0,0.0,0.0,,,0.0,1.0,,1.0
OC[C@H]1O[C@H](O[C@@]2(CO)O[C@@H](O)[C@H](O)[C@@H]2O)[C@H](O)[C@@H](O)[C@@H]1O,328.27000000000004,-5.438099999999993,0.0,0.0,,0.0,0.0,0.0,0.0,,0.0,,0.0,0.0
CCOc1ccc(N=Nc2ccc(N)cc2N)cc1,256.30899999999997,3.6651000000000007,1.0,0.0,1.0,,1.0,,0.0,,1.0,,1.0,0.0
c1ccc(OCc2ccc(CCCN3CCOCC3)cc2)cc1,311.42499999999995,3.530400000000002,0.0,0.0,0.0,0.0,0.0,0.0,0.0,1.0,0.0,0.0,0.0,0.0
Cc1c(Cl)c(=O)oc2cc(OP(=O)(OCCCl)OCCCl)ccc12,415.59300000000013,4.752520000000002,0.0,0.0,,0.0,0.0,0.0,0.0,0.0,0.0,0.0,0.0,
CC(NNC(=O)c1ccccc1)c1ccccc1,240.306,2.682200000000001,0.0,0.0,,,1.0,0.0,0.0,,1.0,,1.0,0.0
CC(=O)Nc1ccc(OCCOCCOc2ccc(NC(C)=O)cc2)cc1,372.421,3.0778000000000016,0.0,0.0,0.0,0.0,0.0,0.0,0.0,0.0,0.0,0.0,0.0,0.0
O=C1c2ccccc2C(=O)C1c1ccc(Cl)cc1,256.688,3.5028000000000024,0.0,,,0.0,0.0,0.0,0.0,,0.0,,,0.0
CCN(CC)C(=O)SCc1ccc(Cl)cc1,257.786,4.035000000000004,0.0,0.0,0.0,0.0,0.0,0.0,0.0,0.0,0.0,0.0,,0.0
[TlH2+],206.399,-0.9162000000000001,0.0,0.0,0.0,1.0,0.0,0.0,,0.0,0.0,0.0,0.0,
Oc1ccc(Cc2ccc(O)cc2)cc1,200.23700000000002,2.688600000000001,0.0,,0.0,,1.0,1.0,0.0,1.0,0.0,0.0,1.0,0.0
COC(=O)NC(=S)Nc1ccccc1NC(=S)NC(=O)OC,342.4020000000001,1.7921999999999998,0.0,0.0,,0.0,0.0,0.0,0.0,0.0,0.0,0.0,0.0,0.0
[Fe+2].c1cc[cH-]c1.c1cc[cH-]c1,186.035,2.8085000000000013,0.0,0.0,0.0,0.0,0.0,0.0,0.0,0.0,0.0,0.0,0.0,0.0
CC(C)(C)c1cc(CCC(=O)NN)cc(C(C)(C)C)c1O,292.423,2.9097000000000013,0.0,0.0,,0.0,0.0,0.0,0.0,0.0,0.0,0.0,,0.0
C=C(C)C(=O)OCCCCCCCCCCCCCCCCCC,338.5760000000001,7.367200000000008,0.0,0.0,0.0,0.0,,0.0,0.0,0.0,0.0,0.0,0.0,0.0
CC(=O)OC1CCC(C(C)(C)C)CC1,198.30599999999995,3.1544000000000016,0.0,0.0,0.0,0.0,0.0,0.0,0.0,0.0,0.0,0.0,,0.0
CC(C)(O)CCCC1=CCC(C=O)CC1,210.31699999999998,2.8530000000000015,0.0,0.0,0.0,0.0,1.0,0.0,0.0,,0.0,0.0,,0.0
Cc1cc(-c2ccc(N)c(C)c2)ccc1N,212.296,3.1348400000000005,0.0,0.0,1.0,0.0,0.0,1.0,0.0,1.0,1.0,0.0,0.0,0.0
CC(C)OP(C)(=O)OC(C)C,180.184,2.659300000000001,0.0,0.0,0.0,0.0,0.0,0.0,0.0,0.0,0.0,0.0,0.0,0.0
O=C1OC2(c3ccc([O-])cc3Oc3cc([O-])ccc32)c2ccccc21,330.295,2.4018000000000006,0.0,,0.0,0.0,0.0,0.0,,,0.0,,,
CC1=C(C)S(=O)(=O)CCS1(=O)=O,210.27599999999995,0.08099999999999996,0.0,0.0,0.0,1.0,0.0,0.0,1.0,1.0,0.0,0.0,0.0,0.0
COS(=O)(=O)OC,126.13299999999998,-0.476,0.0,0.0,0.0,0.0,0.0,0.0,0.0,0.0,0.0,0.0,0.0,0.0
CNC,45.085,-0.1644000000000001,0.0,0.0,0.0,0.0,0.0,0.0,0.0,0.0,0.0,0.0,0.0,0.0
CCCCCCCCCCCCCCCCCC(=O)OCC(CC)CCCC,396.7000000000002,9.007500000000002,0.0,0.0,0.0,0.0,0.0,0.0,0.0,0.0,0.0,0.0,0.0,0.0
CCCCCCCCCCCCCCCCCC(=O)OCCCCCCCCCCCCCC(C)C,508.91600000000057,12.128299999999983,0.0,0.0,0.0,0.0,1.0,0.0,0.0,0.0,0.0,0.0,0.0,0.0
CC(C)(CO)[C@@H](O)C(=O)NCCC(=O)[O-],218.22899999999996,-2.3779999999999983,0.0,0.0,0.0,0.0,0.0,0.0,0.0,0.0,0.0,0.0,0.0,0.0
CCCCOCCOC(=O)c1ccccc1C(=O)OCCOCCCC,366.4540000000003,3.633600000000003,0.0,0.0,1.0,,0.0,0.0,0.0,0.0,0.0,1.0,0.0,0.0
C1=CCC(c2ccccc2)CC1,158.24399999999994,3.5103000000000018,0.0,0.0,0.0,0.0,0.0,0.0,0.0,0.0,0.0,0.0,0.0,0.0
Cc1ccc(-c2ccccc2)cc1,168.239,3.662020000000002,0.0,0.0,0.0,0.0,0.0,0.0,0.0,0.0,0.0,0.0,0.0,0.0
COc1ccc(OC(=O)N(CC(=O)O)Cc2ccc(OCCc3nc(-c4ccccc4)oc3C)cc2)cc1,516.5500000000003,5.365720000000005,,,,,,,,,,0.0,,
CCC12COCN1COC2,143.18599999999998,0.4126000000000001,0.0,0.0,0.0,0.0,0.0,0.0,0.0,0.0,0.0,0.0,0.0,0.0
COC(=O)c1cc(S(N)(=O)=O)ccc1OC,245.25599999999997,0.12919999999999981,,,,,,,,0.0,,0.0,,
CC1COC2(c3ccccc3Cl)c3cc(Cl)ccc3NC(=O)CN12,363.2440000000001,3.867300000000003,,,,,,,,,,0.0,,
CCCCC(CC)CNC(=O)CC(C)OC(=O)CCC(=O)O,315.4100000000001,2.5056000000000003,,,,,,,,0.0,,0.0,,
COC(=O)Nc1nc2cc(C(=O)C3CC3)ccc2[nH]1,259.26499999999993,2.3339,,,,,,,,0.0,,0.0,,
O=C1Nc2cc(Cl)ccc2Oc2ccccc21,245.665,3.698000000000002,,,,,,,,1.0,,0.0,,
Nc1c(I)cc(I)c(C(=O)N(CCC(=O)O)c2ccccc2)c1I,662.0030000000003,4.204100000000002,,,,,,,,0.0,,0.0,,
CNC(=O)c1cnn(-c2nc(N)c3ncn([C@@H]4O[C@H](CO)[C@@H](O)[C@H]4O)c3n2)c1,390.36000000000007,-2.4346999999999985,,,,,,,,0.0,,0.0,,
O=c1c(O)c(-c2ccc(O)cc2O)oc2cc(O)cc(O)c12,302.23800000000006,1.987999999999999,0.0,0.0,,0.0,,0.0,0.0,0.0,0.0,0.0,,0.0
CCC(=C(CC)c1ccc(O)cc1)c1ccc(O)cc1,268.356,4.828600000000005,0.0,0.0,0.0,0.0,1.0,1.0,0.0,,0.0,,1.0,1.0
CC(C)c1nc(CN(C)C(=O)N[C@H](C(=O)N[C@@H](Cc2ccccc2)C[C@H](O)[C@H](Cc2ccccc2)NC(=O)OCc2cncs2)C(C)C)cs1,720.9620000000001,5.905200000000005,0.0,0.0,0.0,0.0,,0.0,,,,0.0,0.0,0.0
CCCCOC(=O)C(=O)Nc1cccc(-c2nnn[nH]2)c1,289.295,1.1484999999999996,0.0,0.0,0.0,0.0,0.0,0.0,0.0,,0.0,,0.0,0.0
Cc1ccc(-n2nc(C(C)(C)C)cc2NC(=O)Nc2ccc(OCCN3CCOCC3)c3ccccc23)cc1,527.6690000000006,5.986420000000005,0.0,0.0,1.0,0.0,,0.0,,0.0,0.0,0.0,1.0,
O=C([O-])c1ccccc1O.O=C([O-])c1ccccc1O.[Zn+2],339.618,-0.4911000000000007,0.0,0.0,0.0,0.0,0.0,0.0,0.0,,0.0,,0.0,0.0
CC(=O)NC(CCC(N)=O)C(=O)O,188.183,-1.1587999999999987,0.0,0.0,0.0,0.0,0.0,0.0,0.0,0.0,0.0,0.0,0.0,0.0
CCC(CN)CC(C)CCNCC(O)CNCC(C)CC(CC)CN,358.6150000000002,1.9388000000000019,0.0,0.0,0.0,0.0,0.0,0.0,0.0,,0.0,,0.0,0.0
c1ccc(-c2nnn[nH]2)cc1,146.15300000000002,0.8666999999999998,0.0,0.0,0.0,0.0,0.0,0.0,0.0,0.0,0.0,0.0,0.0,0.0
O=C(Nc1ccc(Cl)c(Cl)c1)C1CC1,230.09399999999997,3.3419000000000016,0.0,0.0,1.0,0.0,,0.0,0.0,1.0,0.0,0.0,,
OC[C@H]1O[C@H](O[C@@H]2[C@@H](CO)O[C@H](O[C@@H]3[C@@H](CO)O[C@H](O)[C@H](O)[C@H]3O)[C@H](O)[C@H]2O)[C@H](O)[C@@H](O)[C@@H]1O,504.43800000000005,-7.572999999999989,1.0,1.0,0.0,,1.0,0.0,0.0,,0.0,,0.0,0.0
O=P([O-])([O-])OC(CO)CO,170.057,-2.8150999999999997,0.0,0.0,0.0,0.0,0.0,0.0,0.0,,0.0,,0.0,0.0
COc1ccc(CCNCC(O)COc2cccc(C)c2)cc1OC,345.43900000000014,2.584220000000001,0.0,0.0,0.0,0.0,0.0,0.0,0.0,,0.0,,0.0,0.0
CCCCCCCCP(=O)(O)O,194.211,2.5246000000000013,0.0,0.0,,0.0,0.0,0.0,0.0,0.0,0.0,0.0,0.0,0.0
c1cc(CCCc2ccncc2)ccn1,198.269,2.6519000000000004,0.0,0.0,,1.0,0.0,0.0,0.0,0.0,0.0,0.0,0.0,0.0
C=CC(=O)OCC(O)COc1ccccc1,222.23999999999998,1.1555,0.0,,0.0,,0.0,0.0,1.0,,0.0,,,
C[C@]12CC[C@@H]3[C@H]4CCC(=O)C=C4CC[C@H]3[C@@H]1CC[C@@H]2OC(=O)CCC1CCCCC1,412.6140000000003,6.400500000000007,,,,,,,,1.0,,0.0,,
CC(C(O)c1ccccc1)N(C)C/C=C/c1ccccc1,281.399,3.753700000000003,,,,,,,,,,0.0,,
Clc1ccc2c(c1)Nc1ccccc1S2,233.723,4.548200000000001,,,,,,,,,,0.0,,
Cc1c(F)cc2c(=O)c(C(=O)O)cn3c2c1CCC3C,275.279,2.654420000000001,,,,,,,,0.0,,0.0,,
COCCOCC(OC)OC,164.201,0.2683,,,,,,,,0.0,,0.0,,
c1ccc(N2CCNCC2)cc1,162.23600000000002,1.0961999999999998,,,,,,,,0.0,,0.0,,
CC(=O)O[C@H]1CC[C@@]2(C)C(=CC[C@H]3[C@@H]4CC=C(C(C)=O)[C@@]4(C)CC[C@@H]32)C1,356.5060000000002,5.006200000000005,,,,,,,,1.0,,0.0,,
CN(C)C(=O)CNC(=O)Cc1ccccc1,220.272,0.43350000000000005,0.0,0.0,0.0,0.0,0.0,0.0,0.0,0.0,0.0,0.0,0.0,0.0
CCOC(=O)c1ccc(NC(=O)CN2CCCCC2)cc1,290.36299999999994,2.2877,0.0,0.0,0.0,,,0.0,0.0,0.0,0.0,0.0,0.0,0.0
CC(C(O)c1ccccc1)N(C)CCOC(c1ccccc1)c1ccccc1,375.512,4.846500000000004,0.0,0.0,0.0,,,0.0,,0.0,0.0,0.0,,0.0
CC(=O)O[C@@H]1C(=O)O[C@H]2[C@@H](OC(C)=O)C(=O)O[C@@H]12,258.18199999999996,-1.299399999999999,0.0,0.0,0.0,0.0,,0.0,0.0,1.0,0.0,0.0,0.0,0.0
N[C@H]1CN(c2c(F)cc3c(=O)c(C(=O)O)cn(C4C[C@H]4F)c3c2Cl)CC12CC2,409.8200000000002,2.7026000000000012,0.0,0.0,0.0,,0.0,0.0,0.0,0.0,0.0,0.0,0.0,0.0
O=C1NC2CCCCN2C12CCN(CCCN1c3ccccc3CCc3ccc(Cl)cc31)CC2,479.06800000000027,4.743200000000004,0.0,0.0,1.0,,,0.0,,,0.0,0.0,0.0,0.0
CO[C@]1(NC(=O)CSC(F)F)C(=O)N2C(C(=O)O)=C(CSc3nnnn3CCO)CO[C@H]21,496.4740000000003,-1.290599999999999,0.0,0.0,0.0,0.0,0.0,0.0,0.0,,0.0,0.0,0.0,0.0
CN(CC1(C)CCCO1)S(=O)(=O)c1ccc(Cl)c(S(N)(=O)=O)c1,382.89100000000013,1.177,0.0,0.0,0.0,0.0,0.0,0.0,0.0,0.0,0.0,0.0,0.0,0.0
C=CCOc1cc(Cl)ccc1C(=O)NCCN(CC)CC,310.8250000000001,2.9764000000000017,0.0,0.0,0.0,0.0,1.0,0.0,0.0,0.0,0.0,0.0,,0.0
Cc1ccc2c(n1)Oc1ccc(C(C)C(=O)OCC(=O)N(C)C)cc1C2,354.4060000000001,2.8214200000000007,1.0,0.0,,,0.0,0.0,0.0,0.0,1.0,0.0,0.0,0.0
O=[N+]([O-])c1ccc(Cl)c(Cl)c1Cl,226.44599999999997,3.5550000000000006,0.0,0.0,0.0,,0.0,,0.0,1.0,0.0,0.0,0.0,0.0
O=[N+]([O-])c1cc(Cl)c(Cl)cc1Cl,226.446,3.5550000000000006,0.0,0.0,0.0,0.0,0.0,0.0,0.0,1.0,0.0,0.0,0.0,0.0
C=CC1CC2C=CC1C2,120.19499999999996,2.3846000000000007,0.0,0.0,0.0,0.0,0.0,0.0,0.0,0.0,0.0,0.0,,0.0
Oc1ccc(Cl)c(Cl)c1Cl,197.448,3.3524000000000003,0.0,0.0,,0.0,0.0,,0.0,,0.0,0.0,1.0,
O=[N+]([O-])c1c(Cl)cc(Cl)cc1Cl,226.446,3.5550000000000006,0.0,0.0,,,0.0,0.0,0.0,0.0,0.0,0.0,0.0,0.0
O=[N+]([O-])c1cc(Cl)c(Cl)c(Cl)c1,226.446,3.5550000000000006,0.0,0.0,0.0,,0.0,0.0,0.0,,0.0,0.0,0.0,
Oc1cc(Cl)cc(Cl)c1Cl,197.44799999999998,3.3523999999999994,0.0,0.0,1.0,0.0,,0.0,,1.0,0.0,0.0,1.0,
Oc1c(Cl)ccc(Cl)c1Cl,197.44799999999998,3.3523999999999994,0.0,0.0,0.0,0.0,0.0,0.0,0.0,1.0,0.0,0.0,1.0,0.0
C=C(Cl)CCl,110.971,1.9777,0.0,0.0,0.0,0.0,0.0,0.0,0.0,0.0,0.0,0.0,0.0,0.0
Clc1nc2ccccc2nc1Cl,199.03999999999996,2.9366000000000003,0.0,,0.0,,0.0,0.0,1.0,0.0,0.0,0.0,,0.0
OC(CCl)CCl,128.986,0.8249,0.0,0.0,0.0,0.0,0.0,0.0,0.0,0.0,0.0,0.0,0.0,0.0
O=C(O)c1cccc(C(=O)O)n1,167.11999999999998,0.4779999999999999,0.0,0.0,0.0,0.0,0.0,0.0,0.0,,0.0,0.0,0.0,0.0
CC(C)(OOC(C)(C)c1ccccc1)c1ccccc1,270.372,4.805200000000005,0.0,0.0,0.0,,1.0,1.0,0.0,0.0,0.0,0.0,1.0,0.0
ClC(Cl)c1ccccc1,161.031,3.1628000000000016,0.0,0.0,0.0,0.0,0.0,0.0,0.0,0.0,0.0,0.0,0.0,0.0
CC(C)C1=CC2=CC[C@H]3[C@](C)(C(=O)O)CCC[C@]3(C)[C@H]2CC1,302.458,5.206200000000004,0.0,0.0,0.0,0.0,0.0,0.0,0.0,,0.0,,0.0,0.0
O=c1cc(-c2ccccc2)oc2ccccc12,222.243,3.4600000000000017,0.0,0.0,1.0,,1.0,,0.0,1.0,1.0,0.0,,0.0
Cc1cc(C)c(O)c(C)c1,136.194,2.3174600000000005,0.0,0.0,0.0,0.0,0.0,0.0,0.0,0.0,0.0,0.0,0.0,0.0
C1CCC(NC2CCCCC2)CC1,181.32299999999995,3.2414000000000023,0.0,0.0,0.0,0.0,0.0,0.0,0.0,0.0,0.0,0.0,0.0,0.0
Cl[Ba]Cl,208.234,0.9982,0.0,0.0,0.0,0.0,0.0,0.0,0.0,0.0,0.0,0.0,1.0,0.0
O=C(O)c1nc(Cl)c(Cl)c(Cl)c1Cl,260.891,3.3933999999999997,0.0,,0.0,0.0,0.0,0.0,0.0,1.0,0.0,0.0,0.0,0.0
C[N+]1([O-])[C@H]2C[C@H](OC(=O)[C@H](CO)c3ccccc3)C[C@@H]1[C@H]1O[C@@H]21,319.3570000000001,0.9306999999999994,0.0,0.0,0.0,0.0,0.0,0.0,0.0,,0.0,,0.0,0.0
O=C(O)CP(=O)(O)O,140.031,-0.7513000000000001,0.0,0.0,0.0,0.0,0.0,0.0,0.0,0.0,0.0,0.0,0.0,0.0
CN(C)CCC=C1c2ccccc2C=Cc2ccccc21,275.39500000000004,4.553800000000004,0.0,0.0,0.0,0.0,0.0,0.0,0.0,0.0,0.0,0.0,,
CNCCC=C1c2ccccc2CCc2ccccc21,263.38399999999996,3.826400000000003,0.0,0.0,0.0,,0.0,0.0,,,0.0,,,0.0
Cc1cc(C(=O)O)c(C)n1-c1cccc(C(=O)O)c1.O=C1C[C@@H]2OCC=C3CN4CC[C@]56c7ccccc7N1[C@H]5[C@H]2[C@H]3C[C@H]46,593.6800000000003,4.583040000000005,0.0,0.0,0.0,0.0,,0.0,0.0,,0.0,,0.0,0.0
O=C([O-])CC(O)(CC(=O)O)C(=O)[O-],190.10699999999997,-3.9178999999999995,0.0,0.0,0.0,0.0,0.0,0.0,0.0,0.0,0.0,0.0,0.0,0.0
Nc1ccc(-c2ccccc2)cc1,169.227,2.9358000000000013,0.0,0.0,1.0,,1.0,0.0,0.0,1.0,0.0,0.0,0.0,0.0
NCCCCCC(=O)O,131.175,0.5901000000000001,,,,,,,,0.0,,0.0,,
NCC1(CC(=O)O)CCCCC1,171.23999999999992,1.3702999999999994,0.0,0.0,0.0,0.0,0.0,0.0,0.0,0.0,0.0,0.0,0.0,0.0
Nc1nc[nH]n1,84.082,-0.6131000000000002,0.0,0.0,0.0,0.0,1.0,0.0,0.0,0.0,0.0,0.0,0.0,0.0
CC1CCCCC1NC(=O)Nc1ccccc1,232.32700000000003,3.386800000000001,0.0,0.0,,,,0.0,0.0,0.0,0.0,0.0,1.0,0.0
CCNP(=S)(OC)O/C(C)=C/C(=O)OC(C)C,281.314,2.3388,0.0,0.0,1.0,0.0,0.0,0.0,0.0,0.0,0.0,0.0,,0.0
O=C(c1ccc(F)cc1)C1CCN(CCn2c(=S)[nH]c3ccccc3c2=O)CC1,411.5020000000001,3.793090000000002,0.0,,0.0,0.0,0.0,0.0,0.0,,0.0,1.0,0.0,0.0
Cc1nc2sccn2c(=O)c1CCN1CCC(=C(c2ccc(F)cc2)c2ccc(F)cc2)CC1,477.58000000000015,5.483020000000005,0.0,,0.0,0.0,,0.0,0.0,1.0,0.0,0.0,0.0,0.0
Cc1cc(O)ccc1O,124.13899999999997,1.4062199999999998,0.0,0.0,1.0,,0.0,0.0,,1.0,,0.0,0.0,
Cc1cccc2ccccc12,142.201,3.148220000000002,0.0,0.0,0.0,0.0,0.0,0.0,0.0,0.0,0.0,0.0,0.0,0.0
Cc1cc(Cc2cc(C)cc(C(C)(C)C)c2O)c(O)c(C(C)(C)C)c1,340.5070000000001,5.900440000000007,0.0,,0.0,,,,,,,1.0,1.0,
O=C1CCCCCO1,114.144,1.1036000000000001,0.0,0.0,0.0,0.0,0.0,0.0,0.0,0.0,0.0,0.0,0.0,0.0
O=C(Cl)OCc1ccccc1,170.59500000000003,2.5620000000000003,0.0,0.0,0.0,0.0,0.0,0.0,0.0,0.0,0.0,0.0,0.0,0.0
Cc1ccc2ccccc2c1,142.201,3.148220000000001,0.0,0.0,0.0,0.0,0.0,0.0,0.0,,0.0,0.0,0.0,0.0
Clc1ccc(COC(Cn2ccnc2)c2ccc(Cl)cc2Cl)c(Cl)c1,416.1350000000001,6.454800000000002,0.0,0.0,1.0,1.0,0.0,0.0,0.0,,0.0,,0.0,
CN1CCN2c3ccccc3Cc3ccccc3C2C1,264.372,3.0839000000000016,0.0,,0.0,0.0,,0.0,0.0,0.0,0.0,0.0,,0.0
CC1(C)S[C@@H]2[C@H](NC(=O)[C@H](NC(=O)N3CCN(S(C)(=O)=O)C3=O)c3ccccc3)C(=O)N2[C@H]1C(=O)O,539.5920000000003,-0.23379999999999784,1.0,0.0,0.0,,1.0,0.0,0.0,,0.0,,0.0,0.0
C[C@](N)(Cc1ccc(O)cc1)C(=O)O,195.218,0.7367000000000001,,,,,,,,0.0,,0.0,,
CC(C)(C(=O)c1cccnc1)c1cccnc1,226.279,2.637100000000001,0.0,0.0,0.0,0.0,0.0,0.0,0.0,0.0,0.0,0.0,0.0,0.0
CN1C(CCl)Nc2cc(Cl)c(S(N)(=O)=O)cc2S1(=O)=O,360.2440000000001,0.5983000000000003,0.0,0.0,0.0,0.0,0.0,0.0,0.0,1.0,0.0,0.0,,0.0
CC(=O)Nc1c(I)c(C(=O)N[C@H]2C(O)O[C@H](CO)[C@@H](O)[C@@H]2O)c(I)c(N(C)C(C)=O)c1I,789.0989999999998,-0.028800000000000603,0.0,0.0,0.0,0.0,0.0,0.0,0.0,,0.0,,0.0,0.0
c1ccc2[nH]cnc2c1,118.13899999999998,1.5629,0.0,0.0,0.0,0.0,0.0,0.0,0.0,0.0,0.0,0.0,0.0,0.0
Cc1ccccc1O,108.13999999999999,1.70062,0.0,0.0,0.0,0.0,0.0,0.0,0.0,0.0,0.0,0.0,0.0,0.0
CCN(CCO)c1cccc(C)c1,179.26299999999998,1.81362,0.0,0.0,0.0,0.0,0.0,0.0,0.0,0.0,0.0,0.0,0.0,0.0
CCN(CC)c1ccccc1,149.237,2.532800000000001,0.0,0.0,0.0,0.0,0.0,0.0,0.0,0.0,0.0,0.0,0.0,0.0
CC(=O)CC(=O)c1ccccc1,162.188,1.8484,0.0,0.0,0.0,0.0,1.0,0.0,,0.0,0.0,0.0,0.0,0.0
C1CCC(C2CCCCC2)CC1,166.30799999999996,4.147000000000004,0.0,0.0,0.0,0.0,0.0,0.0,0.0,0.0,0.0,0.0,,0.0
O=C(/C=C/C=C/c1ccc2c(c1)OCO2)N1CCCCC1,285.343,2.997200000000001,0.0,0.0,1.0,,1.0,0.0,0.0,1.0,1.0,0.0,,0.0
CC(C)=CCCC(C)=CC=O,152.237,2.878000000000001,0.0,0.0,0.0,0.0,0.0,0.0,0.0,0.0,0.0,0.0,0.0,0.0
O=CC=Cc1ccccc1,132.16199999999998,1.8987,0.0,0.0,0.0,0.0,0.0,0.0,0.0,0.0,0.0,0.0,0.0,0.0
O=C/C=C/c1ccccc1,132.16199999999998,1.8987,1.0,1.0,0.0,0.0,0.0,0.0,0.0,0.0,0.0,0.0,0.0,0.0
BrCCc1ccccc1,185.06400000000002,2.6240000000000006,0.0,0.0,,0.0,0.0,0.0,0.0,,0.0,0.0,,0.0
CC(C)SCc1ccco1,156.25,2.9212000000000016,0.0,0.0,0.0,0.0,0.0,0.0,0.0,0.0,0.0,0.0,0.0,0.0
ClC(Cl)Cl,119.37800000000001,1.9864,0.0,0.0,0.0,0.0,,0.0,0.0,0.0,0.0,0.0,0.0,0.0
COC(=O)CCSCCC(=O)OC,206.26299999999998,0.8457999999999999,0.0,0.0,0.0,0.0,1.0,0.0,0.0,0.0,0.0,0.0,0.0,0.0
CC(=O)O[Si](C)(OC(C)=O)OC(C)=O,220.25299999999996,0.24439999999999973,,0.0,0.0,0.0,0.0,0.0,0.0,0.0,0.0,0.0,1.0,0.0
ClC(Br)Br,208.28,2.2986000000000004,0.0,0.0,0.0,0.0,0.0,0.0,0.0,0.0,0.0,0.0,0.0,0.0
CC(C)(CCl)C(=O)Cl,155.024,2.0168,0.0,0.0,,,,0.0,0.0,0.0,0.0,,,0.0
ClCc1ccccn1,127.57399999999997,1.8203999999999998,0.0,0.0,0.0,0.0,0.0,0.0,0.0,0.0,0.0,0.0,0.0,0.0
ClCc1cccnc1,127.57399999999997,1.8203999999999998,0.0,0.0,0.0,0.0,0.0,0.0,0.0,0.0,0.0,0.0,0.0,0.0
C[C@]1(Cn2ccnn2)[C@H](C(=O)[O-])N2C(=O)C[C@H]2S1(=O)=O,299.288,-2.857899999999997,0.0,0.0,0.0,0.0,0.0,,,,0.0,0.0,,
CC(C)(C)C(=O)OCC(=O)[C@H]1CC[C@H]2[C@@H]3CCC4=CC(=O)CC[C@]4(C)[C@H]3CC[C@]12C,414.58600000000024,5.292900000000006,1.0,1.0,0.0,0.0,,0.0,0.0,,0.0,,0.0,0.0
C[C@H]1O[C@H](O[C@@H]2[C@@H](CO)O[C@H](O[C@@H]3[C@@H](CO)O[C@@H](O)[C@H](O)[C@H]3O)[C@H](O)[C@H]2O)[C@H](O)[C@@H](O)[C@@H]1N[C@H]1C=C(CO)[C@@H](O)[C@H](O)[C@H]1O,645.6080000000003,-8.564500000000002,0.0,0.0,0.0,0.0,1.0,1.0,0.0,0.0,0.0,0.0,0.0,0.0
C/C=C1\[C@H]2C=C(C)C[C@]1(N)c1ccc(=O)[nH]c1C2,242.32199999999997,1.9975,0.0,0.0,0.0,0.0,0.0,0.0,0.0,0.0,0.0,0.0,0.0,0.0
COc1cccc(-c2ccc(/C=C\CN3CCCCCC3)cc2Cl)c1,355.909,5.904800000000005,0.0,0.0,0.0,,,0.0,0.0,,0.0,0.0,,
COc1cc(C)ccc1C(C)C,164.248,3.1270200000000017,0.0,0.0,0.0,0.0,0.0,0.0,0.0,0.0,0.0,0.0,0.0,0.0
CCCC1CCC(=O)O1,128.171,1.4921,0.0,0.0,0.0,,0.0,0.0,0.0,0.0,0.0,0.0,0.0,0.0
O=CCCc1ccccc1,134.17799999999997,1.8181,0.0,0.0,0.0,0.0,1.0,0.0,0.0,0.0,0.0,0.0,,0.0
CC(C)c1ccc(C(=O)N=C(N)N)cc1S(C)(=O)=O,283.353,0.6271000000000004,0.0,0.0,0.0,0.0,,0.0,0.0,0.0,0.0,0.0,0.0,0.0
O=C(N[C@@H](c1ccccc1)[C@@H]1CCCCN1)c1cccc(C(F)(F)F)c1Cl,396.84000000000003,4.972000000000004,0.0,0.0,0.0,,,0.0,,,0.0,0.0,,0.0
CC1CCC(=O)O1,100.11699999999999,0.7119,0.0,0.0,0.0,0.0,0.0,0.0,0.0,0.0,0.0,0.0,0.0,0.0
N#C[C@@H]1C[C@@H]2C[C@@H]2N1C(=O)[C@@H](N)C12CC3CC(CC(O)(C3)C1)C2,315.4170000000001,1.157979999999999,0.0,0.0,0.0,0.0,0.0,0.0,0.0,0.0,0.0,0.0,0.0,0.0
CC1CC(O)CC(C)(C)C1,142.24199999999996,2.1935000000000002,0.0,0.0,0.0,0.0,0.0,0.0,0.0,0.0,0.0,0.0,0.0,0.0
NC(=O)NC(N)=O,103.081,-1.2666000000000004,0.0,0.0,0.0,0.0,0.0,0.0,0.0,0.0,0.0,0.0,0.0,0.0
CC(C)CC(C)O,102.17699999999998,1.4133,0.0,0.0,0.0,0.0,0.0,0.0,0.0,0.0,0.0,0.0,0.0,0.0
CC1COC(=O)O1,102.08899999999998,0.5417000000000001,0.0,0.0,0.0,0.0,0.0,0.0,0.0,0.0,0.0,0.0,0.0,0.0
CC1(C)S[C@@H]2[C@H](NC(=O)C3(N)CCCCC3)C(=O)N2[C@H]1C(=O)O,341.433,0.2797000000000011,0.0,0.0,0.0,0.0,0.0,0.0,0.0,,0.0,,,0.0
CC(=O)Oc1ccc(C(=C2CCCCC2)c2ccc(OC(C)=O)cc2)cc1,364.44100000000003,5.303200000000005,,,,,,,,1.0,,,,
NS(=O)(=O)c1cc2c(cc1Cl)NC(CC1CCCC1)NS2(=O)=O,379.8910000000002,1.5976000000000001,0.0,0.0,0.0,0.0,0.0,0.0,0.0,0.0,0.0,0.0,0.0,0.0
COc1cc2c(cc1OC)C(=O)C(CC1CCN(Cc3ccccc3)CC1)C2,379.50000000000017,4.361100000000004,0.0,0.0,0.0,,1.0,0.0,0.0,,0.0,0.0,0.0,0.0
CC(C)NCC(O)c1ccccc1Cl,213.708,2.3714000000000004,0.0,0.0,0.0,0.0,0.0,0.0,0.0,0.0,0.0,0.0,0.0,0.0
CCCc1nc(C)c2c(=O)nc(-c3cc(S(=O)(=O)N4CCN(CC)CC4)ccc3OCC)[nH]n12.O=C(O)CC(O)(CC(=O)O)C(=O)O,680.7370000000004,0.8219200000000042,0.0,0.0,0.0,0.0,0.0,0.0,0.0,1.0,0.0,0.0,0.0,0.0
C[C@H]1COc2c(C3(N)CC3)c(F)cc3c(=O)c(C(=O)O)cn1c23,318.30400000000003,1.7400000000000002,0.0,0.0,,0.0,0.0,0.0,0.0,0.0,0.0,0.0,0.0,0.0
CNC1CCCN(c2c(F)cc3c(=O)c(C(=O)O)cn(C4CC4)c3c2OC)C1,389.4270000000002,2.3705000000000007,0.0,0.0,,0.0,0.0,0.0,0.0,0.0,0.0,0.0,0.0,0.0
Cc1c(F)c(N2CCNC(C)C2)cc2c1c(=O)c(C(=O)O)cn2C1CC1,359.4010000000001,2.28022,,,,,,,,,,0.0,,
COc1ccc(C(=O)NCc2ccc(OCCN(C)C)cc2)cc1OC,358.4380000000001,2.574200000000001,0.0,0.0,0.0,0.0,0.0,0.0,0.0,0.0,0.0,0.0,0.0,0.0
CCC(C)(C)c1ccc(CC(C)CN2C[C@H](C)O[C@H](C)C2)cc1,317.517,4.662000000000004,0.0,0.0,0.0,,,0.0,0.0,,0.0,0.0,1.0,
CCOC(=O)c1ccc(C#Cc2ccc3c(c2)C(C)(C)CCS3)nc1,351.47100000000006,4.431500000000004,0.0,0.0,0.0,1.0,0.0,0.0,0.0,,0.0,,,
C=COCCCCO,116.16,0.9189999999999998,0.0,0.0,0.0,0.0,0.0,0.0,0.0,0.0,0.0,0.0,0.0,0.0
NCC(=O)O,75.067,-0.9702999999999999,,,,,,,,0.0,,0.0,,
OCC1CO1,74.07900000000001,-0.6225,0.0,0.0,0.0,0.0,0.0,0.0,0.0,0.0,0.0,0.0,0.0,0.0
CCCCOC(=O)c1ccccc1,178.231,2.6435000000000013,0.0,0.0,0.0,0.0,1.0,0.0,0.0,0.0,0.0,0.0,0.0,0.0
Cc1c(Cl)cccc1Cl,161.03099999999998,3.301820000000001,0.0,0.0,0.0,0.0,0.0,0.0,0.0,0.0,0.0,0.0,,0.0
CCC1COC(=O)O1,116.11599999999999,0.9318,0.0,0.0,0.0,0.0,0.0,0.0,0.0,0.0,0.0,0.0,0.0,0.0
Cc1cc(C(C)(C)C)c(O)c(C)c1CC1=NCCN1,260.3809999999999,2.850740000000001,0.0,0.0,0.0,0.0,0.0,0.0,0.0,0.0,0.0,0.0,0.0,0.0
CC(=O)O[C@H](CC(=O)[O-])C[N+](C)(C)C,203.23799999999997,-1.2356999999999976,0.0,0.0,0.0,0.0,0.0,0.0,0.0,0.0,0.0,0.0,0.0,0.0
CC(C)COP(=O)(OCC(C)C)OCC(C)C,266.318,4.112300000000004,0.0,0.0,0.0,,0.0,0.0,0.0,0.0,0.0,0.0,,0.0
O=C(O)C(c1ccc(Cl)cc1)c1ccc(Cl)cc1,281.138,4.209900000000002,0.0,0.0,0.0,0.0,,0.0,1.0,0.0,0.0,0.0,0.0,0.0
N=C(N)NCCN1CCCCCCC1,198.31399999999994,0.7355699999999996,,,,,,,,0.0,,0.0,,
CCOc1ccccc1O,138.16599999999997,1.7908999999999997,0.0,0.0,0.0,0.0,0.0,0.0,0.0,0.0,0.0,0.0,0.0,0.0
CC(C)c1ccc(O)c(C(C)C)c1,178.27499999999998,3.639000000000003,0.0,0.0,0.0,,0.0,0.0,0.0,,0.0,0.0,1.0,
CC(C)C(=O)OCCOc1ccccc1,208.257,2.2646000000000006,0.0,0.0,0.0,0.0,0.0,0.0,0.0,0.0,0.0,0.0,0.0,0.0
C=C(C)[C@H]1CN[C@H](C(=O)O)[C@H]1CC(=O)O,213.23299999999998,0.3259999999999995,0.0,0.0,0.0,0.0,0.0,0.0,0.0,0.0,0.0,0.0,0.0,1.0
O=C1c2ccccc2-c2n[nH]c3cccc1c23,220.231,2.774300000000001,0.0,0.0,,,0.0,,0.0,,0.0,,1.0,1.0
Cc1ccccc1C,106.16799999999999,2.30344,0.0,0.0,0.0,0.0,0.0,0.0,0.0,0.0,0.0,0.0,0.0,0.0
CN(C)CC[C@@H](c1ccc(Cl)cc1)c1ccccn1,274.795,3.8186000000000027,,0.0,0.0,,0.0,0.0,,0.0,0.0,0.0,0.0,0.0
c1ccc(C(O[C@H]2CCCN(CCc3ccc4c(c3)OCO4)C2)c2ccccc2)cc1,415.53300000000013,5.228400000000005,0.0,0.0,,0.0,0.0,0.0,,0.0,0.0,0.0,,0.0
OC[C@H]1O[C@@H](OCCc2ccc(O)cc2)[C@H](O)[C@@H](O)[C@@H]1O,300.307,-1.2488000000000008,,,,,,,,0.0,,0.0,,
Cc1ccc(Nc2c(F)cccc2Cl)c(CC(=O)O)c1,293.725,4.158220000000002,0.0,0.0,,0.0,0.0,0.0,1.0,,0.0,0.0,,0.0
C[C@@H](C1=C(CCN(C)C)Cc2ccccc21)c1ccccn1,292.426,4.146700000000004,0.0,0.0,0.0,0.0,0.0,0.0,0.0,0.0,0.0,0.0,0.0,0.0
CC(C)OC(=O)c1cc2c(OCC(O)CNC(C)(C)C)cccc2[nH]1,348.44300000000004,2.860900000000001,0.0,0.0,,0.0,0.0,0.0,0.0,0.0,0.0,0.0,0.0,0.0
CC1=NN(c2ccc(S(=O)(=O)O)cc2)C(=O)C1,254.26699999999997,1.0459,0.0,0.0,0.0,0.0,0.0,0.0,0.0,0.0,0.0,0.0,0.0,0.0
FC(F)(F)C(=NOCC1OCCO1)c1ccc(Cl)cc1,309.671,2.9959000000000016,0.0,0.0,0.0,0.0,0.0,0.0,0.0,0.0,0.0,0.0,0.0,0.0
CN(C)Cc1cc(C(C)(C)C)c(O)c(C(C)(C)C)c1,263.42499999999995,4.0488000000000035,0.0,0.0,0.0,0.0,,0.0,0.0,1.0,0.0,0.0,,0.0
CC1CC(=O)CC(C)(C)C1,140.22599999999997,2.401700000000001,0.0,0.0,0.0,0.0,0.0,0.0,0.0,0.0,0.0,0.0,,0.0
CCn1c2ccccc2c2cc([N+](=O)[O-])ccc21,240.26199999999997,3.7226000000000026,0.0,1.0,,0.0,0.0,0.0,,0.0,0.0,1.0,,1.0
CCc1ccc2c(c1)C(=O)c1ccccc1C2=O,236.26999999999998,3.024400000000001,0.0,0.0,1.0,,1.0,0.0,0.0,1.0,1.0,0.0,1.0,0.0
CC(C)(C1CCC(O)CC1)C1CCC(O)CC1,240.38699999999994,3.1148000000000016,0.0,0.0,0.0,0.0,1.0,,0.0,0.0,0.0,0.0,,0.0
CCC(C)(C)c1cc(O)c(C(C)(C)CC)cc1O,250.38199999999995,4.473000000000005,0.0,,0.0,,0.0,0.0,,1.0,0.0,,1.0,
C=C(C)C(=O)OC1CC(C)CC(C)(C)C1,210.31699999999992,3.320500000000002,0.0,0.0,0.0,0.0,0.0,0.0,0.0,0.0,0.0,0.0,,0.0
CN1[C@H]2C[C@H](OC(=O)[C@H](CO)c3ccccc3)C[C@@H]1[C@H]1O[C@@H]21,303.358,0.9180999999999995,0.0,0.0,0.0,0.0,1.0,0.0,0.0,0.0,0.0,0.0,0.0,0.0
C=CCc1ccc2c(c1)OCO2,162.18799999999993,2.1437999999999997,0.0,0.0,0.0,0.0,0.0,0.0,0.0,0.0,0.0,0.0,0.0,0.0
CC(C)(C)NCC(O)c1ccc(O)c(CO)c1,239.315,1.3059999999999998,0.0,0.0,0.0,0.0,0.0,0.0,0.0,0.0,0.0,0.0,0.0,0.0
O=C(O)c1cc(/N=N/c2ccc(S(=O)(=O)Nc3ccccn3)cc2)ccc1O,398.4000000000001,3.7016000000000013,0.0,0.0,0.0,0.0,0.0,0.0,0.0,0.0,0.0,0.0,0.0,0.0
O=C1NS(=O)(=O)c2ccccc21,183.18800000000002,0.11869999999999997,0.0,0.0,0.0,0.0,0.0,0.0,0.0,0.0,0.0,0.0,0.0,0.0
O=C1[N-]S(=O)(=O)c2ccccc21,182.18,0.9028,0.0,0.0,0.0,0.0,1.0,0.0,0.0,0.0,0.0,0.0,0.0,0.0
C=CCCCCCCCCCCCC,196.37799999999996,5.483400000000005,0.0,0.0,0.0,0.0,0.0,0.0,0.0,0.0,0.0,0.0,0.0,0.0
CN(C)CCC(O)(c1ccccc1)c1ccccc1Cl,289.80600000000004,3.5276000000000023,0.0,0.0,,0.0,0.0,0.0,0.0,,0.0,,0.0,0.0
NC(=O)[O-],60.032000000000004,-1.7115999999999998,0.0,0.0,0.0,0.0,0.0,0.0,0.0,0.0,0.0,0.0,0.0,0.0
CC(C)(CO)COC(=O)C(C)(C)CO,204.26599999999996,0.5665999999999998,0.0,0.0,0.0,0.0,0.0,0.0,0.0,0.0,0.0,0.0,0.0,0.0
CC(=O)OCC1=C(C(=O)O)N2C(=O)[C@@H](NC(=O)Cc3cccs3)[C@H]2SC1,396.4460000000001,0.5923000000000007,,,,,,,,,,1.0,,
CC1=C(C(=O)O)N2C(=O)[C@@H](NC(=O)[C@H](N)c3ccccc3)[C@H]2SC1,347.3960000000001,0.4449000000000012,,,,,,,,,,0.0,,
O=C(O)C[C@H](NC(=O)OCc1ccccc1)C(=O)O,267.23699999999997,0.8407,0.0,0.0,0.0,0.0,0.0,0.0,0.0,1.0,0.0,0.0,0.0,0.0
CC(=O)C=CC1=C(C)CCCC1(C)C,192.30199999999996,3.6582000000000026,0.0,0.0,0.0,0.0,0.0,0.0,0.0,0.0,0.0,0.0,0.0,0.0
Clc1ccc2c(c1)CCc1cccnc1C2=C1CCNCC1,310.8280000000001,4.018900000000002,0.0,0.0,0.0,,,0.0,0.0,0.0,0.0,0.0,,0.0
O=C(Nc1ccccc1)c1ccccc1O,213.236,2.644500000000001,0.0,,1.0,,,,,1.0,0.0,,1.0,
CCOC(=O)c1ccccc1C(=O)OCC,222.23999999999995,2.04,0.0,0.0,0.0,0.0,0.0,0.0,0.0,0.0,0.0,0.0,0.0,0.0
CCCCOC(=O)c1ccccc1C(=O)OCCCC,278.348,3.600400000000003,0.0,0.0,0.0,0.0,1.0,0.0,0.0,0.0,0.0,0.0,0.0,0.0
O=[N+]([O-])c1ccc(O)cc1C(F)(F)F,207.10699999999994,2.3191999999999995,0.0,,,,,,,,0.0,0.0,,1.0
NC(=O)c1ccccc1N,136.15399999999994,0.3677,0.0,0.0,0.0,0.0,0.0,0.0,0.0,0.0,0.0,0.0,0.0,0.0
Nc1ccc(/N=N\c2ccccc2)c(N)c1,212.25600000000003,3.2664,0.0,,1.0,,1.0,0.0,,1.0,1.0,0.0,1.0,0.0
CC1CC(OC(=O)C(O)c2ccccc2)CC(C)(C)N1C,291.391,2.5245000000000006,0.0,0.0,0.0,0.0,1.0,,0.0,0.0,0.0,0.0,0.0,0.0
c1ccc2c(c1)[nH]c1cnccc12,168.19899999999998,2.7161,0.0,0.0,1.0,0.0,0.0,0.0,0.0,0.0,0.0,,0.0,
C#C[C@]1(OC(C)=O)CC[C@H]2[C@@H]3CCC4=CC(=O)CC[C@@H]4[C@H]3CC[C@@]21C,340.46300000000014,4.0633000000000035,1.0,1.0,0.0,,1.0,1.0,,,,,0.0,0.0
O=C(OOC(=O)c1ccccc1)c1ccccc1,242.23000000000002,2.615400000000001,,,,,,,,0.0,,0.0,,
NC(=O)N=NC(N)=O,116.08,-0.40399999999999986,0.0,0.0,0.0,0.0,0.0,0.0,0.0,0.0,0.0,0.0,,0.0
COc1ccc(N=[N+]([O-])c2ccc(OC)cc2)cc1,258.277,3.629500000000002,1.0,0.0,1.0,,1.0,0.0,0.0,1.0,1.0,0.0,,0.0
[O-][N+](=Nc1ccccc1)c1ccccc1,198.225,3.612300000000002,0.0,0.0,1.0,,1.0,0.0,0.0,1.0,0.0,0.0,1.0,0.0
CC[C@@H](C)CCCCC(=O)N[C@@H](CCNCS(=O)(=O)[O-])C(=O)N[C@H](C(=O)N[C@@H](CCNCS(=O)(=O)[O-])C(=O)N[C@H]1CCNC(=O)[C@H]([C@@H](C)O)NC(=O)[C@H](CCNCS(=O)(=O)[O-])NC(=O)[C@H](CCNCS(=O)(=O)[O-])NC(=O)[C@H](CC(C)C)NC(=O)[C@@H](CC(C)C)NC(=O)[C@H](CCNCS(=O)(=O)[O-])NC1=O)[C@@H](C)O,1634.8970000000002,-9.773399999999958,0.0,0.0,0.0,0.0,0.0,0.0,,,0.0,,0.0,0.0
ClC(Cl)=C(Cl)C(Cl)=C(Cl)Cl,260.762,4.7574,0.0,0.0,0.0,0.0,0.0,0.0,0.0,0.0,0.0,0.0,0.0,0.0
Clc1c(Cl)c(Cl)c(Cl)c(Cl)c1Cl,284.784,5.606999999999999,0.0,0.0,0.0,0.0,0.0,0.0,0.0,0.0,0.0,0.0,,0.0
CCOC(=O)CC(C)=O,130.143,0.5286,0.0,0.0,0.0,0.0,0.0,0.0,0.0,0.0,0.0,0.0,0.0,0.0
C1CCCNCCC1,113.204,1.5401,0.0,0.0,0.0,0.0,0.0,0.0,0.0,0.0,0.0,0.0,0.0,0.0
CCCCC(CC)COC(=O)/C=C\C(=O)OCC(CC)CCCC,340.5040000000002,5.061800000000005,0.0,0.0,0.0,0.0,0.0,0.0,0.0,1.0,0.0,0.0,0.0,0.0
Cl[C@H]1[C@H](Cl)[C@@H](Cl)[C@@H](Cl)[C@H](Cl)[C@H]1Cl,290.832,3.644400000000001,0.0,0.0,0.0,,0.0,0.0,0.0,0.0,0.0,0.0,,0.0
CC(C)(O)C#CC(C)(C)O,142.198,0.5316000000000001,0.0,0.0,0.0,0.0,0.0,0.0,0.0,0.0,0.0,0.0,0.0,0.0
CC(=O)[O-].CC(=O)[O-].[Mg+2],142.393,-2.8683999999999985,0.0,0.0,0.0,0.0,1.0,,0.0,0.0,0.0,0.0,0.0,0.0
O=C(O)CNCC(=O)O,133.103,-1.2548,0.0,0.0,0.0,0.0,0.0,0.0,0.0,0.0,0.0,0.0,0.0,0.0
CCCCCCCC/C=C\CCCCCCCC(=O)OCCCC,338.5760000000001,7.367200000000008,0.0,0.0,0.0,0.0,0.0,0.0,0.0,,0.0,0.0,,0.0
ClC(Cl)(Cl)C(Cl)(Cl)Cl,236.74,3.7268,,,,0.0,0.0,0.0,0.0,0.0,0.0,0.0,0.0,0.0
ClC1=C(Cl)C(Cl)(Cl)C(Cl)=C1Cl,272.773,4.5523,0.0,0.0,0.0,1.0,0.0,0.0,,,,1.0,,
CN1CCN(C2=Nc3cc(F)ccc3Cc3ccccc32)CC1,309.3880000000001,3.055600000000002,0.0,0.0,0.0,0.0,,0.0,0.0,0.0,0.0,0.0,,0.0
C=CCCC(=O)O,100.11699999999998,1.0372000000000001,0.0,0.0,0.0,0.0,,0.0,0.0,0.0,0.0,0.0,0.0,0.0
CN=C=O,57.052,-0.04799999999999999,0.0,0.0,0.0,0.0,0.0,0.0,0.0,0.0,0.0,0.0,,0.0
[Na]I,149.894,0.5049,0.0,0.0,0.0,0.0,0.0,0.0,0.0,0.0,0.0,0.0,0.0,0.0
C[N+](C)(C)Cc1ccccc1,150.24499999999998,1.8928,0.0,0.0,0.0,0.0,0.0,0.0,0.0,0.0,0.0,0.0,0.0,0.0
COc1cccc(C=O)c1,136.14999999999998,1.5076999999999998,0.0,0.0,0.0,0.0,0.0,0.0,0.0,0.0,0.0,0.0,0.0,0.0
C[N+](C)(C)CC(=O)O,118.15599999999998,-0.22280000000000016,0.0,0.0,0.0,0.0,0.0,0.0,0.0,0.0,0.0,0.0,0.0,0.0
Cc1ccccc1CCl,140.613,2.7338200000000006,0.0,0.0,0.0,0.0,0.0,0.0,0.0,0.0,0.0,0.0,0.0,0.0
CCC(C)c1cccc(C(C)CC)c1O,206.32899999999995,4.4192000000000045,0.0,0.0,0.0,,0.0,0.0,0.0,0.0,0.0,0.0,1.0,0.0
CCCC[N+](C)(CCCC)CCCC,200.38999999999993,3.833300000000003,0.0,0.0,0.0,0.0,0.0,0.0,0.0,0.0,0.0,0.0,0.0,0.0
CC(=O)CC(c1ccccc1)c1c(O)c2ccccc2oc1=O,308.3330000000001,3.609600000000003,0.0,0.0,0.0,0.0,0.0,0.0,1.0,0.0,0.0,0.0,1.0,0.0
CN1[C@H]2CC[C@@H]1C[C@H](O)C2,141.21399999999997,0.6038999999999999,0.0,0.0,0.0,0.0,0.0,0.0,0.0,,0.0,0.0,0.0,0.0
O=C1c2ccccc2CCc2ccccc21,208.26,3.0162000000000013,0.0,0.0,0.0,,1.0,,0.0,0.0,0.0,0.0,,0.0
N=C(N)Nc1ccc(C(=O)Oc2ccc3cc(C(=N)N)ccc3c2)cc1,347.37800000000004,2.648440000000001,0.0,0.0,0.0,0.0,0.0,0.0,0.0,,0.0,0.0,,0.0
BrCCCCCBr,229.94299999999998,2.9465000000000012,0.0,0.0,0.0,0.0,0.0,0.0,0.0,0.0,0.0,0.0,0.0,0.0
NCCc1ccc(O)cc1,137.18199999999996,0.8934,0.0,0.0,0.0,0.0,1.0,0.0,0.0,0.0,0.0,0.0,0.0,0.0
CC(C)C(=O)OCC(=O)[C@@]12O[C@H](C3CCCCC3)O[C@@H]1C[C@H]1[C@@H]3CCC4=CC(=O)C=C[C@]4(C)[C@H]3[C@@H](O)C[C@@]12C,540.6970000000002,4.703900000000005,1.0,,0.0,,,0.0,0.0,,0.0,,1.0,0.0
C[C@@H]1O[C@@H](O[C@@H]2[C@@H](O)[C@H](OCCc3ccc(O)c(O)c3)O[C@H](CO[C@@H]3O[C@H](CO)[C@@H](O)[C@H](O)[C@H]3O)[C@H]2OC(=O)/C=C/c2ccc(O)c(O)c2)[C@H](O)[C@H](O)[C@H]1O,786.7330000000005,-3.191699999999994,0.0,0.0,0.0,0.0,,0.0,0.0,,0.0,0.0,0.0,0.0
CCCCCCCCCCCC[N+](C)(C)CCOc1ccccc1,334.568,6.062700000000007,0.0,,0.0,,,0.0,,,,,1.0,
NCC(O)c1ccc(O)cc1,153.18099999999998,0.3843,0.0,0.0,0.0,0.0,0.0,0.0,0.0,0.0,0.0,0.0,0.0,0.0
O=CNNC=O,88.06599999999999,-1.6066000000000005,0.0,0.0,0.0,0.0,0.0,0.0,0.0,0.0,0.0,0.0,0.0,0.0
CCNC(=S)NCC,132.232,0.49030000000000007,0.0,0.0,0.0,0.0,1.0,0.0,0.0,0.0,0.0,0.0,0.0,0.0
CC/C(=C(/CC)c1ccc(O)cc1)c1ccc(O)cc1,268.356,4.828600000000005,0.0,0.0,0.0,,1.0,1.0,0.0,1.0,0.0,1.0,1.0,1.0
CCOC(=O)/C=C\C(=O)OCC,172.17999999999995,0.6688,0.0,0.0,0.0,0.0,0.0,0.0,0.0,1.0,0.0,0.0,0.0,0.0
CCN(C=O)CC,101.149,0.48460000000000003,0.0,0.0,0.0,0.0,0.0,0.0,0.0,0.0,0.0,0.0,0.0,0.0
OCCOCCO,106.121,-1.0124,0.0,0.0,0.0,0.0,0.0,0.0,0.0,0.0,0.0,0.0,0.0,0.0
CC(C)(C)S,90.19099999999999,1.7147,0.0,0.0,0.0,0.0,0.0,0.0,0.0,0.0,0.0,0.0,0.0,0.0
CCCOC(=O)c1ccc(O)cc1,180.20299999999997,1.9589999999999999,0.0,0.0,,,1.0,1.0,0.0,,0.0,0.0,1.0,0.0
O=C(OCc1ccccc1)c1ccc(O)cc1,228.24699999999999,2.749200000000001,0.0,0.0,0.0,,1.0,1.0,0.0,0.0,1.0,1.0,,0.0
CCCCC(CC)COC(=O)c1ccc(O)cc1,250.338,3.765400000000003,0.0,0.0,0.0,,1.0,1.0,0.0,0.0,0.0,,1.0,
CC(=O)c1ccc(Cl)c(Cl)c1Cl,223.486,3.849400000000001,0.0,0.0,,0.0,0.0,0.0,0.0,0.0,0.0,0.0,,
CCCCCCCOC(=O)c1ccc(O)cc1,236.311,3.5194000000000027,0.0,0.0,0.0,,1.0,1.0,0.0,0.0,0.0,0.0,1.0,0.0
CC(C)COC(=O)c1ccccc1C(=O)OCC(C)C,278.348,3.3122000000000025,0.0,0.0,0.0,0.0,1.0,1.0,0.0,0.0,0.0,0.0,0.0,0.0
CC(C)CCCCCCOC(=O)c1ccccc1C(=O)OCCCCCCC(C)C,418.6180000000004,7.2132000000000085,0.0,0.0,0.0,0.0,0.0,0.0,0.0,0.0,0.0,0.0,0.0,0.0
CCOC(=O)C=Cc1ccccc1,176.215,2.2629,0.0,0.0,0.0,0.0,0.0,0.0,0.0,0.0,0.0,0.0,0.0,0.0
COC(=O)c1ccc(O)cc1,152.149,1.1788,0.0,0.0,0.0,0.0,0.0,0.0,0.0,0.0,0.0,0.0,0.0,0.0
CCOC(=O)c1ccc(O)cc1,166.176,1.5689,0.0,0.0,0.0,,1.0,0.0,0.0,0.0,0.0,0.0,0.0,0.0
NCCc1cnc[nH]1,111.14799999999998,-0.08910000000000035,0.0,0.0,0.0,0.0,0.0,0.0,0.0,0.0,0.0,0.0,0.0,0.0
CCCCCCCC/C=C\CCCCCCCC(=O)O,282.4679999999999,6.1085000000000065,0.0,0.0,0.0,0.0,0.0,0.0,0.0,0.0,0.0,0.0,0.0,0.0
CN1C(=O)C(C)(C2=CCCCC2)C(=O)N=C1O,236.27099999999996,1.4057,0.0,0.0,0.0,0.0,0.0,0.0,0.0,0.0,0.0,0.0,0.0,0.0
COS(=O)(=O)[O-].C[N+]1(C)CCN(CC(O)(c2ccccc2)C2CCCCC2)CC1,428.59500000000025,1.939500000000001,0.0,0.0,0.0,0.0,0.0,0.0,0.0,,0.0,,0.0,0.0
CCCCCCCCn1sccc1=O,213.346,3.2703000000000024,0.0,0.0,0.0,,,,,,0.0,1.0,1.0,1.0
C=CCCCCCC,112.216,3.142800000000002,0.0,0.0,0.0,0.0,0.0,0.0,0.0,0.0,0.0,,0.0,0.0
CCCCCCCCOc1ccc(C(=O)O)cc1,250.33800000000002,4.124100000000003,0.0,0.0,,,0.0,0.0,,,0.0,,1.0,
CCN(CC)CCNc1ccc(CO)c2sc3ccccc3c(=O)c12,356.4910000000001,3.660700000000002,0.0,1.0,1.0,,,0.0,,,0.0,0.0,,1.0
O=c1ccc2cc(O[C@@H]3O[C@H](CO)[C@@H](O)[C@H](O)[C@H]3O)c(O)cc2o1,340.2840000000001,-1.322700000000001,0.0,,0.0,0.0,0.0,,,,0.0,,0.0,1.0
c1ccc2c(c1)CCCC2C1=NCCN1,200.285,2.1082,0.0,0.0,,0.0,0.0,0.0,0.0,0.0,0.0,0.0,,0.0
Cc1cccc(N(C)C(=S)Oc2ccc3ccccc3c2)c1,307.41800000000006,4.948320000000003,0.0,0.0,,,,0.0,0.0,,0.0,0.0,0.0,0.0
CC(CN(C)C)CN1c2ccccc2CCc2ccccc21,294.442,4.121000000000003,0.0,0.0,0.0,0.0,0.0,0.0,,0.0,0.0,0.0,,0.0
CC1=C2[C@H]3OC(=O)[C@@H](C)[C@@H]3CC[C@@]2(C)C=CC1=O,246.30599999999995,2.419600000000001,0.0,0.0,0.0,0.0,0.0,0.0,0.0,0.0,0.0,0.0,0.0,0.0
C[C@H]1[C@H]2[C@H](C[C@H]3[C@@H]4CC[C@H]5C[C@@H](O)CC[C@]5(C)[C@H]4CC(=O)[C@@]32C)O[C@]12CC[C@@H](C)CO2,430.62900000000036,4.972800000000005,0.0,0.0,0.0,0.0,0.0,0.0,0.0,0.0,0.0,0.0,0.0,0.0
c1ccc2sc(SSN3CCOCC3)nc2c1,284.431,3.283800000000002,0.0,0.0,1.0,,0.0,0.0,1.0,0.0,0.0,1.0,1.0,0.0
N#Cc1nn(-c2c(Cl)cc(C(F)(F)F)cc2Cl)c(N)c1S(=O)C(F)(F)F,437.15200000000004,4.279179999999999,0.0,0.0,0.0,,,0.0,0.0,1.0,0.0,0.0,,
CC(Cc1ccc(C(C)(C)C)cc1)CN1C[C@H](C)O[C@H](C)C1,303.49000000000007,4.271900000000004,0.0,0.0,0.0,0.0,0.0,0.0,0.0,,0.0,0.0,,0.0
CC(C)C(=O)Nc1ccc([N+](=O)[O-])c(C(F)(F)F)c1,276.21399999999994,3.2081000000000017,0.0,0.0,0.0,1.0,,0.0,0.0,1.0,0.0,0.0,1.0,0.0
FC(F)C(F)(F)OCC(Cn1cncn1)c1ccc(Cl)cc1Cl,372.1490000000001,4.2432000000000025,0.0,,1.0,1.0,,0.0,,,,0.0,,
CCOP(=O)(OCC)OP(=O)(OCC)OCC,290.189,3.3652000000000024,0.0,0.0,0.0,0.0,,0.0,0.0,,0.0,0.0,0.0,0.0
O=C1N=C2SCCN2C(=O)C1Cc1ccc(Cl)cc1,294.76300000000003,1.9703,0.0,0.0,0.0,0.0,0.0,0.0,0.0,,0.0,,0.0,0.0
O=C1NC2NC(=O)NC2N1,142.118,-1.7358000000000005,0.0,0.0,,0.0,0.0,0.0,0.0,0.0,0.0,0.0,0.0,0.0
CN1[C@H]2CC[C@@H]1[C@@H](C(=O)O)[C@@H](OC(=O)c1ccccc1)C2,289.331,1.7792999999999992,0.0,0.0,0.0,0.0,0.0,0.0,0.0,,0.0,,0.0,0.0
C[N@+]12CCCC[C@@H]1CCC(=C(c1cccs1)c1cccs1)C2,330.5420000000001,5.404400000000005,0.0,0.0,0.0,0.0,0.0,0.0,0.0,,0.0,,0.0,0.0
CC1(C)O[C@@H]2C[C@H]3[C@@H]4CCC5=CC(=O)C=C[C@]5(C)[C@H]4[C@@H](O)C[C@]3(C)[C@]2(C(=O)CO)O1,416.51400000000024,2.326700000000001,1.0,0.0,0.0,,1.0,0.0,0.0,0.0,,0.0,0.0,0.0
CCOc1cc(N)c(Cl)cc1C(=O)NCC1CN(Cc2ccc(F)cc2)CCO1.O=C(O)CC(O)(CC(=O)O)C(=O)O,614.0230000000004,1.8423,0.0,0.0,1.0,0.0,0.0,0.0,,,0.0,0.0,,0.0
O=C(c1cc2ccccc2o1)N1CCN(Cc2ccccc2)CC1,320.39200000000005,3.3908000000000023,0.0,0.0,0.0,,0.0,0.0,0.0,,0.0,,0.0,0.0
C[C@H]1CN(c2c(F)c(F)c3c(=O)c(C(=O)O)cn(C4CC4)c3c2F)C[C@@H](C)N1,395.38100000000014,2.6385000000000005,1.0,1.0,0.0,0.0,0.0,0.0,0.0,1.0,0.0,0.0,0.0,0.0
COc1ccc(Cc2cnc(N)nc2N)cc1OC,260.29699999999997,1.2489999999999999,0.0,0.0,0.0,0.0,0.0,0.0,0.0,0.0,0.0,0.0,0.0,0.0
C=C[C@]1(C)C[C@@H](OC(=O)CSC(C)(C)CNC(=O)[C@H](N)C(C)C)[C@]2(C)[C@H](C)CC[C@]3(CCC(=O)[C@H]32)[C@@H](C)[C@@H]1O,564.8330000000004,4.5042000000000035,0.0,0.0,0.0,,,0.0,,,0.0,,,0.0
Cc1cnc(C(=O)O)c[n+]1[O-],154.12499999999997,-0.2783799999999999,0.0,0.0,0.0,0.0,0.0,0.0,0.0,,0.0,,0.0,0.0
O=C1c2ccccc2C(=O)c2cc(O)ccc21,224.21499999999997,2.1676,0.0,,1.0,,1.0,1.0,0.0,1.0,1.0,0.0,1.0,0.0
CCNc1nc(NC(C)(C)C)nc(SC)n1,241.364,2.2356999999999996,0.0,0.0,,0.0,0.0,0.0,0.0,1.0,0.0,0.0,1.0,0.0
CNC(=O)N(C)c1nnc(C(C)(C)C)s1,228.321,1.6111999999999997,0.0,0.0,0.0,0.0,0.0,0.0,0.0,0.0,0.0,0.0,0.0,0.0
Cc1[nH]c(=O)n(C(C)(C)C)c(=O)c1Cl,216.66799999999998,1.25342,0.0,0.0,0.0,0.0,0.0,0.0,0.0,0.0,0.0,0.0,0.0,0.0
CCCCC(C#N)(Cn1cncn1)c1ccc(Cl)cc1,288.78200000000004,3.583280000000002,0.0,0.0,0.0,1.0,0.0,0.0,0.0,0.0,0.0,0.0,0.0,0.0
O=C([O-])CF,77.03399999999999,-1.2942,0.0,0.0,0.0,0.0,0.0,0.0,0.0,0.0,0.0,0.0,0.0,0.0
CCCCOCC(C)OCC(C)O,190.283,1.589,0.0,0.0,0.0,0.0,0.0,0.0,0.0,0.0,0.0,0.0,0.0,0.0
C=CC(=O)OCCOCC(CC)(COCCOC(=O)C=C)COCCOC(=O)C=C,428.4780000000003,1.6202,0.0,1.0,0.0,,,,1.0,1.0,1.0,,0.0,0.0
C=CC(=O)OCCCCCC(C)C,184.279,2.9320000000000013,0.0,0.0,0.0,0.0,1.0,0.0,0.0,0.0,0.0,0.0,0.0,0.0
Cl/C=C/Cl,96.94400000000002,1.9352,0.0,0.0,0.0,0.0,0.0,0.0,0.0,0.0,0.0,0.0,0.0,0.0
Cl/C=C\Cl,96.94400000000002,1.9352,0.0,0.0,0.0,,0.0,0.0,0.0,,0.0,,0.0,0.0
O=C(O)CCCOc1ccc(Cl)cc1Cl,249.09300000000002,3.237000000000002,0.0,,,,0.0,0.0,0.0,0.0,0.0,0.0,,0.0
C=Cc1ccc(C)cc1,118.17899999999997,2.638020000000001,0.0,0.0,0.0,0.0,0.0,0.0,0.0,0.0,0.0,0.0,0.0,0.0
OCC(Cl)CCl,128.986,0.8249,0.0,0.0,0.0,0.0,0.0,0.0,0.0,0.0,0.0,0.0,0.0,0.0
OCCN1C[C@H](O)[C@@H](O)[C@H](O)[C@H]1CO,207.226,-3.262099999999999,0.0,0.0,0.0,0.0,0.0,0.0,0.0,0.0,0.0,0.0,0.0,0.0
CCCCOC(=O)CC(CC(=O)OCCCC)(OC(C)=O)C(=O)OCCCC,402.4840000000002,3.0984000000000016,0.0,0.0,0.0,0.0,0.0,0.0,0.0,0.0,0.0,0.0,0.0,0.0
NC(=O)Nc1ccc(Cl)c(Cl)c1,205.04399999999998,2.484000000000001,0.0,0.0,,0.0,0.0,0.0,0.0,,0.0,0.0,1.0,
O=C(O)c1cccc(C(F)(F)F)c1,190.11999999999995,2.4036,0.0,0.0,0.0,0.0,0.0,0.0,0.0,0.0,0.0,0.0,0.0,0.0
O=S1(=O)CC(Cl)(Cl)C(Cl)(Cl)C1,257.95300000000003,1.7626,0.0,,,,,1.0,1.0,,1.0,1.0,,
COC(=O)c1ccc(OC)cc1,166.176,1.4818,0.0,0.0,0.0,,0.0,0.0,,0.0,0.0,0.0,0.0,0.0
COC(OC)OC,106.121,0.20920000000000005,0.0,0.0,0.0,0.0,0.0,0.0,0.0,0.0,0.0,0.0,0.0,0.0
O=C(O)c1snc(Cl)c1Cl,198.03,2.1481,0.0,0.0,1.0,0.0,0.0,0.0,0.0,,0.0,0.0,0.0,0.0
Nc1ccc(Cl)cc1[N+](=O)[O-],172.571,1.8304,0.0,0.0,,0.0,,0.0,0.0,0.0,0.0,0.0,1.0,0.0
CN(C)CCN(Cc1cccs1)c1ccccn1.CN(C)CCN(Cc1cccs1)c1ccccn1,522.7880000000002,5.422600000000005,0.0,0.0,0.0,0.0,0.0,0.0,0.0,0.0,0.0,0.0,0.0,0.0
CCCC(=O)OCCC(C)CCC=C(C)C,226.35999999999996,4.102300000000004,0.0,0.0,0.0,0.0,0.0,0.0,0.0,0.0,0.0,,0.0,0.0
C=CCc1ccc(OC(=O)Cc2ccccc2)c(OC)c1,282.339,3.5718000000000023,0.0,0.0,,0.0,1.0,0.0,0.0,0.0,0.0,0.0,0.0,0.0
Cc1ccc(OC(=O)CC(C)C)cc1,192.258,2.9465200000000014,0.0,0.0,0.0,,0.0,0.0,0.0,0.0,0.0,0.0,0.0,0.0
CCC(C)C1N=C(C)C(C)S1,171.309,2.9548000000000014,0.0,0.0,0.0,0.0,0.0,0.0,0.0,0.0,0.0,0.0,0.0,0.0
CCCC(=O)C(CC)Sc1ccoc1C,226.34099999999998,3.8279200000000024,0.0,0.0,0.0,0.0,0.0,0.0,0.0,,0.0,0.0,0.0,0.0
Cc1nc2ccc(Cl)cc2[nH]1,166.611,2.5247200000000003,0.0,0.0,1.0,0.0,0.0,0.0,0.0,0.0,0.0,0.0,0.0,0.0
N[C@@H](CCC(=O)O)C(=O)O,147.13,-0.7368999999999997,0.0,0.0,0.0,0.0,0.0,0.0,0.0,0.0,0.0,0.0,0.0,0.0
CCCC(=O)OC/C=C(\C)CCC=C(C)C,224.34399999999994,4.022400000000004,0.0,0.0,0.0,0.0,0.0,0.0,0.0,0.0,0.0,0.0,0.0,0.0
CC(C)(C)OC(=O)c1ccccc1C(=O)O,222.23999999999998,2.3401,0.0,0.0,0.0,,0.0,0.0,0.0,0.0,0.0,0.0,0.0,0.0
COc1cc(/C=C/C(N)=O)cc(OC)c1OC,237.25499999999997,1.2109,,,,,,,,0.0,,0.0,,
CCOc1nc(=O)c(F)c[nH]1,158.132,0.3076999999999999,,,,,,,,0.0,,0.0,,
N#CC1(c2ccc(F)cc2)CCC(=O)CC1,217.24299999999994,2.7301800000000007,,,,,,,,0.0,,0.0,,
Cc1ccc(C(C)OC(=O)C2(C)CCC(C(=O)O)C2(C)C)cc1.OCCNCCO,423.5500000000002,2.686920000000001,,,,,,,,0.0,,0.0,,
CCOC(=O)C(c1c(O)c2ccccc2oc1=O)c1c(O)c2ccccc2oc1=O,408.36200000000014,3.005600000000002,,,,,,,,,,0.0,,
O=C(O)Cc1ccc2c(c1)C(=O)c1ccccc1CO2,268.268,2.437100000000001,,,,,,,,,,0.0,,
Nc1ncnc2c1ncn2Cc1c(F)cccc1Cl,277.68999999999994,2.2493,,,,,,,,0.0,,0.0,,
COCCc1ccc(OCC2CO2)cc1,208.25699999999998,1.6531,,,,,,,,0.0,,0.0,,
C#Cc1ccc(-c2ccccc2F)cc1,196.224,3.474000000000002,,,,,,,,0.0,,0.0,,
CC1(COc2ccc(CC3SC(=O)NC3=O)cc2)CCCCC1,333.4530000000002,3.9299000000000026,0.0,0.0,,1.0,,0.0,1.0,,0.0,0.0,1.0,
CC(C)C[C@H](NC(=O)OCC1c2ccccc2-c2ccccc21)C(=O)O,353.41800000000006,4.024400000000003,0.0,0.0,1.0,,1.0,0.0,1.0,,1.0,0.0,0.0,0.0
C[C@H]1C[C@H]2[C@@H]3CCC4=CC(=O)C=C[C@]4(C)[C@@]3(Cl)[C@@H](O)C[C@]2(C)[C@@]1(O)C(=O)CO,408.9220000000002,2.1650000000000005,1.0,1.0,0.0,,0.0,0.0,0.0,0.0,0.0,0.0,0.0,0.0
CC1(C)CCC(C)(C)c2cc(C(=O)Nc3ccc(C(=O)O)cc3)ccc21,351.4460000000001,4.986100000000004,0.0,0.0,0.0,0.0,,0.0,,,0.0,,1.0,
CP(=O)([O-])OCCC[Si](O)(O)O,215.19400000000002,-1.5079,0.0,0.0,0.0,0.0,0.0,0.0,0.0,0.0,0.0,0.0,,0.0
N#Cc1ccc(CC(=O)c2cccc(C(F)(F)F)c2)cc1,289.256,4.002480000000002,0.0,0.0,0.0,0.0,0.0,0.0,0.0,0.0,0.0,0.0,,0.0
O=C(c1ccc(O)cc1)c1ccc(O)cc1O,230.219,2.0344,1.0,0.0,1.0,,1.0,1.0,0.0,0.0,0.0,0.0,1.0,0.0
OCCC1CCCCN1,129.20300000000003,0.5108999999999997,0.0,0.0,0.0,0.0,0.0,0.0,0.0,0.0,0.0,0.0,,0.0
CC(C)(O)C(=O)c1ccccc1,164.204,1.6401999999999999,0.0,0.0,0.0,0.0,0.0,0.0,0.0,0.0,0.0,0.0,0.0,0.0
CCCCOC(=O)C(C)OC(=O)CCC,216.27699999999993,2.0615,0.0,0.0,0.0,0.0,0.0,0.0,0.0,0.0,0.0,0.0,0.0,0.0
COC(C=C(C)CCC=C(C)C)OC,198.30599999999998,3.298000000000002,0.0,0.0,0.0,0.0,0.0,0.0,0.0,0.0,0.0,0.0,0.0,0.0
CCC(=O)OC(C)(C)C1CC=C(C)CC1,210.31699999999995,3.4646000000000026,0.0,0.0,0.0,0.0,,0.0,0.0,0.0,0.0,0.0,0.0,0.0
C=C[Si](OC(=C)C)(OC(=C)C)OC(=C)C,226.34799999999993,3.3011000000000017,0.0,0.0,0.0,,,0.0,0.0,0.0,0.0,0.0,0.0,0.0
O=S(=O)(O)NC1CCCCC1,179.24099999999993,0.7114999999999998,0.0,0.0,0.0,0.0,0.0,0.0,0.0,0.0,0.0,0.0,0.0,0.0
C/C=C(C(=C/C)/c1ccc(OC(C)=O)cc1)\c1ccc(OC(C)=O)cc1,350.4140000000001,5.044000000000004,,,,,,,,1.0,,1.0,,
Nc1ccc(C(=O)N2CC3CC(CN(Cc4ccccc4)C3)C2)cc1,335.4510000000001,2.8629000000000016,,,,,,,,0.0,,0.0,,
CC(C)(C)c1ccc(OP(=O)(Oc2ccccc2)Oc2ccccc2)cc1,382.3960000000001,6.629000000000006,0.0,0.0,,0.0,,0.0,0.0,1.0,0.0,0.0,,0.0
CN(C)[C@@H]1C(O)=C(C(N)=O)C(=O)[C@@]2(O)C(O)=C3C(=O)c4c(O)cccc4C[C@H]3C[C@@H]12,414.41400000000016,0.12060000000000093,,,,,,,,,,0.0,,
Cc1oc(=O)oc1COC(=O)[C@@H]1N2C(=O)[C@@H](NC(=O)[C@H](N)c3ccccc3)[C@H]2SC1(C)C,461.49600000000015,0.8315200000000016,,,,,,,,0.0,,0.0,,
CC#C[C@]1(O)CC[C@H]2[C@@H]3C[C@H](C)C4=CC(=O)CC[C@]4(C)[C@H]3CC[C@@]21C,340.5070000000001,4.518700000000004,,,,,,,,1.0,,0.0,,
CCOC(=O)C(=O)CCCCCCl,206.66899999999995,1.9178,,,,,,,,0.0,,0.0,,
Nc1ccc(Cl)cc1C(=O)c1ccccc1F,249.672,3.292300000000001,,,,,,,,1.0,,0.0,,
Cc1nc(N)nc(N)c1-c1ccc(Cl)c(Cl)c1,269.135,2.9232200000000006,,,,,,,,1.0,,0.0,,
CC(C)(C)c1ccc(OCC2CO2)cc1,206.28499999999997,2.761700000000001,0.0,0.0,0.0,,1.0,0.0,0.0,0.0,0.0,0.0,0.0,0.0
CC(=O)[C@H]1CC[C@H]2[C@@H]3C=CC4=CC(=O)CC[C@@]4(C)[C@@H]3CC[C@]12C,312.4530000000001,4.499500000000004,1.0,1.0,0.0,0.0,0.0,0.0,0.0,1.0,0.0,0.0,0.0,0.0
Cn1c(=O)c2c(ncn2CC(O)CO)n(C)c1=O,254.24599999999998,-2.213099999999999,0.0,0.0,0.0,0.0,0.0,0.0,0.0,0.0,0.0,0.0,0.0,0.0
C=CN1CCCC1=O,111.14399999999999,0.7523,0.0,0.0,0.0,0.0,0.0,0.0,0.0,0.0,0.0,0.0,0.0,0.0
OCC(CO)N[C@H]1C[C@](O)(CO)[C@@H](O)[C@H](O)[C@H]1O,267.278,-4.492399999999994,0.0,0.0,0.0,0.0,0.0,0.0,0.0,1.0,0.0,0.0,0.0,0.0
C1CCCCCCCCCCC1,168.32399999999998,4.681200000000004,0.0,,0.0,0.0,0.0,0.0,0.0,0.0,0.0,0.0,0.0,0.0
Cc1cccc(C)c1,106.16799999999999,2.30344,0.0,0.0,0.0,0.0,1.0,1.0,0.0,0.0,0.0,0.0,0.0,0.0
Cc1ccc(N)c(C)c1,121.183,1.88564,0.0,0.0,1.0,0.0,0.0,0.0,0.0,0.0,0.0,0.0,0.0,0.0
Oc1cccc(Cl)c1,128.558,2.0456,0.0,0.0,0.0,0.0,0.0,0.0,0.0,0.0,0.0,0.0,,0.0
O=C(O)c1cc(C(=O)O)cc(S(=O)(=O)[O-])c1,245.188,-0.012899999999999967,0.0,0.0,0.0,0.0,0.0,0.0,0.0,0.0,0.0,0.0,0.0,0.0
Nc1c(S(=O)(=O)[O-])cc(Br)c2c1C(=O)c1ccccc1C2=O,381.1830000000001,1.7108,0.0,0.0,1.0,0.0,0.0,0.0,0.0,1.0,0.0,0.0,,0.0
CC(C)CCON=O,117.148,1.7305,0.0,0.0,0.0,0.0,0.0,0.0,0.0,0.0,0.0,0.0,0.0,0.0
CC(=O)C(C)C,86.134,1.2314,0.0,0.0,0.0,0.0,0.0,0.0,0.0,,0.0,0.0,0.0,0.0
O=Cc1ccccc1[N+](=O)[O-],151.12099999999998,1.4073,0.0,0.0,,0.0,0.0,0.0,0.0,0.0,0.0,0.0,,1.0
O=Cc1ccc([N+](=O)[O-])cc1,151.121,1.4073,0.0,0.0,,,1.0,0.0,0.0,0.0,0.0,0.0,0.0,0.0
COc1cc(OC)nc(Oc2cccc(Oc3nc(OC)cc(OC)n3)c2C(=O)[O-])n1,429.36500000000024,1.2490999999999994,0.0,0.0,0.0,0.0,0.0,0.0,0.0,0.0,0.0,0.0,0.0,0.0
CC(C)=C[C@@H]1[C@@H](C(=O)OCc2coc(Cc3ccccc3)c2)C1(C)C,338.44700000000006,5.1520000000000055,0.0,0.0,0.0,0.0,0.0,0.0,0.0,0.0,0.0,0.0,0.0,0.0
CCCCc1oc2ccc(NS(C)(=O)=O)cc2c1C(=O)c1ccc(OCCCN(CCCC)CCCC)cc1,556.7690000000005,7.0490000000000075,0.0,0.0,,,0.0,0.0,,0.0,,1.0,,
CCCCCCCN(CC)CCCC(O)c1ccc(NS(C)(=O)=O)cc1.CCCCCCCN(CC)CCCC(O)c1ccc(NS(C)(=O)=O)cc1,769.1720000000003,8.328000000000008,0.0,0.0,0.0,0.0,0.0,0.0,0.0,,0.0,,,
COc1cc([C@@H]2c3cc4c(cc3C(O[C@@H]3O[C@@H]5CO[C@@H](C)O[C@H]5[C@H](O)[C@H]3O)C3COC(=O)[C@@H]32)OCO4)cc(OC)c1OP(=O)(O)O,668.5410000000005,1.1044999999999991,0.0,0.0,0.0,0.0,1.0,0.0,0.0,,1.0,,0.0,1.0
C[C@H]1NCc2cc(-c3ccc4c(=O)c(C(=O)O)cn(C5CC5)c4c3OC(F)F)ccc21,426.41900000000015,4.467200000000004,,,,,,,,0.0,,0.0,,
CNC(=O)CN(CCN(CCN(CC(=O)[O-])CC(=O)NC)CC(=O)[O-])CC(=O)[O-].[Gd+3],573.6610000000002,-7.365900000000009,,,,,,,,0.0,,0.0,,
Nc1ccc(S(=O)(=O)[N-]c2ncccn2)cc1.[Ag+],357.14300000000003,1.4504,0.0,0.0,0.0,0.0,0.0,0.0,0.0,,0.0,,0.0,0.0
COC(=O)C1=C(C)NC(C)=C(C(=O)OCC(C)=O)C1c1ccccc1[N+](=O)[O-],388.3760000000001,2.1347999999999994,0.0,0.0,,,0.0,0.0,,0.0,0.0,0.0,1.0,0.0
C=C1/C(=C\C=C2/CCC[C@]3(C)[C@@H]([C@H](C)OCCC(C)(C)O)CC[C@@H]23)C[C@@H](O)C[C@@H]1O,418.61800000000017,4.693500000000006,0.0,0.0,0.0,0.0,0.0,0.0,,,0.0,,0.0,1.0
Cc1nc(-c2ccc(OCC(C)C)c(C#N)c2)sc1C(=O)O,316.382,3.723200000000002,1.0,,1.0,,,0.0,0.0,,1.0,0.0,,0.0
COc1ccc(C(=O)N2CCCC2=O)cc1,219.23999999999995,1.4578,0.0,0.0,0.0,0.0,0.0,0.0,0.0,0.0,0.0,0.0,0.0,0.0
CC(C)(C)NCC(O)c1ccc(O)c(CO)n1,240.303,0.7009999999999998,0.0,0.0,0.0,0.0,0.0,0.0,0.0,,0.0,,0.0,0.0
CC(N)C(=O)OC(C)(C)Cc1ccc(Cl)cc1,255.74499999999998,2.5515000000000008,0.0,0.0,0.0,0.0,0.0,0.0,0.0,0.0,0.0,0.0,,0.0
CC1=C(C)C(=O)C(CCCCC#CCCCC#CCO)=C(C)C1=O,326.436,3.520900000000002,0.0,0.0,1.0,,,0.0,,1.0,0.0,0.0,,0.0
C=CCc1ccccc1OCC(O)CNC(C)C,249.35399999999996,2.1528,0.0,0.0,0.0,0.0,0.0,0.0,0.0,0.0,0.0,0.0,,0.0
CC(C)(C)c1nnc(NS(=O)(=O)c2ccccc2)s1,297.40500000000003,2.636400000000001,0.0,0.0,0.0,0.0,0.0,0.0,0.0,1.0,0.0,0.0,1.0,0.0
Cc1ccc2c(c1N)C(=O)c1ccccc1C2=O,237.258,2.352620000000001,1.0,0.0,1.0,,1.0,1.0,0.0,1.0,1.0,0.0,1.0,0.0
CCn1c2ccccc2c2cc(N)ccc21,210.27999999999997,3.396600000000001,0.0,0.0,1.0,1.0,0.0,1.0,0.0,1.0,0.0,1.0,1.0,1.0
CCOc1ccc(NC(C)=O)cc1N,194.23399999999998,1.6259,0.0,0.0,1.0,,,0.0,0.0,0.0,0.0,,,0.0
Nc1c(Br)cc(Br)c2c1C(=O)c1ccccc1C2=O,381.02300000000014,3.569200000000002,0.0,0.0,1.0,0.0,0.0,0.0,0.0,,0.0,0.0,1.0,0.0
Nc1nnc(-c2ccc([N+](=O)[O-])o2)o1,196.12199999999996,0.8199999999999998,0.0,0.0,0.0,,,0.0,0.0,1.0,0.0,0.0,,0.0
CCCCCCCCCCCCCCBr,277.28999999999996,6.082400000000006,0.0,0.0,0.0,0.0,0.0,0.0,0.0,,0.0,0.0,0.0,0.0
CCOCn1c(-c2ccc(Cl)cc2)c(C#N)c(Br)c1C(F)(F)F,407.617,5.455480000000002,0.0,,0.0,,,,,,0.0,1.0,1.0,1.0
Cn1cc(S(C)=O)c(=O)c2ccc(F)cc21,239.271,1.4150000000000003,0.0,0.0,0.0,0.0,0.0,0.0,0.0,,0.0,0.0,0.0,0.0
c1ccc2c(CCC3CCNCC3)c[nH]c2c1,228.339,3.100100000000001,0.0,0.0,1.0,0.0,0.0,0.0,0.0,,0.0,,,0.0
CC(=O)c1ccc(OCC(=O)N2CCCCC2)cc1,261.3209999999999,2.2805,0.0,0.0,,,1.0,0.0,0.0,0.0,0.0,0.0,0.0,
C/C(=N\O)c1ccc(OCC(=O)N2CCCCC2)cc1,276.3359999999999,2.2761000000000005,0.0,0.0,1.0,,1.0,0.0,0.0,0.0,1.0,0.0,0.0,0.0
O=C(O)CCCCCCNC1c2ccccc2CCc2ccccc21,337.46300000000014,4.499300000000004,0.0,0.0,1.0,1.0,0.0,0.0,0.0,0.0,0.0,0.0,0.0,0.0
O=C(O)Cc1ccccc1Oc1ccc(Cl)cc1Cl,297.13699999999994,4.4128000000000025,0.0,0.0,0.0,0.0,0.0,0.0,0.0,,0.0,0.0,0.0,0.0
CCCOC(=O)Cc1ccc(OCC(=O)N(CC)CC)c(OC)c1,337.41600000000005,2.4381000000000004,0.0,0.0,0.0,0.0,0.0,0.0,0.0,0.0,0.0,0.0,0.0,0.0
CCC(=O)O[C@H]1[C@@H](N2CCCCC2)C[C@H]2[C@@H]3CC[C@H]4C[C@H](OC(C)=O)[C@@H](N5CCCCC5)C[C@]4(C)[C@H]3CC[C@@]21C,556.8320000000002,6.211400000000007,0.0,0.0,0.0,0.0,0.0,0.0,0.0,,0.0,,0.0,0.0
COc1ccc2c(C(=O)c3ccc(Cl)cc3)c(C)n(CC(=O)O)c2c1,357.7930000000001,3.9273200000000026,0.0,0.0,1.0,0.0,0.0,0.0,0.0,0.0,0.0,0.0,0.0,0.0
Cc1nc([N+](=O)[O-])cn1-c1ccc([N+](=O)[O-])cc1,248.198,1.9971199999999998,0.0,0.0,0.0,0.0,0.0,0.0,0.0,0.0,0.0,0.0,0.0,0.0
CO[C@@]12[C@H](COC(N)=O)C3=C(C(=O)C(C)=C(N)C3=O)N1C[C@@H]1N[C@@H]12,334.33200000000005,-1.6511999999999971,0.0,0.0,0.0,,,0.0,,,0.0,0.0,0.0,1.0
O=[Mo](=O)=O,143.93699999999998,-0.3589,0.0,0.0,0.0,0.0,0.0,0.0,0.0,0.0,0.0,0.0,0.0,0.0
CCOP(=S)(S)OCC,186.238,2.2137000000000002,0.0,0.0,0.0,0.0,0.0,0.0,0.0,0.0,0.0,0.0,0.0,0.0
c1nc[nH]n1,69.067,-0.19530000000000008,0.0,0.0,0.0,0.0,0.0,0.0,0.0,,0.0,0.0,0.0,0.0
ClC1(Cl)C2(Cl)C3(Cl)C4(Cl)C(Cl)(Cl)C5(Cl)C3(Cl)C1(Cl)C5(Cl)C24Cl,545.5460000000003,6.222999999999999,0.0,,0.0,0.0,0.0,0.0,0.0,,0.0,0.0,0.0,0.0
CCCCCCCC/C=C\CCCCCCCC(N)=O,281.4839999999999,5.509200000000005,0.0,0.0,0.0,0.0,0.0,0.0,0.0,0.0,0.0,0.0,1.0,0.0
CNC(=O)Oc1cc(C)c(N(C)C)c(C)c1,222.28799999999998,2.08764,0.0,0.0,,0.0,,0.0,0.0,,0.0,0.0,0.0,0.0
Cc1cc(=O)[nH]c(=S)[nH]1,142.18300000000002,0.74091,1.0,1.0,0.0,0.0,0.0,0.0,0.0,0.0,0.0,0.0,0.0,0.0
CCCCC(CC)COP(=O)(O)OCC(CC)CCCC,322.4260000000001,5.552800000000006,0.0,0.0,0.0,0.0,,0.0,,,0.0,,1.0,
C[C@@H]1C[C@H]2[C@@H]3CCC4=CC(=O)C=C[C@]4(C)[C@@]3(Cl)[C@@H](O)C[C@]2(C)[C@@]1(OC(=O)c1ccco1)C(=O)CCl,521.4370000000004,4.869200000000005,1.0,,0.0,,0.0,0.0,0.0,1.0,0.0,,1.0,0.0
CCC(C)(C)c1ccc(O)cc1,164.248,3.0798000000000014,0.0,0.0,0.0,0.0,1.0,1.0,0.0,0.0,0.0,0.0,1.0,0.0
Cc1c(N)cccc1Cl,141.60099999999997,2.23062,0.0,0.0,,0.0,,0.0,0.0,0.0,0.0,0.0,0.0,0.0
Cc1ccc(Cl)cc1,126.586,2.6484200000000007,0.0,0.0,0.0,0.0,0.0,0.0,0.0,0.0,0.0,0.0,0.0,0.0
CC(C)(c1cc(Cl)c(O)c(Cl)c1)c1cc(Cl)c(O)c(Cl)c1,366.071,6.037300000000004,0.0,0.0,0.0,0.0,1.0,1.0,,1.0,0.0,1.0,1.0,
Nc1ccc(Br)cc1,172.02500000000003,2.0313,0.0,0.0,1.0,0.0,0.0,0.0,0.0,0.0,0.0,0.0,0.0,0.0
CCCCOC(=O)CCCCC(=O)OCCCC,258.3579999999999,3.2334000000000023,0.0,0.0,0.0,0.0,0.0,0.0,0.0,0.0,0.0,0.0,0.0,0.0
Cc1ccc(O)c(C)c1,122.16699999999999,2.0090399999999997,0.0,0.0,0.0,0.0,0.0,0.0,0.0,0.0,0.0,0.0,0.0,0.0
COc1ccc(CCN(C)CCCN2CCc3cc(OC)c(OC)cc3CC2=O)cc1OC,456.58300000000025,3.2128000000000014,0.0,0.0,,0.0,0.0,0.0,0.0,0.0,0.0,0.0,0.0,0.0
Cc1ccc(O)cc1,108.13999999999999,1.7006199999999998,0.0,0.0,0.0,0.0,1.0,0.0,0.0,0.0,0.0,0.0,0.0,0.0
Cc1ccc(C)cc1,106.16799999999999,2.30344,0.0,0.0,0.0,0.0,0.0,0.0,0.0,0.0,0.0,0.0,0.0,0.0
COc1ccc(S(=O)(=O)N2c3ccc(Cl)cc3[C@@](O)(c3ccccc3Cl)[C@H]2C(=O)N2CCC[C@@H]2C(N)=O)cc1OC,620.5110000000002,3.300300000000002,0.0,0.0,0.0,0.0,0.0,0.0,0.0,0.0,0.0,0.0,0.0,0.0
O=[PH](Oc1ccccc1)Oc1ccccc1,234.191,3.5341000000000014,0.0,0.0,0.0,0.0,1.0,0.0,0.0,0.0,0.0,0.0,0.0,0.0
C[NH+](C)CCC(c1ccc(Cl)cc1)c1ccccn1,275.803,2.4015000000000004,0.0,0.0,0.0,0.0,0.0,0.0,0.0,0.0,0.0,0.0,0.0,0.0
CCCNC(=O)NS(=O)(=O)c1ccc(Cl)cc1,276.745,1.7379,0.0,0.0,0.0,0.0,0.0,0.0,0.0,0.0,0.0,0.0,0.0,0.0
C[N+](C)(C)CCO,104.17299999999999,-0.3150999999999999,0.0,0.0,0.0,0.0,0.0,0.0,0.0,0.0,0.0,0.0,0.0,0.0
O=[Cr]O[Cr]=O,151.989,-0.311,0.0,0.0,0.0,0.0,0.0,0.0,0.0,0.0,0.0,0.0,0.0,0.0
[Cr+3],51.996,-0.0025,0.0,0.0,0.0,,0.0,0.0,0.0,0.0,0.0,0.0,0.0,0.0
O=C1c2cccc(O)c2C(=O)c2c(O)cccc21,240.21399999999997,1.873199999999999,0.0,0.0,0.0,0.0,1.0,0.0,0.0,1.0,0.0,0.0,1.0,0.0
CN/C(=N\C#N)NCCSCc1nc[nH]c1C,252.347,0.5973999999999997,0.0,0.0,0.0,0.0,0.0,0.0,0.0,0.0,0.0,0.0,0.0,0.0
CCCCNS(=O)(=O)c1ccccc1,213.302,1.7650000000000003,0.0,0.0,,,0.0,0.0,0.0,0.0,0.0,0.0,0.0,0.0
C=C(C)c1cccc(C(=C)C)c1,158.24399999999994,3.7528000000000032,0.0,0.0,0.0,0.0,,0.0,0.0,0.0,0.0,0.0,0.0,0.0
CC=CC(=O)O,86.08999999999999,0.6471,0.0,0.0,0.0,0.0,0.0,0.0,0.0,0.0,0.0,0.0,0.0,0.0
CC1OC(=O)C(C)OC1=O,144.12599999999998,-0.13660000000000005,0.0,0.0,0.0,0.0,,0.0,0.0,0.0,0.0,0.0,0.0,0.0
Nc1ccc(N)c2c1C(=O)c1ccccc1C2=O,238.246,1.6264,0.0,0.0,1.0,,0.0,0.0,0.0,1.0,0.0,0.0,1.0,
CC(C)Nc1ccc(NC(C)C)c2c1C(=O)c1ccccc1C2=O,322.408,4.1026000000000025,0.0,0.0,1.0,,0.0,0.0,0.0,,0.0,0.0,,0.0
OCCCCCO,104.149,0.14130000000000004,0.0,0.0,0.0,0.0,1.0,0.0,0.0,0.0,0.0,0.0,0.0,0.0
CC(C)(C)c1cc([N+](=O)[O-])cc([N+](=O)[O-])c1O,240.21499999999997,2.5061000000000013,0.0,,0.0,,,0.0,,1.0,0.0,0.0,1.0,1.0
CNC(=N)NC(=O)Nc1c(C)cccc1C,220.27599999999998,1.5791099999999996,0.0,0.0,0.0,0.0,0.0,0.0,0.0,0.0,0.0,0.0,0.0,0.0
CSc1ccc(/C=C2/C(C)=C(CC(=O)O)c3cc(F)ccc32)cc1,340.419,5.350000000000005,0.0,,1.0,0.0,0.0,0.0,1.0,,0.0,0.0,,
CC(C(=O)O)c1ccc2c(c1)CC(=O)c1ccccc1S2,298.363,3.764700000000002,0.0,0.0,0.0,0.0,0.0,0.0,1.0,0.0,0.0,0.0,0.0,0.0
CC(C(=O)O)c1ccc(C2CCCCC2)c2ccccc12,282.3829999999999,5.075600000000004,0.0,0.0,0.0,,0.0,0.0,,,0.0,,0.0,0.0
CC[C@]1(O)C[C@H]2CN(CCc3c([nH]c4ccccc34)[C@@](C(=O)OC)(c3cc4c(cc3OC)N(C)[C@H]3[C@@](O)(C(N)=O)[C@H](O)[C@]5(CC)C=CCN6CC[C@]43[C@@H]65)C2)C1,753.9409999999998,2.732400000000003,0.0,,,0.0,0.0,,,,1.0,,,1.0
CCOC(=O)CN[C@@H](C(=O)N1CC[C@H]1C(=O)NCc1ccc(/C(N)=N/O)cc1)C1CCCCC1,473.5740000000003,1.099800000000003,0.0,0.0,0.0,0.0,0.0,0.0,0.0,,0.0,,0.0,0.0
COc1cc2nc(N3CCN(C(=O)c4ccco4)CC3)nc(N)c2cc1OC,383.40800000000024,1.7845999999999997,0.0,,,,0.0,0.0,0.0,0.0,,0.0,0.0,
[NH3+]c1ccccc1,94.13699999999999,0.5599999999999998,0.0,0.0,0.0,0.0,0.0,0.0,0.0,0.0,0.0,0.0,0.0,0.0
NC(=S)c1c(Cl)cccc1Cl,206.097,2.627600000000001,0.0,0.0,0.0,0.0,0.0,0.0,0.0,0.0,0.0,0.0,0.0,0.0
CC(C)c1ccc(S(=O)(=O)[O-])cc1,199.25099999999998,1.7141000000000002,0.0,0.0,0.0,0.0,0.0,0.0,0.0,0.0,0.0,0.0,0.0,0.0
CCCCCCCCCCCC(=O)OCC(C)OC(=O)CCCCC(=O)O,386.5290000000002,5.027200000000004,0.0,0.0,0.0,0.0,0.0,,,0.0,0.0,,0.0,
CCCCCCCCCCCCCCCS(=O)(=O)Oc1ccccc1,368.583,6.486400000000007,0.0,0.0,0.0,0.0,0.0,0.0,0.0,0.0,0.0,0.0,0.0,0.0
CC[C@H](C)C(=O)O[C@H]1C[C@H](O)C=C2C=C[C@H](C)[C@H](CC[C@@H](O)C[C@@H](O)CC(=O)[O-])[C@H]21,423.52600000000024,1.1056999999999997,0.0,0.0,0.0,0.0,0.0,0.0,0.0,0.0,0.0,0.0,0.0,0.0
NC[C@H]1O[C@H](O[C@@H]2[C@@H](N)C[C@@H](N)[C@H](O[C@H]3O[C@H](CO)[C@@H](O)[C@H](N)[C@H]3O)[C@H]2O)[C@H](O)[C@@H](O)[C@@H]1O,484.5030000000001,-7.2913999999999985,0.0,0.0,0.0,0.0,0.0,0.0,0.0,0.0,0.0,0.0,0.0,0.0
COc1cc2c(cc1OC)[C@@]13CCN4CC5=CCO[C@H]6CC(=O)N2[C@H]1[C@H]6[C@H]5C[C@H]43,394.4710000000001,2.1097,1.0,0.0,0.0,0.0,0.0,0.0,0.0,0.0,0.0,0.0,0.0,0.0
c1cc[n+]2c(c1)-c1cccc[n+]1CC2,184.24199999999996,0.9421999999999999,0.0,0.0,0.0,0.0,,0.0,0.0,1.0,0.0,0.0,0.0,
C[C@H](CCC(=O)O)[C@H]1CC[C@H]2[C@@H]3C(=O)C[C@@H]4CC(=O)CC[C@]4(C)[C@H]3CC(=O)[C@@]21C,402.53100000000023,4.073300000000003,0.0,0.0,0.0,,0.0,0.0,0.0,0.0,0.0,0.0,,0.0
COCCOCCOCCOC,178.22799999999998,0.3124,0.0,0.0,0.0,0.0,0.0,0.0,0.0,0.0,0.0,0.0,0.0,0.0
C[N+](C)(C)CCCCCCCCCC[N+](C)(C)C,258.4939999999999,3.5196000000000023,0.0,0.0,0.0,0.0,0.0,0.0,0.0,0.0,0.0,0.0,0.0,0.0
C#C[C@]1(O)CC[C@H]2[C@@H]3CCC4=Cc5oncc5C[C@]4(C)[C@H]3CC[C@@]21C,337.46300000000014,4.221000000000004,1.0,1.0,0.0,1.0,1.0,1.0,0.0,,0.0,1.0,0.0,0.0
Cc1ccccc1Br,171.03699999999998,2.7575200000000013,0.0,0.0,0.0,0.0,0.0,0.0,0.0,0.0,0.0,0.0,0.0,0.0
COc1cccc2c1C(=O)c1c(O)c3c(c(O)c1C2=O)C[C@@](O)(C(C)=O)C[C@@H]3O[C@H]1C[C@H](N)[C@H](O)[C@H](C)O1,527.5260000000003,1.0288999999999997,0.0,1.0,,1.0,1.0,1.0,,,1.0,0.0,1.0,1.0
CC(O)CCCCn1c(=O)c2c(ncn2C)n(C)c1=O,280.32800000000003,-0.015200000000000324,0.0,0.0,0.0,0.0,0.0,0.0,0.0,0.0,0.0,0.0,0.0,0.0
Cc1ccc(C(=O)Nc2ccc(S(=O)(=O)O)c3cc(S(=O)(=O)O)cc(S(=O)(=O)O)c23)cc1NC(=O)c1cccc(NC(=O)Nc2cccc(C(=O)Nc3cc(C(=O)Nc4ccc(S(=O)(=O)O)c5cc(S(=O)(=O)O)cc(S(=O)(=O)O)c45)ccc3C)c2)c1,1297.302,6.743240000000005,0.0,0.0,0.0,0.0,0.0,0.0,0.0,0.0,0.0,0.0,,0.0
CCCCCCOc1ccc(C(=N)N(CCCC)CCCC)c2ccccc12,382.59200000000016,7.026470000000008,0.0,,,,,,,,,,,
COc1cc(-c2nc(NC(=O)c3cc4cc(C)cc(C)c4n3CC(=O)O)sc2CCC2CCCCC2)c(OC)cc1Cl,610.1760000000004,7.902040000000006,0.0,,0.0,,,,,,,1.0,,
COc1cc(C(C)C)c2c(c1)S(=O)(=O)N(COc1cc(=O)n3cccc(OCCN4CCCCC4)c3n1)C2=O,556.6410000000004,2.872200000000001,0.0,1.0,0.0,,0.0,0.0,0.0,1.0,0.0,0.0,0.0,0.0
CCOC(=O)COc1ccc2c(c1)CC(NCC(O)c1cccc(Cl)c1)CC2,403.9060000000002,3.4624000000000024,0.0,0.0,0.0,,0.0,0.0,0.0,0.0,0.0,0.0,,
COc1cccc([C@H](O)C2CCN(CCc3ccc(F)cc3)CC2)c1OC,373.46800000000013,3.831000000000003,0.0,0.0,0.0,0.0,0.0,0.0,0.0,,0.0,0.0,0.0,0.0
CN(C)CCC=C1c2ccccc2C(C)(C)c2ccccc21,291.438,4.709300000000004,0.0,0.0,0.0,1.0,0.0,,,,0.0,,,0.0
O=C(N[C@H](c1ccccc1)[C@@H]1CN2CCC1CC2)c1c(Cl)ccc(C(F)(F)F)c1Cl,457.323,5.825100000000004,0.0,0.0,0.0,,,0.0,,,0.0,0.0,,0.0
O=C(Nc1ccc2[nH]ccc2c1)c1cc2cc(F)ccc2n1Cc1cccc(F)c1,401.4160000000001,5.701400000000003,0.0,,,,,,,,0.0,,1.0,
CNC(=O)Oc1cccc(C(C)C)c1,193.24599999999998,2.528200000000001,0.0,0.0,0.0,0.0,0.0,0.0,0.0,0.0,0.0,0.0,,0.0
O=C(O)CC(O)(CC(=O)O)C(=O)O.Oc1cccc2cccnc12,337.28400000000005,0.6918999999999997,0.0,0.0,0.0,,0.0,0.0,,,0.0,1.0,,
COC(=O)c1cc(Oc2ccc(Cl)cc2Cl)ccc1[N+](=O)[O-],342.1340000000001,4.480500000000003,0.0,0.0,,1.0,,,0.0,0.0,0.0,,,0.0
N[C@@H](CSSC[C@H](N)C(=O)O)C(=O)O,240.306,-0.8083999999999993,,,,,,,,0.0,,,,
CCC(=O)Nc1ccc(O)cc1,165.19199999999998,1.7407,0.0,0.0,0.0,0.0,0.0,0.0,0.0,0.0,0.0,0.0,0.0,0.0
CN(C)CCCN1c2ccccc2Sc2ccccc21,284.42800000000005,4.241000000000003,1.0,0.0,0.0,,0.0,0.0,0.0,0.0,0.0,0.0,,0.0
CC(=O)N1C[C@H](O)C[C@H]1C(=O)O,173.16799999999998,-0.9473,1.0,1.0,,0.0,1.0,,0.0,0.0,0.0,0.0,0.0,0.0
CCC(C)(S(=O)(=O)CC)S(=O)(=O)CC,242.36199999999994,0.9820000000000002,0.0,0.0,0.0,0.0,0.0,0.0,0.0,,0.0,,,0.0
C[C@@H](O)[C@H](N)C(=O)O,119.11999999999999,-1.2208999999999997,,,,,,,,0.0,,0.0,,
CN1C(=O)/C(=N/NC(N)=S)c2ccccc21,234.28400000000002,0.2003000000000002,0.0,0.0,1.0,,0.0,0.0,1.0,,0.0,,1.0,0.0
CC(=O)Oc1cc(C(C)C)c(OCCN(C)C)cc1C,279.38,2.9841200000000017,0.0,0.0,0.0,0.0,0.0,0.0,0.0,0.0,0.0,0.0,0.0,0.0
CCN(CC)CCNC(C(=O)OCCC(C)C)c1ccccc1,320.477,3.248400000000002,0.0,0.0,0.0,0.0,0.0,0.0,0.0,0.0,0.0,0.0,,0.0
CCNC(=O)/C=C/c1cccc(Br)c1,254.12699999999998,2.5984000000000007,0.0,,,,,0.0,0.0,0.0,0.0,0.0,0.0,0.0
O=S(=O)(c1ccccc1)c1ccc(Cl)cc1,252.72199999999998,3.1728000000000023,0.0,0.0,0.0,0.0,,0.0,0.0,,0.0,0.0,,0.0
CN(C)c1ccc(SC#N)cc1,178.26,2.32578,0.0,0.0,,,1.0,0.0,,0.0,0.0,1.0,,
Cc1cccc(OCC(O)CNC(C)(C)C)c1C,251.36999999999998,2.43124,,,,,,,,0.0,,0.0,,
OC(c1ccc(Cl)cc1)(c1ccc(Cl)cc1)c1cccnc1,330.21400000000006,4.672600000000003,0.0,0.0,0.0,1.0,,0.0,,,0.0,0.0,1.0,1.0
CCCCCCCCCCCCCCCC(=O)NCCO,299.499,4.576200000000004,0.0,0.0,0.0,0.0,0.0,0.0,0.0,0.0,0.0,0.0,0.0,0.0
CCCCCCC1CCCC(=O)O1,184.27899999999997,3.052500000000002,0.0,,0.0,0.0,0.0,0.0,,0.0,0.0,0.0,,0.0
CC(CC=O)c1ccccc1,148.20499999999998,2.3791,0.0,0.0,0.0,0.0,0.0,0.0,0.0,0.0,0.0,,,0.0
C1CNCCN1,86.138,-0.8208,0.0,0.0,0.0,1.0,1.0,0.0,0.0,0.0,0.0,0.0,0.0,0.0
CCOC(=O)CCc1ccccc1,178.23100000000002,2.1822999999999997,0.0,0.0,0.0,0.0,0.0,0.0,0.0,0.0,0.0,0.0,0.0,0.0
CCOC(=O)CC(=O)c1ccccc1,192.21400000000003,1.8225,0.0,0.0,,0.0,,0.0,0.0,0.0,0.0,0.0,0.0,0.0
CCCCCC#CC(=O)OC,154.20899999999997,1.7431,0.0,0.0,0.0,0.0,0.0,0.0,0.0,0.0,0.0,0.0,0.0,0.0
CC/C=C\CC1=C(C)CCC1=O,164.248,3.022100000000002,0.0,0.0,0.0,0.0,0.0,0.0,0.0,,0.0,0.0,,0.0
CCC(=O)OC(C)c1ccccc1,178.231,2.700800000000001,0.0,0.0,0.0,0.0,0.0,0.0,0.0,0.0,0.0,0.0,0.0,0.0
Cc1cccc2nccnc12,144.177,1.93822,0.0,0.0,0.0,,,0.0,0.0,0.0,0.0,0.0,0.0,0.0
COc1cccc2c1C(=O)c1c(O)c3c(c(O)c1C2=O)C[C@@](O)(C(=O)CO)CC3OC1CC(N2CCOC(OC)C2)C(O)C(C)O1,643.6420000000004,0.3472999999999998,,,,,,,,,,0.0,,
C/C=C/C=C/C(=O)O,112.12799999999999,1.2033,1.0,0.0,0.0,0.0,0.0,0.0,0.0,0.0,0.0,0.0,0.0,0.0
CCN(CC)C(=S)[S-],148.276,1.16,0.0,0.0,0.0,,0.0,0.0,0.0,1.0,0.0,1.0,0.0,0.0
[O-]c1c(Cl)cc(Cl)cc1Sc1cc(Cl)cc(Cl)c1[O-],354.0410000000001,4.598600000000001,0.0,0.0,0.0,,,,,0.0,0.0,,1.0,1.0
Brc1cc(Br)c(Oc2cc(Br)c(Br)cc2Br)cc1Br,643.587,8.053900000000002,0.0,0.0,0.0,0.0,0.0,0.0,0.0,0.0,0.0,0.0,,0.0
CC(C)NCC(O)c1ccc(NS(C)(=O)=O)cc1,272.37,1.0895000000000001,1.0,0.0,0.0,0.0,0.0,0.0,0.0,0.0,0.0,0.0,0.0,0.0
CCC(OCCCOC)OC(C)=O,190.23899999999998,1.3387,0.0,0.0,0.0,0.0,0.0,0.0,0.0,0.0,0.0,0.0,0.0,0.0
Cc1cscn1,99.158,1.45152,0.0,0.0,0.0,0.0,0.0,0.0,0.0,0.0,0.0,0.0,,0.0
NC1CCCCC1N,114.19200000000001,0.21499999999999997,0.0,0.0,0.0,0.0,0.0,0.0,0.0,0.0,0.0,0.0,0.0,0.0
O=C(Cl)c1c(Cl)c(Cl)c(C(=O)Cl)c(Cl)c1Cl,340.8040000000001,5.058199999999999,0.0,0.0,0.0,0.0,0.0,0.0,0.0,0.0,0.0,0.0,0.0,0.0
C[Sn](C)(Cl)Cl,219.687,2.1658,0.0,0.0,0.0,,0.0,0.0,0.0,1.0,0.0,1.0,0.0,0.0
CCCCC(CC)C(=O)Cl,162.65999999999997,2.9682000000000013,0.0,0.0,0.0,0.0,0.0,0.0,0.0,0.0,0.0,0.0,0.0,0.0
CCOCCC(=O)OCC,146.18599999999998,0.9761000000000001,0.0,0.0,0.0,0.0,0.0,0.0,0.0,0.0,0.0,0.0,0.0,0.0
N#Cc1ccc2c(c1)N(CCCN1CCC(O)CC1)c1ccccc1S2,365.502,4.007780000000003,0.0,0.0,0.0,0.0,0.0,0.0,0.0,,0.0,,,1.0
CN(N=O)c1ccccc1,136.15399999999997,1.8041999999999998,0.0,0.0,0.0,0.0,0.0,0.0,0.0,0.0,0.0,0.0,0.0,0.0
O=NN1CCOCC1,116.12,0.0,0.0,0.0,0.0,0.0,0.0,0.0,0.0,0.0,0.0,0.0,0.0,0.0
NC(=O)Nc1nc2ccccc2[nH]1,176.179,1.0535,0.0,0.0,,,0.0,0.0,0.0,,0.0,0.0,,0.0
O=NN1CCNCC1,115.13600000000001,-0.42700000000000005,0.0,0.0,0.0,0.0,0.0,0.0,0.0,0.0,0.0,,0.0,0.0
OC(CCN1CCCCC1)(c1ccccc1)C1CCCCC1,301.47400000000016,4.330500000000004,0.0,0.0,0.0,0.0,0.0,0.0,0.0,0.0,0.0,0.0,,0.0
COc1cc2c(cc1OC)[C@@H](c1ccccc1)CN(C)CC2,297.3980000000001,3.3236000000000017,0.0,0.0,,0.0,0.0,0.0,0.0,,0.0,,,0.0
COc1ccc(CCNC[C@H](O)c2ccc(O)cc2)cc1OC,317.3850000000001,2.2751,0.0,0.0,,0.0,0.0,0.0,0.0,,0.0,,0.0,0.0
COc1cc2c(cc1OC)-c1c/c(=N\c3c(C)cc(C)cc3C)n(C)c(=O)n1CC2,405.4980000000002,3.584760000000002,0.0,,,,,0.0,,,,,,
Cc1ccc(S(=O)(=O)N[C@@H](CCCCN)C(=O)CCl)cc1,332.85300000000007,1.5788200000000001,0.0,1.0,0.0,0.0,,,,0.0,1.0,0.0,,
CN(C)CCCN1c2ccccc2Sc2ccc(C(F)(F)F)cc21,352.42500000000007,5.259800000000004,0.0,0.0,0.0,,,0.0,,0.0,0.0,0.0,,1.0
CC(C)(C)NCC(O)c1ccccc1Cl,227.735,2.7615000000000007,0.0,0.0,,0.0,0.0,0.0,0.0,0.0,0.0,0.0,0.0,0.0
CCN(CC)C(=O)N[C@H]1C[C@@H]2c3cccc4[nH]cc(c34)C[C@H]2N(C)C1,340.4710000000002,2.931700000000001,0.0,,1.0,0.0,1.0,0.0,0.0,,0.0,,0.0,0.0
COC(=O)CC(C)CCC=C(C)C,184.279,2.9320000000000013,0.0,0.0,0.0,0.0,0.0,0.0,0.0,,0.0,,0.0,0.0
CC1(C)[C@@H](O)CC[C@@]2(C)[C@H]1CC[C@]1(C)[C@@H]2C(=O)C=C2[C@@H]3C[C@@](C)(C(=O)O)CC[C@]3(C)CC[C@]21C,470.6940000000004,6.412600000000007,0.0,0.0,0.0,0.0,0.0,0.0,0.0,,0.0,1.0,,0.0
O=S1OCCO1,108.118,-0.3881,0.0,0.0,0.0,0.0,0.0,0.0,0.0,0.0,0.0,0.0,0.0,0.0
OCC(O)CCl,110.54000000000002,-0.4216,0.0,0.0,0.0,0.0,0.0,0.0,0.0,0.0,0.0,0.0,0.0,0.0
COC(C)(C)CCO,118.17599999999999,0.7938000000000001,0.0,0.0,0.0,0.0,0.0,0.0,0.0,0.0,0.0,0.0,0.0,0.0
C[C@]1(O)CC[C@H]2[C@@H]3CCC4=CC(=O)CC[C@]4(C)[C@H]3CC[C@@]21C,302.4580000000001,4.269300000000004,1.0,1.0,0.0,0.0,1.0,1.0,0.0,,0.0,0.0,0.0,1.0
OCC(O)CO,92.09400000000001,-1.6681000000000001,0.0,0.0,0.0,0.0,0.0,0.0,0.0,0.0,0.0,0.0,0.0,0.0
O=S(=O)(O)c1ccc(O)c2ncccc12,225.225,1.1871,0.0,0.0,0.0,0.0,0.0,0.0,0.0,1.0,0.0,0.0,0.0,0.0
Cc1ccc(S(=O)(=O)O)cc1.O,190.22,0.41702,0.0,0.0,,0.0,0.0,0.0,0.0,0.0,0.0,0.0,0.0,0.0
Oc1ccc(C(c2ccc(O)cc2)(C(F)(F)F)C(F)(F)F)cc1,336.23099999999994,4.5085000000000015,0.0,0.0,1.0,,1.0,1.0,0.0,,0.0,0.0,1.0,1.0
COC(OC)(C(=O)c1ccccc1)c1ccccc1,256.30100000000004,3.015100000000002,0.0,0.0,0.0,,1.0,1.0,0.0,0.0,0.0,0.0,0.0,0.0
C[C@@H]1CC[C@H]2C(C)(C)[C@H]3C[C@]21CC[C@@]3(C)O,222.37199999999993,3.609800000000003,0.0,0.0,0.0,0.0,0.0,0.0,0.0,,0.0,,1.0,0.0
CC(c1ccc(O)cc1)(c1ccc(O)cc1)c1ccc(O)cc1,306.36100000000005,4.157700000000002,0.0,0.0,0.0,,1.0,,0.0,1.0,0.0,,1.0,1.0
O=S(=O)(O)O,98.07899999999998,-0.6527999999999998,0.0,0.0,0.0,0.0,0.0,0.0,0.0,,0.0,0.0,,0.0
O=C(c1ccc(O)c(O)c1)c1ccc(O)cc1O,246.218,1.7399999999999998,0.0,0.0,1.0,1.0,1.0,1.0,0.0,,0.0,1.0,1.0,
[Fe+2],55.845,-0.0025,0.0,0.0,0.0,0.0,0.0,0.0,0.0,,0.0,0.0,0.0,0.0
c1ccc2c(c1)ccc1cc3c(ccc4ccccc43)cc12,278.354,6.299400000000003,0.0,0.0,1.0,0.0,0.0,1.0,0.0,1.0,1.0,,0.0,1.0
Nc1ccc(O)c(N)c1,124.143,0.5566000000000002,0.0,0.0,0.0,0.0,,0.0,0.0,0.0,0.0,0.0,1.0,0.0
Nc1ccc(NC(=O)c2ccc(N)cc2)cc1,227.26700000000002,2.1033,0.0,0.0,0.0,0.0,0.0,0.0,0.0,0.0,0.0,0.0,1.0,0.0
Cc1ccc(N)cc1N,122.17100000000002,1.1594200000000001,0.0,0.0,1.0,0.0,0.0,0.0,0.0,,0.0,0.0,1.0,0.0
CCOP(=S)(OCC)Oc1cc(C)nc(C(C)C)n1,304.35200000000003,3.5847200000000026,0.0,0.0,1.0,0.0,0.0,0.0,0.0,0.0,0.0,0.0,0.0,0.0
CN1C(=O)CN=C(c2ccccc2)c2cc(Cl)ccc21,284.74600000000004,3.153800000000002,0.0,0.0,0.0,,,0.0,0.0,0.0,1.0,0.0,0.0,0.0
CC(C)(C)C(=O)O,102.13299999999998,1.1171,0.0,0.0,0.0,0.0,0.0,0.0,0.0,0.0,0.0,0.0,,0.0
CC(C)(CO)[N+](=O)[O-],119.11999999999999,0.033999999999999975,0.0,0.0,0.0,0.0,1.0,0.0,0.0,0.0,0.0,0.0,0.0,0.0
CCOC(=O)[C@@H](C)Oc1ccc(Oc2nc3ccc(Cl)cc3o2)cc1,361.7810000000001,4.603900000000004,0.0,,0.0,,0.0,0.0,0.0,,0.0,0.0,0.0,0.0
CCCCCCCCCCCCS,202.40699999999998,4.837100000000006,0.0,0.0,0.0,0.0,0.0,0.0,0.0,0.0,0.0,0.0,0.0,0.0
Clc1ccc(COC(Cn2ccnc2)c2ccc(Cl)cc2Cl)cc1,381.69000000000005,5.801400000000003,0.0,,1.0,1.0,0.0,,0.0,0.0,0.0,1.0,,
CSC1=N[C@@](C)(c2ccccc2)C(=O)N1Nc1ccccc1,311.41,3.4901000000000018,0.0,,0.0,1.0,,,,1.0,0.0,0.0,1.0,0.0
CCCCCCCCCCCCc1ccc(O)cc1,262.43699999999995,5.855600000000006,0.0,,0.0,,1.0,1.0,,,0.0,,1.0,
C[N+]1(C)CCC(OC(=O)C(O)(c2ccccc2)C2CCCC2)C1,318.43700000000024,2.4562999999999997,0.0,,0.0,0.0,0.0,0.0,0.0,0.0,0.0,0.0,0.0,0.0
CCC1(c2ccccc2)CCC(=O)NC1=O,217.26799999999992,1.771,,,,,,,,0.0,,0.0,,
CC(C)CN(C[C@@H](OP(=O)([O-])[O-])[C@H](Cc1ccccc1)NC(=O)O[C@H]1CCOC1)S(=O)(=O)c1ccc(N)cc1,583.6000000000001,1.255800000000002,0.0,0.0,0.0,0.0,0.0,0.0,0.0,,0.0,,0.0,0.0
N[C@@H](CCC(=O)N[C@@H](CS)C(=O)NCC(=O)O)C(=O)O,307.32800000000003,-2.2060999999999984,0.0,0.0,0.0,0.0,0.0,0.0,0.0,0.0,0.0,0.0,0.0,0.0
OCCN(CCO)c1cccc(Cl)c1,215.68,1.1309999999999998,0.0,0.0,0.0,0.0,0.0,0.0,0.0,0.0,0.0,0.0,0.0,0.0
CCOC(=O)C(Cl)Cc1cc(-n2nc(C)n(C(F)F)c2=O)c(F)cc1Cl,412.19500000000005,3.2430200000000022,0.0,0.0,0.0,1.0,,0.0,0.0,,0.0,0.0,0.0,0.0
O=C(O)c1cccc(-c2noc(-c3ccccc3F)n2)c1,284.246,3.240900000000001,1.0,,1.0,,1.0,0.0,0.0,,1.0,0.0,0.0,0.0
CCOC(=O)C1CC(=O)C(=C(O)C2CC2)C(=O)C1,252.26599999999993,1.3198,0.0,0.0,0.0,0.0,0.0,0.0,0.0,0.0,0.0,0.0,,0.0
CC(C)=CC1C(C(=O)OC(C#N)c2cccc(Oc3ccccc3)c2)C1(C)C,375.4680000000001,5.825180000000005,0.0,0.0,,0.0,0.0,0.0,0.0,0.0,0.0,0.0,,0.0
CCCCCCCCCC[N+](C)(C)CCCCCCCCCC,326.6330000000001,7.344200000000009,0.0,,0.0,,,0.0,,,0.0,,,
COc1ccccc1NC(=O)CC(C)=O,207.22899999999996,1.6127999999999998,0.0,0.0,1.0,0.0,0.0,0.0,0.0,1.0,0.0,0.0,0.0,0.0
Cn1cnc2c(=O)nc(N)[nH]c21,165.15599999999998,-0.7612000000000001,0.0,0.0,0.0,0.0,0.0,0.0,0.0,0.0,0.0,0.0,,0.0
CC1(C)O[C@@H]2C[C@H]3[C@@H]4CCC5=CC(=O)CC[C@]5(C)[C@@]4(F)[C@@H](O)C[C@]3(C)[C@]2(C(=O)CCl)O1,454.96600000000024,3.889300000000003,1.0,0.0,,,0.0,,0.0,,0.0,0.0,,0.0
N=C(N)NC(=N)N1CCOCC1,171.20399999999998,-1.2635599999999996,0.0,0.0,0.0,0.0,0.0,0.0,0.0,0.0,0.0,0.0,0.0,0.0
Cc1cccc(C)c1NC(=O)CN1CCN(CCCC(c2ccc(F)cc2)c2ccc(F)cc2)CC1,491.6260000000002,5.750040000000006,0.0,0.0,0.0,0.0,0.0,0.0,,,0.0,,,0.0
CCOC(=O)[C@@](C)(N)Cc1ccc(O)c(O)c1,239.27100000000002,0.9207999999999996,0.0,0.0,0.0,,0.0,0.0,0.0,,0.0,0.0,0.0,0.0
CC(=O)[C@H]1CC[C@H]2[C@@H]3C[C@H](C)C4=CC(=O)CC[C@]4(C)[C@H]3[C@@H](O)C[C@]12C,344.49500000000006,3.9403000000000032,1.0,1.0,,,0.0,,0.0,0.0,0.0,0.0,0.0,0.0
CCN(CCCCOC(=O)c1ccc(OC)c(OC)c1)C(C)Cc1ccc(OC)cc1,429.5570000000002,4.6025000000000045,0.0,0.0,0.0,0.0,0.0,0.0,0.0,0.0,0.0,0.0,0.0,0.0
CCCCc1cc2ccccc2c(OCCN(C)C)n1,272.39199999999994,3.517800000000002,0.0,,0.0,0.0,0.0,0.0,0.0,0.0,0.0,0.0,,0.0
CCCN(CCc1cccs1)[C@H]1CCc2c(O)cccc2C1,315.482,4.265700000000003,0.0,,0.0,,0.0,0.0,0.0,0.0,0.0,0.0,,0.0
CC1=CC(=O)[C@H]2C[C@@H]1C2(C)C,150.22099999999998,2.1776999999999997,0.0,0.0,0.0,0.0,0.0,0.0,0.0,0.0,0.0,0.0,,0.0
Nc1c(Cl)c(F)nc(OCC(=O)O)c1Cl,255.03199999999998,1.5731,0.0,0.0,0.0,0.0,0.0,0.0,0.0,0.0,0.0,0.0,0.0,0.0
CO/N=C(/C1=NOCCO1)c1ccccc1Oc1ncnc(Oc2ccccc2Cl)c1F,458.8330000000001,4.5645000000000024,0.0,,0.0,,,,,1.0,0.0,0.0,1.0,
O=C(NN=Cc1ccc([N+](=O)[O-])o1)c1ccc(O)cc1,275.21999999999997,1.6573,,,,,,,,1.0,,0.0,,
Cc1ccc(C(C)C)c(O)c1,150.221,2.824020000000001,0.0,0.0,0.0,0.0,0.0,0.0,0.0,0.0,0.0,0.0,1.0,0.0
O=c1cc[nH]c(=S)[nH]1,128.156,0.43249,0.0,0.0,0.0,0.0,0.0,0.0,0.0,0.0,0.0,0.0,0.0,0.0
Nc1ccc(Sc2ccc(N)cc2)cc1,216.30900000000003,3.0022,0.0,0.0,1.0,,,1.0,0.0,,0.0,0.0,0.0,0.0
CC(=O)OCCOC(C)=O,146.142,0.11260000000000003,0.0,0.0,0.0,0.0,0.0,0.0,0.0,0.0,0.0,0.0,0.0,0.0
CCCCCCCCCCCCCCCCCC(=O)OCCO,328.53700000000003,5.7834000000000065,0.0,0.0,0.0,0.0,1.0,0.0,0.0,,0.0,,0.0,0.0
CCCCCCCC,114.232,3.3668000000000022,0.0,0.0,0.0,,,,0.0,0.0,0.0,0.0,0.0,0.0
N=C1NC(=N)c2cc3ccccc3cc21,195.225,2.0937400000000004,0.0,1.0,1.0,,,,,1.0,1.0,1.0,1.0,1.0
C1=CCCC=CCC1,108.18399999999998,2.6728000000000014,0.0,0.0,0.0,0.0,0.0,0.0,0.0,0.0,0.0,0.0,0.0,0.0
CCCCCCCCCCCC(=O)OC,214.34899999999996,4.080300000000003,0.0,0.0,0.0,0.0,0.0,0.0,0.0,0.0,0.0,0.0,0.0,0.0
Oc1ccc(O)c2c(O)cccc12,176.171,1.9565999999999997,0.0,0.0,1.0,0.0,0.0,0.0,0.0,,0.0,0.0,0.0,0.0
N#C[S-],58.085,0.01438,0.0,0.0,0.0,0.0,0.0,0.0,0.0,0.0,0.0,0.0,0.0,0.0
CC(N)=S,75.136,0.2924,0.0,0.0,,0.0,0.0,0.0,0.0,0.0,0.0,0.0,0.0,0.0
Cc1cc(O)c(C(C)(C)C)cc1Sc1cc(C(C)(C)C)c(O)cc1C,358.54700000000014,6.4608400000000055,0.0,,,,,,,,,1.0,1.0,
COc1ccccc1N1CCNCC1,192.26199999999994,1.1047999999999998,0.0,0.0,0.0,0.0,0.0,0.0,0.0,0.0,0.0,0.0,0.0,0.0
Nc1ccccc1Nc1ccccc1,184.24200000000002,3.0124000000000013,0.0,,1.0,,0.0,,,1.0,0.0,1.0,,0.0
CCC[N+]1(C)CCCC1,128.23899999999998,1.6367999999999998,0.0,0.0,0.0,0.0,0.0,0.0,0.0,0.0,0.0,0.0,0.0,0.0
CCCCCCCCCCCCCCCCI,352.34399999999994,6.9027000000000065,0.0,0.0,0.0,0.0,0.0,0.0,0.0,0.0,0.0,0.0,0.0,0.0
O=[N+]([O-])c1ccc2[nH]ncc2c1,163.136,1.4710999999999999,0.0,0.0,0.0,0.0,0.0,0.0,0.0,0.0,0.0,0.0,,0.0
CCC(C)(C)CC,100.20499999999998,2.832600000000001,0.0,0.0,0.0,0.0,0.0,0.0,0.0,0.0,0.0,,0.0,0.0
CN1CC(=O)N=C1NC(=O)Nc1cccc(Cl)c1,266.688,1.2894999999999994,0.0,0.0,1.0,,1.0,0.0,0.0,0.0,0.0,0.0,1.0,0.0
CCCC(=O)O[C@]1(C(=O)COC(C)=O)CC[C@H]2[C@@H]3C[C@H](F)C4=CC(=O)C=C[C@]4(C)[C@@]3(F)[C@@H](O)C[C@@]21C,508.5580000000002,3.5195000000000025,1.0,1.0,0.0,,0.0,0.0,0.0,,0.0,,,0.0
C=CCCC=C,82.14599999999999,2.1386000000000003,0.0,0.0,0.0,0.0,0.0,0.0,0.0,0.0,0.0,0.0,,0.0
BrCCOc1ccccc1,201.06300000000002,2.4603,0.0,0.0,0.0,0.0,0.0,0.0,0.0,0.0,0.0,0.0,0.0,0.0
CC(C)CN(C[C@@H](O)[C@H](Cc1ccccc1)NC(=O)O[C@H]1CO[C@H]2OCC[C@@H]12)S(=O)(=O)c1ccc(N)cc1,547.6740000000003,2.3753,0.0,0.0,0.0,0.0,0.0,0.0,0.0,,0.0,,0.0,0.0
C[C@]12O[C@H](C[C@]1(O)CO)n1c3ccccc3c3c4c(c5c6ccccc6n2c5c31)CNC4=O,439.47100000000023,3.474400000000002,0.0,,,1.0,,,,,,,1.0,1.0
ClC1=C(Cl)[C@]2(Cl)[C@H]3[C@H]([C@H]4C=C[C@H]3C4)[C@@]1(Cl)C2(Cl)Cl,364.914,5.270200000000002,0.0,0.0,0.0,,1.0,0.0,0.0,,0.0,0.0,1.0,0.0
CC(=O)O[C@@H]1C[C@H]2CC[C@]1(C)C2(C)C,196.29,2.7643000000000013,0.0,0.0,0.0,0.0,0.0,0.0,0.0,0.0,0.0,0.0,0.0,0.0
CC1(C)[C@@H]2CC[C@@]1(C)[C@H](O)C2,154.253,2.1935000000000002,0.0,0.0,0.0,0.0,0.0,0.0,0.0,0.0,0.0,0.0,0.0,0.0
COP(N)(=S)Oc1ccccc1C(=O)OC(C)C,289.29300000000006,2.4602000000000004,0.0,0.0,1.0,0.0,,0.0,0.0,0.0,0.0,0.0,0.0,0.0
CCC(=O)O[C@@H]1C[C@H]2CC[C@]1(C)C2(C)C,210.31699999999995,3.1544000000000016,0.0,0.0,0.0,0.0,0.0,0.0,0.0,0.0,0.0,0.0,0.0,0.0
CC(C)CCCCCOC(=O)c1ccccc1C(=O)OCCCCCC(C)C,390.5640000000003,6.433000000000007,0.0,0.0,0.0,0.0,0.0,0.0,0.0,0.0,0.0,0.0,0.0,0.0
CCCCCCCCCC(CC)c1ccc(S(=O)(=O)O)cc1.OCCN(CCO)CCO,475.69200000000035,3.8329000000000026,0.0,0.0,0.0,0.0,,0.0,0.0,0.0,0.0,0.0,0.0,0.0
CC(C)CC(C)(C)C,114.23199999999999,3.0786000000000016,0.0,0.0,0.0,0.0,0.0,0.0,0.0,0.0,0.0,0.0,0.0,0.0
CCCSC(=O)N(CCC)CCC,203.35099999999994,3.3716000000000026,0.0,0.0,0.0,0.0,0.0,0.0,0.0,0.0,0.0,0.0,0.0,0.0
O=P(OCC(Br)CBr)(OCC(Br)CBr)OCC(Br)CBr,697.613,5.619500000000003,0.0,0.0,0.0,,0.0,0.0,,,0.0,0.0,1.0,
COc1c(Cl)ccc(Cl)c1C(=O)O,221.039,2.7002000000000006,0.0,0.0,0.0,0.0,0.0,0.0,0.0,0.0,0.0,0.0,0.0,0.0
Brc1ccc(Oc2ccc(Br)cc2)cc1,328.003,5.0039000000000025,0.0,0.0,0.0,0.0,0.0,0.0,0.0,0.0,0.0,0.0,1.0,0.0
ClC(Cl)(Br)Br,242.725,2.8651,0.0,0.0,0.0,0.0,0.0,0.0,0.0,0.0,0.0,0.0,0.0,0.0
Brc1ccc(Br)cc1,235.90599999999998,3.2116000000000007,0.0,0.0,0.0,0.0,0.0,0.0,0.0,0.0,0.0,0.0,0.0,0.0
OC1CCCCC1c1ccccc1,176.25900000000001,2.7051000000000007,0.0,0.0,0.0,0.0,0.0,0.0,0.0,0.0,0.0,0.0,0.0,0.0
O=S(=O)([O-])c1ccc2ccccc2c1,207.23,1.7439000000000002,0.0,0.0,1.0,0.0,0.0,0.0,0.0,0.0,0.0,0.0,0.0,0.0
CCC(C)COC(=O)CC(C)C,172.26799999999997,2.6218000000000012,0.0,0.0,0.0,0.0,0.0,0.0,0.0,0.0,0.0,0.0,0.0,0.0
Cc1ccccc1OCC(=O)O,166.176,1.45842,0.0,0.0,0.0,0.0,0.0,0.0,0.0,0.0,0.0,0.0,0.0,0.0
CC=CC(=O)CCCC,126.199,2.3218000000000005,0.0,0.0,0.0,0.0,0.0,0.0,0.0,0.0,0.0,0.0,0.0,0.0
CCCCCC(CC)OC(=O)CCCOc1ccc(Cl)cc1Cl,361.30899999999997,6.054500000000005,0.0,0.0,0.0,0.0,0.0,0.0,0.0,0.0,0.0,0.0,0.0,0.0
Fc1c(F)c(F)c(Br)c(F)c1F,246.95999999999998,3.1446,0.0,0.0,0.0,0.0,0.0,0.0,0.0,,0.0,0.0,0.0,0.0
CCCCc1ccc(O)cc1,150.22099999999998,2.734800000000001,0.0,0.0,0.0,,0.0,0.0,0.0,,0.0,,1.0,0.0
C/C=C(\C)C(=O)OCc1ccccc1,190.24200000000002,2.6960000000000006,0.0,0.0,0.0,0.0,0.0,0.0,0.0,0.0,0.0,,0.0,0.0
CC(=O)Oc1ccc([N+](=O)[O-])cc1CCl,229.61899999999997,2.2589000000000006,0.0,0.0,,0.0,0.0,0.0,0.0,0.0,0.0,0.0,1.0,
CSCCCN=C=S,147.268,1.8423,0.0,0.0,0.0,0.0,0.0,,,1.0,,,1.0,1.0
CC1=NC(C)OC1C,113.15999999999998,1.212,0.0,0.0,0.0,,,0.0,,1.0,0.0,0.0,0.0,0.0
CC1=NN(c2ccc(C)c(C)c2)C(=O)/C1=N/Nc1cccc(-c2cccc(C(=O)O)c2)c1O,442.47500000000014,4.564840000000005,,,,,,,,,,1.0,,
O=C(O)c1ccc(O)nc1,139.10999999999999,0.4853999999999999,,,,,,,,0.0,,0.0,,
CN1CCC(N(Cc2ccccc2)c2ccccc2)CC1,280.41500000000013,3.7874000000000034,,,,,,,,0.0,,0.0,,
Cc1ccc2ccc(Cl)cc2n1,177.634,3.196620000000001,,,,,,,,0.0,,0.0,,
CC(C)(C)c1ccccc1,134.22199999999998,2.9841000000000015,0.0,0.0,0.0,0.0,0.0,0.0,0.0,0.0,0.0,0.0,0.0,0.0
O=C1CCCC=CCCCCCCCCCC1,236.3989999999999,5.196600000000005,0.0,0.0,0.0,,0.0,0.0,1.0,0.0,0.0,,1.0,0.0
CCOC(=O)COc1ccc(C)cc1,194.23,1.93692,0.0,0.0,0.0,0.0,0.0,0.0,0.0,0.0,0.0,1.0,0.0,0.0
C[C@@H]1C[C@H]2[C@@H]3CCC4=CC(=O)C=C[C@]4(C)[C@@]3(F)[C@@H](O)C[C@]2(C)[C@@]1(O)C(=O)COP(=O)([O-])[O-],470.4300000000003,0.7486999999999999,1.0,1.0,0.0,,1.0,0.0,0.0,0.0,0.0,0.0,0.0,0.0
CC(C)(O)C#N,85.10600000000001,0.2808800000000001,0.0,0.0,0.0,0.0,0.0,0.0,0.0,0.0,0.0,0.0,0.0,0.0
NO,33.03,-0.6657000000000002,0.0,0.0,0.0,0.0,0.0,0.0,0.0,0.0,0.0,0.0,,0.0
[NH3+]O.[NH3+]O,68.076,-2.7650000000000006,0.0,0.0,0.0,0.0,0.0,0.0,0.0,0.0,0.0,0.0,0.0,
NCCNCCO,104.15299999999999,-1.4729999999999996,0.0,0.0,0.0,0.0,0.0,0.0,0.0,0.0,0.0,0.0,0.0,0.0
N#CC(O)c1ccccc1,133.14999999999998,1.2435800000000001,0.0,0.0,0.0,0.0,0.0,0.0,0.0,,0.0,0.0,0.0,0.0
O=C(NO)c1ccccc1,137.13799999999998,0.8056000000000003,0.0,0.0,0.0,,0.0,0.0,0.0,,0.0,0.0,0.0,
Oc1ccc2cc(SSc3ccc4cc(O)ccc4c3)ccc2c1,350.46400000000006,6.203600000000004,0.0,0.0,,,1.0,1.0,0.0,1.0,0.0,1.0,1.0,0.0
CCCCC(=O)N(Cc1ccc(-c2ccccc2-c2nnn[nH]2)cc1)[C@@H](C(=O)O)C(C)C,435.52800000000013,4.161700000000002,0.0,0.0,0.0,0.0,0.0,0.0,0.0,,0.0,,0.0,0.0
CCCC(CCC)C(N)=O,143.23000000000002,1.6881,0.0,0.0,0.0,0.0,0.0,0.0,0.0,,0.0,,0.0,0.0
Cl[V](Cl)(C1C=CC=C1)C1C=CC=C1,252.04000000000008,4.276900000000002,0.0,,0.0,,0.0,,,1.0,0.0,,0.0,
COc1ccc2[nH]c(SCc3ncc(C)c(OC)c3C)nc2c1,329.42500000000007,3.884240000000002,,,,,,,,0.0,,0.0,,
COC(=O)[C@H]1[C@H]2C[C@@H]3c4[nH]c5cc(OC)ccc5c4CCN3C[C@H]2C[C@@H](OC(=O)/C=C/c2ccc(O)c(OC)c2)[C@@H]1OC,590.6730000000003,4.259100000000004,,,,,,,,,,0.0,,
C/C(=C(/OCCOc1ccc(Cl)cc1)c1ccc(Cl)cc1Cl)n1ccnc1,423.7270000000001,6.284600000000005,,,,,,,,,,1.0,,
NS(=O)(=O)c1cc(C(=O)NN2C[C@H]3[C@H]4CCC(C4)[C@H]3C2)ccc1Cl,369.87400000000014,1.6101,,,,,,,,0.0,,0.0,,
Clc1ccc(C(Cn2ccnc2)OCc2ccc(Sc3ccccc3)cc2)c(Cl)c1,455.4100000000001,7.299200000000004,,,,,,,,,,1.0,,
Nc1ccccc1C(=O)OCC(O)CO,211.21699999999998,-0.22120000000000017,,,,,,,,,,0.0,,
CCCCCCCCC/C=C\C=C/C=C\C=C/C=C\C(=O)OCC,330.51200000000017,6.471200000000008,,,,,,,,,,0.0,,
CN(C)CCN1CCN(c2cccc(Cl)c2)C1=O,267.76000000000005,2.1436,,,,,,,,0.0,,0.0,,
CCCCCCCCCOCC1CO1,200.32199999999997,3.152400000000002,,0.0,0.0,1.0,,0.0,0.0,0.0,0.0,0.0,0.0,0.0
CCOC(=O)Oc1ccc(CCNC(=O)[C@H](CCSC)NC(C)=O)cc1OC(=O)OCC,470.5440000000002,2.673700000000001,,,,,,,,,,0.0,,
CC(C)NCCCC1(C(N)=O)c2ccccc2-c2ccccc21,308.425,3.2166000000000015,,,,,,,,0.0,,0.0,,
N#CCc1ccccc1[N+](=O)[O-],162.14799999999994,1.66088,0.0,0.0,1.0,0.0,0.0,0.0,0.0,0.0,0.0,0.0,0.0,0.0
O=[N+]([O-])c1ccc(CCO)cc1,167.16400000000002,1.1296,0.0,0.0,0.0,,0.0,0.0,0.0,0.0,0.0,0.0,,0.0
O=[N+]([O-])c1cccc(O)c1,139.10999999999999,1.3004,0.0,0.0,0.0,0.0,1.0,0.0,0.0,1.0,0.0,0.0,1.0,0.0
Cc1ccc2ccccc2c1[N+](=O)[O-],187.19799999999998,3.056420000000002,0.0,0.0,0.0,,0.0,0.0,0.0,0.0,0.0,0.0,0.0,0.0
O=[N+]([O-])c1ccccc1CCO,167.16399999999996,1.1296,0.0,0.0,,0.0,0.0,0.0,0.0,0.0,0.0,0.0,0.0,0.0
O=C1CCCC(=O)C1,112.128,0.6986,0.0,0.0,0.0,0.0,,0.0,0.0,0.0,0.0,0.0,0.0,0.0
COc1cc(/C=C/C(=O)CC(=O)/C=C/c2ccc(O)c(OC)c2)ccc1O,368.3850000000001,3.3699000000000026,0.0,0.0,,,1.0,0.0,1.0,1.0,0.0,1.0,1.0,1.0
CCOC(N)=O,89.09400000000001,0.10160000000000025,0.0,0.0,0.0,0.0,0.0,0.0,0.0,0.0,0.0,0.0,0.0,0.0
NC(N)=O,60.056,-0.9762000000000002,0.0,0.0,0.0,0.0,0.0,0.0,0.0,0.0,0.0,0.0,0.0,0.0
COc1ccccc1N1CCN(CCCNc2cc(=O)n(C)c(=O)n2C)CC1,387.48400000000015,0.7168000000000008,0.0,0.0,0.0,0.0,0.0,0.0,0.0,0.0,0.0,0.0,0.0,0.0
O=c1cc[nH]c(=O)[nH]1,112.088,-0.9368000000000001,0.0,0.0,0.0,0.0,0.0,0.0,0.0,0.0,0.0,0.0,0.0,0.0
CCc1ccc(Br)cc1,185.064,3.0115000000000016,0.0,0.0,,0.0,,0.0,0.0,0.0,0.0,0.0,0.0,0.0
CCCC[Sn](Cl)(Cl)Cl,282.18600000000004,3.4418000000000015,0.0,0.0,0.0,,0.0,0.0,0.0,1.0,0.0,0.0,0.0,0.0
O=C(O)c1ccc2cc(C(=O)O)ccc2c1,216.19199999999998,2.2362,0.0,0.0,0.0,0.0,0.0,0.0,0.0,0.0,0.0,0.0,0.0,0.0
CO/C=C(/C(=O)OC)c1ccccc1Oc1cc(Oc2ccccc2C#N)ncn1,403.3940000000001,4.093180000000004,0.0,0.0,0.0,,,0.0,,1.0,0.0,0.0,,
CCCOCC(C)O,118.17599999999997,0.7938000000000001,1.0,0.0,0.0,0.0,0.0,0.0,0.0,0.0,0.0,0.0,0.0,0.0
C=CCOC(=O)C(C)(C)OC(=O)c1cc(-n2c(=O)cc(C(F)(F)F)n(C)c2=O)ccc1Cl,474.8190000000001,2.873000000000001,0.0,0.0,,0.0,0.0,0.0,0.0,,0.0,0.0,0.0,0.0
CCCCCCC(CO)CCCC,186.33899999999997,3.755500000000003,0.0,0.0,0.0,0.0,0.0,0.0,0.0,0.0,0.0,0.0,0.0,0.0
O=C([O-])c1cc(C(=O)O)cc(S(=O)(=O)O)c1,245.188,-1.005,0.0,0.0,0.0,0.0,0.0,0.0,0.0,0.0,0.0,0.0,,0.0
CO/N=C(/C(=O)N[C@@H]1C(=O)N2C(C(=O)[O-])=C(C[n+]3ccn4ncccc43)CS[C@H]12)c1nsc(N)n1,515.5370000000001,-2.489899999999997,0.0,0.0,0.0,0.0,0.0,0.0,0.0,0.0,0.0,0.0,0.0,0.0
COC(C)CCO,104.149,0.4037,0.0,0.0,0.0,0.0,0.0,0.0,0.0,0.0,0.0,0.0,,0.0
CO/N=C(/C(=O)N[C@@H]1C(=O)N2C(C(=O)OCOC(=O)C(C)(C)C)=C(C)CS[C@H]12)c1csc(N)n1,511.5820000000002,0.8396999999999999,0.0,0.0,0.0,0.0,0.0,0.0,0.0,0.0,0.0,0.0,0.0,0.0
CN(Cc1ccc(C(C)(C)C)cc1)Cc1cccc2ccccc12,317.476,5.769300000000006,0.0,0.0,0.0,0.0,0.0,0.0,0.0,0.0,0.0,0.0,0.0,0.0
CCCC(=O)N1CCCN(c2nc(N)c3cc(OC)c(OC)cc3n2)CC1,373.45700000000016,2.068,0.0,0.0,,0.0,,0.0,0.0,,0.0,,,0.0
CC(C)(S)C(=O)N[C@@H](CS)C(=O)O,223.319,0.19399999999999995,0.0,0.0,0.0,0.0,0.0,0.0,0.0,,0.0,,0.0,0.0
C/C(=C(\CCOC(=O)c1ccccc1)SS/C(CCOC(=O)c1ccccc1)=C(/C)N(C=O)Cc1cnc(C)nc1N)N(C=O)Cc1cnc(C)nc1N,770.9379999999998,6.003440000000006,0.0,0.0,0.0,0.0,,0.0,0.0,,0.0,,0.0,0.0
CC#CCC(C)[C@H](O)/C=C/[C@@H]1[C@H]2c3cccc(CCCC(=O)[O-])c3O[C@H]2C[C@H]1O,397.49100000000016,1.9511999999999996,0.0,0.0,0.0,0.0,1.0,,0.0,,0.0,,,0.0
CCCCOC(=O)CCCCCCCC(=O)OCCCC,300.439,4.403700000000004,0.0,0.0,0.0,0.0,0.0,0.0,0.0,0.0,0.0,0.0,0.0,0.0
C=CCBr,120.97699999999999,1.5673,0.0,0.0,0.0,,0.0,0.0,0.0,0.0,0.0,0.0,0.0,0.0
CCC1(C2=NCCN2)Cc2ccccc2O1,216.28400000000002,1.772,0.0,,0.0,0.0,0.0,0.0,0.0,0.0,0.0,0.0,0.0,1.0
Cc1ccccc1C(=O)Nc1cccc(OC(C)C)c1,269.344,4.034520000000002,0.0,0.0,1.0,0.0,0.0,0.0,0.0,,0.0,0.0,1.0,0.0
CSc1ccc(C(=O)c2[nH]c(=O)[nH]c2C)cc1,248.307,1.9643199999999998,0.0,0.0,0.0,0.0,,0.0,0.0,0.0,0.0,0.0,0.0,0.0
CN(C)CC/C=C1\c2ccccc2COc2ccccc21,279.383,3.9624000000000033,0.0,0.0,0.0,0.0,0.0,0.0,0.0,0.0,0.0,0.0,,0.0
Cc1cc(N)c2ccccc2[n+]1CCCCCCCCCC[n+]1c(C)cc(N)c2ccccc21,456.6780000000002,6.170240000000007,0.0,0.0,0.0,1.0,,0.0,0.0,,0.0,,0.0,
CN(C)CCOC(=O)COc1ccc(Cl)cc1,257.717,1.8235999999999999,0.0,0.0,0.0,0.0,0.0,0.0,0.0,0.0,0.0,0.0,0.0,0.0
CN(C(=O)CCCOc1ccc2[nH]c(=O)ccc2c1)C1CCCCC1,342.43900000000025,3.478200000000002,0.0,0.0,0.0,0.0,,0.0,0.0,0.0,1.0,0.0,0.0,0.0
N=C(N)NC(=N)NCCc1ccccc1,205.26500000000001,0.23654000000000086,0.0,0.0,0.0,0.0,,0.0,0.0,1.0,0.0,0.0,0.0,0.0
C=CCOC(=O)CCCCCCCC,198.30599999999995,3.4662000000000024,0.0,0.0,0.0,0.0,0.0,0.0,0.0,0.0,0.0,0.0,0.0,0.0
COc1cc([N+](=O)[O-])ccc1N,168.152,1.1855999999999998,0.0,0.0,0.0,,0.0,0.0,0.0,0.0,0.0,0.0,0.0,0.0
C=CCSSCCC,148.296,2.9638000000000018,0.0,0.0,0.0,0.0,0.0,0.0,0.0,,0.0,0.0,0.0,0.0
C=CCNC(N)=S,116.189,0.005600000000000216,0.0,0.0,0.0,0.0,0.0,0.0,0.0,0.0,0.0,0.0,0.0,0.0
C[Si](Cl)(c1ccccc1)c1ccccc1,232.78600000000003,2.6149000000000004,0.0,0.0,0.0,,0.0,0.0,0.0,,0.0,0.0,1.0,0.0
CC(C)C(O)C(C)(C)CO,146.23,1.0218,0.0,0.0,0.0,0.0,0.0,0.0,0.0,0.0,0.0,0.0,0.0,0.0
C[C@]12CC[C@@H]3[C@H]4CCC(=O)C=C4CC[C@H]3[C@@H]1CC[C@@H]2OC(=O)CCc1ccccc1,406.56600000000014,5.672800000000006,1.0,1.0,0.0,,1.0,1.0,0.0,,0.0,0.0,0.0,0.0
CCCCCCCCCC(=O)O[C@H]1CC[C@H]2[C@@H]3CCC4=CC(=O)CC[C@@H]4[C@H]3CC[C@]12C,428.6570000000003,7.180700000000009,1.0,1.0,0.0,,1.0,1.0,0.0,0.0,0.0,0.0,0.0,0.0
C[C@]12CC[C@@H]3[C@H]4CCC(=O)C=C4CC[C@H]3[C@@H]1CC[C@@H]2O,274.40399999999994,3.4891000000000028,1.0,1.0,0.0,0.0,1.0,1.0,0.0,1.0,0.0,0.0,0.0,0.0
CCCc1c2oc(C(=O)O)cc(=O)c2cc2c(=O)cc(C(=O)O)n(CC)c12,371.34500000000014,2.476700000000001,0.0,0.0,0.0,0.0,0.0,0.0,0.0,0.0,0.0,0.0,0.0,0.0
Cl[Nd](Cl)Cl,250.59900000000002,2.0685000000000002,0.0,0.0,0.0,,0.0,0.0,0.0,,0.0,0.0,0.0,0.0
CCO[Si](CCC1CCC2OC2C1)(OCC)OCC,288.46000000000004,2.9924000000000017,0.0,0.0,0.0,0.0,0.0,0.0,0.0,0.0,0.0,0.0,0.0,0.0
CCOC(=O)c1ccc(N(C)C)cc1,193.24599999999998,1.9293,0.0,0.0,1.0,,1.0,0.0,0.0,0.0,0.0,0.0,0.0,0.0
CC(C)C(=O)OCCc1ccccc1,192.258,2.4283,0.0,0.0,0.0,0.0,0.0,0.0,0.0,0.0,0.0,0.0,0.0,0.0
CC(=O)OCC=Cc1ccccc1,176.215,2.2629,0.0,0.0,0.0,0.0,0.0,0.0,0.0,0.0,0.0,0.0,0.0,0.0
OCCc1ccccn1,123.15499999999997,0.6164,0.0,0.0,0.0,0.0,0.0,0.0,0.0,0.0,0.0,0.0,,0.0
CCNc1cccc(C)c1,135.20999999999998,2.42682,0.0,0.0,0.0,0.0,0.0,0.0,0.0,0.0,0.0,0.0,0.0,0.0
c1ccc(Oc2ccccc2)cc1,170.21099999999998,3.478900000000001,0.0,0.0,0.0,0.0,0.0,0.0,0.0,0.0,0.0,0.0,0.0,0.0
CNc1ccccc1,107.15599999999998,1.7283,0.0,0.0,0.0,0.0,0.0,0.0,0.0,0.0,0.0,0.0,0.0,0.0
N#Cc1ccccn1,104.11199999999998,0.9532799999999999,0.0,0.0,0.0,0.0,0.0,0.0,0.0,0.0,0.0,0.0,0.0,0.0
ON=C1CCCCC1,113.16000000000001,1.7807,0.0,0.0,0.0,0.0,0.0,0.0,0.0,0.0,0.0,0.0,0.0,0.0
O=C(O)c1ccccc1C(=O)OCc1ccccc1,256.25699999999995,2.7418000000000013,0.0,0.0,,,0.0,0.0,,0.0,0.0,0.0,0.0,0.0
COc1ccccc1NC(=O)c1cc2ccccc2cc1O,293.322,3.8063000000000025,0.0,0.0,1.0,1.0,,0.0,,,0.0,,,
O=C(Oc1ccccc1)c1ccc2ccccc2c1O,264.28,3.764600000000002,0.0,0.0,,,,0.0,0.0,0.0,1.0,0.0,,0.0
COc1ccc(C(=O)c2ccc(OC)cc2O)c(O)c1,274.272,2.346000000000001,,0.0,1.0,,1.0,1.0,0.0,0.0,0.0,0.0,1.0,
CC(C)CCCCCOC(=O)CCCCC(=O)OCCCCCC(C)C,370.57400000000024,6.066000000000007,0.0,0.0,0.0,0.0,0.0,0.0,0.0,,0.0,0.0,0.0,0.0
O=[N+]([O-])c1ccc(Oc2ccc([N+](=O)[O-])cc2)cc1,260.205,3.295300000000002,0.0,0.0,0.0,0.0,0.0,0.0,0.0,0.0,0.0,0.0,,0.0
COc1ccc(OC)c(OC)c1,168.19199999999998,1.7124,0.0,0.0,0.0,0.0,,0.0,0.0,,0.0,0.0,0.0,0.0
CC(=O)/C=C/C1C(C)=CCCC1(C)C,192.30199999999994,3.5141000000000027,0.0,0.0,0.0,0.0,,0.0,0.0,0.0,0.0,0.0,0.0,0.0
O=c1ccc2ccccc2o1,146.14499999999998,1.793,0.0,0.0,0.0,0.0,1.0,0.0,0.0,0.0,0.0,0.0,0.0,0.0
COc1ccc(N)c(C)c1,137.18200000000002,1.5858199999999998,0.0,0.0,0.0,0.0,,0.0,0.0,0.0,0.0,0.0,0.0,0.0
CN[C@H]1CCc2cc(OC)c(OC)c(OC)c2-c2ccc(OC)c(=O)cc21,371.4330000000001,2.954900000000001,0.0,,,0.0,0.0,,,,1.0,,1.0,1.0
CC(=O)OCCC(C)CC(C)(C)C,186.295,3.0119000000000016,0.0,0.0,0.0,0.0,0.0,0.0,0.0,0.0,0.0,0.0,0.0,0.0
[Co+2],58.933,-0.0025,0.0,0.0,0.0,0.0,0.0,0.0,0.0,1.0,0.0,0.0,0.0,0.0
COc1ccc2c3c1O[C@H]1[C@@H](O)C=C[C@H]4[C@@H](C2)N(C)CC[C@]314,299.3700000000001,1.5010999999999999,1.0,0.0,0.0,0.0,0.0,0.0,0.0,1.0,0.0,1.0,0.0,0.0
CCCCCCCCCCCC(=O)OCC(O)CO,274.40099999999995,2.8037000000000014,0.0,0.0,0.0,0.0,0.0,0.0,0.0,0.0,0.0,0.0,0.0,0.0
CCOP(=S)(OCC)Oc1ccc2c(C)c(Cl)c(=O)oc2c1,362.7710000000001,4.431120000000004,0.0,0.0,1.0,0.0,0.0,0.0,0.0,0.0,0.0,0.0,0.0,0.0
CCCc1c(OCCCCc2nnn[nH]2)ccc(C(C)=O)c1O,318.3770000000001,2.462100000000001,0.0,,0.0,,0.0,0.0,1.0,0.0,0.0,0.0,1.0,1.0
CN(C)C(=S)[S-].CN(C)C(=S)[S-].[Cu+2],303.99,0.7571000000000002,0.0,,,,,1.0,,,1.0,1.0,,0.0
CCCC[n+]1cccc(C)c1,150.24499999999998,2.0826200000000004,0.0,0.0,0.0,0.0,0.0,0.0,0.0,1.0,0.0,0.0,0.0,0.0
O=C1c2ccccc2C(=O)c2cc(Cl)ccc21,242.66099999999997,3.115400000000001,0.0,0.0,1.0,0.0,,0.0,0.0,0.0,0.0,0.0,0.0,0.0
Cc1nc2ccccc2s1,149.21799999999996,2.6047200000000013,0.0,0.0,0.0,0.0,0.0,0.0,0.0,0.0,0.0,0.0,0.0,0.0
N#Cc1c2ccccc2cc2ccccc12,203.24399999999997,3.8646800000000017,0.0,,,,,,,,0.0,,1.0,1.0
O=CC=C(c1ccccc1)c1ccccc1,208.26,3.3172000000000015,0.0,0.0,,,0.0,0.0,,1.0,0.0,,1.0,
O=C(/C=C/c1ccc([N+](=O)[O-])cc1)c1ccccc1,253.25700000000003,3.4909000000000017,0.0,,0.0,,0.0,,0.0,0.0,1.0,,,
CCC1(c2cnc[nH]2)Cc2ccccc2C1,212.296,2.856300000000001,0.0,,1.0,0.0,0.0,0.0,0.0,0.0,0.0,,,0.0
CCCn1cc[n+](C)c1,125.19499999999996,0.7226,0.0,0.0,0.0,0.0,0.0,0.0,0.0,0.0,0.0,0.0,0.0,0.0
COc1ccc2c3c1O[C@H]1C[C@@H](O)C=C[C@@]31CCN(C)C2,287.35900000000004,1.8503,0.0,0.0,1.0,0.0,0.0,0.0,0.0,,0.0,,0.0,0.0
CCCCC=O,86.13399999999999,1.3755,0.0,0.0,0.0,0.0,0.0,0.0,0.0,0.0,0.0,0.0,0.0,0.0
O=C(O)CCCC(=O)O,132.115,0.32590000000000025,0.0,0.0,0.0,0.0,0.0,0.0,0.0,0.0,0.0,0.0,0.0,0.0
CCCCCCC[N+](CC)(CC)CCCCc1ccc(Cl)cc1,338.98699999999997,6.489700000000008,0.0,0.0,0.0,1.0,,0.0,0.0,,,0.0,0.0,0.0
CCN1CCCC1CNC(=O)c1cc(S(N)(=O)=O)ccc1OC,341.4330000000001,0.5567000000000012,0.0,0.0,,0.0,0.0,0.0,0.0,0.0,0.0,0.0,,0.0
O=C1OC2(c3cc(Br)c(O)c(Br)c3Oc3c2cc(Br)c(O)c3Br)c2c(Cl)c(Cl)c(Cl)c(Cl)c21,785.6749999999998,9.3294,0.0,0.0,,,0.0,0.0,,0.0,0.0,1.0,,
C[C@]12CC[C@H]3[C@@H](C=CC4=CC(=O)CC[C@@]43C)[C@@H]1CC[C@@]2(O)CCC(=O)[O-],357.47000000000014,2.5555000000000003,1.0,1.0,0.0,0.0,0.0,0.0,0.0,,0.0,,0.0,0.0
CC(C)CCCCCCCOC(=O)c1ccccc1C(=O)OCCCCCCCC(C)C,446.6720000000004,7.993400000000009,0.0,0.0,0.0,0.0,0.0,0.0,0.0,0.0,0.0,0.0,0.0,0.0
CC(=O)c1ccc(C(C)=O)cc1,162.188,2.0918,0.0,0.0,0.0,0.0,,0.0,0.0,0.0,0.0,0.0,0.0,0.0
CCCCCCCCCOC(=O)c1ccccc1C(=O)OCCCCCCCCC,418.61800000000045,7.501400000000008,0.0,0.0,0.0,0.0,0.0,0.0,0.0,0.0,0.0,0.0,0.0,0.0
CN(C)c1ccncc1,122.17099999999996,1.1476,0.0,0.0,0.0,0.0,0.0,0.0,0.0,0.0,0.0,0.0,0.0,0.0
Fc1ccc(C(OCCN2CCN(CCCc3ccccc3)CC2)c2ccc(F)cc2)cc1,450.5730000000001,5.3212000000000055,0.0,,0.0,,,0.0,,,,,,
CCc1nn(C)c(C(=O)NCc2ccc(C(C)(C)C)cc2)c1Cl,333.86300000000006,3.863400000000003,0.0,,0.0,,,,,1.0,0.0,1.0,,
O=C(c1ccc(Cl)cc1)c1ccc(Cl)cc1,251.11200000000002,4.224400000000002,0.0,0.0,0.0,0.0,0.0,0.0,0.0,0.0,0.0,0.0,0.0,0.0
C#C[C@]1(O)CC[C@H]2[C@@H]3CCc4cc(OC)ccc4[C@H]3CC[C@@]21C,310.4370000000001,3.915600000000003,0.0,0.0,0.0,0.0,1.0,1.0,0.0,1.0,0.0,0.0,0.0,0.0
C=C(C#N)C(=O)OCC,125.12699999999998,0.62928,0.0,0.0,0.0,,0.0,0.0,0.0,0.0,1.0,0.0,0.0,0.0
Cc1c(-c2cccnc2)c2ccccc2n1CCCCC(=O)O,308.38100000000003,4.266620000000003,0.0,0.0,1.0,,0.0,0.0,0.0,0.0,0.0,0.0,,0.0
O=C(O)C1(c2ccc3c(c2)OC[C@H](Cc2ccc(-c4ccccc4)cc2)[C@H]3O)CCCC1,428.5280000000002,5.534700000000005,0.0,0.0,0.0,0.0,,,,1.0,0.0,,0.0,
Cc1oc(-c2ccccc2)nc1CCOc1cccc2c1ccn2CCC(=O)O,390.43900000000014,4.7009200000000035,0.0,0.0,0.0,,0.0,0.0,1.0,1.0,0.0,0.0,,
Cc1cc(NC(=O)C(=O)O)cc(C)c1Oc1ccc(O)c2c1CCC2,341.36300000000017,3.3131400000000015,0.0,0.0,,,1.0,0.0,0.0,0.0,0.0,0.0,0.0,0.0
CNC(=O)[C@H]1O[C@@H](n2cnc3c(NCc4cc(Cl)ccc4OCc4cc(C)no4)ncnc32)[C@H](O)[C@@H]1N,528.9570000000002,1.2988199999999988,0.0,0.0,0.0,0.0,0.0,0.0,0.0,0.0,0.0,0.0,0.0,0.0
NC(=O)N1C(=O)C(C(=O)c2cc(Cl)cs2)c2cc(F)c(Cl)cc21,373.19200000000006,3.5858000000000008,0.0,,1.0,,,0.0,,,0.0,,,1.0
NC(=O)N(O)[C@@H]1C=C[C@H](Oc2cccc(Oc3ccc(F)cc3)c2)C1,344.34200000000004,3.4638000000000027,0.0,0.0,,,1.0,0.0,,1.0,0.0,0.0,0.0,0.0
O=C1NC(=O)C(c2ccccc2)(c2ccccc2)N1,252.27300000000002,1.7696,0.0,0.0,0.0,0.0,0.0,0.0,0.0,0.0,0.0,0.0,0.0,0.0
CO[C@H]1O[C@@H]2O[C@]3(C)CC[C@H]4[C@H](C)CC[C@@H]([C@H]1C)C42OO3,298.379,2.8408000000000015,0.0,0.0,0.0,0.0,0.0,0.0,0.0,,0.0,,0.0,0.0
C[C@@H]1CC[C@H]2[C@@H](C)C(=O)O[C@@H]3O[C@]4(C)CC[C@@H]1C32OO4,282.33599999999996,2.3949000000000007,,,,,,,,,,0.0,,
O=C(O)CCNC(=O)c1ccc(/N=N/c2ccc(O)c(C(=O)O)c2)cc1,357.3220000000001,2.7103,0.0,0.0,0.0,0.0,0.0,0.0,0.0,0.0,0.0,0.0,,0.0
CC(C)C(Br)C(=O)NC(N)=O,223.07,0.6008000000000002,0.0,0.0,0.0,0.0,0.0,0.0,0.0,1.0,0.0,0.0,0.0,0.0
CN1CCC[C@H]1c1cccnc1,162.236,1.8483,0.0,0.0,0.0,0.0,0.0,0.0,0.0,0.0,0.0,0.0,0.0,0.0
Cc1c(N(C)CS(=O)(=O)[O-])c(=O)n(-c2ccccc2)n1C,310.355,0.4233199999999997,0.0,0.0,0.0,0.0,1.0,0.0,0.0,0.0,0.0,0.0,0.0,0.0
O=CCc1ccccc1,120.15099999999995,1.428,0.0,0.0,0.0,0.0,0.0,0.0,0.0,,0.0,0.0,1.0,0.0
C/C(=C\C(=O)OCCCCCCCCC(=O)O)C[C@@H]1OC[C@H](C[C@@H]2O[C@H]2[C@@H](C)[C@H](C)O)[C@@H](O)[C@H]1O,500.62900000000013,2.5925000000000016,0.0,0.0,0.0,0.0,0.0,0.0,0.0,,0.0,,0.0,0.0
CCN(CC)C(=O)/C(C#N)=C/c1cc(O)c(O)c([N+](=O)[O-])c1,305.29,1.7813800000000002,0.0,,0.0,0.0,0.0,0.0,0.0,1.0,0.0,1.0,,
Nc1nc(Cl)nc2c1ncn2[C@@H]1O[C@H](CO)[C@@H](O)[C@@H]1F,303.681,-0.34940000000000027,0.0,0.0,0.0,1.0,0.0,0.0,,1.0,,0.0,0.0,1.0
O=C(CS(=O)Cc1ccco1)NC/C=C\COc1cc(CN2CCCCC2)ccn1,431.55800000000033,2.6606000000000014,0.0,0.0,0.0,0.0,0.0,0.0,0.0,0.0,0.0,0.0,0.0,0.0
C[C@@H](O)[C@H]1C(=O)N2C(C(=O)[O-])=C(SC3Cn4cnc[n+]4C3)[C@H](C)[C@H]12,350.4000000000001,-1.8949999999999971,0.0,1.0,0.0,0.0,0.0,0.0,0.0,,0.0,,0.0,0.0
CN1C[C@@H]2C[C@H]1CN2c1cc2c(cc1F)c(=O)c(C(=O)O)cn2C1CC1,357.3850000000001,2.0664,0.0,0.0,0.0,,0.0,0.0,0.0,0.0,0.0,0.0,,0.0
CN(CCOc1ccc(NS(C)(=O)=O)cc1)CCc1ccc(NS(C)(=O)=O)cc1,441.57500000000016,1.9828999999999997,1.0,0.0,0.0,,0.0,0.0,0.0,0.0,0.0,0.0,,0.0
C[C@@H](O)[C@H]1C(=O)N2C(C(=O)O)=C([C@H]3CCCO3)S[C@H]12,285.32099999999997,0.3736999999999999,0.0,0.0,0.0,0.0,0.0,0.0,0.0,,0.0,0.0,0.0,0.0
C=C(C)C1CC=C(C)C(=O)C1,150.22099999999998,2.4879000000000007,0.0,0.0,0.0,0.0,0.0,0.0,0.0,0.0,0.0,0.0,0.0,0.0
Cc1ccccc1S,124.20799999999998,2.283720000000001,0.0,0.0,0.0,0.0,0.0,0.0,0.0,0.0,0.0,,0.0,0.0
O=C1CCCCC1C1CCCCC1,180.29099999999994,3.3260000000000023,0.0,0.0,0.0,0.0,0.0,0.0,0.0,0.0,0.0,0.0,0.0,0.0
C[C@H]1C[C@H]2[C@@H]3CCC4=CC(=O)C=C[C@]4(C)[C@@]3(F)[C@@H](O)C[C@]2(C)[C@@]1(O)C(=O)COP(=O)([O-])[O-],470.4300000000003,0.7486999999999999,1.0,1.0,,,0.0,0.0,0.0,0.0,0.0,0.0,0.0,0.0
CCC(=O)C1CC(C(C)C)CC=C1C,194.31799999999996,3.594000000000003,0.0,0.0,0.0,0.0,0.0,0.0,0.0,0.0,0.0,0.0,0.0,0.0
CC(C)=CCOC(=O)c1ccccc1,190.24200000000002,2.8096000000000014,0.0,0.0,0.0,0.0,0.0,0.0,0.0,0.0,0.0,0.0,,0.0
COc1cc(CCC(C)=O)ccc1O,194.23000000000002,1.9224,0.0,0.0,0.0,0.0,0.0,0.0,0.0,0.0,0.0,0.0,0.0,0.0
OC[C@H](O)[C@@H](O)[C@@H](O)[C@H](O)CO,182.172,-3.5854000000000004,0.0,0.0,0.0,0.0,0.0,0.0,0.0,0.0,0.0,0.0,0.0,0.0
N[C@H](C(=O)O)c1ccc(O)cc1,167.164,0.4766,,,,,,,,0.0,,0.0,,
COC1=C(OC)C(=O)C(C/C=C(\C)CC/C=C(\C)CC/C=C(\C)CC/C=C(\C)CC/C=C(\C)CC/C=C(\C)CC/C=C(\C)CC/C=C(\C)CC/C=C(\C)CCC=C(C)C)=C(C)C1=O,863.3649999999996,17.853899999999975,0.0,0.0,0.0,0.0,0.0,0.0,0.0,,0.0,,0.0,0.0
CCN(CC)CCOc1ccc(C(O)(Cc2ccc(Cl)cc2)c2ccc(C)cc2)cc1,438.01100000000014,5.847620000000007,0.0,0.0,,,,0.0,,,,,,
O=C(O)c1ccc(O)c(O)c1,154.12099999999998,0.7959999999999998,0.0,0.0,0.0,0.0,0.0,0.0,0.0,0.0,0.0,0.0,0.0,0.0
O=C1c2ccccc2C(=O)c2c(O)c(O)cc(O)c21,256.21299999999997,1.5788000000000004,0.0,,1.0,,,0.0,0.0,1.0,0.0,0.0,1.0,0.0
CCCCn1cc[n+](C)c1.O=S(=O)([O-])C(F)(F)F,288.29099999999994,1.1641000000000001,0.0,0.0,0.0,0.0,0.0,0.0,0.0,,0.0,0.0,0.0,0.0
CCc1nc(N)nc(N)c1-c1ccc(Cl)cc1,248.71700000000004,2.5238000000000005,1.0,1.0,0.0,0.0,,0.0,,1.0,0.0,0.0,0.0,
O=c1c(O)c(-c2ccc(O)c(O)c2)oc2cc(O)cc(O)c12,302.23800000000006,1.988,0.0,0.0,1.0,0.0,1.0,1.0,0.0,1.0,0.0,0.0,1.0,1.0
NC(=O)C1(N2CCCCC2)CCN(CCCC(=O)c2ccc(F)cc2)CC1,375.48800000000006,2.5944000000000003,,,,,,,,0.0,,0.0,,
Cc1cccc(N(C)C(=S)Oc2ccc3c(c2)C2CCC3C2)c1,323.4610000000001,5.159820000000004,,,,,,,,,,0.0,,
O=C(CCCl)NCc1ccccc1,197.66500000000002,1.9317,,,,,,,,0.0,,0.0,,
COc1ccc(/C=C/C(=O)O)cc1,178.18699999999998,1.7930000000000001,0.0,0.0,0.0,0.0,0.0,0.0,0.0,,0.0,,0.0,0.0
CC(C)CCCC(C)NCCC(C)C,199.38199999999998,3.8369000000000026,,,,,,,,0.0,,0.0,,
CCCCCCCCCCn1cc[n+](C)c1,223.38400000000001,3.4533000000000023,0.0,,0.0,1.0,,,,1.0,0.0,0.0,1.0,
O=S(=O)([O-])CO,111.09799999999998,-1.5185999999999997,0.0,0.0,0.0,0.0,0.0,0.0,0.0,0.0,0.0,0.0,0.0,0.0
C=CCCCCCCCC,140.27,3.9230000000000027,0.0,0.0,0.0,0.0,0.0,0.0,0.0,0.0,0.0,0.0,,0.0
O=C1CCCCCCCCCCC1,182.30699999999996,3.8602000000000034,0.0,0.0,0.0,0.0,0.0,0.0,0.0,1.0,0.0,0.0,0.0,0.0
O=[N+]([O-])c1ccc(Nc2ccccc2)cc1,214.22400000000002,3.338400000000001,0.0,0.0,0.0,,,0.0,0.0,0.0,0.0,0.0,1.0,
O=[N+]([O-])c1ccc([O-])cc1,138.10199999999998,0.6683999999999999,0.0,0.0,0.0,,0.0,0.0,0.0,0.0,0.0,0.0,1.0,0.0
O=S(=O)([O-])c1ccc(O)cc1,173.16899999999998,0.29630000000000023,0.0,0.0,0.0,0.0,0.0,0.0,0.0,,0.0,0.0,0.0,0.0
c1cc(N(CC2CO2)CC2CO2)ccc1Cc1ccc(N(CC2CO2)CC2CO2)cc1,422.52500000000026,2.4854000000000003,0.0,,0.0,,,,,1.0,1.0,1.0,,1.0
CC(=O)Nc1ccc(S(N)(=O)=O)cc1,214.24599999999998,0.29239999999999966,0.0,0.0,0.0,0.0,0.0,0.0,0.0,0.0,0.0,0.0,0.0,0.0
O=C(OCc1ccccc1)c1ccccc1O,228.24699999999999,2.7492000000000014,0.0,0.0,0.0,0.0,1.0,0.0,0.0,0.0,0.0,0.0,,0.0
c1ccc(CSCc2ccccc2)cc1,214.33300000000006,4.120000000000003,0.0,0.0,0.0,0.0,1.0,0.0,0.0,,0.0,0.0,,0.0
O=C(Cc1ccccc1)OCc1ccccc1,226.27499999999998,2.972500000000001,0.0,0.0,0.0,0.0,0.0,0.0,0.0,0.0,0.0,0.0,,0.0
CC(=O)C(Cl)C(=O)N(C)C,163.60399999999998,0.2709999999999999,0.0,0.0,0.0,0.0,0.0,0.0,0.0,,0.0,0.0,0.0,0.0
N#CC1(N)CCCCC1,124.187,1.1715800000000003,0.0,0.0,0.0,0.0,0.0,0.0,0.0,0.0,0.0,0.0,0.0,0.0
O=C1CCCCCN1SSN1CCCCCC1=O,288.43800000000005,3.003000000000002,0.0,0.0,0.0,,0.0,0.0,0.0,0.0,0.0,1.0,,0.0
CCOC(=O)NNc1ccc(N(CC)CC(C)O)nn1,283.332,0.7566999999999997,0.0,0.0,0.0,0.0,0.0,0.0,0.0,0.0,0.0,0.0,0.0,0.0
COCCc1ccc(OCC(O)CNC(C)C)cc1.COCCc1ccc(OCC(O)CNC(C)C)cc1.O=C(O)CCC(=O)O,652.8260000000004,3.162200000000002,1.0,0.0,0.0,,0.0,0.0,0.0,,0.0,,0.0,0.0
S=C(SSC(=S)N1CCCCC1)N1CCCCC1,320.5740000000002,3.9094000000000033,0.0,,,,,1.0,0.0,,1.0,,0.0,0.0
COC(=O)CC#N,99.08900000000001,0.07307999999999992,0.0,0.0,0.0,0.0,0.0,0.0,0.0,0.0,0.0,0.0,0.0,0.0
CC(C)CCCCCCN,143.274,2.5516000000000005,0.0,0.0,0.0,0.0,0.0,0.0,0.0,0.0,0.0,0.0,0.0,0.0
CCC(=O)OCC(=O)[C@@]1(OC(=O)CC)[C@@H](C)C[C@H]2[C@@H]3CCC4=CC(=O)C=C[C@]4(C)[C@@]3(Cl)[C@@H](O)C[C@@]21C,521.0500000000003,4.086800000000004,1.0,1.0,,,0.0,,,,0.0,,1.0,0.0
CC(C)NC(=O)NC(C)C,144.21799999999996,1.1023999999999998,0.0,0.0,0.0,0.0,0.0,0.0,0.0,0.0,0.0,0.0,0.0,0.0
CCCCCCCCCCCCCCC(Br)C(=O)O,335.326,5.925700000000005,0.0,0.0,0.0,0.0,0.0,,1.0,,0.0,,1.0,
C=CCOCC(O)CO,132.159,-0.4578000000000001,0.0,0.0,0.0,0.0,0.0,0.0,0.0,0.0,0.0,0.0,0.0,0.0
CC(=O)c1ccc(C)cc1,134.17799999999997,2.1976200000000006,0.0,0.0,0.0,0.0,0.0,0.0,0.0,0.0,0.0,0.0,0.0,0.0
O=C(O)c1cc(O)c2ccccc2c1O,204.18099999999998,1.9491999999999998,0.0,0.0,1.0,,,0.0,,1.0,0.0,,,
O=S(=O)(O)CCCN1CCOCC1,209.26699999999994,-0.4034999999999995,0.0,0.0,0.0,0.0,0.0,0.0,0.0,0.0,0.0,0.0,0.0,0.0
CCCCNc1ccccc1,149.23699999999997,2.898600000000001,0.0,0.0,0.0,0.0,0.0,0.0,0.0,0.0,0.0,0.0,0.0,0.0
FC(F)(F)c1ccc(Cl)cc1Cl,215.00099999999998,4.012200000000001,0.0,0.0,0.0,,0.0,0.0,0.0,0.0,0.0,0.0,0.0,0.0
Oc1ccc(Sc2ccc(O)cc2)cc1,218.27700000000004,3.2490000000000014,0.0,0.0,0.0,0.0,1.0,1.0,,1.0,0.0,0.0,1.0,
O=C(c1ccc(O)cc1)c1ccc(Cl)cc1,232.666,3.276600000000001,0.0,,,,1.0,1.0,0.0,1.0,0.0,0.0,,0.0
Oc1ccc(Nc2ccccc2)cc1,185.22600000000003,3.1358000000000006,0.0,0.0,,0.0,1.0,1.0,,,0.0,0.0,1.0,
C=CC(=O)OCCCCCCCC(C)C,212.33299999999997,3.712200000000003,0.0,0.0,0.0,0.0,0.0,0.0,0.0,0.0,0.0,0.0,0.0,0.0
O=C(c1ccc(O)cc1)c1ccc(O)c(O)c1O,246.218,1.7400000000000007,0.0,0.0,1.0,0.0,1.0,1.0,0.0,,,0.0,1.0,0.0
CCCCC(CC)COC(=O)CC#N,197.27799999999996,2.6596800000000007,0.0,0.0,0.0,0.0,0.0,0.0,0.0,0.0,0.0,0.0,0.0,0.0
O=C(Nc1ccc(Br)cc1)c1cc(Br)cc(Br)c1O,449.92400000000004,4.932000000000001,0.0,0.0,1.0,0.0,,0.0,,,0.0,1.0,1.0,1.0
CCCCN(CCCC)CCCC,185.35499999999993,3.6887000000000025,0.0,0.0,0.0,0.0,0.0,0.0,0.0,0.0,0.0,0.0,0.0,0.0
Cc1cc(O)c(C)c(C)c1O,152.19299999999998,2.0230600000000005,,,,,,,,,,0.0,,
CC1=C(C(=O)O)N2C(=O)[C@@H](NC(=O)[C@H](N)c3ccc(O)cc3)[C@H]2SC1,363.3950000000001,0.15050000000000108,,,,,,,,1.0,,0.0,,
N[C@@H](C(=O)N[C@@H]1C(=O)N2C(C(=O)O)=C(Cl)CS[C@H]12)c1ccccc1,367.814,0.6213000000000004,0.0,0.0,,0.0,0.0,0.0,0.0,0.0,0.0,0.0,0.0,0.0
O=NN(CCCl)C(=O)NCCCl,214.052,1.157,0.0,0.0,0.0,0.0,0.0,0.0,0.0,1.0,0.0,0.0,0.0,
CC(=O)[C@]1(O)Cc2c(O)c3c(c(O)c2[C@@H](O[C@H]2C[C@H](N)[C@H](O)[C@H](C)O2)C1)C(=O)c1c(O)cccc1C3=O,513.4990000000003,0.7259,0.0,1.0,,1.0,,1.0,,,1.0,,1.0,1.0
CCCCNC(=O)NS(=O)(=O)c1ccc(N)cc1,271.342,1.0568,0.0,0.0,0.0,0.0,0.0,0.0,0.0,0.0,0.0,0.0,0.0,0.0
CC1(c2ccccc2)OC(C(=O)O)=CC1=O,218.20799999999997,1.4696,0.0,0.0,0.0,0.0,0.0,0.0,0.0,0.0,0.0,0.0,0.0,0.0
COc1cc(N)c(Cl)cc1C(=O)NC1CN2CCC1CC2,309.79700000000014,1.7548000000000001,0.0,0.0,0.0,0.0,0.0,0.0,,0.0,0.0,0.0,0.0,0.0
CCN1CCC[C@H]1CNC(=O)c1c(O)c(Cl)cc(Cl)c1OC,347.2420000000001,2.9217000000000013,0.0,0.0,0.0,0.0,0.0,0.0,0.0,0.0,0.0,0.0,0.0,0.0
CN(C(=O)c1c(O)c2ccccc2n(C)c1=O)c1ccccc1,308.337,2.5207000000000006,0.0,0.0,0.0,0.0,0.0,0.0,0.0,0.0,0.0,0.0,0.0,0.0
C[C@H]1CN(CCCn2c3ccccc3c3ccccc32)C[C@@H](C)N1,321.46800000000013,3.866800000000003,,,,,,,,,,0.0,,
CC(N/C(=N\C#N)Nc1ccncc1)C(C)(C)C,245.33,2.3547800000000008,0.0,0.0,0.0,,0.0,0.0,0.0,0.0,0.0,0.0,0.0,0.0
CC(Cc1ccccc1)(NC(=O)CN)c1ccccc1,268.35999999999996,2.2194000000000003,0.0,0.0,0.0,0.0,0.0,0.0,0.0,0.0,0.0,0.0,,0.0
CCO[Si](OCC)(OCC)OCC,208.32999999999996,1.568,0.0,0.0,0.0,0.0,0.0,0.0,0.0,0.0,0.0,0.0,,0.0
O=C1c2ccccc2S(=O)(=O)N1CCCCN1CCN(c2ncccn2)CC1,401.49200000000013,1.2234999999999998,0.0,0.0,0.0,0.0,0.0,0.0,0.0,0.0,0.0,0.0,0.0,0.0
O=C(O)CC/C=C\CC[C@H]1[C@@H](OCc2ccc(-c3ccccc3)cc2)C[C@H](O)[C@@H]1N1CCCCC1,477.6450000000003,5.675300000000006,0.0,0.0,0.0,0.0,0.0,0.0,0.0,,0.0,,,0.0
O=Cc1ccco1,96.08499999999998,1.0920999999999998,1.0,0.0,0.0,0.0,0.0,0.0,0.0,0.0,0.0,0.0,0.0,0.0
c1ccoc1,68.07499999999999,1.2795999999999998,0.0,0.0,0.0,0.0,,0.0,0.0,0.0,0.0,0.0,0.0,0.0
CCCCCCCCCCCCC1CO1,212.37699999999995,4.696200000000004,0.0,0.0,0.0,0.0,0.0,0.0,0.0,0.0,0.0,0.0,0.0,0.0
COc1ccccc1O,124.13899999999997,1.4008,0.0,0.0,0.0,0.0,0.0,0.0,0.0,0.0,0.0,0.0,0.0,0.0
Cc1ccccc1-n1c(CF)nc2ccc(N)cc2c1=O,283.30600000000004,2.74582,1.0,0.0,1.0,0.0,1.0,1.0,0.0,,0.0,,0.0,0.0
C=CC1CO1,70.091,0.5711999999999999,0.0,0.0,0.0,0.0,0.0,0.0,0.0,0.0,0.0,0.0,0.0,0.0
C=CCN1C(=O)C(CC(C)C)NC1=S,212.31799999999998,1.3037999999999998,0.0,0.0,0.0,0.0,0.0,0.0,0.0,,0.0,,0.0,0.0
NS(=O)(=O)c1cc(C(=O)O)c(NCc2ccco2)cc1Cl,330.749,1.8907,0.0,0.0,0.0,0.0,1.0,0.0,0.0,0.0,0.0,0.0,0.0,0.0
CCCCC1=NC2(CCCC2)C(=O)N1Cc1ccc(-c2ccccc2-c2nnn[nH]2)cc1,428.5400000000001,4.777400000000004,0.0,0.0,0.0,0.0,0.0,0.0,1.0,0.0,0.0,0.0,,0.0
CC(C)CC(C)N,101.193,1.3797,0.0,0.0,0.0,0.0,0.0,0.0,0.0,0.0,0.0,0.0,0.0,0.0
COCC(=O)Nc1c(I)c(C(=O)NCC(O)CO)c(I)c(C(=O)N(C)CC(O)CO)c1I,791.115,-0.4065000000000002,,,,,,,,0.0,,0.0,,
CNC(=O)c1c(I)c(C(=O)NCC(=O)Nc2c(I)c(C(=O)O)c(I)c(C(=O)NCCO)c2I)c(I)c(N(C)C(C)=O)c1I,1268.8829999999996,3.4453000000000014,0.0,0.0,0.0,0.0,0.0,0.0,0.0,,0.0,,0.0,0.0
CCCCCCCCSCCO,190.35199999999998,3.0724000000000022,0.0,0.0,0.0,0.0,0.0,0.0,0.0,0.0,0.0,0.0,,0.0
CN[C@H]1[C@@H](O)[C@@H](NC)[C@H](O)[C@H]2O[C@@H]3O[C@H](C)CC(=O)[C@]3(O)O[C@H]12,332.35300000000007,-2.925599999999995,0.0,0.0,0.0,0.0,0.0,0.0,0.0,0.0,0.0,0.0,0.0,0.0
O=Cc1ccccc1C=O,134.13399999999996,1.3115999999999999,0.0,1.0,0.0,,1.0,0.0,,0.0,1.0,0.0,1.0,1.0
CN1CCCC(CC2c3ccccc3Sc3ccccc32)C1,309.47800000000007,5.015000000000005,0.0,0.0,0.0,0.0,0.0,0.0,,,0.0,0.0,,0.0
Cc1cc(C)n(CO)n1,126.159,0.44974,0.0,0.0,0.0,0.0,0.0,0.0,0.0,0.0,0.0,0.0,0.0,0.0
O=c1oc(=O)c2cc3c(=O)oc(=O)c3cc12,218.11999999999995,-0.5045999999999998,0.0,0.0,0.0,0.0,0.0,0.0,0.0,1.0,0.0,0.0,0.0,0.0
CCN1CN(CC)CN(CC)C1,171.28799999999995,0.8382000000000003,0.0,0.0,0.0,0.0,0.0,0.0,0.0,0.0,0.0,0.0,0.0,0.0
Cc1ncc([N+](=O)[O-])n1CC(O)CCl,219.628,0.6994199999999999,0.0,0.0,0.0,0.0,0.0,0.0,0.0,0.0,0.0,0.0,0.0,
NCC1CCC(C(=O)O)CC1,157.21299999999997,0.8361000000000001,0.0,0.0,0.0,0.0,0.0,0.0,0.0,,0.0,,0.0,0.0
COc1cc(NS(=O)(=O)c2ccc(N)cc2)ncn1,280.309,0.8682000000000001,0.0,0.0,0.0,0.0,0.0,0.0,0.0,0.0,0.0,0.0,0.0,0.0
COc1cc(O)c(C(=O)c2ccccc2)cc1S(=O)(=O)O,308.31100000000004,1.8785,1.0,0.0,0.0,0.0,0.0,0.0,0.0,0.0,0.0,0.0,0.0,0.0
COC(=O)Nc1ccc(Cl)c(Cl)c1,220.05499999999998,3.1717000000000013,0.0,0.0,1.0,0.0,0.0,0.0,0.0,0.0,0.0,0.0,,0.0
CN[C@H](CC(C)C)C(=O)N[C@H]1C(=O)N[C@@H](CC(N)=O)C(=O)N[C@H]2C(=O)N[C@H]3C(=O)N[C@H](C(=O)N[C@@H](C(=O)O)c4cc(O)cc(O)c4-c4cc3ccc4O)[C@H](O)c3ccc(c(Cl)c3)Oc3cc2cc(c3O[C@@H]2O[C@H](CO)[C@@H](O)[C@H](O)[C@H]2O[C@H]2C[C@](C)(N)C(O)[C@H](C)O2)Oc2ccc(cc2Cl)[C@H]1O,1449.2710000000004,0.10620000000000512,1.0,0.0,0.0,0.0,0.0,0.0,0.0,,0.0,,0.0,0.0
CC[C@H](C)[C@@H](NC(=O)[C@H](CCC(=O)O)NC(=O)[C@H](CC(C)C)NC(=O)[C@@H]1CSC([C@H](N)[C@H](C)CC)=N1)C(=O)N[C@@H]1CCCCNC(=O)[C@@H](CC(N)=O)NC(=O)[C@@H](CC(=O)O)NC(=O)[C@@H](Cc2cnc[nH]2)NC(=O)[C@@H](Cc2ccccc2)NC(=O)[C@@H]([C@H](C)CC)NC(=O)[C@@H](CCCN)NC1=O,1422.7199999999998,-1.6776000000000275,0.0,0.0,0.0,0.0,1.0,0.0,0.0,,0.0,,0.0,0.0
O=S(=O)([O-])c1ccccc1C=Cc1ccc(-c2ccc(C=Cc3ccccc3S(=O)(=O)[O-])cc2)cc1,516.5960000000002,5.502600000000006,0.0,,0.0,0.0,0.0,,,,0.0,,0.0,1.0
O=C/C(Cl)=C(/Cl)C(=O)O,168.963,0.9590999999999998,0.0,0.0,0.0,,0.0,0.0,,1.0,1.0,,,1.0
Cl[C@H]1OCCO[C@@H]1Cl,156.99599999999998,1.163,0.0,0.0,0.0,0.0,0.0,0.0,0.0,0.0,0.0,0.0,0.0,0.0
C#CC(C)(C)NC(=O)c1cc(Cl)cc(Cl)c1,256.132,3.1350000000000016,0.0,0.0,0.0,0.0,0.0,0.0,0.0,0.0,0.0,0.0,0.0,0.0
Nc1cc(Cl)c(N)c(Cl)c1,177.03400000000002,2.1578,0.0,0.0,1.0,1.0,0.0,0.0,0.0,1.0,0.0,0.0,0.0,0.0
Nc1c(Cl)cc([N+](=O)[O-])cc1Cl,207.016,2.4838000000000005,0.0,0.0,0.0,0.0,0.0,0.0,0.0,0.0,0.0,0.0,1.0,0.0
O=C1C(Cl)=C(Cl)C(=O)c2ccccc21,227.04600000000002,2.7548000000000004,0.0,0.0,1.0,1.0,,,0.0,,0.0,1.0,1.0,
C=C(C)C(=O)Nc1ccc(Cl)c(Cl)c1,230.09399999999997,3.508000000000002,0.0,0.0,1.0,,0.0,0.0,,1.0,0.0,0.0,1.0,1.0
O=C(O)C(Cl)Cl,128.942,0.8747,0.0,0.0,0.0,0.0,0.0,0.0,0.0,0.0,0.0,0.0,0.0,0.0
CCCCCC(=O)OCC,144.21399999999997,2.1298000000000004,0.0,0.0,0.0,0.0,0.0,0.0,0.0,0.0,0.0,0.0,0.0,0.0
CCCCOC(C)=O,116.15999999999998,1.3496000000000001,0.0,0.0,0.0,0.0,0.0,0.0,0.0,0.0,0.0,0.0,0.0,0.0
CCCCCCCCCCCCN,185.35499999999996,3.8660000000000023,0.0,0.0,0.0,,0.0,0.0,0.0,0.0,0.0,0.0,,0.0
CCCCOP(=O)(OCCCC)OCCCC,266.3179999999999,4.544600000000004,0.0,0.0,0.0,0.0,1.0,0.0,0.0,0.0,0.0,0.0,0.0,0.0
Cc1cc2nc3ccc(N(C)C)cc3[s+]c2cc1N,270.381,3.6872200000000026,0.0,,1.0,,,0.0,0.0,1.0,0.0,0.0,1.0,1.0
Oc1cc(Cl)c(Cl)cc1Cl,197.448,3.3524000000000003,0.0,0.0,0.0,0.0,0.0,0.0,0.0,,0.0,0.0,1.0,0.0
CCC(C)(CCC(C)C)C(=O)O,172.26799999999997,2.9235000000000007,0.0,0.0,0.0,0.0,0.0,0.0,0.0,0.0,0.0,0.0,0.0,0.0
COC(=O)C1=C(C)NC(C)=C(C(=O)OCCc2ccc(N3CCN(C(c4ccccc4)c4ccccc4)CC3)cc2)C1c1cccc([N+](=O)[O-])c1,686.8090000000002,6.700100000000007,,,,,,,,0.0,,0.0,,
CCCCc1ccccc1,134.22199999999998,3.0292000000000012,0.0,0.0,0.0,0.0,0.0,0.0,0.0,0.0,0.0,0.0,0.0,0.0
O=c1[nH]c(=O)c2c[nH]nc2[nH]1,152.113,-1.0605000000000004,0.0,0.0,0.0,0.0,0.0,0.0,0.0,0.0,0.0,0.0,,0.0
C=CCSSCC=C,146.28,2.7398000000000016,0.0,0.0,0.0,,0.0,0.0,0.0,0.0,0.0,0.0,0.0,1.0
C=C(C)C(=O)O[Sn](CCCC)(CCCC)CCCC,375.14100000000025,5.451500000000006,0.0,,,,,,1.0,1.0,,1.0,1.0,
CC(C)CCCC(C)(C)O,144.258,2.583600000000001,0.0,0.0,0.0,0.0,0.0,0.0,0.0,0.0,0.0,0.0,0.0,0.0
CCC/C=C/C=O,98.14499999999998,1.5416,0.0,0.0,0.0,0.0,0.0,0.0,0.0,0.0,0.0,0.0,0.0,0.0
C1=COCCC1,84.11800000000001,1.3105,0.0,0.0,0.0,0.0,0.0,0.0,0.0,0.0,0.0,0.0,,0.0
O=C(O)c1ccco1,112.08399999999997,0.9778,0.0,0.0,0.0,0.0,0.0,0.0,0.0,0.0,0.0,0.0,0.0,0.0
COc1cc(OC)c2ccc(=O)oc2c1,206.19699999999997,1.8102,0.0,0.0,0.0,,0.0,0.0,0.0,,0.0,0.0,,0.0
Cc1cc(=O)oc2cc(N(C)C)ccc12,203.24099999999999,2.16742,0.0,,,,0.0,,,,1.0,,,1.0
C=CN1CCCCCC1=O,139.198,1.5325,0.0,0.0,0.0,0.0,0.0,0.0,0.0,0.0,0.0,0.0,0.0,0.0
Cc1occc1S,114.169,1.8767200000000002,0.0,0.0,0.0,0.0,0.0,0.0,0.0,1.0,0.0,1.0,0.0,0.0
CCCOC(C)=O,102.13299999999998,0.9595,0.0,0.0,0.0,0.0,0.0,0.0,0.0,0.0,0.0,0.0,0.0,0.0
Cc1ccc2c(c1)CCCN2,147.221,2.3531199999999997,0.0,0.0,1.0,0.0,0.0,0.0,0.0,0.0,0.0,0.0,0.0,0.0
CC1(C)CCC[C@@]2(C)[C@H]1CC[C@@]1(C)OCC[C@H]21,236.39899999999994,4.408000000000004,0.0,0.0,0.0,0.0,0.0,0.0,0.0,0.0,0.0,0.0,1.0,0.0
O=C(COc1ccc(Cl)cc1)N1CCN(Cc2ccc3c(c2)OCO3)CC1,388.85100000000017,2.791900000000001,0.0,0.0,0.0,1.0,,0.0,0.0,1.0,0.0,0.0,0.0,0.0
NNC(=O)OCc1ccccc1,166.18,0.7864999999999996,0.0,0.0,1.0,,0.0,0.0,0.0,0.0,0.0,0.0,0.0,0.0
CC(C)c1ccc(C#N)cc1,145.20499999999998,2.681680000000001,0.0,0.0,0.0,0.0,0.0,0.0,0.0,0.0,0.0,0.0,0.0,0.0
Cl[Yb](Cl)Cl,279.399,2.0685000000000002,0.0,0.0,0.0,0.0,0.0,0.0,0.0,0.0,0.0,0.0,0.0,0.0
COc1cc(C)cc(O)c1,138.166,1.7092199999999997,0.0,0.0,,0.0,0.0,0.0,0.0,0.0,0.0,0.0,0.0,0.0
C=CC(=O)OCCCCCCOC(=O)C=C,226.27199999999996,2.0052,0.0,1.0,0.0,,0.0,,1.0,1.0,1.0,1.0,0.0,1.0
C=CC(C)(C)CC(=O)OC,142.19799999999998,1.7617,0.0,0.0,0.0,0.0,0.0,0.0,0.0,0.0,0.0,0.0,0.0,0.0
CCCCCCOC(=O)c1ccccc1,206.28500000000003,3.423700000000002,0.0,0.0,0.0,0.0,0.0,0.0,0.0,0.0,0.0,0.0,0.0,0.0
C=CCCCC,84.16199999999999,2.3626000000000005,,,,0.0,,0.0,0.0,0.0,0.0,0.0,0.0,0.0
CCCCCCc1ccc(-c2ccc(C#N)cc2)cc1,263.384,5.348080000000005,0.0,0.0,0.0,0.0,0.0,0.0,0.0,0.0,0.0,0.0,1.0,0.0
C=C(C)C(=O)OCCCCCC,170.25199999999995,2.686000000000001,0.0,0.0,0.0,0.0,0.0,0.0,0.0,0.0,0.0,0.0,0.0,0.0
COc1ccc2c(c1OC)C(=O)O[C@@H]2[C@H]1c2cc3c(cc2CCN1C)OCO3,383.4000000000002,2.8732000000000015,0.0,0.0,,0.0,0.0,0.0,0.0,0.0,0.0,0.0,,0.0
O=[N+]([O-])c1ccccc1-c1ccccc1,199.209,3.261800000000002,0.0,0.0,0.0,0.0,,0.0,0.0,0.0,0.0,0.0,0.0,0.0
N=C(N)N.N=C(N)N.O=C(O)O,180.168,-2.10046,0.0,0.0,0.0,0.0,0.0,0.0,0.0,0.0,0.0,0.0,0.0,0.0
O=[N+]([O-])c1ccccc1CCl,171.58299999999997,2.3336000000000006,0.0,0.0,0.0,0.0,0.0,0.0,1.0,1.0,0.0,0.0,0.0,0.0
O=[N+]([O-])c1ccc(CCl)cc1,171.583,2.3335999999999997,0.0,0.0,0.0,0.0,0.0,0.0,0.0,,0.0,0.0,0.0,0.0
O=C(Cl)c1ccc([N+](=O)[O-])cc1,185.566,1.9738000000000002,,0.0,0.0,0.0,0.0,0.0,0.0,0.0,0.0,0.0,0.0,0.0
O=[N+]([O-])c1cccc(CCl)c1,171.58299999999997,2.3336000000000006,0.0,0.0,0.0,0.0,0.0,0.0,0.0,1.0,0.0,0.0,0.0,0.0
O=C(Cl)c1cccc([N+](=O)[O-])c1,185.56599999999997,1.9738,0.0,0.0,0.0,0.0,0.0,0.0,0.0,0.0,0.0,0.0,0.0,0.0
O=C(Cl)c1ccccc1[N+](=O)[O-],185.56599999999997,1.9738000000000002,0.0,0.0,,0.0,0.0,0.0,0.0,0.0,0.0,0.0,0.0,0.0
CC(C)CC(=O)O,102.13299999999998,1.1171,0.0,0.0,0.0,0.0,0.0,0.0,0.0,,0.0,0.0,0.0,0.0
Nc1ccc(S(=O)(=O)[O-])cc1,172.185,0.1729000000000001,0.0,0.0,0.0,0.0,1.0,0.0,0.0,0.0,0.0,0.0,0.0,0.0
Cc1nc(N)nc(N)n1,125.13500000000002,-0.6555800000000003,,,0.0,0.0,0.0,0.0,0.0,0.0,0.0,0.0,0.0,0.0
O=[N+]([O-])c1ccccc1Nc1ccccc1,214.224,3.338400000000001,0.0,0.0,,,0.0,0.0,0.0,0.0,0.0,0.0,0.0,0.0
CCCCCCCCCCCCCCCCC(=O)O,270.4569999999999,5.9424000000000055,0.0,0.0,0.0,0.0,0.0,0.0,0.0,0.0,0.0,0.0,0.0,0.0
NS(=O)(=O)O,97.09499999999998,-1.2520999999999995,0.0,0.0,0.0,0.0,0.0,0.0,0.0,0.0,0.0,0.0,0.0,0.0
[PbH2+2],209.21599999999998,-0.9162000000000001,0.0,0.0,0.0,0.0,0.0,0.0,0.0,1.0,0.0,0.0,0.0,0.0
CCOC(C(=O)OCCN(C)C)(c1ccccc1)c1ccccc1,327.42400000000004,3.0715000000000012,,,,,,,,0.0,,0.0,,
CC(=O)Nc1ccc2c(c1)Cc1ccccc1-2,223.27499999999998,3.2162000000000015,0.0,0.0,1.0,,1.0,0.0,0.0,1.0,1.0,0.0,1.0,0.0
O=C(c1ccc2c(c1)C(=O)OC2=O)c1ccc2c(c1)C(=O)OC2=O,322.22800000000007,1.5388,0.0,0.0,0.0,0.0,0.0,0.0,0.0,0.0,0.0,0.0,0.0,0.0
CC(C)(C)N(CCO)CCO,161.24499999999998,0.07150000000000023,0.0,0.0,0.0,,0.0,0.0,0.0,0.0,0.0,0.0,0.0,0.0
CC(CO)CO,90.122,-0.3929,0.0,0.0,0.0,0.0,0.0,0.0,0.0,0.0,0.0,0.0,0.0,0.0
C=C(C)C(=O)OCCCCCCCCCCCCC,268.44099999999986,5.416700000000006,1.0,,0.0,0.0,0.0,0.0,0.0,0.0,0.0,0.0,0.0,0.0
C=C(C)C(=O)OCCC[Si](OC)(OC)OC,248.35099999999994,1.3739,0.0,0.0,0.0,0.0,0.0,0.0,0.0,0.0,0.0,0.0,0.0,0.0
C=CC(C)CCC=C(C)C,138.254,3.5549000000000026,0.0,0.0,0.0,0.0,0.0,0.0,0.0,0.0,0.0,0.0,0.0,0.0
C=CCCCCCCCCCCC,182.35099999999997,5.093300000000005,0.0,0.0,0.0,0.0,0.0,0.0,0.0,0.0,0.0,0.0,0.0,0.0
CCCCN(CCCC)C(C(N)=O)c1ccc(OC)cc1,292.423,3.123800000000001,,,,,,,,0.0,,0.0,,
OCC(S)CS,124.23,0.20690000000000003,0.0,,0.0,0.0,0.0,0.0,,,0.0,,0.0,
CC(=O)O[C@@]12CO[C@@H]1C[C@H](O)[C@@]1(C)C(=O)[C@H](O)C3=C(C)[C@@H](OC(=O)[C@H](O)[C@@H](NC(=O)OC(C)(C)C)c4ccccc4)C[C@@](O)([C@@H](OC(=O)c4ccccc4)[C@@H]12)C3(C)C,807.8900000000002,3.2596000000000025,0.0,,0.0,0.0,0.0,0.0,,0.0,0.0,0.0,1.0,1.0
CCCN(CCC)CCc1c[nH]c2ccccc12,244.382,3.8324000000000025,0.0,0.0,0.0,0.0,0.0,0.0,0.0,0.0,0.0,0.0,,0.0
CN(C)CCc1c[nH]c2ccccc12,188.274,2.2720000000000002,0.0,0.0,0.0,0.0,0.0,0.0,0.0,0.0,0.0,,0.0,0.0
CCN(CC)CCc1c[nH]c2ccccc12.CCN(CC)CCc1c[nH]c2ccccc12,432.65600000000023,6.104400000000006,0.0,0.0,0.0,0.0,0.0,0.0,0.0,0.0,0.0,1.0,0.0,0.0
CCCCc1cc2c(=O)c(C(=O)OC)c[nH]c2cc1OCc1ccccc1,365.4290000000001,4.2363000000000035,0.0,0.0,0.0,0.0,0.0,0.0,0.0,,0.0,,0.0,0.0
NC1(c2ccccc2)CCCCC1,175.27499999999992,2.8047000000000013,0.0,0.0,0.0,,0.0,0.0,,0.0,0.0,0.0,,0.0
COc1ccc2[nH]cc(CCN(C(C)C)C(C)C)c2c1,274.40799999999996,3.837800000000003,0.0,0.0,,0.0,0.0,0.0,0.0,0.0,0.0,,0.0,0.0
O=C1O[C@@H]2[C@@H](O)[C@H](O)O[C@@H]2[C@H]1O,176.124,-2.6492,0.0,0.0,0.0,0.0,0.0,0.0,0.0,0.0,0.0,0.0,,0.0
CN(C)CCc1c[nH]c2cccc(OP(=O)(O)O)c12,284.252,1.7435,0.0,0.0,0.0,0.0,0.0,0.0,0.0,0.0,0.0,0.0,0.0,0.0
COC(=O)[C@H]1[C@@H](OC(=O)c2ccccc2)C[C@@H]2CC[C@H]1N2C,303.35800000000006,1.8677,0.0,0.0,0.0,0.0,0.0,0.0,0.0,,0.0,,0.0,0.0
c1ccc(CN2CCNCC2)cc1,176.263,1.0917999999999999,0.0,0.0,0.0,0.0,0.0,0.0,0.0,0.0,0.0,,0.0,0.0
Cc1c(N)nc(C(CC(N)=O)NCC(N)C(N)=O)nc1C(=O)NC(C(=O)NC(C)C(O)C(C)C(=O)NC(C(=O)NCCc1nc(-c2nc(C(=O)NCCCN[C@@H](C)c3ccccc3)cs2)cs1)C(C)O)C(O[C@@H]1O[C@@H](CO)[C@@H](O)[C@H](O)[C@@H]1O[C@H]1O[C@H](CO)[C@@H](O)[C@H](OC(N)=O)[C@@H]1O)c1c[nH]cn1,1473.6140000000005,-6.230680000000031,0.0,0.0,0.0,0.0,0.0,0.0,,,0.0,,0.0,1.0
CC(CN(C)C)CN1c2ccccc2S(=O)(=O)c2ccccc21,330.4530000000001,3.1686000000000014,0.0,0.0,0.0,0.0,0.0,0.0,0.0,,0.0,,0.0,0.0
CN(C)C(=O)C(CCN1CCC(O)(c2ccc(Cl)cc2)CC1)(c1ccccc1)c1ccccc1,477.0480000000002,5.088000000000005,0.0,0.0,0.0,,,0.0,,0.0,0.0,0.0,0.0,0.0
CC(C(=O)O)c1ccc(CC2CCCC2=O)cc1,246.30599999999993,2.7864000000000013,0.0,0.0,0.0,0.0,0.0,0.0,0.0,0.0,0.0,0.0,0.0,0.0
Cc1ccccc1N1C(=O)c2cc(S(N)(=O)=O)c(Cl)cc2NC1C,365.8420000000001,2.714120000000001,0.0,0.0,0.0,0.0,0.0,0.0,0.0,0.0,0.0,0.0,0.0,0.0
CCN(CC)CC(=O)Nc1c(C)cccc1C,234.343,2.5837400000000006,0.0,0.0,0.0,0.0,0.0,0.0,0.0,0.0,0.0,0.0,0.0,0.0
c1ccc2c(c1)OCC(C1=NCCN1)O2,204.22899999999996,0.8280999999999994,0.0,0.0,0.0,,,0.0,,1.0,0.0,1.0,1.0,0.0
O=C1CCC(c2ccc(-n3ccnc3)cc2)=NN1,240.26600000000002,1.4863999999999997,0.0,0.0,1.0,1.0,0.0,0.0,0.0,,0.0,,0.0,0.0
O=C1N(c2ccccc2)c2ccccc2C1(Cc1ccncc1)Cc1ccncc1,391.47400000000005,4.878100000000004,0.0,0.0,0.0,0.0,0.0,0.0,0.0,0.0,0.0,0.0,0.0,0.0
CCn1ccnc1CC1COc2ccccc2O1,244.29399999999998,2.2855,0.0,0.0,0.0,0.0,0.0,0.0,0.0,0.0,0.0,0.0,0.0,0.0
CCN(CC)CCNC(=O)c1cc(Cl)c(N)cc1OC,299.8020000000001,2.0023999999999997,0.0,0.0,0.0,0.0,0.0,0.0,0.0,0.0,0.0,0.0,0.0,0.0
Cc1ccccc1CNc1ncnc2c1ncn2[C@@H]1O[C@H](CO)[C@@H](O)[C@H]1O,371.3970000000001,0.3583199999999998,0.0,0.0,0.0,1.0,0.0,,,,,,0.0,0.0
COc1cccc2c1cc([N+](=O)[O-])c1c(C(=O)[O-])cc3c(c12)OCO3,340.2670000000001,2.0020000000000002,0.0,,,,,0.0,,1.0,0.0,0.0,1.0,1.0
COc1ccccc1N,123.15499999999999,1.2773999999999999,0.0,0.0,1.0,0.0,0.0,0.0,0.0,0.0,0.0,0.0,0.0,0.0
Nc1ccccc1,93.12899999999999,1.2688000000000001,0.0,0.0,1.0,0.0,0.0,0.0,0.0,0.0,0.0,0.0,0.0,0.0
CC(COc1ccc(C(C)(C)C)cc1)OS(=O)OCCCl,334.8650000000001,3.6021000000000027,0.0,0.0,0.0,0.0,0.0,0.0,0.0,0.0,0.0,0.0,0.0,0.0
O=C([O-])C1O[Sb]2OC(=O)C(O2)C(C(=O)[O-])O[Sb]2OC(=O)C1O2,535.6280000000003,-5.875999999999997,0.0,,,,,0.0,,1.0,0.0,1.0,0.0,1.0
O=C1c2ccccc2C(=O)c2ccccc21,208.21599999999998,2.4620000000000006,0.0,0.0,0.0,0.0,,0.0,0.0,0.0,0.0,0.0,1.0,0.0
Nc1ccccc1C(=O)O,137.138,0.9670000000000001,0.0,0.0,0.0,0.0,0.0,0.0,0.0,0.0,0.0,0.0,0.0,0.0
C=CCC1([C@H](C)CCC)C(=O)NC(=O)NC1=O,238.28699999999998,1.3510999999999997,0.0,0.0,0.0,0.0,0.0,0.0,0.0,0.0,0.0,0.0,0.0,0.0
CCN[C@H](C)Cc1cccc(C(F)(F)F)c1,231.26099999999997,3.2459000000000024,0.0,0.0,0.0,0.0,0.0,0.0,0.0,0.0,0.0,0.0,0.0,0.0
CN[C@H](C)Cc1ccccc1,149.237,1.837,0.0,0.0,,0.0,0.0,0.0,0.0,,0.0,,0.0,0.0
CN[C@@H](C)Cc1ccccc1,149.237,1.837,0.0,0.0,0.0,0.0,0.0,0.0,0.0,,0.0,,0.0,0.0
C[C@@H](N)C(=O)c1ccccc1,149.19299999999998,1.2165000000000001,0.0,0.0,0.0,0.0,0.0,0.0,0.0,,0.0,,0.0,0.0
C[C@H](N)C(=O)c1ccccc1,149.19299999999998,1.2165000000000001,0.0,0.0,0.0,0.0,0.0,0.0,0.0,0.0,0.0,0.0,0.0,0.0
CC(Cc1ccccc1)NCCn1cnc2c1c(=O)n(C)c(=O)n2C,341.415,0.6544999999999996,0.0,0.0,0.0,0.0,0.0,0.0,0.0,0.0,0.0,0.0,0.0,0.0
CCN[C@@H](C)Cc1ccccc1,163.264,2.2271,0.0,0.0,0.0,0.0,0.0,0.0,0.0,0.0,0.0,0.0,0.0,0.0
CCN[C@@H](C)Cc1cccc(C(F)(F)F)c1,231.26099999999997,3.2459000000000024,0.0,0.0,0.0,0.0,0.0,0.0,0.0,0.0,0.0,0.0,0.0,0.0
C[C@H]1N=C(N)O[C@H]1c1ccccc1,176.21900000000002,1.4611,0.0,0.0,0.0,,0.0,0.0,0.0,0.0,0.0,0.0,0.0,0.0
C=CCOC(C)=O,100.11699999999999,0.7355,0.0,0.0,0.0,0.0,0.0,0.0,0.0,0.0,0.0,0.0,,0.0
CCN(CC)C(=O)C(Cl)=C(C)OP(=O)(OC)OC,299.69100000000003,2.7426000000000013,0.0,0.0,0.0,0.0,0.0,0.0,0.0,0.0,0.0,0.0,0.0,0.0
Oc1ccc(-c2ccccc2)cc1,170.211,3.0592000000000015,0.0,0.0,0.0,,1.0,1.0,0.0,1.0,1.0,0.0,,0.0
Oc1ccccc1-c1ccccc1,170.211,3.0592000000000015,0.0,0.0,0.0,0.0,0.0,0.0,0.0,0.0,0.0,0.0,1.0,0.0
CC(=O)O[Hg]c1ccccc1,336.74000000000007,0.8725,0.0,1.0,,,,1.0,1.0,1.0,,1.0,,1.0
O[Sn](c1ccccc1)(c1ccccc1)c1ccccc1,367.03600000000006,1.6458000000000002,0.0,1.0,,,,1.0,,,1.0,1.0,1.0,
CCCOC(=O)CCCCC(=O)OCCC,230.30399999999992,2.4532000000000007,0.0,0.0,0.0,0.0,0.0,0.0,0.0,0.0,0.0,0.0,0.0,0.0
O=C1OC(=O)c2ccccc21,148.11699999999996,0.9972,,0.0,0.0,,0.0,0.0,0.0,0.0,0.0,0.0,0.0,0.0
NC(=O)c1ccccc1C(N)=O,164.16399999999996,-0.11559999999999981,0.0,0.0,,0.0,0.0,0.0,0.0,,0.0,0.0,,0.0
CCOP(=S)(Oc1ccc([N+](=O)[O-])cc1)c1ccccc1,323.31000000000006,3.645100000000002,0.0,0.0,1.0,0.0,1.0,0.0,0.0,0.0,0.0,0.0,,0.0
NC(=O)c1c(Cl)cccc1Cl,190.029,2.0923,0.0,0.0,,0.0,0.0,0.0,0.0,0.0,0.0,0.0,,0.0
CCCCCCCCCCN,157.301,3.0858000000000008,0.0,0.0,0.0,0.0,0.0,0.0,0.0,0.0,0.0,0.0,0.0,0.0
CNC(=O)Oc1ccc(N(C)C)c(C)c1,208.26099999999997,1.77922,0.0,0.0,0.0,0.0,,0.0,0.0,1.0,0.0,0.0,0.0,0.0
Clc1nc(Cl)c(Cl)c(Cl)c1Cl,251.327,4.3486,0.0,0.0,0.0,0.0,0.0,0.0,0.0,1.0,1.0,0.0,0.0,0.0
CCCCCCOC(=O)c1ccc(O)cc1,222.28400000000002,3.1293000000000015,0.0,0.0,0.0,,1.0,1.0,0.0,,1.0,0.0,1.0,0.0
NC[C@H](O)c1ccc(O)c(O)c1,169.17999999999998,0.08989999999999998,0.0,0.0,,0.0,0.0,0.0,0.0,0.0,0.0,0.0,0.0,0.0
O=C(c1ccccc1)C1(O)CCCCC1,204.26899999999992,2.5645000000000007,0.0,0.0,0.0,0.0,0.0,0.0,0.0,0.0,0.0,0.0,0.0,0.0
CC(C)OC(=O)c1ccccc1,164.204,2.2518000000000002,0.0,0.0,0.0,0.0,0.0,0.0,0.0,0.0,0.0,0.0,0.0,0.0
CCCCNP(N)(N)=S,167.218,0.518,0.0,0.0,0.0,0.0,,0.0,0.0,0.0,0.0,0.0,0.0,0.0
CN1Cc2c(N)cccc2C(c2ccccc2)C1,238.334,2.8461000000000016,0.0,0.0,0.0,0.0,0.0,0.0,0.0,0.0,0.0,0.0,0.0,0.0
CNC(=C[N+](=O)[O-])NCCSCc1csc(CN(C)C)n1,331.4670000000001,1.3224999999999998,0.0,0.0,0.0,0.0,0.0,0.0,0.0,0.0,0.0,0.0,0.0,0.0
CN/C=N/c1ccc(C)cc1C,162.236,2.18264,0.0,0.0,0.0,0.0,0.0,0.0,0.0,0.0,0.0,0.0,0.0,0.0
COCCOC(=O)C1=C(C)NC(C)=C(C(=O)OC(C)C)C1c1cccc([N+](=O)[O-])c1,418.44600000000014,2.9708000000000014,0.0,0.0,1.0,0.0,0.0,0.0,0.0,,0.0,0.0,,0.0
CC(C)OC(=O)CCC(=O)OC(C)C,202.25,1.6698,0.0,0.0,0.0,0.0,0.0,0.0,0.0,0.0,0.0,0.0,0.0,0.0
O=C1CN=C(c2ccccc2)c2cc([N+](=O)[O-])ccc2N1,281.27099999999996,2.3842999999999996,0.0,0.0,0.0,0.0,0.0,0.0,0.0,0.0,0.0,0.0,0.0,0.0
CCCCCC(=O)O[C@]1(C(C)=O)CC[C@H]2[C@@H]3CCC4=CC(=O)CC[C@]4(C)[C@H]3CC[C@@]21C,428.6130000000003,5.969600000000007,,0.0,0.0,,,0.0,0.0,1.0,0.0,1.0,1.0,0.0
Fc1cccc(Cl)c1CCl,179.021,3.217900000000001,0.0,0.0,0.0,0.0,0.0,0.0,0.0,1.0,0.0,0.0,,0.0
COC(=O)N/N=C/c1c[n+]([O-])c2ccccc2[n+]1[O-],262.225,-0.2034999999999998,,,,,,,,0.0,,0.0,,
CSc1ccc(C(=O)C(C)(C)N2CCOCC2)cc1,279.4049999999999,2.702000000000001,0.0,0.0,0.0,0.0,1.0,1.0,0.0,0.0,0.0,0.0,0.0,0.0
OC[C@H](O)[C@H](O)CO,122.11999999999999,-2.3071999999999995,0.0,0.0,0.0,0.0,0.0,0.0,0.0,0.0,0.0,0.0,0.0,0.0
Clc1cc(Cl)c(-c2cc(Cl)c(Cl)cc2Cl)cc1Cl,360.88200000000006,7.274000000000001,0.0,0.0,0.0,0.0,0.0,0.0,0.0,0.0,0.0,0.0,,0.0
C/C=C/C[C@@H](C)[C@@H](O)[C@H]1C(=O)N[C@@H](CC)C(=O)N(C)CC(=O)N(C)[C@@H](CC(C)C)C(=O)N[C@@H](C(C)C)C(=O)N(C)[C@@H](CC(C)C)C(=O)N[C@@H](C)C(=O)N[C@H](C)C(=O)N(C)[C@@H](CC(C)C)C(=O)N(C)[C@@H](CC(C)C)C(=O)N(C)[C@@H](C(C)C)C(=O)N1C,1202.634999999999,3.2690000000000046,0.0,,0.0,0.0,0.0,0.0,,1.0,0.0,0.0,,0.0
CC(=O)O[C@]1(C(C)=O)CC[C@H]2[C@@H]3C=C(Cl)C4=CC(=O)[C@@H]5C[C@@H]5[C@]4(C)[C@H]3CC[C@@]21C,416.9450000000003,4.607600000000004,1.0,1.0,0.0,0.0,0.0,0.0,0.0,1.0,0.0,0.0,,0.0
N[C@@H](CS)C(=O)O,121.16099999999997,-0.6719000000000002,0.0,0.0,,0.0,0.0,0.0,0.0,0.0,0.0,0.0,,0.0
c1ccc2sc(SNC3CCCCC3)nc2c1,264.4189999999999,4.2257000000000025,0.0,0.0,1.0,,,0.0,0.0,1.0,0.0,1.0,1.0,0.0
NC1CCCCC1,99.177,1.2778,0.0,0.0,0.0,0.0,0.0,0.0,0.0,0.0,0.0,0.0,0.0,0.0
ON=C1CCCC1,99.13300000000001,1.3906,0.0,0.0,0.0,0.0,0.0,0.0,0.0,0.0,0.0,0.0,0.0,0.0
COc1ccc(C(=O)/C(Br)=C\C(=O)[O-])cc1,284.085,0.9065999999999999,0.0,1.0,0.0,,0.0,0.0,1.0,1.0,1.0,,0.0,1.0
CN(C)N=Nc1nc[nH]c1C(N)=O,182.18699999999998,0.0688999999999999,0.0,0.0,0.0,0.0,0.0,0.0,0.0,0.0,0.0,0.0,0.0,0.0
CC(C)(O)C(Cl)(Cl)Cl,177.458,2.127500000000001,,,,,,,,0.0,,0.0,,
O=c1[nH]c2ccccc2c(=O)n1CCCl,224.64699999999993,0.9286000000000001,,,,,,,,0.0,,0.0,,
CC1=CCC(C(C)C)=CC1,136.23799999999997,3.308900000000002,0.0,0.0,0.0,0.0,0.0,0.0,0.0,0.0,0.0,0.0,0.0,0.0
CCC(C)CCCC(C)(C)O,158.285,2.9737000000000022,0.0,0.0,0.0,0.0,1.0,0.0,0.0,0.0,0.0,0.0,,0.0
Cc1cc(Cl)ccc1/N=C/N(C)C,196.68099999999998,2.8698200000000016,0.0,0.0,0.0,0.0,0.0,0.0,0.0,0.0,0.0,0.0,0.0,0.0
CC(C)n1c(/C=C/[C@@H](O)C[C@@H](O)CC(=O)[O-])c(-c2ccc(F)cc2)c2ccccc21,410.46500000000003,3.293400000000002,0.0,,1.0,1.0,0.0,0.0,,0.0,0.0,0.0,1.0,0.0
CC1C2CC(CC2C2CCCC(O)C2)C1(C)C,236.39899999999994,3.855800000000003,0.0,0.0,0.0,,1.0,1.0,0.0,,0.0,,1.0,
Cc1cc(O)c(C(=O)N[C@@H](C(=O)N[C@@H]2C(=O)N3C(C(=O)O)=C(CSc4nnnn4C)CS[C@H]23)c2ccc(O)cc2)cn1,612.6500000000003,0.3267200000000013,0.0,0.0,0.0,0.0,1.0,0.0,0.0,,0.0,,0.0,0.0
CCOC(CN1CCN(CC(C)C(=O)c2ccccc2)CC1)c1ccccc1,380.53200000000015,3.900800000000003,0.0,0.0,0.0,,0.0,0.0,0.0,1.0,0.0,0.0,0.0,0.0
Cc1onc(-c2ccccc2)c1-c1ccc(S(N)(=O)=O)cc1,314.36600000000004,2.9644200000000005,0.0,,0.0,0.0,0.0,0.0,0.0,0.0,0.0,0.0,,0.0
CCCSSC(CCO)=C(C)N(C=O)Cc1cnc(C)nc1N,356.51700000000005,2.7309200000000002,0.0,0.0,0.0,,0.0,0.0,,0.0,0.0,0.0,0.0,0.0
CCOc1cc(OCC)c(C(=O)CCC(=O)O)cc1OCC,310.34600000000006,2.930200000000001,0.0,,0.0,0.0,0.0,0.0,,1.0,0.0,0.0,,0.0
NNC(=O)CP(=O)(c1ccccc1)c1ccccc1,274.26000000000005,0.9903999999999988,0.0,0.0,0.0,0.0,0.0,0.0,0.0,0.0,0.0,0.0,,0.0
CC(CNC(=O)c1cccnc1)NC(=O)c1cccnc1,284.319,1.0249000000000001,0.0,0.0,0.0,0.0,0.0,0.0,0.0,,0.0,,0.0,0.0
O=C(CCCN1CCN2CCCC2C1)c1ccc(F)cc1,290.382,2.568600000000001,0.0,0.0,,0.0,0.0,0.0,0.0,,0.0,,0.0,0.0
OC(c1ccccc1)(c1ccccc1)C1CN2CCC1CC2,293.41,3.264300000000002,1.0,0.0,0.0,0.0,0.0,0.0,0.0,,0.0,,0.0,0.0
COc1ccc(/C=N\NC(=O)c2ccncc2)c(C(=O)O)c1OC,329.31200000000007,1.5609,0.0,0.0,1.0,0.0,0.0,0.0,0.0,,0.0,,0.0,0.0
CCN(CC)CCOc1ccc2nc(N(C)C)sc2c1,293.43600000000004,3.0829000000000013,0.0,0.0,1.0,,1.0,0.0,0.0,,0.0,,0.0,0.0
CCN(CC)CCC(=O)N1c2ccccc2Sc2ccc(Cl)cc21,360.91000000000014,5.2012000000000045,0.0,0.0,0.0,,,0.0,0.0,,0.0,,,0.0
CN1CCN(CCC(=O)N2c3ccccc3Sc3ccc(C(F)(F)F)cc32)CC1,421.48800000000017,4.4722000000000035,0.0,0.0,0.0,0.0,0.0,0.0,0.0,,0.0,0.0,,0.0
CCN(CC)CCOc1ccccc1C(=O)CCc1ccccc1,325.452,4.222700000000004,0.0,0.0,0.0,0.0,0.0,0.0,0.0,0.0,0.0,0.0,,0.0
Cc1nc(-c2ccc3c(c2)CCN(CCC2CCC(NC(=O)/C=C/c4ccc(F)cc4)CC2)CC3)no1,502.6340000000002,5.3632200000000045,0.0,1.0,0.0,0.0,,1.0,,,1.0,1.0,0.0,1.0
OCC(CO)n1cnc(-c2ccc(F)cc2)c1-c1ccnc(Oc2ccccc2)n1,406.4170000000001,3.4642000000000017,0.0,0.0,0.0,,0.0,0.0,0.0,,0.0,0.0,,0.0
CCn1nc(Cc2ccccc2)cc1C1CCN(C[C@H]2C[C@H](N(C)[C@@H](C(=O)O)C(C)C)C[C@@H]2c2cccc(F)c2)CC1,574.7850000000002,6.415700000000007,0.0,0.0,0.0,0.0,0.0,0.0,,0.0,0.0,0.0,,0.0
CCN1CCC2(CC1)COc1cc3c(cc12)N(C(=O)c1ccc(-c2ccc(-c4nnc(C)o4)cc2C)cc1)CC3,534.6600000000002,5.969240000000006,0.0,,,,,0.0,,,,,1.0,
Cc1cc2c(cc1C(F)(F)F)N(C(=O)Nc1ccc(Oc3cccnc3C)nc1)CC2,428.4140000000002,5.499140000000003,0.0,0.0,0.0,,,0.0,,1.0,,0.0,1.0,0.0
NC(=O)c1nc(-c2cccc(-c3cc(F)ccc3OCC(F)(F)C(F)(F)F)c2)n[n-]1,429.3,3.582200000000001,0.0,0.0,0.0,,,0.0,,1.0,,,,
Cc1cnc(C(=O)NCCc2ccc(S(=O)(=O)NC(=O)NC3CCCCC3)cc2)cn1,445.54500000000024,2.0781199999999993,0.0,0.0,0.0,0.0,0.0,0.0,0.0,1.0,0.0,0.0,0.0,0.0
CC1(C)O[C@@H]2C[C@H]3[C@@H]4C[C@H](F)C5=CC(=O)C=C[C@]5(C)[C@@]4(F)[C@@H](O)C[C@]3(C)[C@]2(C(=O)CO)O1,452.49400000000026,2.366800000000001,1.0,0.0,0.0,,0.0,0.0,0.0,0.0,0.0,0.0,0.0,0.0
CCC1=C(C)CN(C(=O)NCCc2ccc(S(=O)(=O)NC(=O)N[C@H]3CC[C@H](C)CC3)cc2)C1=O,490.6260000000003,3.0740000000000016,0.0,,0.0,0.0,0.0,0.0,,,0.0,0.0,,0.0
COC(=O)Nc1nc2cc(Sc3ccccc3)ccc2[nH]1,299.355,3.892400000000001,0.0,1.0,1.0,,1.0,,0.0,,1.0,,1.0,1.0
COC1=C(OC)C(=O)C(CCCCCCCCCCO)=C(C)C1=O,338.444,3.4623000000000026,0.0,,0.0,,,0.0,,0.0,,0.0,,1.0
CC(C)Oc1ccc2c(=O)c(-c3ccccc3)coc2c1,280.32300000000004,4.247200000000003,0.0,0.0,1.0,,1.0,0.0,0.0,1.0,1.0,0.0,,0.0
C#Cc1cccc(Nc2ncnc3cc(OCCOC)c(OCCOC)cc23)c1,393.4430000000002,3.405100000000002,1.0,0.0,1.0,1.0,0.0,0.0,,1.0,0.0,0.0,,0.0
CC[C@H]1OC(=O)[C@H](C)C(=O)[C@H](C)[C@@H](O[C@@H]2O[C@H](C)C[C@H](N(C)C)[C@H]2O)[C@](C)(OC)C[C@@H](C)C(=O)[C@H](C)[C@H]2N(CCCCn3cnc(-c4cccnc4)c3)C(=O)O[C@]12C,812.0179999999997,4.929200000000005,0.0,0.0,0.0,0.0,0.0,0.0,0.0,,0.0,,0.0,0.0
Cc1cccc(C)c1OCC(=O)N[C@@H](Cc1ccccc1)[C@@H](O)C[C@H](Cc1ccccc1)NC(=O)[C@H](C(C)C)N1CCCNC1=O,628.8139999999999,4.328140000000003,0.0,,0.0,,0.0,0.0,,1.0,,0.0,1.0,0.0
Cc1ccc(-c2ncc(Cl)cc2-c2ccc(S(C)(=O)=O)cc2)cn1,358.8500000000001,4.175920000000004,0.0,0.0,0.0,0.0,0.0,0.0,0.0,0.0,0.0,0.0,0.0,0.0
CC(C)(O)c1ccccc1CC[C@@H](SCC1(CC(=O)[O-])CC1)c1cccc(/C=C/c2ccc3ccc(Cl)cc3n2)c1,585.1890000000002,7.613300000000008,0.0,,1.0,,,0.0,,0.0,1.0,0.0,1.0,
CCCCCOC(=O)Nc1nc(=O)n([C@@H]2O[C@H](C)[C@@H](O)[C@H]2O)cc1F,359.35400000000004,0.7601999999999995,0.0,0.0,0.0,0.0,0.0,0.0,0.0,0.0,0.0,0.0,0.0,0.0
C[C@]12CC[C@H]3[C@@H](CC[C@H]4NC(=O)C=C[C@]34C)[C@@H]1CC[C@@H]2C(=O)Nc1cc(C(F)(F)F)ccc1C(F)(F)F,528.5370000000001,6.576100000000006,1.0,0.0,0.0,0.0,,0.0,0.0,,0.0,,,0.0
Cc1c(C(=O)NN2CCCCC2)nn(-c2ccc(Cl)cc2Cl)c1-c1ccc(Cl)cc1,463.79600000000016,5.938620000000005,0.0,,,0.0,0.0,0.0,,,0.0,,1.0,
C[C@]12CC[C@@H]3c4ccc(OC(=O)N(CCCl)CCCl)cc4CC[C@H]3[C@@H]1CC[C@@H]2O,440.4110000000002,5.182000000000006,,,,,,,,,,0.0,,
NC[C@H]1CC[C@H](C(=O)Oc2ccc(CCC(=O)O)cc2)CC1,305.374,2.3743000000000007,0.0,0.0,0.0,1.0,,0.0,0.0,0.0,0.0,0.0,0.0,0.0
NC(CS)C(=O)O,121.16099999999997,-0.6719000000000002,,,,,,,,0.0,,0.0,,
N[C@H](Cc1c[nH]c2ccccc12)C(=O)O,204.22899999999998,1.1223000000000003,0.0,0.0,,0.0,0.0,0.0,0.0,0.0,0.0,0.0,0.0,0.0
CCOP(=S)(OCC)Oc1cc(C)nc(N(CC)CC)n1,333.3940000000001,3.307520000000002,0.0,0.0,1.0,,,0.0,0.0,,0.0,0.0,,0.0
CC(C)(C)NC(N)=O,116.164,0.4532000000000002,0.0,0.0,0.0,0.0,0.0,0.0,0.0,0.0,0.0,0.0,0.0,0.0
CCCCCCCCCCCC[N+](C)(C)C,228.44399999999996,4.613500000000005,0.0,,0.0,1.0,,0.0,,1.0,0.0,0.0,0.0,
CC(C)c1ccc(O)cc1,136.19399999999996,2.515600000000001,0.0,0.0,0.0,0.0,,0.0,0.0,0.0,0.0,0.0,,0.0
Cc1cccc(N)c1N,122.17100000000002,1.15942,0.0,0.0,1.0,0.0,,0.0,0.0,1.0,0.0,0.0,1.0,0.0
O=C([O-])COc1ccc(Cl)cc1Cl,220.03099999999998,1.1220999999999997,0.0,0.0,0.0,0.0,0.0,0.0,0.0,0.0,0.0,0.0,0.0,0.0
CCCCCCCCCCCCCC[N+](C)(C)C,256.49799999999993,5.393700000000005,0.0,,0.0,,,0.0,,1.0,0.0,,1.0,
CC(C)(N=C=O)c1cccc(C(C)(C)N=C=O)c1,244.29399999999998,2.828400000000001,0.0,0.0,0.0,0.0,,0.0,0.0,0.0,0.0,0.0,0.0,0.0
CCO[Si](CCCNC(N)=O)(OCC)OCC,264.39799999999997,1.0931999999999995,0.0,0.0,0.0,0.0,0.0,0.0,0.0,0.0,0.0,0.0,0.0,0.0
COC(=O)c1sccc1S(N)(=O)=O,221.25900000000001,0.18210000000000026,0.0,0.0,0.0,0.0,0.0,0.0,0.0,0.0,0.0,0.0,0.0,0.0
NC(=O)CN1CCCC1=O,142.158,-0.9059000000000004,0.0,0.0,0.0,0.0,0.0,0.0,0.0,0.0,0.0,0.0,0.0,0.0
O=C(c1ccccc1)c1ccc(O)c(O)c1O,230.219,2.034400000000001,0.0,0.0,,0.0,1.0,1.0,0.0,,0.0,0.0,1.0,0.0
CCCCCOC(=O)CCCCC,186.29499999999993,3.3001000000000023,0.0,0.0,0.0,0.0,0.0,0.0,0.0,,0.0,0.0,0.0,0.0
Oc1cccc(O)c1,110.11199999999998,1.0977999999999999,0.0,0.0,0.0,0.0,0.0,0.0,0.0,0.0,0.0,0.0,0.0,0.0
CCCCCCOC(=O)CC,158.24099999999999,2.5199000000000007,0.0,0.0,0.0,0.0,0.0,0.0,0.0,0.0,0.0,0.0,0.0,0.0
CC/C=C\CCOC(=O)C(C)C,170.252,2.541900000000001,0.0,0.0,0.0,0.0,0.0,0.0,0.0,0.0,0.0,0.0,0.0,0.0
CCCCCC(=O)OCCc1ccccc1,220.31199999999998,3.3526000000000025,0.0,0.0,0.0,0.0,0.0,0.0,0.0,0.0,0.0,0.0,0.0,0.0
CC/C=C\CCCCCO,142.24200000000002,2.5053000000000005,0.0,0.0,0.0,0.0,,0.0,0.0,0.0,0.0,0.0,0.0,0.0
CCCCCc1cccc(=O)o1,166.21999999999997,2.3725000000000005,0.0,0.0,0.0,0.0,0.0,0.0,0.0,1.0,0.0,0.0,0.0,0.0
O=C([O-])c1ccccc1-c1c2cc(I)c(=O)c(I)c-2oc2c(I)c([O-])c(I)cc12,833.879,4.420300000000001,0.0,0.0,0.0,,,0.0,0.0,0.0,0.0,,,0.0
Cc1cc(C)c(/N=N/c2c(O)c(S(=O)(=O)[O-])cc3cc(S(=O)(=O)[O-])ccc23)cc1C,448.47800000000024,3.6942600000000025,0.0,0.0,0.0,0.0,0.0,0.0,0.0,0.0,0.0,0.0,0.0,0.0
COC(=O)[C@H]1[C@H]2C[C@@H]3c4[nH]c5cc(OC)ccc5c4CCN3C[C@H]2C[C@@H](OC(=O)c2cc(OC)c(OC)c(OC)c2)[C@@H]1OC,608.6880000000004,4.171100000000004,0.0,0.0,1.0,1.0,,1.0,,0.0,0.0,0.0,1.0,0.0
COc1ccc2cc3[n+](cc2c1OC)CCc1cc2c(cc1-3)OCO2,336.3670000000001,3.096300000000001,0.0,0.0,1.0,,,0.0,0.0,1.0,0.0,0.0,1.0,1.0
CCN(CC)c1cc2[o+]c3cc(N(CC)CC)c(C)cc3c(-c3ccc(S(=O)(=O)[O-])cc3S(=O)(=O)[O-])c2cc1C,585.7240000000002,5.651540000000007,0.0,0.0,0.0,,,0.0,0.0,0.0,0.0,0.0,,0.0
CC[N+](C)(CC)CC,116.228,1.4927,0.0,0.0,0.0,0.0,0.0,0.0,0.0,0.0,0.0,0.0,,0.0
O=C(NS(=O)(=O)/C=C/c1cccs1)c1ccc(F)cc1Br,390.25500000000005,3.380200000000002,0.0,0.0,0.0,0.0,1.0,,,0.0,1.0,0.0,,1.0
CN1C(=O)N(c2ccccc2Br)Cc2cnc(Nc3ccc4c(c3)OCC(CO)O4)nc21,498.3370000000002,3.6912000000000025,0.0,0.0,,,,,,,,,,1.0
O=C([N-]S(=O)(=O)/C=C/c1ccccc1)c1ccc(F)cc1Cl,338.76700000000005,3.9937000000000022,0.0,0.0,0.0,,,0.0,,,1.0,0.0,,1.0
CCN(CC)C(=O)c1cc(S(=O)(=O)Cc2ccccc2)c(N2CCC(c3ccccc3)CC2)cc1N(CC)CCN(C)C,604.861,5.914400000000007,0.0,0.0,0.0,,0.0,0.0,0.0,,0.0,0.0,,
CS(=O)(=O)c1ccc([C@@H](C[C@H]2CCC(=O)C2)C(=O)Nc2cnccn2)cc1Cl,421.90600000000006,3.0151000000000012,0.0,0.0,,0.0,0.0,0.0,0.0,,0.0,0.0,0.0,0.0
CCCC[C@H]1CN(CC2CCOCC2)C(=O)OC12CCN(C1(C)CCN(C(=O)c3c(C)ncnc3C)CC1)CC2,555.7640000000001,4.607940000000004,0.0,0.0,0.0,0.0,0.0,0.0,0.0,0.0,0.0,0.0,0.0,0.0
O=C1C(Cl)C(CCl)CN1c1cccc(C(F)(F)F)c1,312.118,3.514400000000002,0.0,0.0,1.0,0.0,0.0,0.0,0.0,1.0,0.0,0.0,0.0,0.0
CN(C)[C@@H]1C(O)=C(C(N)=O)C(=O)[C@@]2(O)C(O)=C3C(=O)c4c(O)cccc4[C@@](C)(O)[C@H]3[C@H](O)[C@@H]12,460.43900000000014,-1.2435999999999974,0.0,0.0,0.0,0.0,0.0,0.0,0.0,0.0,0.0,0.0,0.0,0.0
Nc1ccc(Oc2ccc(N)cc2)cc1,200.241,2.643300000000001,0.0,0.0,1.0,1.0,0.0,0.0,0.0,0.0,0.0,0.0,0.0,0.0
CCOC(=O)COC(=O)c1cc(Oc2ccc(C(F)(F)F)cc2Cl)ccc1[N+](=O)[O-],447.74900000000014,4.779200000000003,0.0,,0.0,1.0,,0.0,0.0,0.0,0.0,0.0,,0.0
C=CCOc1ccccc1OCC(O)CNC(C)C,265.35299999999995,1.9890999999999999,0.0,0.0,0.0,0.0,0.0,0.0,0.0,0.0,0.0,0.0,,0.0
O=C(O)CF,78.042,0.040500000000000036,0.0,0.0,0.0,0.0,,0.0,0.0,0.0,0.0,0.0,0.0,0.0
CCCN1C[C@H](CSC)C[C@@H]2c3cccc4[nH]cc(c34)C[C@H]21,314.4980000000001,4.271100000000003,0.0,0.0,,0.0,,0.0,0.0,0.0,0.0,0.0,0.0,0.0
CN1C(C(=O)Nc2ccccn2)C(=O)c2sc(Cl)cc2S1(=O)=O,371.82700000000006,1.6206,0.0,,0.0,0.0,0.0,0.0,0.0,,0.0,,1.0,0.0
O=C1CCCCCCCCCCCCCCO1,240.38699999999992,4.614500000000004,0.0,0.0,0.0,0.0,0.0,0.0,0.0,0.0,0.0,0.0,0.0,0.0
COc1ccc(C2NC(=S)N3C(c4ccc(OC)c(OC)c4)NC(=S)N23)cc1OC,446.5540000000002,2.7136000000000005,0.0,,,,0.0,0.0,0.0,,0.0,,0.0,0.0
C[N+](C)(CCCCCC[N+](C)(C)C1c2ccccc2-c2ccccc21)C1c2ccccc2-c2ccccc21,502.74600000000027,8.239600000000008,0.0,0.0,0.0,0.0,0.0,0.0,0.0,,0.0,,0.0,0.0
c1ccc(CNCc2ccccc2)cc1,197.28100000000003,2.9764000000000017,0.0,0.0,0.0,,0.0,0.0,0.0,0.0,0.0,0.0,,0.0
COc1cc2[nH]c(C)c(CCN3CCN(c4ccccc4)CC3)c2cc1OC,379.50400000000013,3.858220000000003,0.0,0.0,0.0,0.0,0.0,0.0,0.0,,0.0,,0.0,0.0
C/N=C(\NC)NCc1ccccc1.C/N=C(\NC)NCc1ccccc1,354.50200000000007,1.9627999999999997,0.0,0.0,0.0,0.0,,0.0,0.0,,0.0,,0.0,0.0
OCCNCc1ccccc1,151.209,0.7685,0.0,0.0,0.0,0.0,0.0,0.0,0.0,0.0,0.0,0.0,0.0,0.0
O=C(Nc1ccc(S(=O)(=O)N2CCOCC2)cc1)c1cc(Cl)ccc1NS(=O)(=O)c1ccc(Cl)s1,576.5050000000001,4.1289000000000025,0.0,0.0,0.0,0.0,0.0,0.0,0.0,,0.0,,,1.0
CN[C@@]1(c2ccccc2Cl)CCCCC1=O,237.7299999999999,2.897800000000001,0.0,0.0,0.0,0.0,0.0,0.0,0.0,,0.0,,0.0,0.0
ClCCN(CCCl)CCCl,204.528,2.0048,0.0,0.0,0.0,0.0,0.0,0.0,0.0,1.0,0.0,0.0,0.0,1.0
COC(=O)Cc1ccccc1,150.177,1.4021,0.0,0.0,0.0,0.0,0.0,0.0,0.0,0.0,0.0,0.0,0.0,0.0
CCCCCC[n+]1ccccc1,164.27200000000002,2.554400000000001,0.0,0.0,0.0,0.0,,0.0,0.0,1.0,0.0,0.0,,
CO/N=C(\C(=O)N[C@@H]1C(=O)N2C(C(=O)O)=C(CSc3nnnn3C)CS[C@H]12)c1csc(N)n1.CO/N=C(\C(=O)N[C@@H]1C(=O)N2C(C(=O)O)=C(CSc3nnnn3C)CS[C@H]12)c1csc(N)n1,1023.1419999999994,-1.7395999999999914,0.0,0.0,0.0,0.0,0.0,0.0,0.0,,0.0,,,0.0
CC[N+]1(C)CCCC1.O=S(=O)([N-]S(=O)(=O)C(F)(F)F)C(F)(F)F,394.35900000000004,2.306,0.0,0.0,0.0,0.0,0.0,0.0,0.0,0.0,0.0,0.0,,0.0
CC[N+]1(C)CCCC1,114.212,1.2467,0.0,0.0,0.0,0.0,0.0,0.0,0.0,0.0,0.0,0.0,0.0,0.0
CCCC[N+]1(C)CCCC1,142.26599999999996,2.0269,0.0,0.0,0.0,0.0,0.0,0.0,0.0,0.0,0.0,0.0,0.0,0.0
CCCC[N+]1(C)CCCC1.N#CN=C=[N-],208.30899999999997,2.23768,0.0,0.0,,0.0,,0.0,,0.0,0.0,0.0,0.0,0.0
C/C(=C(\CCOC(=O)C(C)C)SS/C(CCOC(=O)C(C)C)=C(/C)N(C=O)Cc1cnc(C)nc1N)N(C=O)Cc1cnc(C)nc1N,702.9039999999999,4.687840000000002,,,,,,,,0.0,,0.0,,
CCC[N+]1(C)CCCC1.O=S(=O)([N-]S(=O)(=O)C(F)(F)F)C(F)(F)F,408.38599999999997,2.6961000000000013,0.0,0.0,0.0,0.0,0.0,0.0,0.0,0.0,0.0,0.0,,0.0
CCCCCCCCn1cc[n+](C)c1.F[B-](F)(F)F,282.134,3.973100000000004,0.0,0.0,0.0,1.0,,,0.0,1.0,,0.0,1.0,
O=S(=O)(O)c1cc(I)c(O)c2ncccc12,351.12100000000004,1.7917,0.0,0.0,,0.0,0.0,0.0,0.0,,0.0,0.0,0.0,0.0
CCCCCCCCCCCCCC/C(O)=N\C(CO)CCCCCCCCCCCCCC,481.8500000000006,10.486199999999993,0.0,0.0,0.0,0.0,0.0,0.0,0.0,0.0,0.0,0.0,0.0,0.0
CO[C@@]1(NC(=O)C2SC(=C(C(N)=O)C(=O)O)S2)C(=O)N2C(C(=O)O)=C(CSc3nnnn3C)CS[C@@H]21,575.6320000000002,-1.3974999999999984,0.0,0.0,0.0,0.0,0.0,0.0,0.0,,0.0,,0.0,0.0
CO[C@@]1(NC(=O)Cc2cccs2)C(=O)N2C(C(=O)O)=C(COC(N)=O)CS[C@@H]21,427.4600000000002,0.09859999999999991,0.0,0.0,0.0,0.0,0.0,0.0,0.0,0.0,0.0,0.0,0.0,0.0
CN1CCC(=C2c3ccccc3CCc3sccc32)CC1,295.4510000000001,4.374200000000004,0.0,,0.0,0.0,,0.0,0.0,,0.0,0.0,,0.0
CO[C@H](C(=O)[C@@H](O)[C@@H](C)O)C1Cc2cc3cc(O[C@H]4C[C@@H](O[C@H]5C[C@@H](O)[C@H](O)[C@@H](C)O5)[C@@H](O)[C@@H](C)O4)c(C)c(O)c3c(O)c2C(=O)[C@H]1O[C@H]1C[C@@H](O[C@H]2C[C@@H](O[C@H]3C[C@](C)(O)[C@H](O)[C@@H](C)O3)[C@H](O)[C@@H](C)O2)[C@H](O)[C@@H](C)O1,1085.156,-0.24927999999998884,0.0,,,1.0,,0.0,,,0.0,,1.0,1.0
C[n+]1ccccc1/C=N/O,137.162,0.3191999999999999,0.0,0.0,0.0,0.0,0.0,0.0,0.0,0.0,0.0,0.0,0.0,0.0
CCCN[C@H]1CCc2nc(N)sc2C1,211.33399999999997,1.5822,0.0,0.0,0.0,0.0,0.0,0.0,0.0,0.0,0.0,0.0,0.0,0.0
CC(C(=O)O)c1ccc2c(c1)Cc1cccnc1O2,255.27299999999997,2.9662000000000006,0.0,,0.0,0.0,0.0,0.0,0.0,0.0,0.0,0.0,0.0,0.0
O=C(Cl)CCl,112.94300000000001,0.9906,0.0,0.0,0.0,0.0,0.0,0.0,0.0,,0.0,0.0,0.0,0.0
CC(=O)Nc1nnc(S(N)(=O)=O)s1,222.251,-0.8561000000000003,0.0,0.0,0.0,0.0,0.0,0.0,0.0,0.0,0.0,0.0,0.0,0.0
CC(=O)NO,75.067,-0.4882999999999999,,,,,,,,0.0,,0.0,,
CC(=O)CC(c1ccc([N+](=O)[O-])cc1)c1c(O)c2ccccc2oc1=O,353.33000000000004,3.517800000000003,0.0,0.0,0.0,0.0,0.0,0.0,,0.0,0.0,0.0,1.0,0.0
COc1ccc2c(c1)c(CC(=O)OCC(=O)O)c(C)n2C(=O)c1ccc(Cl)cc1,415.82900000000006,3.4705200000000014,0.0,0.0,0.0,0.0,0.0,0.0,,0.0,0.0,0.0,,0.0
CC(=O)Nc1ccccc1,135.16599999999997,1.6449999999999998,0.0,0.0,0.0,0.0,0.0,0.0,0.0,0.0,0.0,0.0,0.0,0.0
CC1=C2N=C(C=C3N=C(C(C)=C4[C@@H](CCC(N)=O)[C@](C)(CC(N)=O)[C@](C)([C@@H]5N=C1[C@](C)(CCC(=O)NC[C@@H](C)OP(=O)([O-])O[C@@H]1[C@@H](CO)O[C@H](n6cnc7cc(C)c(C)cc76)[C@@H]1O)[C@H]5CC(N)=O)N4[Co+]C#N)[C@@](C)(CC(N)=O)[C@@H]3CCC(N)=O)C(C)(C)[C@@H]2CCC(N)=O,1355.3880000000004,2.7222200000000063,0.0,0.0,0.0,0.0,0.0,0.0,0.0,0.0,,0.0,0.0,0.0
CCNc1cc(O)ccc1C,151.20899999999995,2.1324199999999998,0.0,0.0,1.0,0.0,0.0,0.0,0.0,,0.0,0.0,,0.0
CC(C)C(C(=O)OC(C#N)c1cccc(Oc2ccccc2)c1)c1ccc(Cl)cc1,419.908,6.679980000000006,0.0,0.0,0.0,,1.0,0.0,0.0,0.0,0.0,,1.0,0.0
COP(=S)(OC)Oc1ccc(SC)c(C)c1,278.335,3.6130200000000023,0.0,0.0,1.0,0.0,1.0,0.0,0.0,0.0,0.0,0.0,0.0,0.0
[Fe+3],55.845,-0.0025,0.0,0.0,0.0,0.0,0.0,0.0,0.0,0.0,0.0,0.0,0.0,0.0
CC(C)(C)NC(=O)[C@H]1CC[C@H]2[C@@H]3CC[C@H]4NC(=O)C=C[C@]4(C)[C@H]3CC[C@]12C,372.55300000000017,3.8145000000000024,0.0,0.0,0.0,0.0,0.0,0.0,0.0,1.0,0.0,0.0,0.0,0.0
CN(C)C(=S)[S-].CN(C)C(=S)[S-].CN(C)C(=S)[S-].[Fe+3],416.5110000000001,1.1369,0.0,,,,,0.0,,,,1.0,,0.0
OC(Cn1cncn1)(Cn1cncn1)c1ccc(F)cc1F,306.276,0.7357999999999993,0.0,0.0,0.0,0.0,0.0,0.0,0.0,0.0,0.0,0.0,0.0,0.0
O=C(NCC1CCCCN1)c1cc(OCC(F)(F)F)ccc1OCC(F)(F)F,414.34600000000006,3.4407000000000014,0.0,0.0,0.0,0.0,0.0,0.0,0.0,0.0,0.0,0.0,0.0,0.0
O=C(Nc1ccc2c(c1)Cc1ccccc1-2)C(F)(F)F,277.24499999999995,3.7586000000000013,0.0,0.0,1.0,,,0.0,0.0,,0.0,0.0,,0.0
CN(C)C(=O)Nc1cccc(C(F)(F)F)c1,232.20499999999996,2.7989000000000006,0.0,0.0,0.0,0.0,0.0,0.0,0.0,0.0,0.0,0.0,0.0,0.0
CS/C(C)=N/OC(=O)N(C)SN(C)C(=O)O/N=C(\C)SC,354.4790000000001,3.079200000000002,0.0,0.0,0.0,,0.0,0.0,0.0,,0.0,,0.0,
CCCCOCCOC(=O)COc1nc(Cl)c(Cl)cc1Cl,356.63300000000004,3.7805000000000026,0.0,0.0,0.0,0.0,0.0,0.0,0.0,0.0,0.0,0.0,,0.0
Cc1c(F)c(F)c(COC(=O)C2C(/C=C(\Cl)C(F)(F)F)C2(C)C)c(F)c1F,418.7360000000001,5.551820000000002,0.0,0.0,0.0,0.0,0.0,0.0,0.0,0.0,0.0,0.0,,0.0
C#CCC1=C(C)[C@H](OC(=O)[C@H]2[C@H](C=C(C)C)C2(C)C)CC1=O,300.398,3.449200000000002,0.0,0.0,0.0,,,0.0,,,0.0,,,0.0
CC(C)(C)c1ccc(CSc2cnn(C(C)(C)C)c(=O)c2Cl)cc1,364.9420000000001,5.241500000000005,0.0,,0.0,1.0,,,,1.0,0.0,0.0,1.0,
CCCCOC(=O)c1ccccc1C(=O)OCC(CC)CCCC,334.4560000000002,5.016700000000005,0.0,0.0,0.0,0.0,0.0,0.0,,0.0,0.0,0.0,,
Cc1c(Cl)cccc1Nc1ccccc1C(=O)O,261.70799999999997,4.090220000000002,0.0,,0.0,0.0,0.0,0.0,,1.0,0.0,0.0,1.0,1.0
CCCCCCCCCCOC(=O)c1ccccc1C(=O)OCCCCCCCCCC,446.6720000000005,8.281600000000006,0.0,0.0,0.0,0.0,0.0,0.0,,0.0,0.0,0.0,0.0,0.0
O=C1NC(=O)C2CC=CCC12,151.16499999999996,0.22519999999999984,0.0,0.0,0.0,0.0,0.0,0.0,0.0,0.0,0.0,0.0,0.0,0.0
C[C@H]1c2cccc(O)c2C(=O)C2=C(O)[C@]3(O)C(=O)C(C(N)=O)=C(O)[C@@H](N(C)C)[C@@H]3[C@@H](O)[C@@H]21,444.44000000000017,-0.3475999999999985,0.0,0.0,0.0,0.0,0.0,0.0,0.0,,0.0,0.0,0.0,0.0
O=C1OC(=O)C2CC=CCC12,152.14899999999997,0.6521999999999999,0.0,0.0,0.0,0.0,0.0,0.0,0.0,0.0,0.0,0.0,0.0,0.0
O=C1NC(=O)c2ccccc21,147.13299999999998,0.5702,0.0,0.0,0.0,0.0,0.0,0.0,0.0,0.0,0.0,0.0,0.0,0.0
O=C1OC(=O)C2CCCCC12,154.165,0.8761999999999999,0.0,0.0,0.0,0.0,0.0,0.0,0.0,0.0,0.0,0.0,0.0,0.0
C#CCN1CC(=O)N(COC(=O)[C@@H]2[C@@H](C=C(C)C)C2(C)C)C1=O,318.3730000000001,1.6228999999999996,0.0,0.0,0.0,0.0,0.0,0.0,0.0,,0.0,,0.0,0.0
C=CCOC(Cn1ccnc1)c1ccc(Cl)cc1Cl,297.18500000000006,4.133800000000003,0.0,,1.0,1.0,,0.0,0.0,,0.0,1.0,,1.0
COCc1cnc(C2=NC(C)(C(C)C)C(=O)N2)c(C(=O)O)c1,305.33400000000006,1.2173000000000003,0.0,0.0,0.0,0.0,0.0,0.0,0.0,0.0,0.0,0.0,0.0,0.0
CC(C)C1(C)N=C(c2ncccc2C(=O)O)NC1=O,261.281,1.0709,0.0,0.0,0.0,0.0,0.0,0.0,0.0,0.0,0.0,0.0,0.0,0.0
CCBr,108.966,1.4012,0.0,0.0,0.0,0.0,0.0,0.0,0.0,0.0,0.0,0.0,0.0,0.0
ClC(Cl)Br,163.829,2.1425,,,0.0,0.0,,0.0,0.0,0.0,0.0,0.0,0.0,0.0
O=[N+]([O-])c1cc(N(CCO)CCO)ccc1NCCO,285.3,-0.21000000000000008,0.0,0.0,0.0,,0.0,0.0,0.0,0.0,0.0,1.0,1.0,0.0
O=C1/C(=C2\Nc3ccc(S(=O)(=O)[O-])cc3C2=O)Nc2ccc(S(=O)(=O)[O-])cc21,420.3800000000001,0.6230000000000001,0.0,0.0,0.0,0.0,0.0,0.0,0.0,0.0,0.0,0.0,0.0,0.0
CC(C)C[C@H]1C(=O)N2CCC[C@H]2[C@]2(O)O[C@](NC(=O)[C@@H]3C=C4c5cccc6[nH]c(Br)c(c56)C[C@H]4N(C)C3)(C(C)C)C(=O)N12,654.6059999999999,3.192800000000001,0.0,0.0,0.0,1.0,0.0,0.0,,1.0,,0.0,1.0,0.0
OB(O)O,61.83300000000001,-2.0518,0.0,0.0,0.0,0.0,0.0,0.0,0.0,0.0,0.0,0.0,0.0,0.0
C[C@@H](O)[C@H]1C(=O)N2C(C(=O)O)=C(SCCNC=N)C[C@H]12,299.35200000000003,-0.17602999999999924,0.0,0.0,0.0,0.0,0.0,0.0,0.0,0.0,0.0,0.0,0.0,0.0
Nc1ccc(S(=O)(=O)Nc2cnc3ccccc3n2)cc1,300.3430000000001,2.0128,1.0,0.0,0.0,0.0,0.0,0.0,0.0,0.0,0.0,0.0,0.0,0.0
O[C@H]1[C@H](O)[C@@H](O)[C@H](O)[C@@H](O)[C@H]1O,180.156,-3.8346000000000005,0.0,0.0,0.0,0.0,0.0,0.0,0.0,0.0,0.0,0.0,,0.0
O=C(O)[C@H](O)[C@@H](O)C(=O)O,150.08599999999998,-2.1226,0.0,0.0,0.0,0.0,0.0,0.0,0.0,0.0,0.0,0.0,0.0,0.0
CC1(C)C(/C=C\C=C/C=C\C=C2\N(CCCCS(=O)(=O)[O-])c3ccc4ccccc4c3C2(C)C)=[N+](CCCCS(=O)(=O)[O-])c2ccc3ccccc3c21,751.991,8.370300000000006,0.0,,,0.0,0.0,0.0,0.0,,0.0,,,0.0
CNC(=O)c1c(I)c(NC(=O)CCCCC(=O)Nc2c(I)c(C(=O)O)c(I)c(C(=O)NC)c2I)c(I)c(C(=O)O)c1I,1253.8680000000002,5.567400000000003,,,,,,,,0.0,,0.0,,
CC(=O)N(CC(C)C(=O)O)c1c(I)cc(I)c(N)c1I,613.9590000000001,3.156200000000001,0.0,0.0,0.0,0.0,0.0,0.0,0.0,,0.0,,,0.0
COc1cc([C@@H]2c3cc4c(cc3C(O[C@@H]3O[C@@H]5COC(c6cccs6)O[C@H]5[C@H](O)[C@H]3O)C3COC(=O)[C@@H]32)OCO4)cc(OC)c1O,656.6620000000001,2.752900000000001,0.0,,,,,0.0,,,0.0,,,1.0
CCCC[N+]1(C)CCCCC1.O=S(=O)([N-]S(=O)(=O)C(F)(F)F)C(F)(F)F,436.44,3.476300000000003,0.0,0.0,0.0,,0.0,0.0,0.0,0.0,0.0,0.0,,0.0
COCC(O)CO,106.121,-1.0139999999999998,0.0,0.0,0.0,0.0,0.0,0.0,0.0,0.0,0.0,0.0,,0.0
O=C(Nc1ccc([N+](=O)[O-])cc1)Nc1ccc([N+](=O)[O-])cc1,302.24600000000004,3.147000000000001,0.0,0.0,0.0,0.0,1.0,0.0,0.0,1.0,0.0,0.0,1.0,0.0
CN1C(=O)C[C@@H](C(=O)N[C@@H](Cc2c[nH]cn2)C(=O)N2CCC[C@H]2C(N)=O)NC1=O,405.41500000000025,-2.1463999999999963,0.0,0.0,0.0,0.0,0.0,0.0,0.0,,0.0,,0.0,0.0
CC(=O)Nc1cc(S(=O)(=O)[O-])cc2cc(S(=O)(=O)[O-])c(N=Nc3ccccc3)c(O)c12,463.4490000000002,2.7274000000000016,0.0,0.0,0.0,,,0.0,0.0,0.0,0.0,0.0,,0.0
C[C@@H]1O[C@@H](O[C@H]2C[C@@H](O)[C@]3(CO)[C@H]4[C@H](O)C[C@]5(C)[C@@H](C6=CC(=O)OC6)CC[C@]5(O)[C@@H]4CC[C@]3(O)C2)[C@H](O)[C@H](O)[C@H]1O,584.6590000000006,-1.5149999999999972,0.0,1.0,0.0,1.0,,0.0,,,,0.0,1.0,0.0
CC(C)OC(=O)CCCCC(=O)OC(C)C,230.30399999999997,2.45,,0.0,,0.0,0.0,0.0,0.0,,0.0,0.0,,0.0
O=C(O)CC(O)C(=O)O,134.087,-1.0934000000000001,0.0,0.0,0.0,0.0,0.0,0.0,0.0,0.0,0.0,0.0,0.0,0.0
C=C(C)C(=O)OCCC[Si](Cl)(Cl)Cl,261.60799999999995,3.1511000000000022,0.0,0.0,0.0,0.0,0.0,0.0,0.0,0.0,0.0,0.0,,0.0
CCOP(=O)(SC(C)CC)N1CCSC1=O,283.355,3.831500000000003,0.0,0.0,0.0,0.0,0.0,0.0,0.0,0.0,0.0,0.0,0.0,0.0
COC(=O)c1ccccc1S(=O)(=O)NC(=O)Nc1nc(C)cc(C)n1,364.3830000000001,1.39044,0.0,0.0,0.0,0.0,0.0,0.0,0.0,0.0,0.0,0.0,0.0,0.0
Cn1c(=O)c2[nH]c(Br)nc2n(C)c1=O,259.063,-0.2772000000000001,0.0,0.0,0.0,0.0,0.0,0.0,0.0,0.0,0.0,0.0,0.0,0.0
COc1cccc2c1C(=O)c1c(O)c3c(c(O)c1C2=O)C[C@@](O)(C(=O)CO)C[C@@H]3O[C@H]1C[C@H](N)[C@H](O)[C@H](C)O1,543.5250000000003,0.0012999999999993017,0.0,1.0,0.0,1.0,0.0,1.0,0.0,1.0,1.0,0.0,1.0,1.0
CC(C=O)Cc1ccc(C(C)C)cc1,190.286,3.1875000000000018,0.0,0.0,0.0,0.0,0.0,0.0,0.0,0.0,0.0,0.0,0.0,0.0
O=C(CCl)Nc1ccccc1,169.61100000000002,1.8639,0.0,0.0,0.0,,,0.0,,1.0,,1.0,0.0,0.0
COc1ccc(OC)c(Cl)c1,172.611,2.3571999999999997,0.0,0.0,0.0,0.0,0.0,0.0,0.0,0.0,0.0,0.0,0.0,0.0
CCCCC(CC)(CO)CO,160.257,1.5575999999999999,0.0,0.0,0.0,0.0,0.0,0.0,0.0,0.0,0.0,0.0,0.0,0.0
Cc1cc(O)c(Cl)cc1C,156.612,2.662440000000001,0.0,0.0,0.0,0.0,0.0,0.0,0.0,0.0,0.0,0.0,,0.0
NC(=O)c1ccc([N+](=O)[O-])cc1Cl,200.581,1.3471,0.0,0.0,0.0,0.0,0.0,0.0,0.0,0.0,0.0,0.0,0.0,0.0
CC1=CCC2C(C1)C2(C)C,136.238,2.9987000000000013,0.0,0.0,0.0,,0.0,0.0,0.0,,0.0,,,0.0
O=C1CC2CC1C1CCCC21,150.221,2.0116,1.0,0.0,0.0,0.0,,0.0,0.0,0.0,0.0,0.0,0.0,0.0
Nc1cccnc1,94.117,0.6638000000000001,0.0,0.0,0.0,0.0,0.0,0.0,0.0,0.0,0.0,0.0,0.0,0.0
CC(C)OCCO,104.149,0.4037,0.0,0.0,0.0,0.0,0.0,0.0,0.0,0.0,0.0,0.0,0.0,0.0
CCc1nccnc1C,122.17099999999998,1.34742,1.0,,0.0,,0.0,0.0,0.0,0.0,0.0,0.0,0.0,0.0
CC(C)c1ccc2ncccc2c1,171.243,3.3582000000000027,0.0,0.0,0.0,0.0,0.0,0.0,0.0,,0.0,0.0,,0.0
Cc1cccc(C(C)(C)C)c1O,164.248,2.9981200000000023,0.0,0.0,,,0.0,0.0,0.0,0.0,0.0,0.0,0.0,0.0
CN(C)CCCN(C)C,130.23499999999999,0.4996999999999998,0.0,0.0,0.0,0.0,0.0,0.0,0.0,0.0,0.0,0.0,,0.0
Cc1[nH]cnc1-c1ccc(Cl)cc1,192.649,3.038520000000001,,,,,,,,0.0,,0.0,,
O=C(OCCN1CCOCC1)c1cccnc1Nc1cccc(C(F)(F)F)c1,395.3810000000001,3.333000000000001,,,,,,,,1.0,,0.0,,
O=[N+]([O-])c1cncn1CCN1CCOCC1,226.23599999999993,0.12349999999999994,,,,,,,,0.0,,0.0,,
Cn1c(=O)c2c(ncn2CC(=O)O)n(C)c1=O,238.20299999999997,-1.4816999999999998,,,,,,,,0.0,,0.0,,
CCOC(=O)C(=O)CCc1ccccc1,206.241,1.7514,,,,,,,,0.0,,0.0,,
CCOC(=O)C(=O)c1csc(NC=O)n1,228.22899999999998,0.4572,,,,,,,,0.0,,0.0,,
CO/N=C(\C(=O)O)c1csc(NC(=O)CCl)n1,277.68899999999996,0.7555000000000001,,,,,,,,1.0,,0.0,,
CCN1CCCC1CNC(=O)C(O)(c1ccccc1)c1ccccc1,338.4510000000001,2.5230000000000006,,,,,,,,0.0,,0.0,,
CCN(CC)CC(=O)Oc1ccc(NC(C)=O)cc1,264.325,1.8921999999999999,,,,,,,,0.0,,0.0,,
CC(C)CCO,88.14999999999999,1.0248,0.0,0.0,0.0,0.0,0.0,0.0,0.0,0.0,0.0,0.0,0.0,0.0
C=C(C)C(=O)OCC(C)C,142.19799999999998,1.7617,0.0,0.0,0.0,0.0,0.0,0.0,0.0,0.0,0.0,0.0,0.0,0.0
C=C(C)C(=O)OCCCCCCCC(C)C,226.35999999999993,4.102300000000004,0.0,0.0,0.0,0.0,0.0,0.0,0.0,0.0,0.0,0.0,,0.0
CC(C)CCCCCCCOP(=O)(Oc1ccccc1)Oc1ccccc1,390.46000000000004,7.265700000000007,0.0,0.0,,0.0,0.0,0.0,0.0,,0.0,0.0,,0.0
O=C=NC1CCCCC1,125.171,1.6549,0.0,0.0,,,1.0,0.0,0.0,0.0,0.0,0.0,,0.0
COS(=O)(=O)[O-].C[N+]1(C)CCC(=C(c2ccccc2)c2ccccc2)CC1,389.5170000000001,3.4517000000000024,0.0,0.0,0.0,0.0,0.0,0.0,0.0,0.0,0.0,0.0,0.0,0.0
CC(=O)c1cccc([N+](=O)[O-])c1,165.14799999999997,1.7973999999999999,0.0,0.0,,0.0,0.0,0.0,0.0,0.0,0.0,0.0,0.0,0.0
CC(=O)c1ccccc1[N+](=O)[O-],165.14799999999994,1.7974,0.0,0.0,,0.0,0.0,0.0,0.0,0.0,0.0,0.0,0.0,0.0
CC(=O)c1ccc([N+](=O)[O-])cc1,165.148,1.7974,0.0,0.0,0.0,0.0,0.0,0.0,0.0,0.0,0.0,0.0,0.0,0.0
Nc1cccc([N+](=O)[O-])c1,138.126,1.177,0.0,0.0,0.0,0.0,0.0,0.0,0.0,0.0,0.0,0.0,0.0,0.0
Nc1ccccc1[N+](=O)[O-],138.126,1.177,0.0,0.0,0.0,0.0,0.0,0.0,0.0,0.0,0.0,0.0,,0.0
CC(C)(C)NCC(O)CSc1nc(-c2ccc(C(N)=O)s2)cs1,371.55300000000005,2.8116000000000003,0.0,0.0,,,0.0,0.0,0.0,,0.0,,1.0,0.0
Cc1cc(O)c2c(c1)O[C@@]1(C)CC[C@H]3C(C)(C)CCCC34CO[C@@H]2[C@H]41,342.4790000000001,5.145720000000004,0.0,0.0,0.0,,,0.0,,,0.0,,,
COc1nc(N)nc2c1ncn2[C@@H]1O[C@H](CO)[C@@H](O)[C@@H]1O,297.271,-1.9713999999999994,0.0,0.0,,,0.0,0.0,0.0,0.0,0.0,0.0,,0.0
COc1ccc2c(=O)c(C)c(-c3ccccc3)oc2c1CN(C)C,323.3920000000001,3.8386200000000024,0.0,0.0,1.0,1.0,0.0,0.0,0.0,,0.0,,0.0,0.0
CC(=O)CCl,92.525,0.8142,0.0,0.0,0.0,0.0,0.0,0.0,0.0,0.0,0.0,0.0,0.0,0.0
CCCOC(C(=O)OC1CCN(C)CC1)(c1ccccc1)c1ccccc1,367.489,3.994200000000003,0.0,0.0,0.0,0.0,0.0,0.0,,0.0,0.0,0.0,,0.0
COC(=O)[C@H]1[C@H]2C[C@@H]3c4[nH]c5cc(OC)ccc5c4CCN3C[C@H]2C[C@H](OC)[C@@H]1OC,428.5290000000003,2.934700000000001,0.0,0.0,0.0,0.0,0.0,0.0,0.0,,0.0,,0.0,0.0
CC(CN1c2ccccc2Sc2cccnc21)N(C)C,285.416,3.634400000000002,0.0,0.0,0.0,,0.0,,0.0,,0.0,,,
COc1ccc2c(c1)OC(C)(C)[C@@H](c1ccccc1)[C@@H]2c1ccc(OCCN2CCCC2)cc1,457.6140000000004,6.256500000000006,0.0,,0.0,,0.0,,,,,,,
C=C(C)c1ccccc1,118.17899999999995,2.7197000000000005,0.0,0.0,0.0,0.0,0.0,0.0,0.0,0.0,0.0,0.0,0.0,0.0
O=C(Cl)c1c(Cl)cccc1Cl,209.45900000000003,3.3724000000000007,0.0,0.0,0.0,0.0,0.0,0.0,0.0,0.0,0.0,0.0,0.0,0.0
CCCCCCCCCCCCN1CCOCC1,255.4459999999999,4.239500000000003,0.0,0.0,0.0,0.0,0.0,0.0,0.0,,0.0,0.0,,0.0
C1CN(CCOCCN2CCOCC2)CCO1,244.3349999999999,-0.332599999999998,0.0,0.0,0.0,0.0,0.0,0.0,0.0,0.0,0.0,0.0,0.0,0.0
COc1ccc(C=O)cc1OC,166.17599999999996,1.5162999999999998,0.0,0.0,0.0,0.0,1.0,0.0,0.0,0.0,0.0,0.0,0.0,0.0
CCCCCCC(=O)OCC,158.24099999999999,2.5199000000000007,0.0,0.0,0.0,0.0,,0.0,0.0,0.0,0.0,0.0,,0.0
CCCC(=O)OCC,116.15999999999998,1.3496000000000001,0.0,0.0,0.0,0.0,0.0,0.0,0.0,,0.0,0.0,0.0,0.0
CCOC(=O)CC,102.133,0.9595,0.0,0.0,0.0,0.0,0.0,0.0,0.0,0.0,0.0,0.0,0.0,0.0
Sc1nnc(S)s1,150.253,1.1155,0.0,0.0,1.0,0.0,0.0,0.0,0.0,,0.0,0.0,0.0,0.0
C=CC(=O)NC(C)(C)C,127.18699999999998,1.0871,0.0,0.0,0.0,0.0,0.0,0.0,0.0,0.0,0.0,0.0,0.0,0.0
[Cu+2],63.546,-0.0025,0.0,,0.0,0.0,,0.0,0.0,,0.0,1.0,,0.0
COc1ccc(Nc2ccc(OC)cc2)cc1,229.279,3.447400000000002,0.0,0.0,,,1.0,0.0,0.0,0.0,1.0,0.0,,
CCOP(=S)(OCC)O/N=C(\C#N)c1ccccc1,298.304,3.2283800000000014,0.0,0.0,1.0,0.0,1.0,0.0,0.0,0.0,0.0,0.0,,0.0
COC(=O)CCCCC(=O)OC,174.196,0.8927999999999998,0.0,0.0,0.0,0.0,0.0,0.0,0.0,0.0,0.0,0.0,0.0,0.0
COCCOC(=O)c1ccccc1C(=O)OCCOC,282.292,1.2930000000000001,0.0,0.0,0.0,0.0,0.0,0.0,0.0,0.0,0.0,0.0,0.0,0.0
COc1cc(CCN)c(OC)cc1Br,260.131,1.9675000000000002,0.0,0.0,,,0.0,0.0,0.0,,0.0,,,0.0
COc1cc(C[C@@H](C)N)c(OC)cc1Br,274.158,2.3560000000000008,0.0,0.0,0.0,1.0,0.0,0.0,,,0.0,0.0,,0.0
Cc1nc2ccccc2c(=O)n1-c1ccccc1Cl,270.71899999999994,3.347520000000002,0.0,0.0,,0.0,1.0,0.0,0.0,,0.0,0.0,,0.0
C=CCC1([C@@H](C)CCC)C(=O)NC(=O)NC1=O,238.28699999999998,1.3510999999999997,0.0,0.0,0.0,0.0,0.0,0.0,0.0,,0.0,,0.0,0.0
CC[C@H]1C[C@@H]2C[C@H]3c4[nH]c5ccc(OC)cc5c4CCN(C2)[C@@H]13,310.44100000000003,3.936600000000003,0.0,0.0,,0.0,0.0,0.0,0.0,0.0,0.0,1.0,0.0,0.0
CCC(N)Cc1c[nH]c2ccccc12,188.274,2.4477,0.0,0.0,1.0,0.0,0.0,0.0,0.0,,0.0,,,0.0
COc1cc(CCN)cc(OC)c1OC,211.261,1.2136000000000002,0.0,0.0,0.0,1.0,0.0,0.0,0.0,0.0,0.0,0.0,0.0,0.0
CCCSc1cc(OC)c(CCN)cc1OC,255.38299999999992,2.7071000000000005,0.0,,1.0,,,0.0,,,1.0,,,1.0
COc1cc(C[C@H](C)N)c(OC)cc1Br,274.158,2.3560000000000008,0.0,0.0,0.0,0.0,0.0,0.0,,,0.0,,,0.0
COc1cc(CC(C)C)cc(OC)c1OC,224.29999999999998,2.9109000000000016,0.0,0.0,0.0,0.0,0.0,0.0,,0.0,0.0,0.0,0.0,0.0
CCCN(CCC)c1c([N+](=O)[O-])cc(C(F)(F)F)cc1[N+](=O)[O-],335.28200000000004,4.148200000000004,0.0,0.0,0.0,0.0,0.0,0.0,0.0,0.0,0.0,0.0,1.0,0.0
CC1=C(C)C(=O)C(C(CCCCCC(=O)O)c2ccccc2)=C(C)C1=O,354.446,4.610000000000003,,,,,,,,1.0,,0.0,,
CN1C(=O)OC(C)(C)C1=O,143.142,0.37359999999999993,0.0,0.0,0.0,0.0,0.0,0.0,0.0,0.0,0.0,0.0,0.0,0.0
Cc1ccc(OP(=O)(Oc2ccc(C)cc2)Oc2ccc(C)cc2)cc1,368.3690000000001,6.256760000000005,0.0,0.0,1.0,0.0,0.0,0.0,0.0,0.0,0.0,0.0,1.0,0.0
ClCC(Cl)CCl,147.43200000000002,2.0713999999999997,0.0,0.0,0.0,0.0,1.0,0.0,0.0,0.0,0.0,0.0,0.0,0.0
OCCOCCOCCO,150.174,-0.9958000000000002,0.0,0.0,0.0,0.0,0.0,0.0,0.0,0.0,0.0,0.0,0.0,0.0
OCCN(CCO)CCO,149.19,-1.734699999999999,0.0,0.0,0.0,0.0,0.0,0.0,0.0,0.0,0.0,0.0,0.0,0.0
CC(C)NCC(O)c1ccc(O)c(O)c1,211.261,1.1291999999999998,0.0,0.0,1.0,0.0,0.0,0.0,0.0,0.0,0.0,0.0,0.0,0.0
Cc1cc(C)c(N)cc1C,135.21,2.1940600000000003,0.0,0.0,0.0,0.0,0.0,0.0,0.0,0.0,0.0,0.0,0.0,0.0
CC1(C)CCC(Cc2ccc(Cl)cc2)C1(O)Cn1cncn1,319.836,3.3415000000000017,0.0,0.0,,,,0.0,,1.0,0.0,0.0,1.0,
N#CN,42.041,-0.57382,0.0,0.0,0.0,0.0,0.0,0.0,0.0,0.0,0.0,0.0,0.0,0.0
O=c1[nH]sc2ccccc12,151.18999999999997,1.5896,0.0,,,,0.0,0.0,,,0.0,1.0,1.0,
CN1C(C(=O)Nc2ccccn2)=C(O)c2ccccc2S1(=O)=O,331.35300000000007,1.5809999999999997,0.0,0.0,1.0,0.0,0.0,0.0,0.0,0.0,0.0,0.0,1.0,0.0
CC(=O)Nc1ccccc1C,149.19299999999996,1.95342,0.0,0.0,0.0,0.0,0.0,0.0,0.0,0.0,0.0,0.0,0.0,0.0
CC(=O)Nc1cccc(C)c1,149.19299999999998,1.9534199999999997,0.0,0.0,0.0,0.0,0.0,0.0,0.0,0.0,0.0,0.0,0.0,0.0
CCCCCCCC/C=C/CCCCCCCC(=O)OCCOCC(OCCO)C1OC(OCCO)CC1OCCO,604.8220000000002,4.462600000000005,0.0,0.0,0.0,,0.0,0.0,0.0,0.0,0.0,0.0,,0.0
Brc1cc(-c2ccc(Br)c(Br)c2Br)cc(Br)c1Br,627.588,7.928600000000002,0.0,0.0,1.0,0.0,0.0,0.0,0.0,0.0,0.0,0.0,,0.0
CC(=O)Nc1ccc(OCC(O)CNC(C)C)cc1,266.34099999999995,1.3826999999999992,0.0,0.0,0.0,0.0,0.0,0.0,0.0,0.0,0.0,,0.0,0.0
COc1ccc(-c2ccccc2)cc1NNC(=O)OC(C)C,300.35800000000006,3.8237000000000014,0.0,0.0,1.0,0.0,,0.0,,1.0,,0.0,,0.0
C=CCCCCCCC=C,138.254,3.6990000000000025,0.0,0.0,0.0,,0.0,0.0,0.0,0.0,0.0,1.0,0.0,0.0
CCCC[Sn](CCCC)(CCCC)CCCC,347.1750000000002,6.635600000000007,0.0,,,0.0,,0.0,1.0,1.0,0.0,1.0,1.0,
CC(C)(O)C(=O)Nc1ccc([N+](=O)[O-])c(C(F)(F)F)c1,292.21299999999997,2.3230000000000004,1.0,0.0,0.0,0.0,,0.0,0.0,1.0,0.0,0.0,1.0,
CC1=C2[C@H](/C=C(\C)C(=O)O)CC[C@@H](C)[C@H]2[C@H](O)C1,250.33799999999997,2.760700000000001,0.0,0.0,0.0,0.0,0.0,0.0,0.0,0.0,0.0,0.0,0.0,0.0
Cl[In](Cl)Cl,221.17700000000002,1.6877,0.0,0.0,0.0,0.0,1.0,0.0,0.0,1.0,0.0,0.0,0.0,0.0
CCCCOC(=O)CO,132.159,0.322,0.0,0.0,0.0,0.0,0.0,0.0,0.0,0.0,0.0,0.0,0.0,0.0
CCCC(=O)[O-],87.09799999999998,-0.4636,0.0,0.0,0.0,0.0,0.0,0.0,0.0,,0.0,,0.0,0.0
CN(C1CCCCC1)C1CCCCC1,195.34999999999994,3.5836000000000023,0.0,0.0,0.0,0.0,0.0,0.0,0.0,0.0,0.0,0.0,0.0,0.0
Cc1ccnc(N)c1,108.144,0.9722200000000001,0.0,0.0,0.0,0.0,0.0,0.0,0.0,0.0,0.0,0.0,0.0,0.0
CN(C)C(C)(C)CO,117.19199999999998,0.3188999999999998,0.0,0.0,0.0,0.0,1.0,0.0,0.0,0.0,0.0,0.0,0.0,0.0
CC(=O)CC(=O)Nc1ccc(S(=O)(=O)[O-])cc1,256.25899999999996,0.5083,0.0,0.0,0.0,0.0,0.0,0.0,0.0,0.0,0.0,0.0,,0.0
[As]#[In],189.74,-0.7616,0.0,0.0,0.0,0.0,,0.0,0.0,0.0,0.0,0.0,0.0,0.0
CC1(C)CC(N=C=O)CC(C)(CN=C=O)C1,222.28799999999995,2.2430000000000003,0.0,0.0,0.0,0.0,0.0,0.0,0.0,0.0,0.0,0.0,0.0,0.0
CN(C)CCCO[C@H]1[C@@H](C(O)CO)O[C@@H]2OC(C)(C)O[C@H]12,305.37100000000004,-0.4470999999999983,0.0,0.0,,0.0,0.0,0.0,0.0,0.0,0.0,0.0,0.0,0.0
CCN(CC)CCOC(=O)C(c1ccccc1)c1ccccc1,311.425,3.7035000000000027,0.0,0.0,0.0,0.0,0.0,0.0,0.0,0.0,0.0,0.0,,0.0
COS(=O)(=O)[O-],111.09799999999998,-0.9069999999999998,0.0,0.0,0.0,0.0,0.0,0.0,0.0,0.0,0.0,0.0,0.0,0.0
CN(Cc1cc(Br)cc(Br)c1N)C1CCCCC1,376.13600000000025,4.558300000000004,0.0,0.0,,0.0,,0.0,0.0,0.0,0.0,0.0,,
CCCCC(CC)COC(=O)/C=C/c1ccc(OC)cc1,290.403,4.468000000000004,0.0,0.0,0.0,0.0,0.0,0.0,0.0,0.0,0.0,0.0,0.0,0.0
COCCOC(=O)CC#N,143.142,0.08967999999999998,0.0,0.0,0.0,0.0,0.0,0.0,0.0,0.0,0.0,0.0,0.0,0.0
CCCC(=O)OC(C)(C)Cc1ccccc1,220.31199999999998,3.3510000000000018,0.0,0.0,0.0,0.0,0.0,0.0,0.0,0.0,0.0,0.0,,0.0
COC(C)=O,74.079,0.17930000000000001,0.0,0.0,0.0,0.0,0.0,0.0,0.0,0.0,0.0,0.0,0.0,0.0
ClC1=C(Cl)C2(Cl)C3C(Cl)C(Cl)CC3C1(Cl)C2(Cl)Cl,409.78200000000015,5.682800000000001,0.0,,0.0,,,1.0,,,0.0,,1.0,
N#CCCN(CCO)CCO,158.201,-0.81332,0.0,0.0,0.0,0.0,0.0,0.0,0.0,,0.0,0.0,0.0,0.0
CN1CCN(C(c2ccccc2)c2ccc(Cl)cc2)CC1,300.8330000000001,3.6768000000000027,0.0,0.0,0.0,0.0,0.0,0.0,0.0,,0.0,,,0.0
OCC1CC=CCC1,112.172,1.335,0.0,0.0,,,0.0,0.0,0.0,0.0,0.0,0.0,0.0,0.0
COC(=O)C1=C(C)NC(C)=C(C(=O)O[C@H]2CCN(Cc3ccccc3)C2)[C@H]1c1cccc([N+](=O)[O-])c1,491.5440000000002,3.8203000000000022,0.0,0.0,0.0,,0.0,0.0,,,0.0,,1.0,
C[N+]1(CCF)[C@H]2CC[C@@H]1C[C@H](OC(=O)C(O)(c1ccccc1)c1ccccc1)C2,398.4980000000001,3.5752000000000024,,,,,,,,0.0,,0.0,,
COC[C@H](c1ccc(C(F)(F)F)cc1)N1CCN(C2(C)CCN(C(=O)c3c(C)ncnc3C)CC2)C[C@H]1C,533.6390000000004,4.500740000000004,0.0,0.0,0.0,0.0,0.0,0.0,0.0,,0.0,0.0,0.0,0.0
C[C@@H]1C[C@H]2[C@@H]3CCC4=CC(=O)C=C[C@]4(C)[C@@]3(F)[C@@H](O)C[C@]2(C)[C@@]1(O)C(=O)CO,392.4670000000002,1.8957000000000002,1.0,1.0,,,0.0,0.0,0.0,0.0,0.0,0.0,0.0,0.0
Cc1c(-c2ccc(O)cc2)n(Cc2ccc(OCCN3CCCCCC3)cc2)c2ccc(O)cc12,470.6130000000003,6.331020000000006,0.0,0.0,0.0,1.0,,,0.0,0.0,0.0,,1.0,0.0
COC(=O)[C@H]1[C@H]2C[C@@H]3c4[nH]c5ccccc5c4CCN3C[C@H]2C[C@@H](OC(=O)c2cc(OC)c(OC)c(OC)c2)[C@@H]1OC,578.6620000000004,4.162500000000003,0.0,,1.0,,0.0,0.0,,,0.0,,1.0,0.0
CC(=O)O[C@H]1CC[C@@]2(C)C(=CC[C@H]3[C@@H]4CCC(=O)[C@@]4(C)CC[C@@H]32)C1,330.46800000000013,4.450000000000005,0.0,0.0,0.0,,1.0,1.0,0.0,,0.0,0.0,1.0,0.0
CC1(C)[C@@H](C=C(Br)Br)[C@H]1C(=O)O[C@H](C#N)c1cccc(Oc2ccccc2)c1,505.20600000000024,6.490180000000005,0.0,0.0,0.0,0.0,0.0,0.0,,0.0,0.0,,1.0,
N#CCCCC(C#N)CCC#N,161.208,2.1238400000000004,0.0,0.0,0.0,0.0,,0.0,0.0,,0.0,0.0,0.0,0.0
CC1=CC=C(C(C)C)CC1,136.238,3.308900000000002,0.0,0.0,0.0,0.0,0.0,0.0,0.0,0.0,0.0,0.0,,0.0
COc1nc(C)nc(N)n1,140.14600000000002,-0.22918000000000005,0.0,0.0,0.0,0.0,,0.0,0.0,0.0,0.0,0.0,,0.0
CC(C)c1cc(C(C)C)cc(C(C)C)c1,204.35699999999997,5.056800000000004,0.0,0.0,0.0,0.0,0.0,0.0,0.0,0.0,0.0,0.0,0.0,0.0
NCC1CCCC(CN)C1,142.24599999999998,0.7102,0.0,0.0,0.0,0.0,0.0,0.0,0.0,0.0,0.0,0.0,0.0,0.0
O=C(Nc1ccccc1)Nc1ccnc(Cl)c1,247.68499999999997,3.3790000000000013,0.0,,1.0,,,0.0,,1.0,0.0,0.0,1.0,
CC(O)CC(C)O,104.14899999999999,0.1381,0.0,0.0,0.0,0.0,0.0,0.0,0.0,0.0,0.0,0.0,0.0,0.0
c1ccc(OCCOc2ccccc2)cc1,214.26400000000004,3.144400000000002,0.0,0.0,1.0,0.0,1.0,0.0,0.0,0.0,0.0,0.0,1.0,0.0
Cc1ccc(S(=O)(=O)O)cc1,172.205,1.2417200000000002,0.0,0.0,0.0,0.0,,,0.0,0.0,0.0,0.0,0.0,0.0
CN(C)C(=O)CCSC(SCCC(=O)[O-])c1cccc(/C=C/c2ccc3ccc(Cl)cc3n2)c1,514.0920000000002,5.141900000000004,0.0,,1.0,,1.0,0.0,,,1.0,,,
CCCNC(C)C(=O)Nc1ccccc1C,220.316,2.3216200000000002,0.0,0.0,0.0,0.0,0.0,0.0,0.0,0.0,0.0,0.0,0.0,0.0
FCOC(C(F)(F)F)C(F)(F)F,200.05299999999997,2.4232000000000005,0.0,0.0,0.0,0.0,0.0,0.0,0.0,,0.0,,0.0,0.0
COS(=O)(=O)[O-].C[N+]1(C)CCCCC1COC(=O)C(O)(c1ccccc1)c1ccccc1,465.5680000000001,2.1876000000000007,0.0,0.0,0.0,0.0,0.0,0.0,0.0,,0.0,,,0.0
FC(F)(F)C(F)(F)C(F)(F)C(F)(F)C(F)(F)F,288.03099999999995,4.0169,0.0,0.0,0.0,0.0,0.0,0.0,0.0,,0.0,,0.0,0.0
O=C1c2cccc3c2[C@H](CCC3)CN1[C@@H]1CN2CCC1CC2,296.414,2.656500000000001,0.0,0.0,,0.0,0.0,0.0,0.0,0.0,0.0,0.0,0.0,0.0
C=CCNC1=C2C[C@@H](C)C[C@H](OC)[C@H](O)[C@@H](C)C=C(C)[C@H](OC(N)=O)[C@@H](OC)C=CC=C(C)C(=O)NC(=CC1=O)C2=O,585.6980000000002,2.537600000000001,0.0,0.0,0.0,0.0,,0.0,0.0,,0.0,,,1.0
CN1CCC[C@@H]1c1cccnc1,162.236,1.8483,,,,,,,,0.0,,0.0,,
Clc1ccc(C(Cn2ccnc2)OCc2ccsc2Cl)c(Cl)c1,387.71900000000005,5.8629000000000016,0.0,,0.0,1.0,,,0.0,,0.0,1.0,,
c1ccc2c(c1)ccc1ccccc12,178.23399999999998,3.993000000000002,0.0,0.0,0.0,0.0,0.0,0.0,0.0,0.0,0.0,0.0,0.0,0.0
CCCC1CCCCN1,127.23100000000001,1.9286,,,,,,,,0.0,,0.0,,
CCOP(=S)(OCC)SCn1c(=O)oc2cc(Cl)ccc21,367.8160000000001,4.236100000000003,0.0,0.0,1.0,1.0,0.0,0.0,0.0,1.0,0.0,1.0,,0.0
CCCCC/C=C\C/C=C\CCCCCCCC(=O)OCC,308.506,6.363000000000007,0.0,0.0,0.0,0.0,0.0,0.0,0.0,,0.0,1.0,0.0,0.0
COC(=O)c1nc(Cl)c(Cl)nc1N,222.031,1.1522,,,,,,,,1.0,,1.0,,
CC(=O)OCC[N+](C)(C)C,146.21,0.25570000000000004,,,,,,,,0.0,,0.0,,
CC1=C2[C@H](/C=C(\C)C(=O)O)CC[C@@H](C)[C@H]2CC1,234.33899999999994,3.789900000000003,0.0,0.0,0.0,0.0,,0.0,,1.0,0.0,1.0,,0.0
O=C([O-])CCCc1ccccc1,163.196,0.7591999999999998,,,,,,,,0.0,,0.0,,
C=C[Si](OC(C)=O)(OC(C)=O)OC(C)=O,232.26399999999995,0.3397999999999999,0.0,0.0,0.0,0.0,0.0,0.0,0.0,,0.0,1.0,0.0,0.0
C#C[C@]1(O)C=C[C@H]2[C@@H]3CCC4=CC(=O)CC[C@@H]4[C@H]3CC[C@@]21CC,310.43700000000007,3.6586000000000025,1.0,1.0,0.0,,1.0,1.0,0.0,,0.0,0.0,,0.0
CC(=C\c1ccccc1)/C=C1/SC(=S)N(CC(=O)O)C1=O,319.40700000000004,2.918700000000001,0.0,0.0,0.0,,0.0,0.0,,,1.0,,0.0,0.0
CC(C)(C)c1ccc(C(=O)CCCN2CCC(OC(c3ccccc3)c3ccccc3)CC2)cc1,469.6690000000001,7.217600000000008,0.0,0.0,,0.0,,0.0,0.0,,0.0,,,
COc1cccc(N(C)C(=S)Oc2ccc3c(c2)CCCC3)n1,328.4370000000002,3.7691000000000026,1.0,0.0,0.0,,,0.0,0.0,1.0,0.0,0.0,,0.0
CC(CCc1ccc(O)cc1)NCC(O)c1ccc(O)cc1,301.386,2.7421000000000006,0.0,0.0,0.0,0.0,0.0,0.0,0.0,,0.0,,0.0,0.0
O=C([O-])c1ccc(NC(=O)[C@H](Cc2ccc(O)cc2)NC(=O)c2ccccc2)cc1,403.41400000000004,1.735499999999999,0.0,0.0,0.0,0.0,0.0,0.0,0.0,,0.0,,0.0,0.0
CCOC(=O)OC(C)OC1=C(C(=O)Nc2ccccn2)N(C)S(=O)(=O)c2ccccc21,447.46900000000016,2.558700000000001,,,,,,,,0.0,,0.0,,
COc1cc(C(=O)N2CCCCCCC2)cc(OC)c1OC,307.39,3.1187000000000014,0.0,0.0,0.0,0.0,0.0,0.0,0.0,0.0,0.0,0.0,,0.0
CO[C@H]1C[C@H](O[C@H]2[C@H](C)O[C@@H](O[C@@H]3C(C)=CC[C@@H]4C[C@@H](C[C@]5(C=C[C@H](C)[C@@H](C6CCCCC6)O5)O4)OC(=O)[C@@H]4C=C(C)[C@@H](O)[C@H]5OCC(=CC=C[C@@H]3C)[C@@]45O)C[C@@H]2OC)O[C@@H](C)[C@@H]1O,899.1280000000004,5.911600000000009,0.0,0.0,0.0,0.0,,0.0,,,,,1.0,
CN1C(=O)N(C)C(O)C1O,146.146,-1.3796000000000004,0.0,0.0,0.0,0.0,0.0,0.0,0.0,0.0,0.0,0.0,0.0,0.0
CC(C)c1ccc(S(=O)(=O)O)cc1,200.259,2.0567,0.0,0.0,0.0,0.0,0.0,0.0,0.0,0.0,0.0,0.0,0.0,0.0
CC(C)(c1ccc(OCC2CO2)cc1)c1ccc(OCC2CO2)cc1,340.4190000000001,3.567700000000002,0.0,0.0,0.0,1.0,0.0,0.0,,0.0,0.0,1.0,,0.0
c1ccc(SCCSc2ccccc2)cc1,246.40000000000003,4.571000000000003,0.0,0.0,,,1.0,0.0,0.0,0.0,0.0,0.0,,0.0
COCCOCCOC,134.175,0.29580000000000006,0.0,0.0,0.0,0.0,0.0,0.0,0.0,0.0,0.0,0.0,0.0,0.0
CCCCNC(=O)OCC#CI,281.09299999999996,1.9086,0.0,0.0,0.0,,,0.0,0.0,,1.0,0.0,1.0,1.0
O=C(O)C1=NN(c2ccc(S(=O)(=O)O)cc2)C(=O)C1,284.2490000000001,0.11059999999999975,0.0,0.0,0.0,0.0,0.0,0.0,0.0,0.0,0.0,0.0,0.0,0.0
NC(=O)NNC(N)=O,118.096,-1.7620000000000005,0.0,,0.0,0.0,0.0,0.0,0.0,0.0,0.0,0.0,,0.0
COC(=O)/C=C/C=C(C)/C=C/C=C(C)/C=C/C=C(C)/C=C/C=C(C)\C=C/C(=O)O,394.51100000000014,5.810200000000006,0.0,0.0,0.0,,,0.0,0.0,1.0,0.0,0.0,0.0,0.0
COc1ccc(Cl)cc1C(=O)NCCc1ccc(S(N)(=O)=O)cc1,368.8420000000001,1.9685000000000001,,,,,,,,0.0,,0.0,,
Cc1cn([C@@H]2O[C@H](CO)[C@@H](O)[C@@H]2F)c(=O)[nH]c1=O,260.221,-1.5662799999999997,,,,,,,,0.0,,0.0,,
CCC(CC)(CNC(=O)CCCO)c1cccc(OC)c1,293.407,2.641700000000001,,,,,,,,0.0,,0.0,,
COc1ccnc2c1CCCCC2S(=O)c1nc2ccccc2[nH]1,341.43600000000004,3.541800000000002,,,,,,,,1.0,,0.0,,
CCn1c(=O)c2c(nc(/C=C/c3ccc(OC)c(OC)c3)n2C)n(CC)c1=O,384.4360000000002,2.1241000000000003,,,,,,,,0.0,,0.0,,
CCCc1ccc(OCC(=O)N2CCN(C(=O)COc3ccc(CCC)cc3OC)CC2)c(OC)c1,498.62000000000035,3.7374000000000027,,,,,,,,1.0,,0.0,,
CC(C)(C)c1cc(C=O)cc(C(C)(C)C)c1O,234.33899999999997,3.7997000000000036,,,,,,,,0.0,,0.0,,
CCC(=O)N(c1ccccc1)C1CCNCC1,232.32699999999994,2.1815999999999995,,,,,,,,0.0,,0.0,,
O=C(CBr)Nc1ccc(Cl)cc1C(=O)c1ccccc1F,370.60500000000013,4.043500000000002,,,,,,,,,,0.0,,
O=C1C=CC(=O)N1c1ccccc1,173.17100000000002,1.1159999999999999,0.0,,0.0,,,,,,,1.0,,
CCOC(=O)NC(C)(C)Cc1ccc(Cl)cc1,255.74499999999998,3.4072000000000022,0.0,0.0,0.0,0.0,0.0,0.0,0.0,0.0,0.0,0.0,0.0,0.0
C=C(c1ccc(C(=O)O)cc1)c1cc2c(cc1C)C(C)(C)CCC2(C)C,348.48600000000016,6.103720000000005,0.0,0.0,0.0,0.0,0.0,,,,0.0,1.0,1.0,
CC(=O)C(=O)[O-],87.05399999999999,-1.6747000000000003,0.0,0.0,0.0,0.0,0.0,0.0,0.0,0.0,0.0,0.0,0.0,0.0
COc1cc(S(C)=O)ccc1-c1nc2ncccc2[nH]1,287.344,2.3709,0.0,0.0,,0.0,0.0,0.0,0.0,,0.0,,0.0,0.0
COCCCCCCCCOCCC[Si](C)(O[Si](C)(C)C)O[Si](C)(C)C,422.83100000000013,6.155100000000007,0.0,,0.0,,,,0.0,1.0,0.0,,1.0,0.0
CC(=O)OC1C2(C)CCC(C2)C1(C)C,196.29,2.7643000000000013,0.0,0.0,0.0,0.0,0.0,0.0,0.0,0.0,0.0,0.0,0.0,0.0
O=S(=O)([O-])[O-].[Li+].[Li+],109.945,-7.33,0.0,0.0,0.0,0.0,0.0,0.0,0.0,0.0,0.0,0.0,0.0,0.0
O=Cc1c2ccccc2c(Cl)c2ccccc12,240.68899999999996,4.4589000000000025,0.0,1.0,0.0,0.0,0.0,1.0,,1.0,0.0,1.0,1.0,0.0
CCCCCBr,151.047,2.5715000000000012,0.0,0.0,0.0,0.0,0.0,0.0,0.0,0.0,0.0,0.0,0.0,0.0
CCCC[n+]1ccc(C)cc1,150.24499999999998,2.08262,0.0,0.0,1.0,0.0,1.0,1.0,0.0,1.0,0.0,0.0,1.0,0.0
CC[N+]1(C)CCCC1.F[B-](F)(F)F,201.016,2.5467000000000004,0.0,0.0,0.0,0.0,0.0,0.0,0.0,,0.0,0.0,0.0,0.0
Cc1[nH]nc2c1N=C(c1ccccc1Cl)c1cc([N+](=O)[O-])ccc1N2,353.76900000000006,4.505820000000002,0.0,0.0,1.0,1.0,,1.0,,1.0,1.0,,,1.0
COC(=O)Nc1nc2cc(S(=O)c3ccccc3)ccc2[nH]1,315.35400000000004,2.9079000000000006,0.0,0.0,1.0,0.0,0.0,0.0,0.0,0.0,0.0,0.0,0.0,1.0
CC1CCC(=O)C1=O,112.12799999999999,0.5545,0.0,0.0,0.0,0.0,0.0,0.0,0.0,0.0,0.0,0.0,0.0,0.0
CCN1C(=O)c2ccccc2C1Nc1ccc(OCCN2CCCCC2)cc1,379.50400000000025,4.137700000000003,0.0,0.0,0.0,0.0,0.0,0.0,0.0,0.0,0.0,0.0,0.0,0.0
O=C1CCCCCCCCCCOCCCCO1,256.3859999999999,3.850900000000003,0.0,0.0,0.0,1.0,0.0,0.0,0.0,0.0,0.0,0.0,0.0,0.0
CSSc1ccoc1C,160.26299999999998,2.958120000000001,0.0,0.0,0.0,0.0,0.0,0.0,0.0,0.0,0.0,0.0,0.0,0.0
Cc1occc(=O)c1OC(=O)C(C)C,196.20199999999997,1.50962,0.0,0.0,0.0,0.0,0.0,0.0,0.0,0.0,0.0,0.0,0.0,0.0
CCCc1ccccc1O,136.19399999999996,2.344700000000001,0.0,0.0,0.0,,0.0,0.0,0.0,,0.0,0.0,1.0,0.0
CCC(=O)OCc1ccc(OC)cc1,194.23,2.1483999999999996,0.0,0.0,0.0,0.0,0.0,0.0,0.0,0.0,0.0,0.0,0.0,0.0
CCCC1CCOC(C)S1,160.28199999999998,2.654600000000001,0.0,0.0,0.0,0.0,0.0,0.0,0.0,0.0,0.0,0.0,0.0,0.0
Cc1cc(Nc2ccccc2C(=O)O)ccc1Cl,261.70799999999997,4.090220000000002,0.0,,1.0,0.0,,0.0,,,0.0,,1.0,
CC(C)C[C@H]1C(=O)N2CCC[C@H]2[C@]2(O)O[C@](NC(=O)[C@@H]3C[C@@H]4c5cccc6[nH]cc(c56)C[C@H]4N(C)C3)(C(C)C)C(=O)N12,577.7260000000002,2.5206,0.0,0.0,0.0,0.0,0.0,0.0,,,0.0,,0.0,0.0
CC(C)C[C@H](NC(=O)[C@H](CCc1ccccc1)NC(=O)CN1CCOCC1)C(=O)N[C@@H](Cc1ccccc1)C(=O)N[C@@H](CC(C)C)C(=O)[C@@]1(C)CO1,719.9240000000002,2.583500000000007,0.0,,0.0,,,,,1.0,1.0,1.0,0.0,1.0
COC(=O)N[C@H](C(=O)N[C@@H](Cc1ccccc1)[C@@H](O)CN(Cc1ccc(-c2ccccn2)cc1)NC(=O)[C@@H](NC(=O)OC)C(C)(C)C)C(C)(C)C,704.869,4.2116000000000025,0.0,0.0,0.0,0.0,,0.0,,0.0,0.0,0.0,,0.0
O=C(Nc1ccc(Cl)cc1)Nc1ccc(Cl)c(C(F)(F)F)c1,349.139,5.656200000000001,0.0,0.0,0.0,,,0.0,,,0.0,,1.0,1.0
CC(C)n1nc(-c2cc3cc(O)ccc3[nH]2)c2c(N)ncnc21,308.345,2.8432999999999993,0.0,,1.0,,,0.0,,,1.0,0.0,0.0,
CC(=O)OCC(=O)[C@@]1(O)CCC2C3CCC4=CC(=O)CC[C@]4(C)C3[C@@H](O)C[C@@]21C,404.5030000000002,2.3524000000000003,1.0,1.0,0.0,,,0.0,0.0,0.0,0.0,0.0,0.0,0.0
C1CN(P2(N3CC3)=NP(N3CC3)(N3CC3)=NP(N3CC3)(N3CC3)=N2)CCO1,431.36200000000025,1.7487999999999997,0.0,0.0,0.0,0.0,0.0,0.0,0.0,,0.0,,0.0,1.0
CC(C)(C)C(=O)OCOC(=O)C1N2C(=O)CC2S(=O)(=O)C1(C)C,347.38900000000007,0.21040000000000036,0.0,,0.0,0.0,0.0,0.0,,,0.0,0.0,,
CC(C)NCC(O)c1ccc([N+](=O)[O-])cc1,224.26,1.6261999999999999,0.0,0.0,0.0,0.0,0.0,0.0,0.0,0.0,0.0,0.0,0.0,0.0
O=C1CC2(CCCC2)CC(=O)N1CCCCN1CCN(c2ncccn2)CC1,385.5120000000001,2.0881999999999996,0.0,0.0,0.0,0.0,0.0,0.0,0.0,1.0,0.0,0.0,0.0,0.0
Cc1ccc(Cl)c(OCC(O)CNC(C)(C)C)c1,271.788,2.7762200000000012,,,,,,,,0.0,,0.0,,
CS(=O)(=O)Cl,114.55300000000001,0.18480000000000008,0.0,0.0,0.0,0.0,0.0,0.0,0.0,0.0,0.0,0.0,0.0,0.0
Cc1cccc(C(=O)O)c1,136.15,1.69322,0.0,0.0,0.0,0.0,0.0,0.0,0.0,0.0,0.0,0.0,0.0,0.0
O=C(O)c1cccc(O)c1,138.12199999999999,1.0903999999999998,0.0,0.0,0.0,0.0,0.0,0.0,0.0,0.0,0.0,0.0,0.0,0.0
Cc1ccc(C(=O)O)cc1,136.15,1.69322,0.0,0.0,0.0,0.0,0.0,0.0,0.0,0.0,0.0,0.0,0.0,0.0
CCC(C(=O)OCCN(CC)CC)c1ccccc1,263.381,3.0652000000000017,0.0,0.0,,0.0,0.0,0.0,0.0,0.0,0.0,0.0,0.0,0.0
C[C@]12CC[C@H]3[C@@H](CCC4=CC(=O)CC[C@@]43C)[C@@H]1CC[C@]2(O)C(=O)CO,346.4670000000001,2.810800000000001,1.0,1.0,0.0,,,0.0,0.0,0.0,0.0,0.0,0.0,0.0
COc1cc([C@@H]2c3cc4c(cc3[C@H](O)[C@H]3COC(=O)[C@H]23)OCO4)cc(OC)c1OC,414.41000000000025,2.4092000000000002,0.0,,1.0,0.0,0.0,,,,1.0,0.0,1.0,0.0
NNS(=O)(=O)c1ccc(Oc2ccc(S(=O)(=O)NN)cc2)cc1,358.40100000000007,-0.2170999999999994,0.0,0.0,,0.0,0.0,0.0,0.0,0.0,0.0,0.0,0.0,0.0
C[C@@H]1C[C@H]2[C@@H]3CCC4=CC(=O)C=C[C@]4(C)[C@@]3(F)[C@@H](O)C[C@]2(C)[C@H]1C(=O)CO,376.4680000000002,2.7808000000000015,1.0,1.0,,,0.0,0.0,0.0,,0.0,0.0,0.0,0.0
NC/C=C/C(=O)O,101.10499999999999,-0.41409999999999997,,,,,,,,0.0,,0.0,,
CC(=O)OC(C)(C)C1CC=C(C)CC1,196.28999999999996,3.0745000000000013,0.0,0.0,0.0,0.0,1.0,0.0,0.0,0.0,0.0,0.0,0.0,0.0
Cl[Si](Cl)(c1ccccc1)c1ccccc1,253.20400000000004,2.720600000000001,0.0,0.0,0.0,0.0,0.0,0.0,0.0,0.0,0.0,0.0,1.0,0.0
COCCOC,90.122,0.2792,0.0,0.0,0.0,0.0,0.0,0.0,0.0,0.0,0.0,0.0,0.0,0.0
CCOCCOCC,118.176,1.0594000000000001,0.0,0.0,0.0,0.0,0.0,0.0,0.0,0.0,0.0,0.0,0.0,0.0
O=[N+]([O-])c1cccc2ccccc12,173.171,2.748000000000001,0.0,0.0,,0.0,0.0,0.0,0.0,0.0,0.0,0.0,1.0,0.0
O=C(O)CCC(=O)C(=O)O,146.098,-0.49509999999999993,0.0,0.0,0.0,0.0,0.0,0.0,0.0,0.0,0.0,0.0,0.0,0.0
S=C([S-])NCCNC(=S)[S-],210.37400000000002,-0.1708,0.0,0.0,0.0,0.0,0.0,0.0,0.0,1.0,0.0,0.0,,0.0
O=C1NCCN1,86.09400000000001,-0.7008000000000001,0.0,0.0,0.0,0.0,0.0,0.0,0.0,0.0,0.0,0.0,,0.0
C[N+](=O)[O-],61.040000000000006,-0.10710000000000008,0.0,0.0,0.0,0.0,0.0,0.0,0.0,1.0,0.0,0.0,0.0,0.0
C[N+]([O-])(CCCl)CCCl,172.055,1.4083999999999999,,,,,,,,0.0,,0.0,,
CCCCC(CC)COC(=O)c1ccccc1C(=O)OCC(CC)CCCC,390.5640000000003,6.433000000000007,0.0,0.0,0.0,0.0,0.0,0.0,0.0,0.0,0.0,0.0,,0.0
O=[N+]([O-])c1ccc(Oc2ccc(Cl)cc2Cl)cc1,284.098,4.693900000000002,0.0,0.0,0.0,0.0,0.0,0.0,0.0,0.0,0.0,0.0,1.0,0.0
CCCCC(CC)CO,130.231,2.1951000000000005,0.0,0.0,0.0,0.0,0.0,0.0,0.0,0.0,0.0,0.0,0.0,0.0
C1CC2OC2CC1C1CO1,140.182,0.9527,0.0,0.0,0.0,0.0,0.0,0.0,0.0,0.0,0.0,0.0,0.0,0.0
CC(C)N(C(=O)COc1nnc(C(F)(F)F)s1)c1ccc(F)cc1,363.336,3.5164000000000026,0.0,0.0,0.0,0.0,0.0,0.0,0.0,1.0,0.0,0.0,0.0,0.0
CCN(Cc1c(F)cccc1Cl)c1c([N+](=O)[O-])cc(C(F)(F)F)cc1[N+](=O)[O-],421.7340000000001,5.340800000000003,0.0,0.0,0.0,1.0,1.0,0.0,0.0,0.0,0.0,0.0,1.0,0.0
Cc1nn(C)c(Oc2ccccc2)c1/C=N/OCc1ccc(C(=O)OC(C)(C)C)cc1,421.49700000000024,5.026820000000005,0.0,0.0,0.0,,,,0.0,1.0,0.0,0.0,,0.0
O=[N+]([O-])c1cc(C(F)(F)F)c(Cl)c([N+](=O)[O-])c1Nc1ncc(C(F)(F)F)cc1Cl,465.0930000000001,5.9860000000000015,0.0,,1.0,1.0,,1.0,1.0,,0.0,1.0,,1.0
COC(=O)CSc1cc(/N=c2\sc(=O)n3n2CCCC3)c(F)cc1Cl,403.88800000000026,2.7951000000000015,0.0,0.0,0.0,0.0,0.0,0.0,0.0,0.0,0.0,0.0,0.0,0.0
CCCCCOC(=O)COc1cc(N2C(=O)C3=C(CCCC3)C2=O)c(F)cc1Cl,423.86800000000017,4.335100000000004,0.0,0.0,0.0,,0.0,0.0,0.0,0.0,0.0,0.0,,0.0
C#CCN1C(=O)COc2cc(F)c(N3C(=O)C4=C(CCCC4)C3=O)cc21,354.3370000000002,1.9281,0.0,0.0,0.0,0.0,0.0,0.0,0.0,1.0,0.0,0.0,,0.0
CO/N=C(/C(=O)OC)c1ccccc1COc1ccccc1C,313.353,3.097520000000002,0.0,,0.0,,0.0,,,1.0,0.0,0.0,,
CC1(C)[C@@H](/C=C(\Cl)C(F)(F)F)[C@H]1C(=O)O[C@H](C#N)c1cccc(Oc2ccccc2)c1,449.8560000000001,6.543980000000005,0.0,0.0,0.0,0.0,0.0,0.0,,0.0,0.0,,1.0,0.0
CCCCN(CCCC)CCC(O)c1cc2c(Cl)cc(Cl)cc2c2cc(C(F)(F)F)ccc12,500.43200000000013,8.644300000000001,0.0,0.0,0.0,0.0,0.0,0.0,0.0,0.0,0.0,0.0,,0.0
CN[C@@H]1[C@@H](O[C@H]2O[C@H](CO)[C@@H](N)[C@H](O)[C@H]2O)O[C@H]2C[C@@H](N)[C@@H](O[C@@H]3[C@@H](N)C[C@@H](N)[C@H](O)[C@H]3O)O[C@@H]2[C@@H]1O,539.5830000000003,-6.949300000000007,0.0,0.0,0.0,0.0,0.0,0.0,0.0,,0.0,,0.0,0.0
CCOC(=O)OC(C)OC(=O)[C@@H]1N2C(=O)[C@@H](NC(=O)[C@H](N)c3ccccc3)[C@H]2SC1(C)C,465.5280000000002,1.2958000000000012,0.0,0.0,0.0,0.0,0.0,0.0,0.0,,0.0,0.0,0.0,0.0
CC(C)(C)NC[C@H](O)COc1ccccc1C1CCCC1.CC(C)(C)NC[C@H](O)COc1ccccc1C1CCCC1,582.8700000000001,6.944000000000009,0.0,0.0,0.0,0.0,0.0,0.0,,,0.0,,,0.0
C[C@@H]1C[C@H]2[C@@H]3C[C@H](F)C4=CC(=O)C=C[C@]4(C)[C@@]3(Cl)[C@@H](O)C[C@]2(C)[C@H]1C(=O)COC(=O)C(C)(C)C,495.03100000000035,4.595100000000004,1.0,1.0,0.0,,0.0,0.0,0.0,,0.0,,0.0,0.0
CCCC(=O)Nc1ccc(OCC(O)CNC(C)C)c(C(C)=O)c1,336.4320000000001,2.3655,0.0,0.0,0.0,0.0,0.0,0.0,0.0,0.0,0.0,0.0,0.0,0.0
Cc1cc(NC(=O)C2=C(O)c3ccccc3S(=O)(=O)N2C)no1,335.3410000000001,1.48242,0.0,0.0,0.0,0.0,0.0,0.0,0.0,0.0,0.0,0.0,1.0,0.0
CCC(=O)O[C@H]1[C@H](C)O[C@@H](O[C@@H]2[C@@H](C)O[C@@H](O[C@@H]3[C@@H](OC)[C@H](OC(=O)CC)CC(=O)O[C@H](C)CC=CC=C[C@H](O)[C@H](C)C[C@@H]3CC=O)[C@H](O)[C@H]2N(C)C)C[C@@]1(C)O,813.9790000000003,2.767400000000005,0.0,0.0,0.0,0.0,0.0,0.0,0.0,,0.0,,0.0,0.0
CC(C(=O)O)c1ccc(C(=O)c2cccs2)cc1,260.31399999999996,3.167200000000001,0.0,0.0,0.0,0.0,0.0,0.0,0.0,0.0,0.0,0.0,0.0,0.0
COc1ccc2c(c1)N(C[C@H](C)CN(C)C)c1ccccc1S2,328.481,4.495600000000004,0.0,0.0,0.0,0.0,0.0,0.0,0.0,,0.0,,,0.0
FC(F)(F)C(F)(F)C(F)(F)C(F)(F)C(F)(F)C(F)(F)C(F)(F)C(F)(F)C(F)(F)C(F)(F)F,538.066,7.193400000000004,0.0,0.0,0.0,0.0,0.0,0.0,0.0,0.0,0.0,0.0,0.0,0.0
C=CC(=O)O[Sn](CCCC)(CCCC)CCCC,361.11400000000026,5.061400000000005,0.0,,,,,,1.0,1.0,,1.0,1.0,
CCCCOCCOCCOCCCC,218.33699999999993,2.636400000000001,,0.0,0.0,,0.0,0.0,0.0,0.0,0.0,0.0,0.0,0.0
CNC(=O)Oc1ccccc1OC(C)C,209.24499999999998,2.192,0.0,0.0,0.0,0.0,0.0,0.0,0.0,0.0,0.0,0.0,0.0,0.0
C#CC(C)(C)O,84.11799999999998,0.3905,0.0,0.0,0.0,0.0,0.0,0.0,0.0,0.0,0.0,0.0,,0.0
CCCCCCCCCCO,158.285,3.119400000000002,0.0,0.0,0.0,1.0,0.0,0.0,0.0,0.0,0.0,0.0,0.0,0.0
CCCCCCCCCCCCCO,200.36599999999996,4.289700000000004,0.0,0.0,0.0,0.0,0.0,0.0,0.0,0.0,0.0,0.0,0.0,0.0
CCCCCCCCO,130.23100000000002,2.3392000000000013,0.0,0.0,0.0,0.0,0.0,0.0,0.0,0.0,0.0,0.0,0.0,0.0
CCOCCOCCO,134.175,0.031799999999999884,0.0,0.0,0.0,0.0,0.0,0.0,0.0,0.0,0.0,0.0,0.0,0.0
CCCCCCCCCC(C)=O,170.296,3.7161000000000026,0.0,0.0,0.0,0.0,0.0,0.0,0.0,0.0,0.0,0.0,0.0,0.0
CCCCCCCCCCCCCOC(=O)CCSCCC(=O)OCCCCCCCCCCCCC,542.9110000000004,10.208199999999996,0.0,0.0,0.0,0.0,0.0,0.0,0.0,0.0,0.0,0.0,,0.0
CC12CCCC=C1C(=O)OC2=O,166.176,1.1864000000000001,0.0,0.0,0.0,0.0,0.0,0.0,0.0,0.0,0.0,0.0,0.0,0.0
CC(C)(c1ccccc1)c1ccc(Nc2ccc(C(C)(C)c3ccccc3)cc2)cc1,405.5850000000001,8.082000000000008,0.0,0.0,,0.0,0.0,0.0,0.0,0.0,0.0,,1.0,
O=C1C(CCS(=O)c2ccccc2)C(=O)N(c2ccccc2)N1c1ccccc1,404.4910000000001,3.795500000000003,0.0,0.0,0.0,0.0,0.0,0.0,0.0,0.0,0.0,0.0,0.0,0.0
COc1cc(NS(=O)(=O)c2ccc(N)cc2)nc(C)n1,294.33600000000007,1.17662,0.0,0.0,0.0,0.0,0.0,0.0,0.0,0.0,0.0,0.0,0.0,0.0
Cc1nnc(NS(=O)(=O)c2ccc(N)cc2)s1,270.339,1.2295199999999997,0.0,0.0,0.0,0.0,0.0,0.0,0.0,0.0,0.0,0.0,0.0,0.0
Cc1ccnc(NS(=O)(=O)c2ccc(N)cc2)n1,264.31,1.16802,0.0,0.0,0.0,0.0,0.0,0.0,0.0,0.0,0.0,0.0,0.0,0.0
COc1cnc(NS(=O)(=O)c2ccc(N)cc2)nc1,280.30899999999997,0.8681999999999999,0.0,0.0,0.0,0.0,0.0,0.0,0.0,0.0,0.0,0.0,0.0,0.0
COc1ccc(NS(=O)(=O)c2ccc(N)cc2)nn1,280.30899999999997,0.8681999999999999,0.0,0.0,0.0,0.0,0.0,0.0,0.0,0.0,0.0,0.0,0.0,0.0
CC(=O)CC(=O)Nc1ccccc1,177.203,1.6041999999999998,1.0,1.0,0.0,0.0,1.0,0.0,0.0,0.0,0.0,0.0,0.0,0.0
CC(=O)O,60.05200000000001,0.09089999999999993,0.0,0.0,0.0,0.0,0.0,0.0,0.0,0.0,0.0,0.0,0.0,0.0
CC(=O)OC(C)=O,102.089,0.09600000000000009,0.0,0.0,0.0,0.0,0.0,0.0,0.0,0.0,0.0,0.0,0.0,0.0
CC(=O)Nc1ccc(C(=O)O)cc1,179.17499999999998,1.3432,0.0,0.0,0.0,0.0,0.0,0.0,0.0,0.0,0.0,0.0,0.0,0.0
CC(=O)C(C)O,88.106,-0.043800000000000006,0.0,0.0,0.0,0.0,0.0,0.0,0.0,0.0,0.0,0.0,0.0,0.0
COc1ccc(NC(C)=O)cc1N,180.207,1.2357999999999998,0.0,0.0,,0.0,1.0,1.0,0.0,0.0,0.0,0.0,0.0,0.0
CCCCC(CC)COC(=O)c1ccc(C(=O)OCC(CC)CCCC)cc1,390.56400000000025,6.433000000000007,0.0,0.0,0.0,0.0,0.0,0.0,0.0,0.0,0.0,0.0,0.0,0.0
O=P(O)(O)CN(CP(=O)(O)O)CP(=O)(O)O,299.049,-1.3060000000000005,0.0,0.0,0.0,0.0,0.0,0.0,0.0,0.0,0.0,0.0,,0.0
CCC(C)S,90.19099999999999,1.7147,0.0,0.0,0.0,0.0,0.0,0.0,0.0,0.0,0.0,0.0,0.0,0.0
CC1=C2C[C@H]3[C@@H](CC=C4C[C@@H](O)CC[C@@]43C)[C@@H]2CC[C@]12O[C@@H]1C[C@H](C)CN[C@H]1[C@H]2C,411.63000000000017,5.0019000000000045,0.0,0.0,0.0,,0.0,0.0,0.0,,0.0,0.0,0.0,0.0
O=C(CCN1CCC(c2ccccc2)C1)c1ccc2c(c1)OCCO2,337.41900000000015,3.520100000000002,0.0,0.0,0.0,,0.0,0.0,0.0,1.0,0.0,,0.0,
O=[N+]([O-])c1ccc(O)c2ncccc12,190.158,1.8485999999999996,0.0,0.0,1.0,,,0.0,0.0,,0.0,1.0,1.0,
Nc1ccc(S(=O)(=O)Nc2ccccc2)cc1,248.30700000000004,2.0696,0.0,0.0,0.0,0.0,0.0,0.0,0.0,0.0,0.0,0.0,0.0,0.0
CCc1nnc(NS(=O)(=O)c2ccc(N)cc2)s1,284.366,1.4835,0.0,0.0,0.0,0.0,0.0,0.0,0.0,0.0,0.0,0.0,,0.0
Cc1c(Cn2ccnc2)c2ccccc2n1CCC(=O)O,283.33099999999996,2.66922,0.0,0.0,0.0,0.0,0.0,0.0,0.0,0.0,0.0,0.0,0.0,0.0
O=C(COc1ccc(Cl)cc1)OCCNC12CC3CC(CC(C3)C1)C2,363.88500000000016,3.820400000000003,0.0,0.0,0.0,0.0,0.0,0.0,0.0,,0.0,,0.0,0.0
CN1CCC(O)(c2ccc(F)cc2)C(C(=O)c2ccc(F)cc2)C1,331.362,2.987000000000002,,,,,,,,,,0.0,,
COC(c1ccccc1)(c1ccccc1)[C@H](Oc1nc(C)cc(C)n1)C(=O)O,378.4280000000001,3.515640000000001,0.0,0.0,0.0,0.0,0.0,0.0,0.0,0.0,0.0,0.0,0.0,0.0
CCOC(=O)c1c(C)n(C)c2ccc(O)cc12,233.267,2.36902,0.0,0.0,,0.0,0.0,,0.0,0.0,0.0,0.0,1.0,0.0
CN1CCN(C(=O)C2CCCCC2)CC1,210.3209999999999,1.3406999999999998,0.0,0.0,0.0,0.0,0.0,0.0,0.0,0.0,0.0,0.0,0.0,0.0
ICCc1ccccc1,232.064,2.6641000000000004,,,0.0,,0.0,,0.0,0.0,0.0,,0.0,0.0
NCCCNCCCN,131.22299999999998,-0.7263999999999986,0.0,,0.0,,0.0,0.0,0.0,,0.0,0.0,,0.0
O=[N+]([O-])c1cccc(I)c1,249.00699999999998,2.1994,0.0,0.0,0.0,0.0,0.0,0.0,0.0,0.0,0.0,0.0,0.0,0.0
CCCCCCCCCCCCCCCCCCO,270.50099999999986,6.240200000000008,0.0,0.0,0.0,0.0,0.0,0.0,0.0,0.0,0.0,0.0,0.0,0.0
C=CCCCCCCCCCCCCCCCC,252.4859999999999,7.043800000000006,0.0,0.0,0.0,0.0,0.0,0.0,0.0,0.0,0.0,0.0,,0.0
CCCCCCCC/C=C\CCCCCCCCN,267.5009999999999,5.982600000000005,,,,,,,,0.0,,0.0,,
COc1ccc(NC(=O)CC(C)=O)cc1,207.22899999999998,1.6127999999999998,0.0,0.0,,0.0,0.0,0.0,0.0,,0.0,0.0,0.0,0.0
CCCCCCCCCCCCCCCC(=O)OC,270.45699999999994,5.640700000000005,0.0,0.0,0.0,0.0,0.0,0.0,0.0,0.0,0.0,0.0,0.0,0.0
COC(=O)CC(=O)OC,132.115,-0.2775000000000001,0.0,0.0,0.0,0.0,0.0,0.0,0.0,0.0,0.0,0.0,0.0,0.0
CN1CCOCC1,101.149,-0.05160000000000009,0.0,0.0,0.0,0.0,0.0,0.0,0.0,0.0,0.0,0.0,0.0,0.0
CCCC(C)C,86.178,2.442500000000001,0.0,0.0,0.0,0.0,0.0,0.0,0.0,0.0,0.0,0.0,0.0,0.0
[Ni+2].c1cc[cH-]c1.c1cc[cH-]c1,188.88299999999998,2.8085000000000013,0.0,0.0,0.0,0.0,0.0,0.0,0.0,0.0,0.0,0.0,0.0,0.0
CCCCCCCC[N+](CCCCCCCC)(CCCCCCCC)CCCCCCCC,466.90300000000053,11.24519999999999,0.0,,,1.0,,,,,,,1.0,
Cc1cccc(C)c1NC(=O)C1CCCCN1C,246.35399999999996,2.7262400000000007,,0.0,0.0,0.0,0.0,0.0,0.0,,0.0,,0.0,0.0
CN1CCC[C@@H]1Cc1c[nH]c2ccc(CCS(=O)(=O)c3ccccc3)cc12,382.5290000000001,3.8210000000000024,0.0,0.0,0.0,0.0,0.0,0.0,0.0,0.0,0.0,0.0,0.0,0.0
O=C(C[C@@H]1NCCC[C@H]1O)Cn1cnc2cc(Br)c(Cl)cc2c1=O,414.6870000000001,1.8844999999999996,0.0,0.0,,0.0,0.0,0.0,0.0,,0.0,,0.0,0.0
C/C(=C\c1csc(C)n1)C1C[C@@H]2O[C@]2(C)CCC[C@H](C)C(O)[C@@H](C)C(=O)C(C)(C)[C@@H](O)CC(=O)O1,507.6930000000003,4.477520000000005,0.0,,0.0,0.0,0.0,,,,0.0,,,1.0
Clc1cc(Cl)c(OCC#CI)cc1Cl,361.39300000000003,4.421500000000001,0.0,,0.0,,,0.0,0.0,,0.0,,,
N=C(N)NCCC[C@H](NC(=O)[C@@H]1CCCN1C(=O)[C@@H]1CSSCCC(=O)N[C@@H](Cc2ccc(O)cc2)C(=O)N[C@@H](Cc2ccccc2)C(=O)N[C@@H](CCC(N)=O)C(=O)N[C@@H](CC(N)=O)C(=O)N1)C(=O)NCC(N)=O,1069.2379999999998,-4.13203000000001,0.0,0.0,0.0,0.0,0.0,0.0,0.0,0.0,0.0,0.0,0.0,0.0
O=[N+]([O-])c1c(Cl)cccc1-c1c[nH]cc1Cl,257.076,3.896700000000001,0.0,0.0,,,,1.0,0.0,,0.0,,,
CCCCC[C@@H](O)C1C(=O)OC(C)[C@H](O)C=CC=CC=CC=CC=C(C)C(O)C(O)C(O)C[C@H](O)C[C@H](O)C[C@H](O)C[C@H](O)C[C@@H]1O,670.8370000000003,0.8587999999999991,0.0,0.0,0.0,0.0,0.0,0.0,0.0,,0.0,,0.0,0.0
CNC(C)CCC=C(C)C,141.25799999999998,2.3407,0.0,0.0,1.0,0.0,0.0,0.0,0.0,,0.0,,0.0,0.0
NC(=S)NS(=O)(=O)c1ccc(N)cc1,231.302,-0.2093000000000002,0.0,0.0,,0.0,0.0,0.0,0.0,,0.0,,0.0,0.0
COC(=O)/C=C/c1ccccc1,162.188,1.8728,0.0,0.0,0.0,0.0,,0.0,0.0,0.0,0.0,0.0,,0.0
CN(C)c1ccc(/N=N/c2ccccc2C(=O)O)cc1,269.304,3.866200000000002,0.0,0.0,1.0,,,0.0,0.0,1.0,1.0,1.0,,0.0
CON(C)C(=O)Nc1ccc(Br)cc1,259.10299999999995,2.4742000000000006,0.0,0.0,1.0,,,0.0,0.0,0.0,0.0,0.0,0.0,0.0
CO[C@H]1[C@H]([C@]2(C)O[C@@H]2CC=C(C)C)[C@]2(CC[C@H]1OC(=O)NC(=O)CCl)CO2,401.88700000000017,2.554400000000001,0.0,,0.0,,0.0,,1.0,1.0,,1.0,0.0,1.0
CCCC(=O)Nc1c(I)cc(I)c(CC(CC)C(=O)[O-])c1I,640.0170000000002,3.5576000000000016,0.0,0.0,,0.0,0.0,0.0,0.0,,0.0,,0.0,0.0
COC(=O)[C@H]1[C@@H](O)CC[C@H]2CN3CCc4c([nH]c5ccccc45)[C@@H]3C[C@@H]21,354.45000000000005,2.647100000000001,0.0,0.0,1.0,0.0,0.0,0.0,0.0,0.0,0.0,0.0,0.0,0.0
CC[C@]12CCCN3CCc4c(n(c5ccccc45)[C@@](O)(C(=O)OC)C1)[C@@H]32,354.45000000000016,2.9525000000000015,0.0,0.0,0.0,0.0,0.0,0.0,0.0,0.0,0.0,0.0,,0.0
CC(=NC#N)N(C)Cc1ccc(Cl)nc1,222.67900000000003,2.06628,0.0,0.0,0.0,0.0,,0.0,0.0,0.0,0.0,0.0,0.0,0.0
CCCCCCC(C)OC(=O)COc1nc(F)c(Cl)c(N)c1Cl,367.24800000000005,4.390600000000003,0.0,0.0,,1.0,,0.0,0.0,0.0,0.0,0.0,1.0,0.0
C=CC(=O)Nc1cc2c(Nc3ccc(F)c(Cl)c3)ncnc2cc1OCCCN1CCOCC1,485.9470000000004,4.391500000000003,0.0,,0.0,,1.0,1.0,0.0,1.0,,1.0,,1.0
CC(=O)O[C@H]1CC[C@@]2(C)C(=CC[C@H]3[C@@H]4CC[C@H](C(C)=O)[C@@]4(C)CC[C@@H]32)C1,358.5220000000002,5.086100000000005,1.0,0.0,0.0,0.0,,1.0,0.0,,0.0,,0.0,0.0
c1cnc2cc3c(cc2n1)C1CNCC3C1,211.26799999999994,1.8038999999999998,0.0,0.0,0.0,0.0,0.0,0.0,0.0,0.0,0.0,0.0,0.0,0.0
Clc1ccc([C@@H]2C[C@H]3CC[C@@H]2N3)cn1,208.69199999999998,2.3428999999999993,0.0,0.0,0.0,0.0,0.0,0.0,0.0,,0.0,,,0.0
CCC(=O)N(c1ccccc1)C1CCN(CCc2cccs2)CC1,342.50800000000004,4.1982000000000035,0.0,0.0,0.0,0.0,,0.0,0.0,,0.0,0.0,0.0,0.0
CCC(=O)N(c1ccccc1)C1CCN(Cc2cccs2)CC1,328.48100000000005,4.155700000000004,0.0,0.0,0.0,,0.0,0.0,,,0.0,0.0,0.0,0.0
CCC(=O)N(c1ccccc1)C1CCN(C(C)Cc2cccs2)CC1,356.5350000000001,4.586700000000005,0.0,0.0,0.0,0.0,,0.0,0.0,1.0,0.0,0.0,0.0,0.0
CCC(=O)N(c1ccccc1)C1CCN(CC(O)c2ccccc2)CC1,352.47800000000007,3.627600000000003,0.0,0.0,0.0,0.0,0.0,0.0,,0.0,0.0,0.0,0.0,0.0
Nc1c(Cl)cc(Cl)cc1Cl,196.464,3.229,0.0,0.0,0.0,0.0,0.0,0.0,0.0,0.0,0.0,0.0,,0.0
O=C(O)C(Cl)(Cl)Cl,163.387,1.4412,0.0,0.0,0.0,0.0,0.0,0.0,0.0,0.0,0.0,0.0,0.0,0.0
FC(F)(Cl)C(F)(Cl)Cl,187.37500000000003,2.9189,0.0,0.0,0.0,0.0,0.0,0.0,0.0,0.0,0.0,0.0,0.0,0.0
CCCCCCCC(=O)OCC(COC(=O)CCCCCCC)OC(=O)CCCCCCC,470.6910000000005,7.066100000000009,0.0,0.0,0.0,0.0,0.0,0.0,0.0,0.0,0.0,0.0,0.0,0.0
BrC(Br)Br,252.731,2.4547,0.0,0.0,0.0,0.0,0.0,0.0,0.0,0.0,0.0,0.0,0.0,0.0
Nc1nc(N)c2nc(-c3ccccc3)c(N)nc2n1,253.26900000000003,0.8334000000000001,0.0,,1.0,,1.0,,,,1.0,,0.0,1.0
Nc1ccc(Oc2ccc(N)c(N)c2)cc1,215.256,2.2255000000000003,1.0,0.0,1.0,,,0.0,0.0,1.0,1.0,,1.0,0.0
CC1(C)O[C@@H]2C[C@H]3[C@@H]4CCC5=CC(=O)C=C[C@]5(C)[C@@]4(F)[C@@H](O)C[C@]3(C)[C@]2(C(=O)CO)O1,434.50400000000025,2.4188000000000005,1.0,0.0,0.0,,1.0,1.0,0.0,0.0,0.0,0.0,0.0,0.0
O=S1OC[C@@H]2[C@H](CO1)[C@]1(Cl)C(Cl)=C(Cl)[C@@]2(Cl)C1(Cl)Cl,406.9290000000001,3.689800000000001,0.0,0.0,0.0,,,0.0,0.0,1.0,0.0,0.0,1.0,0.0
Nc1cc([N+](=O)[O-])cc([N+](=O)[O-])c1O,199.12199999999999,0.7908,0.0,,0.0,0.0,0.0,0.0,0.0,,0.0,0.0,1.0,0.0
Cc1cc2nc(N)sc2cc1C,178.26000000000002,2.4953400000000006,0.0,0.0,1.0,,1.0,0.0,0.0,0.0,1.0,0.0,,0.0
Nc1cc(Cl)ccc1O,143.573,1.6278,0.0,0.0,1.0,0.0,0.0,0.0,,1.0,0.0,0.0,,1.0
Nc1cc(Cl)c([N+](=O)[O-])cc1O,188.57000000000002,1.536,0.0,0.0,,,0.0,0.0,,1.0,0.0,0.0,1.0,0.0
Nc1nc2c(Cl)cccc2s1,184.65099999999998,2.5319000000000003,,,1.0,0.0,0.0,0.0,0.0,1.0,0.0,0.0,1.0,0.0
Cc1cc(=O)n(-c2ccccc2)n1C,188.23000000000002,1.4844199999999999,0.0,0.0,0.0,0.0,0.0,0.0,0.0,0.0,0.0,0.0,0.0,0.0
CCOc1ccc(NC(C)=O)cc1,179.219,2.0437,0.0,0.0,0.0,0.0,0.0,0.0,0.0,0.0,0.0,0.0,0.0,0.0
Nc1cc(Cl)cc(S(=O)(=O)O)c1O,223.637,0.8745,0.0,0.0,0.0,0.0,0.0,0.0,0.0,,0.0,0.0,0.0,0.0
CC/C=C/CCO,100.161,1.335,0.0,0.0,0.0,0.0,0.0,0.0,0.0,0.0,0.0,0.0,0.0,0.0
O=Cc1ccc(Cl)cc1Cl,175.01399999999998,2.805900000000001,0.0,0.0,0.0,0.0,0.0,0.0,0.0,0.0,0.0,0.0,0.0,0.0
c1ccc(SSc2ccccc2)cc1,218.34600000000003,4.486000000000002,0.0,0.0,0.0,0.0,0.0,0.0,0.0,0.0,0.0,1.0,0.0,0.0
CCOC(=O)c1cccc(N)c1,165.19199999999998,1.4455,0.0,0.0,,,,0.0,0.0,0.0,0.0,0.0,0.0,0.0
CC/C=C\CCO,100.161,1.335,0.0,0.0,0.0,0.0,0.0,0.0,0.0,0.0,0.0,0.0,0.0,0.0
O=C(O)CNC(=O)c1ccc(CO)o1,199.16199999999998,-0.4137000000000001,0.0,0.0,0.0,,0.0,0.0,0.0,,0.0,0.0,0.0,0.0
COc1ccc(OC)c(NC(=O)CC(C)=O)c1,237.25499999999997,1.6214,0.0,0.0,1.0,0.0,0.0,0.0,0.0,0.0,0.0,0.0,,0.0
COP(=O)(NC(C)=O)SC,183.16899999999998,1.24,0.0,0.0,0.0,0.0,0.0,0.0,0.0,0.0,0.0,0.0,0.0,0.0
C1=Cc2cccc3cccc1c23,152.19599999999994,3.3236000000000017,0.0,0.0,,0.0,0.0,0.0,0.0,0.0,0.0,0.0,0.0,0.0
ON(Cc1ccccc1)Cc1ccccc1,213.27999999999997,3.078000000000002,0.0,0.0,0.0,,0.0,0.0,0.0,0.0,0.0,0.0,0.0,0.0
N#Cc1ccc(Cl)cc1,137.569,2.2116800000000003,0.0,0.0,0.0,0.0,0.0,0.0,0.0,0.0,0.0,0.0,0.0,0.0
CC(C)CCCC(=O)O,130.187,1.8973,0.0,0.0,0.0,0.0,0.0,0.0,0.0,0.0,0.0,0.0,0.0,0.0
COC(=O)c1ccccc1Cl,170.59499999999997,2.1266,0.0,0.0,0.0,0.0,0.0,0.0,0.0,0.0,0.0,0.0,0.0,0.0
NCCN1CCNC1=O,129.16299999999998,-1.0296999999999998,0.0,0.0,0.0,0.0,0.0,0.0,0.0,0.0,0.0,0.0,,0.0
CC1=C(Br)C(=O)C(Br)=C/C1=C(\c1ccccc1S(=O)(=O)[O-])c1cc(Br)c(O)c(Br)c1C,697.0130000000001,6.462020000000005,0.0,0.0,,,,0.0,0.0,0.0,0.0,0.0,,0.0
CSc1nc2cc(Cl)c(Oc3cccc(Cl)c3Cl)cc2[nH]1,359.665,6.037300000000002,0.0,0.0,,1.0,,,0.0,,,,1.0,
O=S(=O)([O-])c1cc(O)c(O)c(S(=O)(=O)[O-])c1,268.224,-1.0939999999999999,0.0,0.0,0.0,0.0,0.0,0.0,0.0,,0.0,0.0,,0.0
COC(C)(C)CCCC(C)CC=O,186.295,2.806800000000001,0.0,0.0,0.0,0.0,0.0,0.0,0.0,0.0,0.0,0.0,,0.0
NC(=O)c1ccc(N)cc1,136.154,0.3677,0.0,0.0,0.0,,,0.0,0.0,0.0,0.0,0.0,,0.0
ClP(Cl)(Cl)(Cl)Cl,208.23900000000003,4.308699999999999,0.0,0.0,0.0,0.0,0.0,0.0,0.0,0.0,0.0,0.0,0.0,
CCC(Cl)CC(Cl)C(Cl)C(Cl)C(Cl)C(C)Cl,348.956,5.450800000000004,0.0,,1.0,,1.0,0.0,0.0,0.0,0.0,0.0,0.0,0.0
C=C[Si](C)(C)O[Si](C)(C)C=C,186.40299999999996,2.863600000000001,0.0,0.0,0.0,0.0,0.0,0.0,0.0,0.0,0.0,0.0,0.0,0.0
NNC(=O)c1cccc(C(=O)NN)c1,194.194,-1.1064000000000005,0.0,0.0,1.0,0.0,0.0,0.0,0.0,0.0,0.0,0.0,,0.0
O=[N+]([O-])C=Cc1ccccc1,149.149,1.934,0.0,1.0,0.0,,0.0,0.0,,,,1.0,,1.0
COP(=O)(OC)O/C(=C\Cl)c1cc(Cl)c(Cl)cc1Cl,365.96400000000006,5.6015000000000015,0.0,0.0,0.0,1.0,,,,1.0,,0.0,,0.0
CCOP(=O)(Sc1ccccc1)Sc1ccccc1,310.38000000000005,5.715600000000004,0.0,0.0,0.0,0.0,,0.0,,,0.0,0.0,,0.0
CN1CCCCC1CCN1c2ccccc2Sc2ccc(S(C)=O)cc21,386.5860000000001,4.901100000000005,0.0,0.0,,0.0,0.0,0.0,0.0,0.0,0.0,0.0,0.0,0.0
c1ccc2c(c1)Sc1ccccc1N2CC1CN2CCC1CC2,322.47700000000015,4.631100000000005,0.0,0.0,0.0,1.0,0.0,0.0,,,0.0,,,0.0
CCCC(C)(COC(N)=O)COC(N)=O,218.25299999999996,0.9834000000000005,0.0,0.0,0.0,0.0,0.0,0.0,0.0,0.0,0.0,0.0,0.0,0.0
C[C@H]1C[C@H]2[C@@H]3CCC4=CC(=O)C=C[C@]4(C)[C@H]3C(=O)C[C@]2(C)[C@@]1(O)C(=O)CO,372.4610000000002,2.0118000000000005,1.0,1.0,0.0,,0.0,0.0,0.0,0.0,0.0,0.0,0.0,0.0
Cc1cc(C)cc(OCC2CNC(=O)O2)c1,221.256,1.7906399999999998,0.0,0.0,0.0,0.0,0.0,0.0,0.0,0.0,0.0,0.0,0.0,0.0
N#CSCc1ccccc1,149.218,2.40088,0.0,,0.0,0.0,0.0,,0.0,0.0,0.0,0.0,0.0,1.0
O=C(O[C@@H](C(=O)O)[C@@H](OC(=O)c1ccccc1)C(=O)O)c1ccccc1,358.3020000000001,1.6068,0.0,0.0,0.0,0.0,0.0,0.0,0.0,0.0,0.0,0.0,0.0,0.0
O=C([O-])[C@H](O)[C@@H](O)[C@H](O)[C@H](O)CO.O=C([O-])[C@H](O)[C@@H](O)[C@H](O)[C@H](O)CO.[Ba+2],527.6220000000001,-10.036400000000004,0.0,0.0,0.0,0.0,0.0,0.0,0.0,,0.0,,0.0,0.0
O=C(CO)[C@@H](O)[C@H](O)[C@@H](O)C(=O)[O-].O=C(CO)[C@@H](O)[C@H](O)[C@@H](O)C(=O)[O-],386.26200000000006,-9.239200000000002,0.0,0.0,0.0,0.0,0.0,0.0,0.0,,0.0,,0.0,0.0
O=S(=O)(O)c1cc(Cl)c(Cl)cc1Cl,261.513,2.8935000000000004,0.0,0.0,0.0,0.0,0.0,0.0,0.0,0.0,0.0,0.0,,0.0
CNC.O=C(O)COc1ccc(Cl)cc1Cl,266.124,2.2923999999999998,0.0,0.0,0.0,0.0,0.0,0.0,0.0,0.0,0.0,0.0,0.0,0.0
Nc1ccn([C@@H]2O[C@H](CO)[C@@H](O)[C@@H]2O)c(=O)n1,243.21900000000002,-2.563,0.0,0.0,0.0,0.0,1.0,0.0,0.0,0.0,0.0,0.0,0.0,1.0
Cc1ccc(C(C)(C)O)cc1,150.221,2.2224200000000005,0.0,0.0,0.0,0.0,0.0,0.0,0.0,0.0,0.0,0.0,0.0,0.0
CCCC(=O)OC(=O)CCC,158.19699999999995,1.6563999999999999,0.0,0.0,0.0,0.0,0.0,0.0,0.0,0.0,0.0,0.0,0.0,0.0
CC(C)=CCC/C(C)=C\CO,154.253,2.6714000000000016,0.0,0.0,0.0,0.0,0.0,0.0,0.0,0.0,0.0,0.0,0.0,0.0
COc1cc(-c2ccc(N)c(OC)c2)ccc1N,244.29399999999995,2.5351999999999997,0.0,0.0,0.0,0.0,0.0,0.0,0.0,1.0,1.0,0.0,1.0,0.0
CCCCCCC(O)CCCCCCCCCCC(=O)O,300.4829999999999,5.303300000000005,0.0,0.0,,0.0,0.0,0.0,1.0,1.0,0.0,0.0,0.0,0.0
CCCCOC(=O)/C=C\C(=O)OCCCC,228.28799999999993,2.2291999999999996,0.0,0.0,0.0,,0.0,0.0,0.0,,0.0,,,
CC(C)=CCC/C(C)=C/CO,154.253,2.6714000000000016,0.0,0.0,0.0,0.0,1.0,1.0,0.0,0.0,0.0,0.0,0.0,0.0
CC(C)=CCCC(C)CCO,156.269,2.751300000000001,0.0,0.0,0.0,0.0,0.0,0.0,0.0,0.0,0.0,0.0,0.0,0.0
CCCCCCCC[N+](C)(C)CCCCCCCC,270.5249999999999,5.7838000000000065,0.0,0.0,0.0,,,0.0,,,,,1.0,0.0
CCCCON=O,103.121,1.4845,0.0,0.0,0.0,0.0,0.0,0.0,0.0,0.0,0.0,0.0,0.0,0.0
CN1[C@H]2CC[C@@H]1C[C@H](OC(=O)C(CO)c1ccccc1)C2.CN1[C@H]2CC[C@@H]1C[C@H](OC(=O)C(CO)c1ccccc1)C2,578.7500000000003,3.8618000000000023,0.0,0.0,0.0,0.0,0.0,0.0,0.0,0.0,0.0,0.0,0.0,0.0
C[C@@H](O)[C@H]1C(=O)N2C(C(=O)O)=C(S[C@@H]3CN[C@H](CNS(N)(=O)=O)C3)[C@H](C)[C@H]12,420.5130000000002,-1.6030999999999969,0.0,0.0,0.0,0.0,,0.0,0.0,0.0,0.0,0.0,0.0,0.0
c1cnccn1,80.09,0.4765999999999999,0.0,0.0,0.0,0.0,0.0,0.0,0.0,0.0,0.0,0.0,,0.0
C1CS1,60.120999999999995,0.7332000000000001,0.0,0.0,0.0,0.0,0.0,0.0,0.0,0.0,0.0,0.0,0.0,0.0
O=c1[nH]cnc2ccccc12,146.14899999999997,0.9231,0.0,0.0,0.0,0.0,0.0,0.0,,0.0,0.0,0.0,0.0,0.0
O=C(C(=O)c1ccco1)c1ccco1,190.154,1.9382,0.0,0.0,0.0,0.0,0.0,0.0,0.0,1.0,0.0,0.0,,0.0
CC(=O)OCC(=O)NCCCOc1cccc(CN2CCCCC2)c1,348.44300000000015,2.1206999999999994,0.0,0.0,0.0,0.0,1.0,1.0,0.0,0.0,0.0,0.0,0.0,0.0
CNC[C@H](O)c1ccc(O)c(O)c1,183.207,0.35060000000000013,0.0,0.0,,0.0,0.0,0.0,0.0,0.0,0.0,0.0,0.0,0.0
O=c1cccccc1O,122.12299999999998,0.7523999999999997,0.0,0.0,0.0,1.0,0.0,0.0,0.0,,0.0,,,0.0
N=C(N)NCCCC[C@@H]1NC(=O)CCSSC[C@@H](C(N)=O)NC(=O)[C@@H]2CCCN2C(=O)[C@H](Cc2c[nH]c3ccccc23)NC(=O)[C@H](CC(=O)O)NC(=O)CNC1=O,831.9790000000002,-1.8447299999999895,0.0,0.0,0.0,0.0,,0.0,0.0,0.0,0.0,0.0,0.0,0.0
CCCN(CCOc1c(Cl)cc(Cl)cc1Cl)C(=O)n1ccnc1,376.67100000000005,4.602400000000004,0.0,0.0,1.0,1.0,,0.0,0.0,1.0,0.0,0.0,1.0,0.0
CSc1nc(NC(C)C)nc(NC(C)C)n1,241.364,2.2340999999999998,0.0,0.0,0.0,0.0,0.0,0.0,0.0,0.0,0.0,0.0,0.0,0.0
CC(C)N(C(=O)CCl)c1ccccc1,211.69200000000004,2.666800000000001,0.0,0.0,,,,0.0,,,0.0,,0.0,1.0
N[C@@H](Cc1ccc(N(CCCl)CCCl)cc1)C(=O)O,305.205,1.925,0.0,0.0,0.0,,0.0,0.0,,0.0,1.0,0.0,,1.0
C[C@@]12C=CC[C@H]1[C@@H]1CC[C@H]3CC(=O)CC[C@]3(C)[C@H]1CC2,272.432,4.764300000000004,0.0,0.0,0.0,0.0,1.0,1.0,0.0,,0.0,,1.0,0.0
C=CCc1cc(OC)c(O)c(C(=O)NCCO)c1,251.28199999999995,0.8514000000000002,0.0,0.0,0.0,0.0,0.0,0.0,0.0,1.0,0.0,0.0,0.0,0.0
Nc1nc(=O)c2ncn(CCC(CO)CO)c2[nH]1,253.26199999999997,-1.3073,0.0,0.0,0.0,0.0,0.0,0.0,0.0,0.0,0.0,0.0,0.0,0.0
CCN(CC)CCNC(=O)C1C(C)=NC(/C=C2\C(=O)Nc3ccc(F)cc32)=C1C.O=C(O)CC(O)C(=O)O,532.5690000000003,1.8904999999999994,,,,,,,,,,0.0,,
CC(C)C[C@H](NC(=O)[C@@H](Cc1c[nH]c2ccccc12)NC(=O)[C@H](Cc1ccc(O)cc1)NC(=O)[C@H](CO)NC(=O)[C@H](Cc1c[nH]c2ccccc12)NC(=O)[C@H](Cc1c[nH]cn1)NC(=O)[C@@H]1CCC(=O)N1)C(=O)N[C@@H](CCCNC(=N)N)C(=O)N1CCC[C@@H]1C(=O)NCC(N)=O.O=C(O)c1cc2ccccc2c(Cc2c(O)c(C(=O)O)cc3ccccc23)c1O,1699.8480000000006,2.306269999999991,0.0,0.0,0.0,0.0,0.0,0.0,0.0,,0.0,,,0.0
Cn1c(NCCN(CCO)CCCc2ccc([N+](=O)[O-])cc2)cc(=O)n(C)c1=O,405.45500000000015,0.33119999999999994,0.0,0.0,0.0,,0.0,0.0,0.0,0.0,0.0,0.0,0.0,0.0
CCCCC(=O)OCC(=O)[C@]1(O)Cc2c(O)c3c(c(O)c2[C@@H](O[C@H]2C[C@H](NC(=O)C(F)(F)F)[C@H](O)[C@H](C)O2)C1)C(=O)c1c(OC)cccc1C3=O,723.65,2.4622,0.0,1.0,0.0,,,,0.0,,1.0,,1.0,1.0
O=C(CS(=O)C(c1ccccc1)c1ccccc1)NO,289.356,2.0301,0.0,0.0,0.0,0.0,0.0,0.0,0.0,,0.0,,0.0,0.0
CCOC(=O)COc1ccc2c(C)c(CCN(CC)CC)c(=O)oc2c1Cl,395.88300000000015,3.5810200000000023,0.0,0.0,0.0,,0.0,0.0,0.0,0.0,0.0,0.0,,0.0
CO[C@H]1C=CO[C@@]2(C)Oc3c(C)c(O)c4c(c3C2=O)C2=NC3(CCN(CC(C)C)CC3)NC2=C(NC(=O)C(C)=CC=C[C@H](C)[C@H](O)[C@@H](C)[C@@H](O)[C@@H](C)[C@H](OC(C)=O)[C@@H]1C)C4=O,847.0190000000003,4.615720000000003,0.0,0.0,0.0,0.0,0.0,0.0,,1.0,0.0,0.0,,0.0
Cc1c(O)cccc1C(=O)N[C@@H](CSc1ccccc1)[C@H](O)CN1C[C@H]2CCCC[C@H]2C[C@H]1C(=O)NC(C)(C)C,567.7960000000003,4.747620000000004,0.0,1.0,0.0,,,,,,0.0,1.0,1.0,
CCOC(=O)c1ccccc1OC,180.20299999999997,1.8719,0.0,0.0,,0.0,0.0,0.0,0.0,0.0,0.0,0.0,0.0,0.0
CCCCCCCOC(C)=O,158.24099999999999,2.5199000000000007,0.0,0.0,0.0,0.0,1.0,0.0,0.0,0.0,0.0,0.0,0.0,0.0
CC(C)C(=O)Nc1cccc(C2CN3CCSC3=N2)c1,289.404,2.7406000000000015,,,,,,,,0.0,,0.0,,
CCCCn1cc[n+](C)c1.O=S(=O)([N-]S(=O)(=O)C(F)(F)F)C(F)(F)F,419.369,2.1720000000000006,0.0,0.0,0.0,0.0,0.0,0.0,0.0,0.0,0.0,0.0,,0.0
Brc1ccc(-c2ccccc2)cc1,233.108,4.116100000000003,0.0,0.0,0.0,0.0,0.0,0.0,0.0,0.0,0.0,0.0,0.0,0.0
OCC(CBr)(CBr)CBr,324.83799999999997,2.1498,0.0,0.0,,,0.0,0.0,0.0,,0.0,,0.0,0.0
O=C(O)C(Cl)Br,173.393,1.0308,0.0,0.0,0.0,0.0,0.0,0.0,0.0,1.0,0.0,0.0,,0.0
O=C(O)C(Cl)(Cl)Br,207.83800000000002,1.5973000000000002,0.0,0.0,,0.0,0.0,0.0,0.0,0.0,0.0,0.0,0.0,0.0
Nc1c(Br)cc([N+](=O)[O-])cc1[N+](=O)[O-],262.019,1.8477000000000001,0.0,0.0,1.0,0.0,,0.0,0.0,1.0,0.0,0.0,1.0,0.0
NC(CCC(=O)O)C(=O)O,147.13,-0.7368999999999997,0.0,0.0,0.0,0.0,0.0,0.0,0.0,0.0,0.0,0.0,0.0,0.0
CC[n+]1ccccc1,108.16399999999997,0.9940000000000001,1.0,1.0,0.0,0.0,,0.0,0.0,1.0,0.0,0.0,0.0,0.0
Cc1nc(C2CCCCC2)c(-c2ccc(S(N)(=O)=O)c(F)c2)o1,338.40400000000005,3.4842200000000014,,,,,,,,,,0.0,,
CC(C)C(=O)Nc1cccc(C(F)(F)F)c1,231.21699999999996,3.299900000000001,,,,,,,,0.0,,0.0,,
Cc1cc2c(cc1CC(=O)c1sccc1S(=O)(=O)Nc1onc(C)c1Cl)OCO2,454.91300000000024,3.9612400000000028,,,,,,,,,,0.0,,
CCCCC(O)/C=C(C)/C=C/C=C/C(=O)N1CCCC1=O,291.391,2.7452000000000014,,,,,,,,0.0,,0.0,,
CCCC[n+]1ccccc1.F[B-](F)(F)F,223.02199999999993,3.074200000000002,0.0,0.0,0.0,0.0,1.0,0.0,0.0,0.0,0.0,0.0,0.0,0.0
CCOCCn1c(C2CCN(CCc3ccc(C(C)(C)C(=O)O)cc3)CC2)nc2ccccc21,463.62200000000024,4.857100000000004,,,,,,,,0.0,,0.0,,
CCC(=O)O[C@@H]1C=C2CCC3C(CCC4(C)C3CC[C@@H]4OC(=O)CC)C2CC1,388.54800000000023,5.202700000000005,,,,,,,,0.0,,0.0,,
COc1cc2c(cc1OC)C(=O)CC2,192.21399999999994,1.8327,,,,,,,,0.0,,0.0,,
O=c1[nH]c2ccccc2n1C1CCNCC1,217.27199999999993,1.2541,,,,,,,,0.0,,0.0,,
OCCCCCCCl,136.622,1.7779,0.0,0.0,0.0,0.0,,0.0,0.0,0.0,0.0,0.0,0.0,0.0
COC(=O)C(C)N(C(=O)Cc1ccccc1)c1c(C)cccc1C,325.4080000000001,3.440640000000002,0.0,0.0,0.0,0.0,0.0,0.0,,1.0,0.0,0.0,0.0,0.0
O=c1[nH]c2cc(Cl)ccc2n1C1CCNCC1,251.71699999999996,1.9075,,,,,,,,,,0.0,,
c1ccc(-c2ccccn2)nc1,156.18799999999996,2.1435999999999993,0.0,0.0,,0.0,0.0,0.0,0.0,,0.0,,0.0,0.0
Clc1ccc(C2(Cn3cncn3)OCCO2)c(Cl)c1,300.145,2.4847,0.0,0.0,0.0,0.0,0.0,0.0,0.0,0.0,0.0,0.0,0.0,0.0
CCCCCCCCCCCCCCCC(=O)OC[C@H](O)[C@H]1OC(=O)C(O)=C1O,414.5390000000001,4.624800000000002,0.0,0.0,0.0,0.0,0.0,0.0,0.0,,0.0,,0.0,0.0
O=C[C@@H](O)[C@H](O)[C@H](O)CO,150.12999999999997,-2.7397000000000005,0.0,0.0,0.0,0.0,0.0,0.0,0.0,0.0,0.0,0.0,0.0,0.0
O=C(Nc1cccc(Cl)c1)OCC#CCCl,258.1039999999999,3.130700000000002,0.0,,1.0,,,0.0,,1.0,,1.0,1.0,1.0
CSc1nc(N=[N+]=[N-])nc(NC(C)C)n1,225.28100000000003,2.3556,0.0,0.0,0.0,0.0,0.0,0.0,0.0,1.0,0.0,0.0,0.0,0.0
CN1[C@H]2CC[C@@H]1CC(OC(=O)c1c[nH]c3ccccc13)C2,284.3590000000001,2.9499000000000013,0.0,0.0,0.0,0.0,,0.0,0.0,0.0,0.0,0.0,0.0,
Nc1ccc(S(=O)(=O)Nc2ccnn2-c2ccccc2)cc1,314.37000000000006,2.2553,0.0,0.0,0.0,0.0,0.0,0.0,0.0,0.0,0.0,0.0,0.0,0.0
Nc1ccc(S(=O)(=O)Nc2ncccn2)cc1,250.28300000000004,0.8596000000000001,0.0,0.0,0.0,0.0,0.0,0.0,0.0,,0.0,,0.0,0.0
CC1CN(c2cc3c(cc2F)c(=O)c(C(=O)O)cn3-c2ccc(F)cc2F)CCN1,417.38700000000006,2.904300000000001,0.0,0.0,0.0,0.0,0.0,0.0,0.0,0.0,0.0,0.0,0.0,0.0
c1ccc2c(c1)sc1ccccc12,184.263,4.054500000000002,0.0,0.0,0.0,0.0,0.0,0.0,0.0,0.0,0.0,0.0,0.0,0.0
Oc1ccccc1F,112.103,1.5312999999999999,0.0,0.0,0.0,0.0,0.0,0.0,0.0,0.0,0.0,0.0,0.0,0.0
Fc1ccccc1-c1ccccc1,172.202,3.492700000000002,0.0,0.0,0.0,0.0,0.0,0.0,0.0,0.0,0.0,0.0,0.0,0.0
Oc1cccc(Nc2ccccc2)c1,185.22600000000003,3.1358000000000006,0.0,0.0,,,1.0,1.0,0.0,,0.0,0.0,1.0,0.0
C=CCC1=C(C)[C@@H](OC(=O)[C@@H]2[C@@H](C=C(C)C)C2(C)C)CC1=O,302.41400000000004,4.002000000000003,0.0,0.0,0.0,,,0.0,,,0.0,,,
CC(C)=CC(=O)C=C(C)C,138.20999999999998,2.4879000000000007,0.0,0.0,0.0,0.0,0.0,0.0,0.0,0.0,0.0,0.0,0.0,0.0
CC(C)(CCC(=O)O)C(=O)O,160.16899999999998,0.962,0.0,0.0,0.0,0.0,0.0,0.0,0.0,0.0,0.0,0.0,0.0,0.0
CC(=O)CCC=C(C)CCC=C(C)C,194.31799999999998,4.048300000000003,0.0,0.0,0.0,0.0,0.0,0.0,0.0,0.0,0.0,0.0,0.0,0.0
CC(C)(CC(=O)O)C(=O)O,146.142,0.5718999999999997,0.0,0.0,0.0,0.0,0.0,0.0,0.0,0.0,0.0,0.0,0.0,0.0
CC(=O)C(C)=O,86.08999999999999,0.1644000000000001,0.0,0.0,0.0,0.0,0.0,0.0,0.0,0.0,0.0,0.0,0.0,0.0
CC(=O)C1=C(C)[C@@H]2C[C@]3(C1)[C@@H](CC[C@H]3C)C2(C)C,246.39399999999995,4.3742000000000045,0.0,0.0,0.0,0.0,0.0,0.0,0.0,0.0,0.0,0.0,0.0,0.0
C=COCC(C)C,100.16099999999999,1.8025,0.0,0.0,0.0,0.0,0.0,0.0,0.0,0.0,0.0,0.0,,0.0
C=C(C)C(=O)OCCOCCOCCOC(=O)C(=C)C,286.324,1.2582,0.0,0.0,0.0,0.0,0.0,0.0,0.0,0.0,0.0,0.0,0.0,0.0
CC(C)=CC=O,84.118,1.1515,0.0,0.0,0.0,0.0,0.0,0.0,0.0,0.0,0.0,0.0,0.0,0.0
CC(C)(C#N)C(C)(C)C#N,136.19799999999998,2.08596,0.0,0.0,0.0,0.0,0.0,0.0,0.0,0.0,0.0,0.0,0.0,0.0
CN(C)c1ccc(N(C)C)cc1,164.25199999999998,1.8186,0.0,0.0,1.0,,,0.0,,1.0,0.0,0.0,0.0,0.0
CN(C)CCN(C)C,116.208,0.10959999999999992,,0.0,0.0,0.0,0.0,0.0,0.0,0.0,0.0,0.0,0.0,0.0
Cc1cc(-c2cc(C)c(N)c(C)c2)cc(C)c1N,240.34999999999997,3.7516800000000012,0.0,0.0,1.0,0.0,0.0,0.0,0.0,0.0,0.0,0.0,,0.0
CSSC,94.20400000000001,1.6274,0.0,0.0,0.0,0.0,0.0,0.0,0.0,0.0,0.0,0.0,0.0,0.0
CCOc1ccccc1N,137.18199999999996,1.6675,0.0,0.0,1.0,0.0,0.0,0.0,0.0,0.0,0.0,0.0,0.0,0.0
CC1=C(/C=C/C(C)=C/C=C/C(C)=C/C=C\C=C(C)\C=C\C=C(C)\C=C\C2=C(C)C(=O)CCC2(C)C)C(C)(C)CCC1=O,564.8540000000003,10.96379999999999,0.0,0.0,0.0,0.0,1.0,1.0,0.0,,0.0,,0.0,0.0
CC(C)CC(C)Nc1ccc(Nc2ccccc2)cc1,268.404,5.2767000000000035,0.0,,,,,0.0,,,0.0,,,
C=C1CC[C@H](O)C/C1=C/C=C1\CCC[C@@]2(C)[C@H]1CC[C@@H]2[C@H](C)CCCC(C)(C)O,400.6470000000002,6.733900000000008,0.0,0.0,0.0,0.0,,0.0,,,0.0,,1.0,
CC(C)C(C)C,86.178,2.2984,,,0.0,0.0,,0.0,0.0,0.0,0.0,0.0,,0.0
CCC(C)(C)C,86.17799999999998,2.442500000000001,0.0,0.0,0.0,0.0,0.0,0.0,0.0,0.0,0.0,0.0,,0.0
C=C1/C(=C\C=C2/CCC[C@@]3(C)[C@H]2CC[C@@H]3[C@H](C)CCCC(C)(C)O)C[C@@H](O)C[C@@H]1O,416.6460000000002,5.704700000000008,0.0,0.0,,0.0,,0.0,,,,,1.0,
CC(Cl)(Cl)[N+](=O)[O-],143.957,1.4144,0.0,0.0,0.0,0.0,0.0,0.0,0.0,0.0,0.0,0.0,0.0,0.0
CCCCCCCCC=O,142.242,2.935900000000001,0.0,0.0,0.0,0.0,0.0,0.0,0.0,0.0,0.0,0.0,0.0,0.0
CC(C)C(=O)O,88.10599999999998,0.727,0.0,0.0,0.0,0.0,,0.0,0.0,0.0,0.0,0.0,0.0,0.0
O=[N+]([O-])C(Br)Br,218.832,1.3365,0.0,0.0,,,0.0,0.0,0.0,1.0,,0.0,1.0,
CCC(C)C(C)=O,100.16099999999999,1.6215,0.0,0.0,0.0,0.0,1.0,0.0,0.0,0.0,0.0,0.0,0.0,0.0
CC(C)C=O,72.107,0.8412999999999999,0.0,0.0,0.0,0.0,0.0,0.0,0.0,0.0,0.0,0.0,0.0,0.0
CC(CCC(=O)O)C(=O)O,146.142,0.5718999999999997,0.0,0.0,0.0,0.0,0.0,0.0,0.0,0.0,0.0,0.0,0.0,0.0
CCCC(C)C(=O)O,116.15999999999998,1.5072,0.0,0.0,0.0,0.0,0.0,0.0,0.0,0.0,0.0,0.0,0.0,0.0
Cc1cc(N)no1,98.10500000000002,0.56522,0.0,0.0,0.0,0.0,0.0,0.0,0.0,,0.0,0.0,0.0,0.0
N=C(N)NN=Cc1c(Cl)cccc1Cl,231.086,1.8103700000000003,,,,,,,,0.0,,0.0,,
O=C(O)Cc1nn(Cc2ccc(Br)cc2F)c(=O)c2ccccc12,391.19600000000014,2.9735000000000014,0.0,0.0,0.0,0.0,0.0,0.0,0.0,,0.0,,0.0,0.0
C=CCN1C[C@H](C)N([C@H](c2ccc(C(=O)N(CC)CC)cc2)c2cccc(OC)c2)C[C@H]1C,449.63900000000024,4.847200000000005,0.0,0.0,0.0,0.0,0.0,0.0,0.0,,0.0,0.0,0.0,0.0
CNCCCCOc1ccccc1Cc1ccccc1,269.388,3.655800000000003,0.0,0.0,0.0,,0.0,0.0,,,0.0,0.0,,0.0
Cc1ccc2c(c1)c1c3n2CCNC3CCC1,226.32299999999995,2.930320000000001,0.0,0.0,1.0,0.0,0.0,0.0,,0.0,0.0,0.0,,0.0
CCN(CC)CCOc1ccc(Cc2ccccc2)cc1,283.415,3.9980000000000038,0.0,,,0.0,,,0.0,,0.0,0.0,,0.0
CCN1CCC[C@H]1CNC(=O)c1c(OC)ccc(Br)c1OC,371.2750000000001,2.6804000000000006,0.0,0.0,0.0,0.0,0.0,0.0,0.0,0.0,0.0,0.0,0.0,0.0
CCCCCCCC/C=C\CCCCCCCC(=O)NCc1ccc(O)c(OC)c1,417.63400000000007,7.054500000000009,0.0,0.0,0.0,0.0,0.0,0.0,0.0,,0.0,,1.0,0.0
CCC1(c2ccc(N)cc2)CCC(=O)NC1=O,232.28299999999996,1.3532,0.0,0.0,0.0,1.0,0.0,0.0,0.0,0.0,0.0,0.0,0.0,0.0
Nc1nc(N)c2nc(CNc3ccc(C(=O)N[C@@H](CCC(=O)O)C(=O)O)cc3)cnc2n1,440.42000000000024,0.24409999999999987,0.0,0.0,0.0,0.0,0.0,0.0,0.0,,0.0,,0.0,0.0
CCOC(=O)Nc1cccc(OC(=O)Nc2ccccc2)c1,300.314,3.8659000000000017,0.0,0.0,1.0,,1.0,0.0,0.0,0.0,0.0,0.0,1.0,0.0
CC[N+](CC)(CCNC(=O)C(=O)NCC[N+](CC)(CC)Cc1ccccc1Cl)Cc1ccccc1Cl,537.5760000000002,4.639200000000005,0.0,0.0,0.0,0.0,,0.0,0.0,0.0,0.0,0.0,0.0,0.0
NCCCNCCSP(=O)(O)O,214.22699999999998,-0.2492999999999997,,,,,,,,0.0,,0.0,,
CC1(C)S[C@@H]2[C@H](/N=C/N3CCCCCC3)C(=O)N2[C@H]1C(=O)O,325.4339999999999,1.4062000000000001,1.0,0.0,0.0,,0.0,0.0,0.0,0.0,0.0,0.0,0.0,0.0
Cc1ccc([N+](=O)[O-])cc1N,152.153,1.4854199999999997,0.0,0.0,1.0,0.0,0.0,0.0,0.0,0.0,0.0,0.0,0.0,0.0
NCC[C@H](O)C(=O)N[C@@H]1C[C@H](N)[C@@H](O[C@H]2O[C@H](CN)[C@@H](O)[C@H](O)[C@H]2O)[C@H](O)[C@H]1O[C@H]1O[C@H](CO)[C@@H](O)[C@H](N)[C@H]1O,585.6080000000002,-8.424200000000015,0.0,0.0,0.0,0.0,1.0,0.0,0.0,0.0,0.0,0.0,0.0,0.0
O=P(O)(O)c1ccccc1,158.093,0.4895999999999999,0.0,0.0,0.0,0.0,0.0,0.0,0.0,0.0,0.0,0.0,0.0,0.0
C(=C/C=N/c1ccccc1)\C=C\Nc1ccccc1,248.329,4.570900000000003,0.0,0.0,,0.0,0.0,0.0,0.0,,0.0,0.0,0.0,0.0
C[C@]12CC[C@H]3[C@@H](CCC4=CC(=O)CC[C@@]43C)[C@@H]1CC[C@@H]2OC(=O)CCc1ccccc1,420.5930000000002,6.062900000000006,1.0,1.0,0.0,,1.0,1.0,0.0,,0.0,,,0.0
CC(=O)OCC(=O)[C@@]1(O)[C@H](OC(C)=O)C[C@H]2[C@@H]3CCC4=CC(=O)C=C[C@]4(C)[C@@]3(F)[C@@H](O)C[C@@]21C,478.5130000000003,1.7620999999999991,1.0,0.0,0.0,,,0.0,0.0,0.0,0.0,0.0,0.0,0.0
CC(C)c1ccccc1O,136.19399999999996,2.5156000000000014,0.0,0.0,0.0,0.0,0.0,0.0,0.0,0.0,0.0,0.0,0.0,0.0
CNC(=S)NN,105.16600000000001,-1.0459999999999996,0.0,0.0,,,,0.0,0.0,0.0,0.0,1.0,0.0,0.0
CC(=N\O)/C(C)=N/O,116.11999999999999,0.6866,0.0,0.0,0.0,0.0,0.0,0.0,0.0,0.0,0.0,0.0,0.0,0.0
COc1ccc2ccccc2c1,158.2,2.8484000000000007,0.0,0.0,0.0,0.0,0.0,0.0,0.0,0.0,0.0,0.0,0.0,0.0
CCCCCCCCCCCCBr,249.23599999999996,5.302200000000005,0.0,0.0,0.0,,0.0,0.0,0.0,,0.0,0.0,,0.0
CC(=O)N[C@@H](C=O)[C@H](O)[C@H](O)[C@@H](O)CO,221.209,-3.234999999999999,0.0,0.0,0.0,0.0,0.0,0.0,0.0,,0.0,,0.0,0.0
O=S(=O)(O)C(F)(F)F,150.07699999999997,0.3940000000000002,0.0,0.0,0.0,0.0,,0.0,0.0,0.0,0.0,0.0,0.0,0.0
COCCOCCOCCOCCOC,222.28099999999995,0.32900000000000085,0.0,0.0,,0.0,0.0,0.0,0.0,0.0,0.0,0.0,0.0,0.0
O=C(OCCOCCO)c1ccccc1Nc1cccc(C(F)(F)F)c1,369.33900000000006,3.614700000000002,0.0,0.0,0.0,0.0,0.0,0.0,0.0,0.0,0.0,0.0,0.0,0.0
c1ccc([Bi](c2ccccc2)c2ccccc2)cc1,440.2980000000001,2.2028,0.0,0.0,0.0,0.0,1.0,0.0,0.0,,0.0,,,0.0
Nc1c(Br)cc(Br)cc1CN[C@H]1CC[C@H](O)CC1,378.10800000000023,3.1869000000000014,1.0,1.0,,0.0,0.0,0.0,0.0,,0.0,,0.0,0.0
CC(=O)OCC(=O)[C@H]1CC[C@H]2[C@@H]3CC[C@H]4C[C@H](O)CC[C@]4(C)[C@H]3C(=O)C[C@]12C,390.5200000000002,3.317400000000002,0.0,0.0,,0.0,0.0,0.0,0.0,,0.0,,0.0,0.0
CC(C)(Sc1cc(C(C)(C)C)c(O)c(C(C)(C)C)c1)Sc1cc(C(C)(C)C)c(O)c(C(C)(C)C)c1,516.8570000000003,9.908299999999995,0.0,0.0,0.0,0.0,0.0,0.0,0.0,0.0,0.0,0.0,0.0,0.0
CN1CCOC(c2ccccc2)c2ccccc2C1,253.345,3.238000000000002,0.0,0.0,0.0,0.0,1.0,0.0,0.0,0.0,0.0,0.0,0.0,0.0
CCO[Si](C)(OCC)OCC,178.30399999999997,1.6645999999999999,0.0,0.0,0.0,0.0,0.0,0.0,0.0,0.0,0.0,0.0,0.0,0.0
CCCCC[Si](OCC)(OCC)OCC,234.41199999999995,3.2250000000000014,0.0,0.0,0.0,0.0,0.0,0.0,0.0,0.0,0.0,0.0,,0.0
CCCNC(C)C(=O)Nc1c(C)csc1C(=O)OC,284.38100000000003,2.16972,0.0,0.0,0.0,0.0,0.0,0.0,0.0,0.0,0.0,0.0,0.0,0.0
CC(=O)OC1CC(C)OC(C)O1,174.196,1.0470000000000002,0.0,0.0,0.0,0.0,0.0,0.0,0.0,0.0,0.0,0.0,0.0,0.0
COc1ccc(N)c(OC)c1,153.181,1.2859999999999998,0.0,0.0,0.0,0.0,0.0,0.0,0.0,0.0,0.0,0.0,,0.0
COc1cc(-c2ccc(N=C=O)c(OC)c2)ccc1N=C=O,296.282,3.3054000000000014,0.0,0.0,1.0,0.0,0.0,0.0,0.0,0.0,0.0,0.0,0.0,0.0
O=C(O)CCCCCCCCCCC(=O)O,230.30399999999995,3.0566000000000013,0.0,0.0,0.0,0.0,1.0,0.0,0.0,0.0,0.0,0.0,0.0,0.0
CCC(C)NC(N)=O,116.164,0.4532000000000002,0.0,0.0,0.0,0.0,0.0,0.0,0.0,0.0,0.0,0.0,0.0,0.0
CCSCCCl,124.63600000000001,1.9783,0.0,0.0,0.0,0.0,0.0,0.0,0.0,,0.0,0.0,0.0,0.0
CCCC[Sn](Cl)(Cl)CCCC,303.84900000000016,4.506400000000004,0.0,,,1.0,,1.0,,1.0,,1.0,1.0,
C=C(C)C(=O)OCC(CC)CCCC,198.30599999999993,3.3221000000000025,0.0,0.0,0.0,0.0,0.0,0.0,0.0,0.0,0.0,0.0,,0.0
CO[Si](OC)(OC)OC,152.22199999999998,0.007599999999999829,0.0,0.0,0.0,0.0,0.0,0.0,0.0,,0.0,0.0,0.0,0.0
CC(COc1ccccc1)N(CCCl)Cc1ccccc1,303.83299999999997,4.194900000000003,0.0,0.0,0.0,0.0,1.0,1.0,0.0,1.0,0.0,1.0,1.0,
[C-]#N.[Cu+],89.564,0.09387,0.0,0.0,0.0,0.0,1.0,0.0,0.0,0.0,0.0,0.0,0.0,0.0
COc1nc(C)nc(NC(=O)NS(=O)(=O)c2ccccc2Cl)n1,357.77900000000005,1.3524199999999997,0.0,0.0,0.0,0.0,,,0.0,0.0,0.0,0.0,0.0,0.0
O=C1c2ccccc2C(=O)C1c1ccccc1,222.243,2.849400000000001,0.0,0.0,,0.0,0.0,0.0,0.0,0.0,0.0,0.0,0.0,0.0
Clc1ccc(Cl)c(Cl)c1,181.449,3.6468000000000007,0.0,0.0,0.0,0.0,0.0,0.0,0.0,0.0,0.0,0.0,0.0,0.0
OCCN(CCO)c1ccccc1,181.235,0.47759999999999986,0.0,0.0,0.0,0.0,,0.0,0.0,0.0,0.0,0.0,,0.0
O=C(c1ccccc1)c1ccccc1,182.222,2.917600000000001,1.0,0.0,0.0,0.0,1.0,0.0,0.0,0.0,0.0,0.0,0.0,0.0
CCOc1cc(C=O)ccc1O,166.176,1.6034,0.0,0.0,0.0,0.0,0.0,0.0,0.0,0.0,0.0,0.0,0.0,0.0
COc1cc(C=O)ccc1O,152.14899999999997,1.2132999999999998,0.0,0.0,0.0,0.0,0.0,0.0,0.0,0.0,0.0,0.0,0.0,0.0
CC(C)(C)C(=O)CCl,134.606,1.8404,0.0,0.0,0.0,0.0,0.0,0.0,0.0,0.0,0.0,0.0,0.0,0.0
COC1[C@@H](O[C@@H]2O[C@H](C)[C@@H](O[C@H]3C[C@@](C)(O)[C@H](OC(=O)CC(C)C)[C@H](C)O3)[C@H](N(C)C)[C@H]2O)[C@@H](CC=O)C[C@@H](C)[C@@H](O)C=CC=CC[C@@H](C)OC(=O)C[C@H]1OC(C)=O,828.0060000000002,3.013400000000005,0.0,0.0,0.0,0.0,0.0,0.0,0.0,,0.0,,0.0,0.0
CCC(C)n1ncn(-c2ccc(N3CCN(c4ccc(OC[C@H]5CO[C@](Cn6cncn6)(c6ccc(Cl)cc6Cl)O5)cc4)CC3)cc2)c1=O,705.6470000000002,5.5773000000000055,0.0,0.0,,0.0,,0.0,0.0,1.0,0.0,0.0,0.0,0.0
CC[C@H](C)[C@H]1O[C@]2(CC[C@@H]1C)C[C@@H]1C[C@@H](CC=C(C)[C@@H](O[C@H]3C[C@H](OC)[C@@H](O[C@H]4C[C@H](OC)[C@@H](O)[C@H](C)O4)[C@H](C)O3)[C@@H](C)C=CC=C3CO[C@@H]4[C@H](O)C(C)=C[C@@H](C(=O)O1)[C@]34O)O2,875.1060000000002,5.601400000000008,0.0,,0.0,0.0,,,,,,,,
CCCCC(CC)COP(=O)(O)O,210.20999999999998,2.312100000000001,0.0,0.0,0.0,0.0,0.0,0.0,,,0.0,0.0,,
O=C(c1ccc(F)cc1)C1CCN(CCn2c(=O)[nH]c3ccccc3c2=O)CC1,395.43400000000014,2.423800000000001,0.0,0.0,0.0,0.0,0.0,0.0,0.0,0.0,0.0,0.0,0.0,0.0
CCC(C)(C#N)/N=N/C(C)(C#N)CC,192.266,2.8231600000000014,0.0,0.0,0.0,0.0,0.0,0.0,0.0,0.0,0.0,0.0,0.0,0.0
CC(S)C(=O)NCC(=O)O,163.198,-0.49450000000000044,0.0,0.0,0.0,0.0,0.0,0.0,0.0,0.0,0.0,0.0,0.0,0.0
Clc1ccc2nsnc2c1NC1=NCCN1,253.718,1.7157999999999993,1.0,0.0,0.0,0.0,0.0,0.0,0.0,0.0,0.0,0.0,0.0,0.0
O=C(O)COc1ccc(C(=O)c2cccs2)c(Cl)c1Cl,331.17600000000004,3.7493000000000016,0.0,0.0,0.0,0.0,0.0,0.0,0.0,,0.0,,0.0,0.0
COC1CC(=C(c2cccs2)c2cccs2)C[N+](C)(C)C1,320.50300000000016,4.106600000000004,0.0,0.0,0.0,0.0,,0.0,0.0,0.0,0.0,0.0,0.0,0.0
O=C(CCCN1CCC(n2c(=S)[nH]c3ccccc32)CC1)c1ccc(F)cc1,397.5190000000002,5.137990000000005,0.0,0.0,1.0,1.0,,0.0,,,,,0.0,0.0
CC(C)(C)NC[C@H](O)COc1nsnc1N1CCOCC1,316.4270000000002,0.5024999999999997,0.0,0.0,0.0,0.0,0.0,0.0,0.0,0.0,0.0,0.0,0.0,0.0
CCS(=O)(=O)CCn1c([N+](=O)[O-])cnc1C,247.27599999999998,0.5344200000000001,0.0,0.0,0.0,0.0,1.0,1.0,0.0,0.0,0.0,0.0,0.0,0.0
CCOC(=O)c1c(N)sc2c1CCN(Cc1ccccc1)C2,316.426,3.0653000000000015,,,,,,,,,,0.0,,
C=CCCCCCCCCC(=O)O,184.279,3.3778000000000015,0.0,0.0,0.0,0.0,0.0,0.0,0.0,0.0,0.0,0.0,0.0,0.0
O=C1CCCO1,86.09,0.3234,0.0,0.0,0.0,0.0,0.0,0.0,0.0,0.0,0.0,0.0,0.0,0.0
[Cd+2],112.412,-0.0025,0.0,,1.0,,0.0,,,,1.0,1.0,0.0,
CC(C)(C)c1ccc(O)cc1,150.22099999999998,2.689700000000001,0.0,0.0,0.0,0.0,0.0,0.0,0.0,0.0,0.0,0.0,1.0,0.0
CC(C)(C)c1cc(O)ccc1O,166.21999999999997,2.395300000000001,0.0,0.0,1.0,1.0,0.0,0.0,0.0,1.0,0.0,0.0,1.0,0.0
CC1CC(=O)O1,86.08999999999999,0.3218,0.0,0.0,0.0,0.0,0.0,0.0,0.0,0.0,0.0,0.0,0.0,0.0
CCCCNC(N)=O,116.16399999999999,0.45480000000000026,0.0,0.0,0.0,0.0,0.0,0.0,0.0,0.0,0.0,1.0,0.0,0.0
CCN(CC)c1ccc(C(=O)c2ccccc2C(=O)O)c(O)c1,313.353,3.167600000000001,0.0,0.0,,,1.0,0.0,1.0,0.0,0.0,0.0,0.0,0.0
Nc1cc(S(=O)(=O)[O-])cc2cc(S(=O)(=O)O)cc(O)c12,318.30800000000005,0.2783999999999998,0.0,0.0,0.0,0.0,0.0,0.0,0.0,0.0,0.0,0.0,0.0,0.0
N#CCN(CC#N)CCN(CC#N)CC#N,216.24799999999996,-0.31528,0.0,0.0,0.0,0.0,0.0,0.0,0.0,0.0,0.0,0.0,,0.0
CC(O)C(CO)C(C)O,134.175,-0.6435000000000002,0.0,0.0,0.0,0.0,0.0,0.0,0.0,0.0,0.0,0.0,0.0,0.0
COCCOCCOCCOCCOCCO,252.30699999999993,-0.30849999999999816,0.0,0.0,0.0,0.0,0.0,0.0,0.0,0.0,0.0,0.0,0.0,0.0
O=C(O)c1cc(Cl)cc([N+](=O)[O-])c1Cl,236.01,2.599800000000001,0.0,0.0,0.0,0.0,0.0,0.0,0.0,1.0,0.0,0.0,0.0,0.0
CCCCCC=CCC1CC(=O)OC1=O,210.27299999999994,2.6027000000000005,0.0,0.0,0.0,0.0,0.0,0.0,0.0,,0.0,0.0,,0.0
CCCCCCCCCCCCCN1CC(C)OC(C)C1,297.527,5.406600000000005,0.0,0.0,0.0,0.0,0.0,0.0,0.0,0.0,0.0,0.0,0.0,0.0
COc1cc(C(C)(C)C)c(O)c(C(C)(C)C)c1,236.355,3.9958000000000036,0.0,0.0,0.0,,0.0,0.0,0.0,0.0,0.0,0.0,1.0,0.0
Clc1cc(Cl)nc(Cl)n1,183.425,2.4368,0.0,0.0,0.0,0.0,0.0,0.0,,1.0,,0.0,0.0,0.0
C[n+]1ccn(CCO)c1.F[B-](F)(F)F,213.97099999999998,0.6049,0.0,0.0,0.0,0.0,0.0,0.0,0.0,0.0,0.0,0.0,0.0,0.0
CC(CC(=O)Cl)CC(C)(C)C,176.68699999999998,3.2142000000000017,0.0,0.0,0.0,,0.0,0.0,0.0,0.0,0.0,0.0,0.0,0.0
CC[n+]1ccccc1.O=S(=O)([O-])C(F)(F)F,257.23299999999995,1.0454,0.0,0.0,0.0,0.0,0.0,0.0,0.0,,0.0,0.0,0.0,0.0
CCCCCCn1cc[n+](C)c1.O=S(=O)([N-]S(=O)(=O)C(F)(F)F)C(F)(F)F,447.423,2.952200000000002,0.0,,0.0,,,0.0,,1.0,0.0,0.0,,0.0
CCCC[N+]1(C)CCCCC1,156.29299999999995,2.4170000000000007,0.0,0.0,0.0,0.0,0.0,0.0,0.0,0.0,0.0,0.0,0.0,0.0
CC[C@H](N)c1ccccc1,135.20999999999998,2.0964,0.0,0.0,0.0,0.0,0.0,0.0,0.0,0.0,0.0,0.0,0.0,0.0
Clc1ccnc(Cl)n1,148.98000000000002,1.7833999999999997,0.0,0.0,0.0,0.0,0.0,0.0,0.0,0.0,0.0,0.0,,0.0
CCCC[n+]1ccccc1.O=S(=O)([O-])C(F)(F)F,285.2869999999999,1.8256000000000001,0.0,0.0,0.0,0.0,0.0,0.0,0.0,0.0,0.0,0.0,0.0,0.0
CC/C=C\CCCCCCCCCCOC(C)=O,254.41399999999993,5.026600000000005,0.0,0.0,0.0,0.0,0.0,0.0,0.0,0.0,0.0,0.0,0.0,0.0
CC(C)(c1ccccc1)c1cc(-n2nc3ccccc3n2)c(O)c(C(C)(C)c2ccccc2)c1,447.58200000000016,6.777900000000007,0.0,0.0,0.0,0.0,0.0,0.0,0.0,0.0,0.0,0.0,0.0,0.0
CC/C=C/C/C=C/C/C=C/CCCCCCCC(=O)OCC,306.49,6.1390000000000065,0.0,0.0,0.0,,0.0,0.0,,,0.0,,1.0,0.0
CC(=O)c1ccc2c(c1)Cc1ccccc1-2,208.25999999999996,3.4604000000000026,0.0,0.0,1.0,,1.0,,0.0,1.0,0.0,0.0,,0.0
NC(=O)c1cnccn1,123.11499999999998,-0.4245000000000001,0.0,0.0,0.0,0.0,0.0,0.0,0.0,0.0,0.0,0.0,0.0,0.0
CCCCC(CC)COCC1CO1,186.29499999999996,2.6182000000000007,0.0,0.0,0.0,0.0,0.0,0.0,0.0,0.0,0.0,0.0,0.0,0.0
CC(=O)Oc1cccc2c1C(=O)c1c(OC(C)=O)cc(C(=O)O)cc1C2=O,368.2970000000001,2.0107999999999997,0.0,,0.0,0.0,0.0,0.0,0.0,1.0,0.0,0.0,1.0,0.0
CC(C)(C)C(=O)C1C(=O)c2ccccc2C1=O,230.26299999999998,2.2970000000000006,0.0,0.0,1.0,0.0,,0.0,,,,0.0,1.0,0.0
C=C(C)C(=O)OCC(C)O,144.17,0.4865,0.0,0.0,0.0,0.0,0.0,0.0,0.0,0.0,0.0,0.0,0.0,0.0
CN1C(CSCC(F)(F)F)Nc2cc(Cl)c(S(N)(=O)=O)cc2S1(=O)=O,439.8900000000002,1.655,0.0,0.0,,0.0,0.0,0.0,0.0,,0.0,0.0,0.0,0.0
CCCCCCCCBr,193.128,3.741800000000003,0.0,0.0,0.0,0.0,0.0,0.0,0.0,0.0,0.0,0.0,0.0,0.0
CCCCCCCCCCCCO,186.33899999999997,3.8996000000000035,0.0,0.0,0.0,0.0,0.0,0.0,0.0,0.0,0.0,0.0,0.0,0.0
C=CCCCCCCCCCC,168.32399999999998,4.703200000000004,0.0,0.0,0.0,0.0,0.0,0.0,0.0,0.0,0.0,0.0,0.0,0.0
CCCCCCCCCCCO,172.31199999999998,3.5095000000000023,0.0,0.0,0.0,0.0,0.0,0.0,0.0,0.0,0.0,0.0,0.0,0.0
COCCOCCOCCO,164.201,-0.34170000000000006,0.0,0.0,0.0,0.0,0.0,0.0,0.0,0.0,0.0,0.0,0.0,0.0
CCCCCCCCCCCC,170.33999999999997,4.9272000000000045,0.0,0.0,0.0,0.0,0.0,0.0,0.0,0.0,0.0,,0.0,0.0
COc1cc(S(=O)(=O)[O-])c(C)cc1/N=N/c1c(O)ccc2cc(S(=O)(=O)[O-])ccc12,450.45000000000016,3.0860200000000013,0.0,0.0,0.0,,,0.0,0.0,0.0,0.0,0.0,,0.0
CC1=C(/C=C/C(C)=C/C=C/C(C)=C/C=C/C=C(C)/C=C/C=C(C)/C=C/C2=C(C)C[C@@H](O)CC2(C)C)C(C)(C)C[C@H](O)C1,568.8860000000003,10.547399999999989,0.0,,0.0,,,0.0,,,1.0,,,1.0
CC(C)CCC(=O)O[C@H]1CC[C@H]2[C@@H]3CCC4=CC(=O)CC[C@]4(C)[C@H]3CC[C@]12C,386.57600000000025,5.866300000000007,1.0,1.0,,,1.0,1.0,0.0,,0.0,,0.0,0.0
CC(=O)OCC(=O)[C@@]1(O)CC[C@H]2[C@@H]3CCC4=CC(=O)CC[C@]4(C)C3=CC[C@@]21C,386.4880000000002,3.301700000000002,1.0,1.0,0.0,0.0,1.0,0.0,0.0,,0.0,,0.0,0.0
COc1ccc(-c2nc3cc(C4=NNC(=O)CC4C)ccc3[nH]2)cc1,334.379,3.098600000000001,0.0,0.0,1.0,,,,0.0,0.0,0.0,0.0,,1.0
Nc1nc(=O)c(Br)c(-c2ccccc2)[nH]1,266.09799999999996,1.7815999999999999,0.0,,0.0,0.0,0.0,0.0,0.0,0.0,0.0,0.0,0.0,0.0
CN(c1nccc(=O)[nH]1)C1CCN(c2nc3ccccc3n2Cc2ccc(F)cc2)CC1,432.5030000000002,3.412200000000002,0.0,0.0,,0.0,,0.0,0.0,,0.0,0.0,,0.0
C[C@]12CC[C@H](O)C[C@H]1CC[C@@H]1[C@@H]2CC[C@]2(C)[C@@H](c3ccc(=O)oc3)C[C@H]3O[C@@]312,384.51600000000013,4.258300000000004,,,0.0,,1.0,0.0,1.0,,,,,1.0
Cc1oc(C)c(C(=O)Nc2ccccc2)c1C,229.279,3.457160000000002,0.0,0.0,1.0,1.0,,0.0,,1.0,0.0,0.0,1.0,0.0
c1ccc([Hg]c2ccccc2)cc1,354.8020000000001,1.7199,0.0,0.0,,,,0.0,,,1.0,0.0,1.0,
C[N+](C)(C)CC(O)CCl,152.64499999999998,0.29229999999999984,0.0,0.0,0.0,0.0,0.0,0.0,0.0,0.0,0.0,0.0,,0.0
CC1=C(/C=C/C(C)=C\C=C/C(C)=C/C(=O)O)C(C)(C)CCC1,300.44200000000006,5.602600000000005,0.0,0.0,0.0,,,0.0,1.0,,0.0,0.0,,0.0
C=C(C)C(=O)NCCCN(C)C,170.25599999999997,0.6303999999999998,0.0,0.0,0.0,0.0,0.0,0.0,0.0,0.0,0.0,0.0,0.0,0.0
OC[C@H]1O[C@@H](Oc2ccc(O)cc2)[C@H](O)[C@@H](O)[C@@H]1O,272.253,-1.4291000000000003,0.0,0.0,0.0,0.0,0.0,0.0,0.0,0.0,0.0,0.0,0.0,0.0
O=C(NCNC(=O)NC1C(=O)NC(=O)N1CO)NC1C(=O)NC(=O)N1CO,388.2970000000001,-4.802299999999996,0.0,0.0,0.0,0.0,0.0,0.0,0.0,0.0,0.0,0.0,0.0,0.0
C=C(C)C(=O)OCC(CC)(COC(=O)C(=C)C)COC(=O)C(=C)C,338.4000000000001,2.7407000000000012,0.0,0.0,0.0,0.0,0.0,0.0,0.0,0.0,0.0,,0.0,0.0
O=P(Cl)(Oc1ccccc1)Oc1ccccc1,268.636,4.4913000000000025,0.0,0.0,0.0,0.0,0.0,0.0,0.0,0.0,0.0,0.0,,0.0
CCCCCCCCC(CCCCCC)C(=O)O,256.4299999999999,5.408200000000004,0.0,0.0,0.0,,0.0,0.0,,,0.0,,,
Oc1ccc(Cc2ccccc2O)cc1,200.23700000000002,2.688600000000001,0.0,0.0,,0.0,1.0,1.0,0.0,1.0,0.0,0.0,1.0,0.0
CC[C@H](OC(C)=O)C(C[C@@H](C)NC)(c1ccccc1)c1ccccc1,339.47900000000004,4.312400000000004,0.0,0.0,0.0,,,0.0,,,0.0,0.0,,0.0
CO[Si](CCCn1c(=O)n(CCC[Si](OC)(OC)OC)c(=O)n(CCC[Si](OC)(OC)OC)c1=O)(OC)OC,615.8580000000004,-0.023699999999993837,0.0,0.0,0.0,0.0,0.0,0.0,0.0,0.0,0.0,0.0,0.0,0.0
CCC(CO)CO,104.14899999999999,-0.0028000000000000247,0.0,0.0,0.0,0.0,0.0,0.0,0.0,0.0,0.0,0.0,0.0,0.0
CC(CN)CC(C)(C)CCN,158.28899999999996,1.3463,0.0,0.0,0.0,0.0,0.0,0.0,0.0,0.0,0.0,0.0,0.0,0.0
CC(C)(C)OC(=O)c1ccc(O)cc1,194.23,2.3475,0.0,0.0,,,1.0,1.0,0.0,,0.0,0.0,1.0,0.0
C=Cc1ccc(OC(C)=O)cc1,162.188,2.2549,0.0,0.0,0.0,0.0,0.0,0.0,0.0,1.0,0.0,0.0,0.0,0.0
CC(C)CC(C)(N)C#N,126.203,1.27348,0.0,0.0,0.0,0.0,0.0,0.0,0.0,0.0,0.0,0.0,0.0,0.0
CC(C)=CCN1CC[C@]2(C)c3cc(O)ccc3C[C@H]1[C@H]2C.O=C(O)CCC(=O)O,403.51900000000023,3.8184000000000022,0.0,0.0,0.0,0.0,1.0,0.0,0.0,,0.0,,0.0,0.0
CC(=O)OC1(c2ccccc2)CCN(CCc2ccccc2)CC1,323.43600000000004,3.7835000000000027,0.0,0.0,0.0,0.0,,0.0,0.0,0.0,0.0,0.0,0.0,0.0
O=S(=O)([O-])c1ccc2cc(O)ccc2c1,223.22899999999998,1.4495000000000002,0.0,0.0,0.0,0.0,0.0,0.0,0.0,0.0,0.0,0.0,0.0,0.0
CNC(=S)[S-],106.195,0.03760000000000002,0.0,0.0,0.0,0.0,0.0,0.0,0.0,0.0,0.0,0.0,0.0,0.0
CC(C)COC(=O)CC(C(=O)OCC(C)C)S(=O)(=O)[O-],309.36,0.6887000000000001,0.0,0.0,0.0,0.0,0.0,0.0,,0.0,0.0,0.0,0.0,0.0
CC1(C)C(=O)N(Br)C(=O)N1Cl,241.472,1.4929000000000001,0.0,0.0,0.0,0.0,0.0,0.0,0.0,1.0,0.0,0.0,,0.0
CCCCCCCCCCCCCCCCCC(=O)OCC(O)CO,358.56300000000005,5.1443000000000065,0.0,0.0,0.0,0.0,0.0,0.0,0.0,0.0,0.0,0.0,0.0,0.0
[SnH2+2],120.727,-0.9162000000000001,0.0,0.0,0.0,0.0,0.0,0.0,0.0,0.0,0.0,0.0,0.0,0.0
COCCO,76.095,-0.37489999999999996,0.0,0.0,0.0,0.0,0.0,0.0,0.0,0.0,0.0,0.0,,0.0
C1=CCC([Ti+2]C2=CC=CC2)=C1,178.057,2.756500000000001,0.0,0.0,0.0,,0.0,0.0,0.0,,0.0,,0.0,0.0
COC(=O)Cl,94.49700000000001,0.9916,0.0,0.0,0.0,0.0,0.0,0.0,0.0,0.0,0.0,0.0,0.0,0.0
CC(=O)Oc1c(C)c(C)c2c(c1C)CC[C@@](C)(CCC[C@H](C)CCC[C@H](C)CCCC(C)C)O2,472.7540000000004,9.059960000000002,0.0,0.0,0.0,0.0,0.0,0.0,0.0,0.0,0.0,0.0,0.0,0.0
CC(=O)Nc1ccc(N)cc1,150.181,1.2271999999999998,0.0,0.0,0.0,0.0,0.0,0.0,0.0,0.0,0.0,0.0,0.0,0.0
CC(=O)Nc1cccc(N)c1,150.18099999999995,1.2271999999999998,0.0,0.0,,0.0,0.0,0.0,0.0,0.0,0.0,0.0,0.0,0.0
Nc1cccc(N)c1,108.144,0.851,0.0,0.0,1.0,0.0,0.0,0.0,0.0,0.0,0.0,0.0,1.0,0.0
CCCCC1C(=O)N(c2ccccc2)N(c2ccccc2)C1=O,308.3810000000001,3.7878000000000025,0.0,0.0,0.0,0.0,0.0,0.0,0.0,0.0,0.0,0.0,1.0,0.0
c1ccc(Nc2ccc3ccccc3c2)cc1,219.287,4.583400000000002,0.0,0.0,1.0,,1.0,0.0,0.0,1.0,1.0,0.0,,0.0
CC1=NN(c2ccccc2)C(=O)C1,174.20299999999995,1.7992,0.0,0.0,1.0,0.0,0.0,0.0,0.0,0.0,0.0,0.0,1.0,0.0
N=C(N)NC(=O)c1nc(Cl)c(N)nc1N,229.63099999999997,-1.0823299999999998,0.0,0.0,1.0,0.0,0.0,0.0,0.0,1.0,0.0,0.0,0.0,1.0
Nc1ccc(N)cc1,108.144,0.8510000000000002,0.0,0.0,1.0,,,,0.0,1.0,1.0,0.0,1.0,0.0
CC1=CC[C@H]2C[C@@H]1C2(C)C,136.238,2.9987000000000013,0.0,0.0,0.0,0.0,0.0,0.0,0.0,0.0,0.0,0.0,0.0,0.0
CCCCCCCCCCCCOCCOS(=O)(=O)[O-],309.448,3.4007000000000023,0.0,0.0,0.0,,,0.0,,,0.0,0.0,0.0,
CCCCCCCCCCCCCCCCCCOCCO,314.554,6.256800000000007,0.0,0.0,0.0,0.0,0.0,0.0,0.0,0.0,0.0,0.0,0.0,0.0
CN1C(=O)c2ccccc2C1=O,161.15999999999997,0.9124,0.0,0.0,0.0,0.0,,0.0,0.0,0.0,0.0,0.0,0.0,0.0
CCCCCCCCCCCCCCCC,226.44799999999992,6.487600000000007,0.0,0.0,0.0,0.0,,0.0,0.0,,0.0,0.0,0.0,0.0
COC(=O)C(C)O,104.10499999999999,-0.45980000000000015,0.0,0.0,0.0,0.0,0.0,0.0,0.0,0.0,0.0,0.0,0.0,0.0
C1=CCC=C1,66.103,1.5025,0.0,0.0,0.0,0.0,0.0,0.0,0.0,0.0,0.0,0.0,0.0,0.0
CCNc1nc(NC(C)C)nc(SC)n1,227.337,1.8455999999999997,0.0,0.0,,0.0,0.0,0.0,0.0,0.0,0.0,0.0,0.0,0.0
CC1(C)CNC(=NN=C(/C=C/c2ccc(C(F)(F)F)cc2)/C=C/c2ccc(C(F)(F)F)cc2)NC1,494.4830000000001,6.3818000000000055,0.0,,1.0,,1.0,,,,,,,
COC(=O)c1ccccc1S(=O)(=O)NC(=O)Nc1nc(C)nc(OC)n1,381.3700000000001,0.48561999999999983,0.0,0.0,0.0,0.0,0.0,0.0,0.0,0.0,0.0,0.0,,0.0
CCOC(=O)[C@H](CCc1ccccc1)N[C@@H](C)C(=O)N1CC2(C[C@H]1C(=O)O)SCCS2,466.62500000000034,2.3908000000000005,0.0,0.0,0.0,0.0,0.0,0.0,0.0,,0.0,,0.0,0.0
CNC(=O)O/N=C/C(C)(C)S(C)(=O)=O,222.26599999999996,0.15139999999999998,0.0,0.0,0.0,0.0,0.0,0.0,0.0,0.0,0.0,0.0,0.0,0.0
O=C1OC[C@H](Cc2cccc(O)c2)[C@H]1Cc1cccc(O)c1,298.338,2.672200000000001,0.0,0.0,0.0,0.0,1.0,0.0,0.0,0.0,0.0,0.0,1.0,0.0
CC(C)(C)c1ccc(N)cc1,149.237,2.5663,0.0,0.0,0.0,0.0,,0.0,0.0,0.0,0.0,0.0,0.0,0.0
CCCc1ccc(N)cc1,135.20999999999998,2.2213000000000003,0.0,0.0,0.0,0.0,0.0,0.0,0.0,0.0,0.0,0.0,0.0,0.0
COc1cc(NS(C)(=O)=O)ccc1Nc1c2ccccc2nc2ccccc12,393.46800000000013,4.511700000000003,0.0,,,,0.0,,,,,,1.0,1.0
CCCCc1nc2cccnc2n1Cc1ccc(-c2ccccc2-c2nnn[n-]2)cc1,408.4890000000001,4.2984000000000036,0.0,,0.0,,0.0,0.0,1.0,,0.0,0.0,,0.0
CCCCc1oc2ccccc2c1C(=O)c1cc(I)c(OCCN(CC)CC)c(I)c1,645.3190000000002,6.936200000000007,0.0,0.0,0.0,0.0,0.0,0.0,,0.0,0.0,,,0.0
CN1CCc2cccc3c2[C@H]1Cc1ccc(O)c(O)c1-3.CN1CCc2cccc3c2[C@H]1Cc1ccc(O)c(O)c1-3,534.6560000000003,5.699800000000009,0.0,0.0,1.0,,,0.0,0.0,1.0,0.0,,0.0,0.0
C=C1C[C@H]2[C@@H]3C=C(C)C4=CC(=O)CC[C@]4(C)[C@H]3CC[C@]2(C)[C@@]1(OC(C)=O)C(C)=O,396.52700000000016,4.741400000000004,1.0,0.0,0.0,,0.0,,0.0,1.0,0.0,0.0,0.0,0.0
CC(C)COC(=O)C=Cc1ccccc1,204.269,2.899000000000002,0.0,0.0,0.0,,0.0,0.0,0.0,0.0,0.0,0.0,0.0,0.0
O=C(C=Cc1ccccc1)OCC=Cc1ccccc1,264.324,3.956400000000003,0.0,0.0,0.0,,1.0,0.0,0.0,,0.0,0.0,0.0,0.0
C=CC(Cl)CCl,124.998,2.0186,0.0,0.0,0.0,0.0,0.0,0.0,0.0,0.0,0.0,0.0,0.0,0.0
Oc1ccccc1Cc1ccccc1O,200.23700000000002,2.6886000000000014,0.0,0.0,0.0,0.0,0.0,,0.0,1.0,0.0,0.0,1.0,0.0
CCC(=O)Nc1ccc(Cl)c(Cl)c1,218.08299999999997,3.3419000000000016,0.0,0.0,1.0,0.0,,0.0,0.0,0.0,0.0,0.0,,0.0
NC12CC3CC(CC(C3)C1)C2,151.253,1.9139,0.0,0.0,0.0,0.0,0.0,0.0,0.0,0.0,0.0,0.0,0.0,0.0
CCC(C)(c1ccc(O)cc1)c1ccc(O)cc1,242.31799999999998,3.8138000000000023,0.0,0.0,0.0,,1.0,1.0,,1.0,0.0,0.0,1.0,1.0
CCc1cccc(C)c1N(C(=O)CCl)C(C)COC,283.799,3.1641200000000014,0.0,0.0,0.0,1.0,0.0,0.0,,1.0,0.0,0.0,0.0,0.0
Fc1ccccc1,96.10399999999998,1.8256999999999999,0.0,0.0,0.0,0.0,0.0,0.0,0.0,,0.0,0.0,0.0,0.0
CC(O)C1CCCCC1,128.215,1.9475,0.0,0.0,0.0,0.0,0.0,0.0,0.0,0.0,0.0,0.0,0.0,0.0
CNC1(C)C2CCC(C2)C1(C)C,167.296,2.4206000000000003,0.0,0.0,0.0,0.0,0.0,0.0,0.0,0.0,0.0,0.0,0.0,0.0
Cc1cccc(Nc2ccccc2C(=O)O)c1C,241.29,3.7452400000000017,0.0,,0.0,0.0,0.0,0.0,0.0,,0.0,0.0,,0.0
CNC[C@H](O)[C@@H](O)[C@H](O)[C@H](O)CO,195.21499999999997,-3.3582999999999994,0.0,0.0,0.0,0.0,1.0,0.0,0.0,0.0,0.0,0.0,0.0,0.0
Cc1cc(O)c2ccccc2c1O,174.19899999999998,2.5594200000000007,,,,,,,,,,1.0,,
COC(=O)N(C(=O)N1CO[C@@]2(C(=O)OC)Cc3cc(Cl)ccc3C2=N1)c1ccc(OC(F)(F)F)cc1,527.8390000000002,4.093300000000003,0.0,,0.0,1.0,,,,,0.0,,1.0,
C[N+](C)(C)CCCCCC[N+](C)(C)C,202.38599999999997,1.9591999999999998,0.0,0.0,0.0,0.0,0.0,0.0,0.0,0.0,0.0,0.0,0.0,0.0
O=C(Cn1cnnn1)N[C@@H]1C(=O)N2C(C(=O)[O-])=C(CSc3nncs3)CS[C@H]12,439.48400000000015,-2.279199999999997,0.0,0.0,0.0,0.0,0.0,0.0,0.0,,0.0,,0.0,0.0
COC(=O)C1(O)c2ccccc2-c2ccccc21,240.258,2.0759,0.0,0.0,0.0,0.0,0.0,0.0,0.0,0.0,0.0,0.0,0.0,0.0
COc1ccc2c3c1O[C@H]1[C@H](O)CC[C@H]4[C@@H](C2)N(C)CC[C@@]341,301.3860000000001,1.7251,0.0,0.0,0.0,0.0,0.0,0.0,0.0,0.0,0.0,0.0,0.0,0.0
CS(=O)(=O)c1cc(C(F)(F)F)ccc1C(=O)c1cnoc1C1CC1,359.3250000000001,3.205300000000002,0.0,0.0,0.0,0.0,0.0,0.0,,0.0,0.0,0.0,0.0,0.0
Cc1c(C(=O)c2cnn(C)c2O)ccc(S(C)(=O)=O)c1C1=NOCC1,363.3950000000002,1.19302,0.0,0.0,,0.0,0.0,0.0,0.0,0.0,0.0,0.0,0.0,0.0
CC(C)(C)c1ccc(CCC=O)cc1,190.28599999999997,3.1156000000000024,0.0,0.0,0.0,,0.0,0.0,0.0,0.0,0.0,0.0,0.0,0.0
CCCCC(=O)OCC(=O)[C@H]1[C@H](C)C[C@H]2[C@@H]3C[C@H](F)C4=CC(=O)C=C[C@]4(C)[C@@]3(F)[C@@H](O)C[C@@]21C,478.57600000000025,4.469900000000004,1.0,1.0,,,0.0,0.0,0.0,0.0,0.0,0.0,0.0,0.0
NCCCC[C@H](NC(=O)[C@@H]1CCCN1C(=O)[C@@H]1CSSC[C@H](N)C(=O)N[C@@H](Cc2ccccc2)C(=O)N[C@@H](Cc2ccccc2)C(=O)N[C@@H](CCC(N)=O)C(=O)N[C@@H](CC(N)=O)C(=O)N1)C(=O)NCC(N)=O,1040.2399999999996,-4.034700000000011,0.0,0.0,0.0,0.0,0.0,0.0,0.0,,0.0,,0.0,0.0
C1CC(COCC2CO2)CCC1COCC1CO1,256.3419999999999,1.6236,0.0,0.0,0.0,,0.0,0.0,,,0.0,0.0,0.0,0.0
COC(=O)CCCCCCCCC(=O)OC,230.30399999999995,2.4532000000000007,0.0,0.0,0.0,0.0,0.0,0.0,0.0,0.0,0.0,0.0,,0.0
O=[Se]([O-])[O-],126.95699999999998,-2.8776,0.0,0.0,0.0,0.0,0.0,0.0,0.0,0.0,,0.0,0.0,0.0
CCC(=O)O[C@](Cc1ccccc1)(c1ccccc1)[C@H](C)CN(C)C,339.47900000000016,4.275500000000004,0.0,0.0,0.0,0.0,0.0,0.0,,,0.0,,,0.0
COC(=O)CCCCCCCC(=O)OC,216.27699999999996,2.0631,0.0,0.0,0.0,0.0,0.0,0.0,0.0,,0.0,0.0,0.0,0.0
CCOC(=S)[S-],121.20600000000002,0.8547,0.0,0.0,0.0,,0.0,0.0,0.0,1.0,0.0,1.0,0.0,0.0
CCCCN(CCCC)C(=S)[S-],204.384,2.7204000000000015,0.0,0.0,0.0,0.0,0.0,0.0,0.0,0.0,0.0,1.0,0.0,0.0
O=C(CCCN1CCC(C(=O)c2ccc(F)cc2)CC1)c1ccc(F)cc1,371.42700000000013,4.522600000000004,0.0,0.0,0.0,0.0,0.0,0.0,0.0,,0.0,,0.0,0.0
CC(C)(CO)[C@@H](O)C(=O)NCCCC(=O)[O-].CC(C)(CO)[C@@H](O)C(=O)NCCCC(=O)[O-],464.5120000000003,-3.9757999999999907,0.0,0.0,0.0,0.0,,0.0,0.0,,0.0,,,0.0
O=C(O)CCC/C=C\C[C@H]1[C@@H](O)C[C@@H](O)[C@@H]1/C=C/[C@@H](O)COc1cccc(C(F)(F)F)c1,458.4730000000002,3.560400000000003,0.0,0.0,0.0,,1.0,,0.0,,0.0,,0.0,0.0
COc1ccc(-c2cc(=S)ss2)cc1,240.374,4.214690000000002,0.0,0.0,,,,0.0,0.0,1.0,0.0,1.0,,0.0
O=C1CCC(=O)N1CO,129.115,-0.9148000000000001,0.0,0.0,,0.0,0.0,0.0,0.0,,0.0,,,0.0
NC(=O)[C@@H]1C[C@]2(NC(=O)NC2=O)c2cc(F)ccc2O1,279.22700000000003,-0.5031999999999992,0.0,0.0,0.0,0.0,0.0,0.0,0.0,,0.0,,0.0,0.0
COc1ccc(C(=O)c2c(C)n(CCN3CCOCC3)c3ccccc23)cc1,378.4720000000001,3.5215200000000024,0.0,0.0,0.0,0.0,0.0,0.0,0.0,,0.0,0.0,,
CCCCCCCCCCCCCCCCBr,305.34399999999994,6.862600000000007,0.0,0.0,0.0,0.0,0.0,0.0,0.0,0.0,0.0,0.0,0.0,0.0
CC1=C(C=O)C(C)(C)CC=C1,150.221,2.4879000000000007,0.0,0.0,0.0,0.0,0.0,0.0,0.0,0.0,0.0,0.0,0.0,0.0
CC[C@@]1(O)C[C@H](O[C@H]2C[C@H](N(C)C)[C@H](O[C@H]3C[C@H](O)[C@H](O[C@H]4CCC(=O)[C@H](C)O4)[C@H](C)O3)[C@H](C)O2)c2c(cc3c(c2O)C(=O)c2c(O)cccc2C3=O)[C@H]1C(=O)OC,811.8780000000002,3.157700000000002,0.0,1.0,,1.0,1.0,,,,,,1.0,1.0
CC(C)(C)C(=O)CC(=O)C(C)(C)C,184.27899999999997,2.6069000000000004,0.0,0.0,0.0,0.0,0.0,0.0,0.0,,0.0,0.0,0.0,0.0
CCCCC/C(=C/c1ccccc1)CO,204.313,3.642600000000003,0.0,0.0,0.0,,0.0,0.0,0.0,0.0,0.0,0.0,1.0,0.0
CCCCCCCCCCCCCC[P+](CCCC)(CCCC)CCCC.CCCCCCCCCCCCc1ccccc1S(=O)(=O)[O-],725.2020000000003,15.159499999999966,0.0,,,,,,,,0.0,1.0,1.0,1.0
O=[N+]([O-])c1ccc(CBr)cc1,216.034,2.4897,0.0,0.0,0.0,0.0,0.0,0.0,0.0,,0.0,0.0,0.0,0.0
CC(C)C[C@H](NC(=O)[C@H](Cc1ccccc1)NC(=O)c1cnccn1)B(O)O,384.24500000000006,0.36059999999999964,0.0,0.0,0.0,1.0,,,,1.0,1.0,1.0,0.0,1.0
CCN(CC)C(=O)C(C)Oc1cccc2ccccc12,271.36,3.475500000000002,0.0,0.0,1.0,1.0,0.0,0.0,0.0,0.0,0.0,0.0,0.0,0.0
Clc1cccc(C(Cl)(Cl)Cl)n1,230.909,3.5617,0.0,0.0,1.0,0.0,0.0,0.0,0.0,0.0,0.0,0.0,0.0,0.0
CC(C)Cc1ccc([C@H](C)C(=O)O)cc1,206.28499999999997,3.073200000000001,0.0,0.0,0.0,0.0,0.0,0.0,0.0,,0.0,,0.0,0.0
CC(C)COC(=O)COc1ccc(Cl)cc1Cl,277.147,3.5714000000000024,0.0,0.0,0.0,0.0,0.0,0.0,0.0,0.0,0.0,0.0,0.0,0.0
CCOC(=O)COc1ccc(Cl)cc1Cl,249.093,2.9353000000000016,0.0,0.0,0.0,0.0,0.0,0.0,0.0,0.0,0.0,0.0,,0.0
CCOC(=O)C=CC(=O)O,144.12599999999998,0.19029999999999997,0.0,0.0,0.0,0.0,0.0,0.0,0.0,1.0,0.0,0.0,0.0,0.0
CCN1C(=CC=CC=Cc2sc3ccccc3[n+]2CC)Sc2ccccc21,391.5850000000001,6.251700000000006,0.0,0.0,,,,0.0,0.0,,,,1.0,
Oc1ccc(C2(c3ccc(O)cc3)c3ccccc3-c3ccccc32)cc1,350.4170000000001,5.460900000000003,0.0,0.0,0.0,,,,,,0.0,,,1.0
N#CCNCC#N,95.105,-0.37684000000000006,0.0,0.0,0.0,0.0,0.0,0.0,0.0,0.0,0.0,0.0,0.0,0.0
Oc1ccc(C2(c3ccc(O)cc3)CCCCC2)cc1,268.35599999999994,4.3480000000000025,0.0,,0.0,,1.0,1.0,,1.0,0.0,1.0,1.0,
Nc1cc2c3c(c1)C(c1ccccc1)=N[C@@H](NC(=O)c1cccnc1)C(=O)N3CC2,397.4380000000002,2.16,0.0,0.0,,0.0,0.0,0.0,0.0,0.0,0.0,0.0,,0.0
CSc1ccc(Oc2ccc(S(N)(=O)=O)cc2CN(C)C)cc1C,366.50800000000015,3.2182200000000014,0.0,0.0,0.0,,,0.0,,0.0,0.0,0.0,,0.0
NCC1(Cc2noc(=O)[nH]2)CCCCC1,211.26499999999993,0.8145999999999995,0.0,0.0,0.0,0.0,0.0,0.0,0.0,,0.0,0.0,,0.0
CN[C@H]1CC[C@@H](c2ccc(Cl)c(Cl)c2)c2ccc(S(N)(=O)=O)cc21,385.3160000000001,3.8270000000000017,0.0,0.0,0.0,,,0.0,,,0.0,0.0,1.0,
CC(C)c1nnc2ccc(-c3ocnc3-c3cc(F)ccc3F)cn12,340.333,4.452900000000003,0.0,0.0,0.0,,,0.0,0.0,0.0,0.0,0.0,,0.0
O=C(O)c1cccc(C[C@@H]2COc3ccc(OCc4nc5cc(F)ccc5s4)cc3[C@@H]2O)c1,465.5020000000001,4.9973000000000045,0.0,0.0,0.0,0.0,0.0,0.0,0.0,,0.0,0.0,,
O=C(O)Cn1c(=O)n(Cc2ccc(Br)cc2F)c(=O)c2ccc(Cl)cc21,441.64000000000016,2.8511000000000015,0.0,0.0,0.0,0.0,0.0,0.0,0.0,0.0,0.0,0.0,0.0,0.0
CCOc1cccc([C@]2(N3CCN(c4ccccc4)CC3)CC[C@@H](C)CC2)c1,378.56000000000023,5.312900000000005,0.0,0.0,,0.0,0.0,0.0,0.0,0.0,0.0,0.0,0.0,0.0
CC(=O)NCCCS(=O)(=O)[O-].CC(=O)NCCCS(=O)(=O)[O-],360.41000000000014,-1.884399999999996,0.0,0.0,0.0,0.0,0.0,0.0,0.0,1.0,0.0,0.0,0.0,0.0
Cc1ccc(Br)cc1,171.03700000000003,2.7575200000000013,0.0,0.0,0.0,0.0,0.0,0.0,0.0,0.0,0.0,0.0,0.0,0.0
OCCCCO,90.122,-0.24880000000000008,0.0,0.0,0.0,0.0,0.0,0.0,0.0,0.0,0.0,0.0,0.0,0.0
C(CCOCC1CO1)COCC1CO1,202.24999999999994,0.5973999999999999,0.0,0.0,0.0,,0.0,0.0,0.0,1.0,0.0,0.0,0.0,
CCCC=NO,87.12199999999999,1.2465,0.0,0.0,0.0,0.0,0.0,0.0,0.0,0.0,0.0,0.0,0.0,0.0
C/C(=N/NC(=O)c1ccncc1)C(=O)O,207.18899999999996,0.27189999999999975,,,,,,,,0.0,,0.0,,
COc1ccc2c(c1)CCCC2=O,176.21499999999995,2.2142,,,,,,,,0.0,,0.0,,
O=C1CC2(CCCC2)CC(=O)N1,167.20800000000003,0.9834,,,,,,,,0.0,,0.0,,
CCCCCN(CCCOC)C(=O)C(CCC(=O)O)NC(=O)c1ccc(Cl)c(Cl)c1,461.3860000000001,4.0119000000000025,,,,,,,,0.0,,0.0,,
C/C(=N\O)[C@@H](C)NCC(C)(C)CN[C@H](C)/C(C)=N/O,272.393,1.668999999999999,,,,,,,,0.0,,0.0,,
CCc1cc2cc(OC)c(OC)cc2c(Cc2ccccc2)n1,307.393,4.405200000000003,,,,,,,,0.0,,0.0,,
CC[N+]1(CC)CCC(OC(=O)C(O)(c2ccccc2)c2ccccc2)C1,354.4700000000001,3.0946000000000016,,,,,,,,0.0,,0.0,,
COc1cc2c(cc1OC)CN(C(=O)[C@H](C)N[C@@H](CCc1ccccc1)C(=O)O)[C@H](C(=O)O)C2,470.5220000000003,2.1058000000000003,,,,,,,,0.0,,0.0,,
CC[S+](C)CC.O=S(=O)([N-]S(=O)(=O)C(F)(F)F)C(F)(F)F,385.373,2.3336000000000006,,0.0,0.0,0.0,1.0,0.0,0.0,0.0,0.0,0.0,,0.0
CCOC(=O)c1cc(=O)c2c(OCC(COc3cccc4oc(C(=O)OCC)cc(=O)c34)OC(=O)[C@@H](N)CCCCN)cccc2o1,652.6529999999999,3.0787000000000013,,,,,,,,,,0.0,,
CCCCCCCCn1cc[n+](C)c1.O=S(=O)([N-]S(=O)(=O)C(F)(F)F)C(F)(F)F,475.4770000000001,3.7324000000000037,0.0,0.0,0.0,1.0,,,0.0,1.0,,0.0,,
Cl[Au](Cl)Cl,303.326,2.066,0.0,,0.0,,,1.0,,1.0,,1.0,,
CC(=O)OC(C)c1ccccc1,164.204,2.3107000000000006,0.0,0.0,0.0,0.0,0.0,0.0,0.0,0.0,0.0,0.0,0.0,0.0
Cc1ccc(S(=O)(=O)[O-])c(C)c1,185.224,1.20754,0.0,0.0,0.0,0.0,0.0,0.0,0.0,0.0,0.0,0.0,0.0,0.0
OCCCc1ccccc1,136.194,1.6115,0.0,0.0,0.0,0.0,0.0,0.0,0.0,0.0,0.0,0.0,0.0,0.0
CCCCCCCCOC(=O)c1ccc(O)cc1,250.33800000000002,3.909500000000003,0.0,0.0,0.0,,1.0,1.0,0.0,0.0,0.0,,1.0,0.0
CN1CC[C@H](c2c(O)cc(O)c3c(=O)cc(-c4ccccc4Cl)oc23)[C@H](O)C1,401.8460000000001,3.3046000000000015,0.0,,0.0,,,0.0,,,0.0,0.0,,0.0
Cn1cnc2ncnc(N)c21,149.15699999999998,-0.054500000000000104,0.0,0.0,0.0,0.0,0.0,0.0,0.0,0.0,0.0,0.0,0.0,0.0
NC(=O)n1c(O)c(C(=O)c2cccs2)c2cc(Cl)ccc21,320.757,3.2196000000000016,0.0,,1.0,,,0.0,,,,0.0,1.0,1.0
NCCNCCNCCNCCN,189.307,-2.3273999999999972,0.0,0.0,0.0,0.0,0.0,0.0,0.0,,0.0,0.0,,0.0
COc1ccc(Br)c(C)c1,201.063,2.766120000000001,0.0,0.0,0.0,0.0,0.0,0.0,0.0,0.0,0.0,0.0,0.0,0.0
Oc1c(Cl)c(Cl)cc(Cl)c1Cl,231.893,4.0058,0.0,,,1.0,,0.0,,1.0,,0.0,1.0,
O=[N+]([O-])c1ccc(S(=O)(=O)O)c([N+](=O)[O-])c1,248.17199999999997,0.7497,,0.0,,,0.0,0.0,0.0,1.0,0.0,0.0,0.0,0.0
CCCCCC1=CCCC1=O,152.237,2.8560000000000008,0.0,0.0,0.0,0.0,0.0,0.0,0.0,0.0,0.0,0.0,0.0,0.0
O=C1OC(=O)c2c(Cl)c(Cl)c(Cl)c(Cl)c21,285.897,3.6108000000000002,0.0,0.0,0.0,0.0,0.0,0.0,0.0,0.0,0.0,0.0,0.0,0.0
C=CC(=O)OCCOCCOCCOCCOC(=O)C=C,302.323,0.49459999999999993,0.0,1.0,0.0,,,0.0,1.0,1.0,1.0,,0.0,
O=C[O-],45.016999999999996,-1.6339000000000001,0.0,0.0,0.0,0.0,0.0,0.0,0.0,0.0,0.0,0.0,0.0,0.0
CCCCCCCCCCCCCCCCCC[N+](C)(C)Cc1ccccc1,388.704,8.524500000000007,0.0,,0.0,,,,,,,,1.0,
CN(C)c1ccc(N=O)cc1,150.18099999999998,2.1505,0.0,1.0,1.0,,1.0,0.0,,,1.0,1.0,0.0,1.0
CC(C)(C)OC(=O)c1cccc(N)c1,193.24599999999998,2.2241,0.0,0.0,,0.0,1.0,1.0,0.0,0.0,0.0,0.0,,0.0
Cc1ccc2ccccc2c1C,156.22799999999998,3.456640000000002,0.0,0.0,,0.0,0.0,0.0,0.0,0.0,0.0,0.0,0.0,0.0
Cc1ccc([N+](=O)[O-])cc1C,151.165,2.21164,0.0,0.0,0.0,0.0,0.0,0.0,0.0,0.0,0.0,0.0,0.0,0.0
Cc1cccc([N+](=O)[O-])c1C,151.165,2.21164,0.0,0.0,0.0,0.0,0.0,0.0,0.0,0.0,0.0,0.0,0.0,0.0
Cc1ccc([N+](=O)[O-])c(C)c1,151.16500000000002,2.21164,0.0,0.0,0.0,0.0,1.0,0.0,0.0,0.0,0.0,0.0,0.0,0.0
Cc1cccc(C)c1[N+](=O)[O-],151.165,2.21164,0.0,0.0,0.0,0.0,1.0,0.0,0.0,0.0,0.0,0.0,0.0,0.0
Cc1ccc(C)c([N+](=O)[O-])c1,151.16500000000002,2.21164,0.0,0.0,0.0,0.0,0.0,0.0,0.0,1.0,0.0,0.0,0.0,0.0
Cc1cc(C)cc([N+](=O)[O-])c1,151.165,2.21164,0.0,0.0,0.0,0.0,0.0,0.0,0.0,0.0,0.0,0.0,0.0,0.0
CCO[Si](CC)(OCC)OCC,192.33099999999996,2.0547,0.0,0.0,0.0,0.0,0.0,0.0,0.0,0.0,0.0,0.0,,0.0
CCOc1cc(OP(=S)(OC)OC)nc(CC)n1,292.297,2.3338,0.0,0.0,0.0,0.0,0.0,0.0,0.0,0.0,0.0,0.0,0.0,0.0
COP(=S)(OC)Oc1ccc(S(=O)(=O)N(C)C)cc1,325.348,1.8330000000000002,0.0,0.0,,,0.0,,0.0,0.0,0.0,0.0,0.0,0.0
CCC=O,58.08,0.5952999999999999,0.0,0.0,0.0,0.0,0.0,0.0,0.0,0.0,0.0,0.0,0.0,0.0
O=C(O)CC(=O)O,104.06099999999999,-0.4543,0.0,0.0,0.0,0.0,0.0,0.0,0.0,1.0,0.0,0.0,0.0,0.0
COC(=O)[C@@H]1[C@@H](O)CC[C@@H]2CN3CCc4c([nH]c5ccccc45)[C@@H]3C[C@@H]21,354.45000000000005,2.647100000000001,0.0,0.0,1.0,0.0,0.0,0.0,0.0,,0.0,,0.0,0.0
CC(=O)C(=O)O,88.06199999999998,-0.34000000000000014,0.0,0.0,0.0,0.0,0.0,0.0,0.0,1.0,0.0,0.0,0.0,0.0
CC(C)(O)[C@H]1[C@@H]2C(=O)O[C@H]1[C@H]1OC(=O)[C@@]34O[C@@H]3C[C@]2(O)[C@@]14C,310.302,-0.8672,0.0,0.0,,0.0,0.0,0.0,0.0,,0.0,,0.0,0.0
CCCCCCCCCCCCCCC(=O)O,242.40299999999993,5.162200000000004,0.0,0.0,0.0,0.0,,,0.0,0.0,0.0,0.0,0.0,0.0
CO[C@]12C[C@@H](COC(=O)c3cncc(Br)c3)CN(C)[C@@H]1Cc1cn(C)c3cccc2c13,484.39400000000023,3.9109000000000034,0.0,0.0,1.0,,0.0,0.0,0.0,0.0,0.0,0.0,0.0,0.0
NCCCC[C@H](N[C@@H](CCc1ccccc1)C(=O)O)C(=O)N1CCC[C@H]1C(=O)O,405.49500000000023,1.2352000000000007,0.0,0.0,0.0,0.0,0.0,0.0,0.0,0.0,0.0,0.0,0.0,0.0
CCCCC(=O)O,102.13299999999998,1.2612,0.0,0.0,0.0,0.0,1.0,0.0,0.0,0.0,0.0,0.0,0.0,0.0
O=C(O)Cc1ccccc1,136.14999999999998,1.3137,0.0,0.0,0.0,0.0,0.0,0.0,0.0,0.0,0.0,0.0,0.0,0.0
CO/N=C(\C(=O)N[C@@H]1C(=O)N2C(C(=O)O)=C(C[N+]3(C)CCCC3)CS[C@H]12)c1csc(N)n1,481.58000000000027,0.054800000000001625,0.0,0.0,0.0,0.0,0.0,0.0,0.0,,0.0,,0.0,0.0
O=C(O)/C=C/c1c[nH]cn1,138.12599999999998,0.5075,0.0,0.0,0.0,0.0,0.0,0.0,0.0,0.0,0.0,0.0,0.0,0.0
C[Si](Cn1cncn1)(c1ccc(F)cc1)c1ccc(F)cc1,315.399,1.9885,0.0,0.0,,1.0,,0.0,0.0,0.0,0.0,0.0,1.0,0.0
NNC(=O)c1cccnc1,137.142,-0.3149000000000006,0.0,0.0,1.0,0.0,,0.0,0.0,0.0,0.0,0.0,0.0,0.0
O=C(O)c1cccnc1,123.11099999999998,0.7797999999999999,0.0,0.0,0.0,0.0,0.0,0.0,0.0,0.0,0.0,0.0,0.0,0.0
O=[N+]([O-])[O-].[Na+],84.994,-3.2351,0.0,0.0,0.0,0.0,0.0,0.0,0.0,0.0,0.0,0.0,0.0,0.0
CCOC(=O)NC(=S)Nc1ccccc1NC(=S)NC(=O)OCC,370.45600000000013,2.572400000000001,0.0,0.0,1.0,,1.0,0.0,0.0,0.0,0.0,0.0,,
O=C(O)CN(CC(=O)O)CC(=O)O,191.13899999999998,-1.4577999999999993,0.0,0.0,0.0,0.0,0.0,0.0,0.0,1.0,0.0,0.0,0.0,0.0
N#CCCC(Br)(C#N)CBr,265.936,2.34236,0.0,,0.0,,0.0,0.0,,,0.0,1.0,,0.0
CC(CCC(=O)O)(c1ccc(O)cc1)c1ccc(O)cc1,286.327,3.268600000000002,0.0,0.0,0.0,0.0,1.0,0.0,0.0,0.0,0.0,0.0,0.0,0.0
CC[C@H]1OC(=O)C[C@@H](O)[C@H](C)[C@@H](O[C@@H]2O[C@H](C)[C@@H](O[C@H]3C[C@@](C)(O)[C@@H](O)[C@H](C)O3)[C@H](N(C)C)[C@H]2O)[C@@H](CC=O)C[C@@H](C)C(=O)C=CC(C)=C[C@@H]1CO[C@@H]1O[C@H](C)[C@@H](O)[C@@H](OC)[C@H]1OC,916.1120000000001,1.8335000000000106,0.0,0.0,0.0,0.0,0.0,0.0,0.0,,0.0,,0.0,0.0
O=C(O)c1cn(-c2ccc(F)cc2)c2cc(N3CCNCC3)c(F)cc2c1=O,385.3700000000002,2.3767000000000005,0.0,0.0,0.0,0.0,0.0,0.0,0.0,0.0,0.0,0.0,,0.0
O=C(NC(Cc1cc(=O)[nH]c2ccccc12)C(=O)O)c1ccc(Cl)cc1,370.79200000000003,2.6071999999999997,0.0,0.0,0.0,0.0,0.0,0.0,0.0,,0.0,0.0,0.0,0.0
Cc1ncc([N+](=O)[O-])n1CC(C)O,185.183,0.4805199999999999,0.0,0.0,0.0,0.0,0.0,0.0,0.0,0.0,0.0,0.0,0.0,0.0
CCn1cc(C(=O)O)c(=O)c2cc(F)c(N3CCN(C)CC3)cc21,333.36300000000006,1.6105000000000003,0.0,0.0,0.0,0.0,0.0,0.0,0.0,0.0,0.0,0.0,,0.0
CN(C)CCc1c[nH]c2ccc(C[C@H]3COC(=O)N3)cc12,287.36299999999994,1.9229,,,,,,,,0.0,,0.0,,
C[C@]12CC[C@H]3[C@@H](C=CC4=CC(=O)CC[C@@]43C)[C@@H]1CC[C@@]21CCC(=O)O1,340.46300000000014,4.370100000000003,1.0,1.0,0.0,1.0,,0.0,0.0,1.0,0.0,0.0,0.0,0.0
CC(C)NCC(O)COc1cccc2[nH]ccc12,248.32600000000002,1.9055999999999995,0.0,0.0,,0.0,0.0,0.0,0.0,0.0,0.0,0.0,0.0,0.0
O=c1[nH]c2ccccc2n1C1CCN(CCCC(c2ccc(F)cc2)c2ccc(F)cc2)CC1,461.5560000000001,5.8570000000000055,0.0,,0.0,0.0,,0.0,0.0,,,,,
CC1=C(C/C=C(\C)CCC[C@H](C)CCC[C@H](C)CCCC(C)C)C(=O)c2ccccc2C1=O,450.7070000000002,9.1576,,,,,,,,0.0,,0.0,,
O=C(O)c1ccccc1C(=O)Nc1ccc(S(=O)(=O)Nc2nccs2)cc1,403.4410000000001,2.894400000000001,0.0,0.0,0.0,0.0,0.0,0.0,0.0,0.0,0.0,0.0,0.0,0.0
CNC(=O)Oc1ccc2c(c1)[C@]1(C)CCN(C)[C@@H]1N2C,275.352,1.7739,0.0,0.0,0.0,0.0,0.0,0.0,0.0,1.0,0.0,0.0,0.0,0.0
CC(=O)O[C@H]1C[C@@H]2CC[C@@H]3[C@H](CC[C@@]4(C)[C@H]3C[C@H](N3CC[N+](C)(C)CC3)[C@@H]4OC(C)=O)[C@@]2(C)C[C@@H]1N1CC[N+](C)(C)CC1,602.9050000000001,3.633500000000006,0.0,0.0,0.0,0.0,0.0,0.0,0.0,,0.0,,0.0,0.0
CCn1cc(C(=O)O)c(=O)c2cnc(N3CCNCC3)nc21,303.32200000000006,-0.08079999999999998,0.0,0.0,0.0,0.0,0.0,0.0,0.0,0.0,0.0,0.0,0.0,0.0
C=Cc1cccc(CCl)c1,152.624,3.0684000000000013,0.0,0.0,0.0,0.0,0.0,0.0,0.0,1.0,0.0,0.0,0.0,0.0
CCOP(=O)(OCC)SCCSCC,258.34499999999997,3.653800000000002,0.0,0.0,0.0,0.0,,0.0,0.0,0.0,0.0,0.0,0.0,0.0
C=Cc1ccc(C(C)(C)C)cc1,160.26,3.627100000000002,0.0,0.0,0.0,0.0,0.0,0.0,0.0,0.0,0.0,0.0,,0.0
CCCCN,73.139,0.7452000000000001,0.0,0.0,0.0,0.0,0.0,0.0,0.0,0.0,0.0,0.0,,0.0
CC(C)[C@H](C(=O)OC(C#N)c1cccc(Oc2ccccc2)c1)c1ccc(OC(F)F)cc1,451.46900000000005,6.627980000000005,0.0,0.0,0.0,,0.0,0.0,0.0,0.0,0.0,,1.0,0.0
N#CCC#N,66.063,0.42366000000000004,0.0,1.0,,,0.0,0.0,,0.0,0.0,1.0,,
CCNCC,73.139,0.6157999999999999,0.0,0.0,0.0,0.0,0.0,0.0,0.0,0.0,0.0,0.0,0.0,0.0
O=c1c(-c2ccc(O)cc2)coc2cc(O)cc(O)c12,270.24,2.576800000000001,0.0,0.0,1.0,,1.0,1.0,,1.0,1.0,0.0,1.0,1.0
CCCCCCCCCC(=O)N(C)C,199.338,3.215300000000002,0.0,0.0,0.0,0.0,0.0,0.0,0.0,0.0,0.0,0.0,0.0,0.0
C=CC(=O)[O-].C=CC(=O)[O-].[Zn+2],207.5,-2.157899999999999,0.0,0.0,0.0,0.0,0.0,0.0,,,0.0,0.0,0.0,0.0
Nc1nc2nc[nH]c2c(=S)[nH]1,167.197,0.59769,0.0,0.0,1.0,1.0,1.0,1.0,0.0,1.0,0.0,0.0,0.0,1.0
CS(=O)(=O)c1ccc([C@@H](O)[C@@H](COC(=O)CN)NC(=O)C(Cl)Cl)cc1,413.279,-0.0860999999999989,0.0,0.0,0.0,0.0,0.0,0.0,0.0,,0.0,,0.0,0.0
CC1(C)C2=CCCC(C)(C)[C@]23CC[C@H]1C3,204.35699999999994,4.5591000000000035,0.0,0.0,0.0,1.0,0.0,0.0,0.0,0.0,0.0,0.0,0.0,0.0
CC(CCO)CCCC(C)(C)O,174.284,1.9461,0.0,0.0,0.0,0.0,,0.0,0.0,0.0,0.0,0.0,,0.0
Nc1nc2c(ncn2COC(CO)CO)c(=O)[nH]1,255.23399999999998,-1.970899999999999,0.0,0.0,0.0,0.0,0.0,0.0,0.0,0.0,0.0,0.0,0.0,0.0
CN1CCN(CCC=C2c3ccccc3Sc3ccc(S(=O)(=O)N(C)C)cc32)CC1,443.63800000000026,3.4707000000000026,0.0,0.0,0.0,,0.0,0.0,,,0.0,,,
Cc1cc(N)n(-c2ccccc2)n1,173.21900000000002,1.7629199999999998,0.0,0.0,,,,0.0,0.0,0.0,0.0,0.0,0.0,0.0
C=C(C)C(=O)OCCOCCOCCOCCOC(=O)C(=C)C,330.37700000000007,1.2748,0.0,0.0,0.0,0.0,0.0,0.0,0.0,1.0,0.0,0.0,,0.0
COc1cc2ncnc(Nc3ccc(F)c(Cl)c3)c2cc1OCCCN1CCOCC1,446.9100000000004,4.275600000000003,0.0,0.0,1.0,,,0.0,0.0,1.0,0.0,0.0,,
COc1ccc(CN2CCNCC2)c(OC)c1OC,266.34099999999995,1.1176,,,,,,,,0.0,,0.0,,
Nc1ccc(S(=O)(=O)Nc2ccccn2)cc1,249.29500000000004,1.4646000000000001,0.0,0.0,0.0,0.0,0.0,0.0,0.0,0.0,0.0,0.0,0.0,0.0
Cc1cc(NS(=O)(=O)c2ccc(N)cc2)no1,253.28300000000002,1.3660199999999998,0.0,0.0,0.0,0.0,0.0,0.0,0.0,0.0,0.0,0.0,0.0,0.0
COc1ccc2c(c1)c1c3n2CCN(C)C3=NCC1,255.32099999999994,1.898,0.0,,1.0,0.0,0.0,0.0,0.0,0.0,0.0,0.0,0.0,0.0
CCN(CC)c1ccc(C(=C2C=CC(=[N+](CC)CC)C=C2)c2ccc(S(=O)(=O)[O-])cc2S(=O)(=O)[O-])cc1,543.6870000000001,3.7622000000000035,0.0,0.0,,1.0,,0.0,0.0,0.0,,0.0,,0.0
CCCCOC(=O)c1ccc(O)cc1,194.23,2.349100000000001,0.0,0.0,0.0,,1.0,1.0,0.0,1.0,1.0,0.0,1.0,0.0
CCC(C)c1cc([N+](=O)[O-])cc([N+](=O)[O-])c1O,240.21499999999997,2.7221000000000015,0.0,0.0,0.0,0.0,0.0,0.0,0.0,1.0,0.0,0.0,1.0,0.0
CCCCCl,92.56899999999999,2.0253,0.0,0.0,0.0,0.0,0.0,0.0,0.0,0.0,0.0,0.0,,0.0
CCCCOC(=O)c1ccccc1C(=O)OCc1ccccc1,312.36499999999995,4.000500000000003,0.0,0.0,0.0,0.0,1.0,1.0,0.0,0.0,0.0,0.0,0.0,0.0
CCC[C@@H]1O[C@@H]2C[C@H]3[C@@H]4CCC5=CC(=O)C=C[C@]5(C)[C@H]4[C@@H](O)C[C@]3(C)[C@]2(C(=O)CO)O1,430.5410000000002,2.7168000000000014,1.0,1.0,0.0,,0.0,0.0,0.0,1.0,0.0,0.0,0.0,0.0
OCCBr,124.965,0.3736,0.0,0.0,0.0,0.0,0.0,0.0,0.0,1.0,0.0,0.0,0.0,0.0
O=C([O-])CCCOc1ccc(Cl)cc1Cl,248.085,1.9022999999999992,0.0,,1.0,0.0,0.0,0.0,0.0,0.0,0.0,0.0,0.0,0.0
CCCCC/C=C\C=C\C(=O)OCC,196.28999999999994,3.242200000000002,0.0,0.0,0.0,,0.0,0.0,,,0.0,,1.0,
CCCCCC[n+]1ccccc1.F[B-](F)(F)F,251.076,3.8544000000000036,0.0,0.0,0.0,0.0,0.0,0.0,0.0,0.0,0.0,0.0,0.0,0.0
Clc1nnc(Cl)c2ccccc12,199.04000000000002,2.9366000000000003,0.0,0.0,1.0,0.0,0.0,0.0,0.0,1.0,0.0,0.0,,0.0
Cc1cc(O)c(Cl)c(C)c1Cl,191.057,3.3158400000000015,0.0,,0.0,,,0.0,0.0,,0.0,,1.0,
CC(C)CCCO,102.17699999999999,1.4149,0.0,0.0,0.0,,0.0,0.0,0.0,0.0,0.0,0.0,0.0,0.0
CC/C=C/CCCCCCCCCCOC(C)=O,254.41399999999993,5.026600000000005,0.0,0.0,0.0,0.0,0.0,0.0,0.0,0.0,0.0,0.0,0.0,0.0
C/C=C/C/C=C\CCCCCCCCOC(C)=O,252.3979999999999,4.802600000000004,0.0,0.0,0.0,,0.0,0.0,,,0.0,1.0,0.0,0.0
C/C=C/C=C/CCCCCCCO,182.307,3.451600000000002,0.0,0.0,0.0,0.0,0.0,0.0,0.0,,0.0,1.0,0.0,0.0
C=CC(=O)OCCCCOC(=O)C=C,198.218,1.2249999999999999,0.0,1.0,0.0,,0.0,0.0,1.0,1.0,1.0,,0.0,
O=[N+]([O-])/C=C/c1ccccc1,149.149,1.934,0.0,,,,0.0,0.0,,,1.0,,,1.0
COC(=O)c1c(C(F)F)nc(C(F)(F)F)c(C2=NCCS2)c1CC(C)C,396.38100000000014,4.516500000000003,0.0,0.0,0.0,0.0,0.0,0.0,0.0,0.0,0.0,0.0,0.0,0.0
CCCCn1cc[n+](C)c1,139.22199999999998,1.1127,0.0,0.0,0.0,0.0,0.0,0.0,0.0,0.0,0.0,0.0,0.0,0.0
CCCCCCI,212.074,3.0017000000000014,0.0,0.0,,0.0,0.0,0.0,0.0,0.0,0.0,0.0,0.0,0.0
Cc1cccc2c1cc1ccc3cccc4ccc2c1c34,266.343,6.045620000000003,0.0,1.0,1.0,0.0,0.0,,1.0,1.0,0.0,1.0,,1.0
CCCCCCCCCCCCCCCBr,291.3169999999999,6.472500000000006,0.0,0.0,0.0,0.0,0.0,0.0,0.0,0.0,0.0,0.0,0.0,0.0
CCOP(=S)(Oc1cnc(C(C)(C)C)nc1)OC(C)C,318.3790000000001,3.8389000000000033,0.0,0.0,1.0,,0.0,0.0,0.0,0.0,0.0,0.0,0.0,0.0
CCOC(=O)CS,120.17299999999999,0.4793,0.0,0.0,0.0,,0.0,0.0,0.0,0.0,0.0,0.0,,1.0
COP(=S)(OC)Oc1ccc(Sc2ccc(OP(=S)(OC)OC)cc2)cc1,466.47900000000016,5.630000000000004,0.0,0.0,,,,,0.0,0.0,0.0,0.0,,
CCCCCC[n+]1ccccc1.O=S(=O)([O-])C(F)(F)F,313.341,2.6058000000000012,0.0,0.0,0.0,0.0,,0.0,0.0,1.0,0.0,0.0,0.0,0.0
CCCOC(=O)C(C)O,132.159,0.3204000000000001,0.0,0.0,0.0,0.0,0.0,0.0,0.0,0.0,0.0,0.0,0.0,0.0
CC(O)CN(CCN(CC(C)O)CC(C)O)CC(C)O,292.42,-0.8863999999999979,0.0,0.0,0.0,0.0,0.0,0.0,0.0,0.0,0.0,0.0,0.0,0.0
CCCCCCC(C=O)=Cc1ccccc1,216.324,4.239300000000004,0.0,0.0,0.0,0.0,1.0,0.0,0.0,0.0,0.0,0.0,0.0,0.0
c1ccc(-c2ccc(-c3ccccc3)cc2)cc1,230.31,5.0206000000000035,0.0,0.0,1.0,,1.0,0.0,0.0,0.0,1.0,0.0,,0.0
OC(CCCN1CCCCC1)(c1ccccc1)c1ccccc1,309.45300000000003,4.188600000000004,0.0,0.0,0.0,0.0,0.0,0.0,0.0,0.0,0.0,0.0,,0.0
CC(C)(C#N)/N=N/C(C)(C)C#N,164.21200000000002,2.04296,0.0,0.0,0.0,0.0,0.0,0.0,0.0,0.0,0.0,0.0,0.0,0.0
CCCCC(CC)COC(=O)c1c(Br)c(Br)c(Br)c(Br)c1C(=O)OCC(CC)CCCC,706.1479999999996,9.482999999999997,1.0,0.0,0.0,,0.0,0.0,0.0,0.0,0.0,0.0,0.0,0.0
CCC(C)(C)c1cc(-n2nc3ccccc3n2)c(O)c(C(C)(C)CC)c1,351.49400000000014,5.501300000000006,0.0,0.0,0.0,0.0,0.0,0.0,0.0,0.0,0.0,0.0,0.0,0.0
CC/C=C\C#N,81.11800000000001,1.47618,0.0,0.0,0.0,0.0,0.0,0.0,0.0,0.0,0.0,0.0,,0.0
CC(C)S,76.164,1.3246,0.0,0.0,0.0,0.0,0.0,0.0,0.0,,0.0,0.0,0.0,0.0
CC(C)OCC1CO1,116.16,0.8102,0.0,0.0,0.0,0.0,0.0,0.0,0.0,0.0,0.0,,0.0,0.0
CC(C)OC(=O)Cc1ccccc1,178.23100000000002,2.1807,0.0,0.0,0.0,0.0,0.0,0.0,0.0,0.0,0.0,0.0,0.0,0.0
COP(=S)(OC)Oc1cc(Cl)c(Cl)cc1Cl,321.549,4.542900000000002,0.0,0.0,1.0,0.0,0.0,0.0,0.0,,0.0,0.0,1.0,0.0
CC(C)Nc1ccc(Nc2ccccc2)cc1,226.323,4.250500000000002,0.0,0.0,0.0,,,0.0,0.0,1.0,0.0,,,1.0
Fc1ccc(Oc2ccnc3cc(Cl)cc(Cl)c23)cc1,308.139,5.473000000000002,0.0,0.0,,0.0,0.0,0.0,1.0,1.0,0.0,,1.0,1.0
COP(OC)OC,124.07599999999998,1.1524999999999999,0.0,0.0,0.0,0.0,0.0,0.0,0.0,0.0,0.0,0.0,,0.0
CCC(C)(C)c1ccc(O)c(C(C)(C)CC)c1,234.38299999999995,4.767400000000005,0.0,0.0,0.0,,0.0,0.0,0.0,,,,1.0,
Cc1ccc([N+](=O)[O-])cc1S(=O)(=O)O,217.202,1.1499199999999998,0.0,0.0,0.0,0.0,0.0,0.0,0.0,0.0,0.0,0.0,0.0,0.0
CC(C)(C)CC(C)(C)c1ccc(OCCO)cc1,250.38199999999998,3.7715000000000023,0.0,0.0,0.0,,,0.0,0.0,1.0,0.0,,1.0,0.0
OCCO[C@H]1[C@@H](O)O[C@H](CO)[C@@H](O)[C@@H]1O,224.209,-3.204799999999999,1.0,0.0,0.0,,0.0,0.0,0.0,,0.0,,0.0,0.0
O=c1[n-]c2[nH]c(=O)[nH]c(=O)c2[nH]1,167.10399999999998,-2.1381,,,,,,,,0.0,,0.0,,
CCCCCCCCC1CO1,156.26899999999998,3.1358000000000015,0.0,0.0,0.0,0.0,0.0,0.0,0.0,0.0,0.0,0.0,0.0,0.0
CNC(=O)[C@H](Cc1c[nH]c2ccccc12)NC(=O)[C@@H](CC(=O)NO)CC(C)C,388.4680000000002,1.4989999999999999,0.0,0.0,,0.0,0.0,0.0,0.0,,,,0.0,0.0
C[Se]CC[C@H](N)C(=O)O,196.108,-0.040999999999999925,0.0,0.0,0.0,0.0,0.0,0.0,0.0,,0.0,,0.0,0.0
O=C(O[C@@H]1C[C@@H]2C[C@@H]3C[C@H](C1)N2CC3=O)c1c[nH]c2ccccc12,324.38000000000005,2.519000000000001,0.0,0.0,0.0,0.0,0.0,0.0,0.0,,0.0,,,0.0
CCCCCCCCOc1ccccc1C(=O)Nc1ccc(C(=O)OCC[N+](C)(CC)CC)cc1,483.6730000000004,6.321400000000007,0.0,0.0,0.0,0.0,0.0,0.0,,,0.0,,,
O[C@@H]1[C@H](O)CN2CCC[C@@H](O)[C@H]12,173.21200000000002,-1.4528999999999999,0.0,0.0,0.0,0.0,0.0,0.0,0.0,,0.0,,0.0,0.0
CCCC(=O)O[C@]1(C(=O)CCl)[C@@H](C)C[C@H]2[C@@H]3CCC4=CC(=O)C=C[C@]4(C)[C@@]3(F)C(=O)C[C@@]21C,478.98800000000034,4.701400000000005,,,,,,,,1.0,,0.0,,
C=CC[C@@H]1C=C(C)C[C@H](C)C[C@H](OC)[C@H]2O[C@@](O)(C(=O)C(=O)N3CCCC[C@H]3C(=O)O[C@H](/C(C)=C/[C@@H]3CC[C@@H](O)[C@H](OC)C3)[C@H](C)[C@@H](O)CC1=O)[C@H](C)C[C@@H]2OC,804.0310000000001,4.639000000000004,0.0,0.0,0.0,,0.0,0.0,,,,,1.0,0.0
Nc1ncnc2c1ncn2[C@@H]1O[C@H](COP(=O)(O)O)[C@@H](O)[C@H]1O,347.224,-1.8630000000000009,0.0,0.0,0.0,0.0,0.0,0.0,0.0,0.0,0.0,0.0,,0.0
CCOC(=O)N(C)C(=O)CSP(=S)(OCC)OCC,329.3800000000001,2.6320000000000006,0.0,0.0,1.0,0.0,0.0,0.0,0.0,0.0,0.0,0.0,0.0,0.0
CC/C=C\CC/C=C/CO,140.226,2.2813000000000003,0.0,0.0,0.0,0.0,0.0,0.0,0.0,0.0,0.0,0.0,0.0,0.0
C=C(C)CCC[C@H](C)CCO,156.26899999999998,2.751300000000001,0.0,0.0,0.0,0.0,0.0,0.0,0.0,0.0,0.0,0.0,0.0,0.0
CCCCCCCCC1CCC(=O)O1,198.30599999999995,3.4426000000000023,1.0,0.0,0.0,,,0.0,0.0,0.0,0.0,0.0,0.0,0.0
C=CC(C)(CCC=C(C)C)OC(=O)c1ccccc1,258.361,4.534500000000004,0.0,0.0,0.0,0.0,1.0,1.0,0.0,0.0,0.0,0.0,1.0,0.0
CC1CCc2nccnc21,134.182,1.5263,,0.0,0.0,0.0,0.0,0.0,0.0,0.0,0.0,0.0,0.0,0.0
CCCCCCCCCCCCCCC1CO1,240.43099999999993,5.476400000000005,0.0,0.0,,0.0,0.0,0.0,0.0,0.0,0.0,0.0,0.0,0.0
CC1CCC(C(C)(C)S)C(=O)C1,186.31999999999996,2.700100000000001,0.0,0.0,0.0,0.0,0.0,0.0,0.0,0.0,0.0,0.0,0.0,0.0
CCCC(C)C(=O)OCC,144.21399999999997,1.9857,0.0,0.0,0.0,0.0,0.0,0.0,0.0,0.0,0.0,,0.0,0.0
CCCc1ccc(O)c(OC)c1,166.21999999999997,2.3533,0.0,0.0,0.0,0.0,0.0,0.0,0.0,0.0,0.0,0.0,0.0,0.0
CN(C)C(=S)SC(=S)N(C)C,208.377,1.4126,0.0,0.0,,,,1.0,,,1.0,1.0,,0.0
CN(C)C(=S)SSC(=S)N(C)C,240.44400000000002,2.0608,0.0,,0.0,,,0.0,,,1.0,1.0,1.0,0.0
OC[P+](CO)(CO)CO.OC[P+](CO)(CO)CO,310.22,-2.393599999999999,0.0,0.0,0.0,,0.0,0.0,0.0,1.0,0.0,,,0.0
OC[P+](CO)(CO)CO,155.10999999999999,-1.1968,0.0,0.0,0.0,0.0,0.0,0.0,0.0,1.0,0.0,0.0,,0.0
c1ccc2[nH]c(-c3cscn3)nc2c1,201.254,2.6864,0.0,0.0,1.0,,1.0,0.0,0.0,0.0,1.0,0.0,0.0,0.0
Cn1c(=O)c2[nH]cnc2n(C)c1=O,180.16699999999997,-1.0397000000000005,0.0,0.0,0.0,0.0,1.0,0.0,0.0,0.0,0.0,0.0,0.0,0.0
CN(C)CCN(Cc1ccsc1)c1ccccn1,261.394,2.7113000000000005,,,,,,,,0.0,,0.0,,
O=[N+]([O-])C([N+](=O)[O-])([N+](=O)[O-])[N+](=O)[O-],196.031,-1.2954999999999997,0.0,0.0,0.0,0.0,0.0,0.0,0.0,1.0,0.0,0.0,0.0,0.0
S=P(N1CC1)(N1CC1)N1CC1,189.22399999999996,0.15770000000000017,0.0,0.0,0.0,0.0,0.0,0.0,0.0,,0.0,0.0,0.0,1.0
CS(=O)(=O)c1ccc([C@@H](O)[C@@H](CO)NC(=O)C(Cl)Cl)cc1,356.227,0.40430000000000005,0.0,0.0,0.0,0.0,0.0,0.0,0.0,0.0,0.0,0.0,0.0,0.0
Cc1ccc(S(N)(=O)=O)cc1,171.22100000000003,0.6424200000000002,0.0,0.0,0.0,0.0,0.0,0.0,0.0,0.0,0.0,0.0,0.0,0.0
CO/N=C1/C[C@]2(C[C@@H]3C[C@@H](CC=C(C)C[C@@H](C)C=CC=C4CO[C@@H]5[C@H](O)C(C)=C[C@@H](C(=O)O3)[C@]45O)O2)O[C@H](/C(C)=C/C(C)C)[C@H]1C,639.8300000000002,5.7289000000000065,1.0,1.0,0.0,0.0,,,,,0.0,,1.0,
CON(C)C(=O)Nc1ccc(Cl)cc1,214.652,2.365100000000001,0.0,0.0,1.0,,0.0,0.0,0.0,0.0,0.0,0.0,0.0,0.0
O=C(O)c1cc(C(=O)O)cc(C(=O)O)c1,210.141,0.7812000000000001,0.0,0.0,0.0,0.0,0.0,0.0,0.0,0.0,0.0,0.0,0.0,0.0
COP(=O)(OC)Oc1ccc([N+](=O)[O-])cc1,247.143,2.3745000000000003,0.0,0.0,0.0,1.0,0.0,0.0,0.0,,0.0,,0.0,0.0
CNC(=O)N(C)c1nc2ccccc2s1,221.28500000000003,2.0719000000000003,0.0,0.0,1.0,,1.0,0.0,0.0,,1.0,0.0,0.0,0.0
O=C(O)c1cccc(C(=O)O)c1,166.13199999999998,1.083,0.0,0.0,0.0,0.0,0.0,0.0,0.0,0.0,0.0,0.0,0.0,0.0
O=C(O)c1ccccc1C(=O)O,166.13199999999998,1.083,0.0,0.0,0.0,0.0,0.0,0.0,0.0,0.0,0.0,0.0,0.0,0.0
O=C(O)c1ccc(C(=O)O)c(C(=O)O)c1,210.141,0.7812000000000001,0.0,0.0,0.0,0.0,0.0,0.0,0.0,0.0,0.0,0.0,0.0,0.0
O=C(O)c1cccc(C(=O)O)c1C(=O)O,210.14099999999996,0.7811999999999999,0.0,0.0,0.0,0.0,0.0,0.0,0.0,0.0,0.0,0.0,0.0,0.0
CC(C)OC(=O)c1cc(C(=O)OC(C)C)cc([N+](=O)[O-])c1,295.291,2.725200000000001,0.0,0.0,,,0.0,0.0,0.0,0.0,0.0,0.0,,0.0
CC1CCCO1,86.134,1.1853,0.0,0.0,0.0,0.0,0.0,0.0,0.0,0.0,0.0,0.0,,0.0
O=C(O)c1ccc(S(=O)(=O)O)cc1C(=O)O,246.19599999999997,0.3297,0.0,0.0,0.0,0.0,0.0,0.0,0.0,0.0,0.0,0.0,0.0,0.0
Nn1cnnc1,84.082,-1.0081000000000004,0.0,0.0,0.0,0.0,0.0,0.0,0.0,0.0,0.0,0.0,0.0,0.0
O=C1O[C@H]([C@H](O)CO)C(O)=C1O,176.124,-1.4073999999999995,0.0,0.0,0.0,0.0,,0.0,0.0,0.0,0.0,0.0,0.0,0.0
C[N+]1(C)[C@H]2CC(OC(=O)C(O)(c3cccs3)c3cccs3)C[C@@H]1[C@H]1O[C@@H]21,392.5220000000001,2.3457,0.0,0.0,0.0,0.0,,0.0,0.0,,0.0,,0.0,
COc1ccnc(CS(=O)c2nc3cc(OC(F)F)ccc3[n-]2)c1OC,382.3680000000001,2.5134000000000007,0.0,0.0,1.0,0.0,0.0,0.0,0.0,1.0,0.0,0.0,0.0,0.0
CCCCc1ncc(/C=C(\Cc2cccs2)C(=O)O)n1Cc1ccc(C(=O)O)cc1,424.52200000000016,4.744400000000003,0.0,0.0,0.0,0.0,0.0,0.0,0.0,0.0,0.0,0.0,,0.0
CC(C)[C@H](N)C(=O)OCCOCn1cnc2c(=O)[nH]c(N)nc21,324.341,-0.7975999999999985,0.0,0.0,0.0,0.0,0.0,0.0,0.0,0.0,0.0,0.0,0.0,0.0
CNC(=O)Oc1cc(C)cc(C(C)C)c1,207.273,2.836620000000001,0.0,0.0,0.0,0.0,0.0,0.0,0.0,0.0,0.0,0.0,,0.0
Cc1ccsc1C(=CCCN1CCC[C@@H](C(=O)O)C1)c1sccc1C,375.5590000000001,5.044840000000004,0.0,0.0,0.0,0.0,1.0,0.0,0.0,0.0,0.0,0.0,,0.0
COc1cc(C)nc(-n2nc(C)cc2OC)n1,234.259,1.2963399999999998,0.0,0.0,,0.0,0.0,0.0,0.0,0.0,0.0,1.0,0.0,0.0
CCN(CC)CC#CCOC(=O)C(O)(c1ccccc1)C1CCCCC1,357.4940000000002,3.342900000000002,0.0,0.0,0.0,0.0,0.0,0.0,0.0,,0.0,,,0.0
OC(CCN1CCCC1)(c1ccccc1)C1CCCCC1,287.4470000000001,3.940400000000003,0.0,0.0,0.0,0.0,0.0,0.0,0.0,0.0,0.0,0.0,,0.0
Cc1ccc(C(=O)Oc2ccc(C(O)CNC(C)(C)C)cc2OC(=O)c2ccc(C)cc2)cc1,461.5580000000003,5.163340000000004,,,,,,,,,,0.0,,
CC(=O)Oc1ccc(C(c2ccc(OC(C)=O)cc2)c2ccccn2)cc1,361.39700000000005,4.112400000000003,0.0,0.0,0.0,,,,0.0,0.0,0.0,0.0,1.0,1.0
Cc1cc2c(OCC(CNC(C)(C)C)OC(=O)c3ccccc3)cccc2[nH]1,380.488,4.468820000000004,0.0,0.0,0.0,0.0,0.0,0.0,0.0,0.0,0.0,0.0,,0.0
CC[N+](C)(C)Cc1ccccc1Br,243.16799999999998,3.0454000000000017,0.0,0.0,0.0,0.0,0.0,0.0,0.0,,0.0,,0.0,0.0
CN(C)CCOC(c1ccccc1)c1ccc(Br)cc1,334.257,4.116700000000003,,,,,,,,,,0.0,,
CSC(=O)c1cccc2nnsc12,210.283,2.1945000000000006,0.0,0.0,0.0,0.0,0.0,0.0,0.0,0.0,0.0,0.0,0.0,0.0
CCCCC1CCC(O)CC1,156.26899999999995,2.7277000000000013,0.0,0.0,0.0,0.0,0.0,0.0,0.0,0.0,0.0,0.0,0.0,0.0
CCC(=O)c1ccc(Cl)cc1,168.623,2.9327000000000014,0.0,0.0,0.0,0.0,0.0,0.0,0.0,0.0,0.0,0.0,0.0,0.0
Cc1cc(C)c(C(=O)O)c(C)c1,164.20399999999998,2.31006,0.0,0.0,0.0,0.0,0.0,0.0,0.0,0.0,0.0,0.0,0.0,0.0
CCCCOc1ccc(N)cc1,165.23599999999996,2.4477,0.0,0.0,,0.0,,0.0,0.0,0.0,0.0,0.0,0.0,0.0
CC(C)C(=O)c1ccccc1,148.20499999999998,2.5253000000000005,0.0,0.0,,0.0,0.0,0.0,0.0,0.0,0.0,0.0,0.0,0.0
O=C(c1ccccc1)C1CCC1,160.21599999999992,2.6694000000000013,0.0,0.0,0.0,0.0,0.0,0.0,0.0,0.0,0.0,1.0,0.0,0.0
CC(C)(C)c1ccc(S)cc1,166.289,3.272800000000002,0.0,0.0,0.0,,,0.0,0.0,0.0,0.0,0.0,0.0,0.0
CCCCCCOc1ccc(O)cc1,194.274,3.351300000000002,0.0,0.0,,,1.0,0.0,,1.0,1.0,0.0,1.0,1.0
CCCC1CCC(=O)CC1,140.226,2.5458000000000007,0.0,0.0,0.0,0.0,0.0,0.0,0.0,0.0,0.0,0.0,0.0,0.0
CCCC(CC)CCCCCCCN,199.38199999999995,4.112000000000003,0.0,0.0,0.0,0.0,0.0,0.0,0.0,0.0,0.0,0.0,,0.0
CC(=O)OC[C@H]1O[C@@H](O)[C@H](OC(=O)c2ccccc2C(=O)O)[C@@H](O)[C@@H]1O[C@@H]1O[C@H](COC(C)=O)[C@@H](O)[C@H](OC(=O)c2ccccc2C(=O)O)[C@H]1O,722.6050000000005,-1.1297999999999955,0.0,0.0,0.0,0.0,0.0,0.0,0.0,,0.0,,0.0,0.0
C=C(C)C(=O)OCC,114.14399999999998,1.1256,0.0,0.0,0.0,0.0,0.0,0.0,0.0,0.0,0.0,0.0,0.0,0.0
CCOS(C)(=O)=O,124.16099999999999,-0.01750000000000007,0.0,0.0,0.0,0.0,0.0,0.0,0.0,0.0,0.0,0.0,0.0,0.0
CC=C1CC2C=CC1C2,120.19499999999996,2.5287000000000006,0.0,0.0,0.0,0.0,0.0,0.0,0.0,0.0,0.0,0.0,0.0,0.0
COP(=O)(O)OP(=O)(O)OC,206.02699999999996,0.4965999999999998,0.0,0.0,0.0,,0.0,0.0,0.0,,0.0,0.0,0.0,0.0
CCCCC(CC)COCCCN,187.32699999999994,2.5682,0.0,0.0,0.0,0.0,,0.0,0.0,0.0,0.0,,,0.0
CCCCC(CC)COC(=O)C=Cc1ccc(OC)cc1,290.403,4.468000000000004,0.0,0.0,0.0,0.0,0.0,0.0,0.0,0.0,0.0,0.0,0.0,0.0
CCCCC(CC)COCCC#N,183.29499999999996,3.1330800000000014,0.0,0.0,0.0,0.0,0.0,0.0,0.0,0.0,0.0,0.0,0.0,0.0
CCCCC(CC)COP(=O)(Oc1ccccc1)Oc1ccccc1,362.40600000000006,6.485500000000006,0.0,0.0,0.0,0.0,0.0,0.0,0.0,0.0,0.0,,,0.0
Oc1ccc(CCNCCCCCCNCCc2ccccc2)cc1O,356.51,3.6226000000000025,0.0,0.0,0.0,0.0,0.0,0.0,,,0.0,0.0,0.0,0.0
O=NN(CCCl)C(=O)NC1CCCCC1,233.69899999999996,2.2509000000000006,,,,,,,,0.0,,0.0,,
CC(Oc1c(Cl)cccc1Cl)C1=NCCN1,259.13599999999997,2.7624000000000004,,,,,,,,,,0.0,,
C#C[C@]1(OC(=O)CCCCCC)CC[C@H]2[C@@H]3CCC4=CC(=O)CC[C@@H]4[C@H]3CC[C@@]21C,410.59800000000024,6.013800000000007,1.0,1.0,0.0,,1.0,1.0,0.0,,0.0,,1.0,
CCCCc1nc(Cl)c(CO)n1Cc1ccc(-c2ccccc2-c2nnn[nH]2)cc1,422.9200000000001,4.2668000000000035,0.0,0.0,0.0,0.0,0.0,0.0,1.0,0.0,0.0,0.0,,0.0
O=C1Nc2ccc(Cl)cc2C(c2ccccc2Cl)=NC1O,321.163,3.1013000000000015,0.0,0.0,0.0,0.0,0.0,0.0,0.0,,0.0,,0.0,0.0
CCOC(=O)N1CCC(=C2c3ccc(Cl)cc3CCc3cccnc32)CC1,382.89100000000025,4.887800000000005,0.0,0.0,0.0,0.0,,0.0,0.0,1.0,,,,1.0
COc1cc(OC)nc(Sc2cccc(Cl)c2C(=O)[O-])n1,325.7530000000001,1.6619000000000002,0.0,0.0,0.0,0.0,0.0,0.0,0.0,0.0,0.0,0.0,0.0,0.0
CCCSP(=S)(OCC)Oc1ccc(SC)cc1,322.457,5.191500000000004,0.0,0.0,1.0,0.0,0.0,0.0,0.0,0.0,0.0,,,0.0
Cc1cnc(C2=NC(=O)C(C)(C(C)C)N2)c(C(=O)O)c1,275.308,1.37932,0.0,0.0,0.0,0.0,,0.0,0.0,0.0,0.0,0.0,,0.0
Cc1cc(Cl)ccc1OCC(=O)[O-],199.61299999999997,0.7771199999999996,0.0,0.0,0.0,0.0,0.0,0.0,0.0,0.0,0.0,0.0,0.0,0.0
O=C(CS)Nc1ccccc1,167.233,1.5549,0.0,,1.0,0.0,1.0,0.0,0.0,0.0,0.0,,,1.0
COc1ccc(CCN(C)CCCC(C#N)(c2ccc(OC)c(OC)c2)C(C)C)cc1OC,454.6110000000002,5.093080000000005,0.0,0.0,0.0,0.0,,0.0,,0.0,0.0,0.0,,0.0
C[Si](C)(C)O[Si](C)(C)C,162.38099999999997,2.6728000000000005,0.0,0.0,0.0,0.0,0.0,0.0,0.0,0.0,0.0,0.0,0.0,0.0
C=C(C)CC(C)(C)C,112.21599999999998,2.9987000000000013,0.0,0.0,0.0,0.0,0.0,0.0,0.0,0.0,0.0,0.0,0.0,0.0
CC(C)=CC(C)(C)C,112.216,2.9987000000000013,0.0,0.0,0.0,0.0,0.0,0.0,0.0,0.0,0.0,0.0,0.0,0.0
CC(=O)OCC1=C(C(=O)O)N2C(=O)[C@@H](NC(=O)Cc3ccccc3)[C@H]2SC1,390.4170000000001,0.530800000000001,0.0,0.0,,0.0,0.0,0.0,0.0,,0.0,,0.0,0.0
COc1cc(C(=S)N2CCOCC2)ccc1O,253.32299999999995,1.4084999999999999,0.0,0.0,0.0,0.0,0.0,0.0,0.0,0.0,0.0,0.0,0.0,0.0
Cn1c(=N)[nH]c2[nH]cnc2c1=O,165.15599999999998,-0.9308300000000007,0.0,0.0,,0.0,0.0,0.0,0.0,0.0,0.0,0.0,0.0,0.0
O=C(O)c1ccc(NC2OC[C@@H](O)[C@H](O)[C@H]2O)cc1,269.253,-0.7643000000000009,0.0,0.0,0.0,,0.0,0.0,0.0,,0.0,,0.0,0.0
O=C(O)COc1ccc(CCNS(=O)(=O)c2ccccc2)s1,341.40999999999997,1.7324999999999997,0.0,0.0,0.0,0.0,0.0,0.0,0.0,,0.0,,0.0,0.0
COc1cc2[nH]c(=O)[nH]c(=O)c2cc1OC,222.2,0.23359999999999992,0.0,0.0,0.0,0.0,,0.0,0.0,0.0,0.0,0.0,0.0,0.0
C[C@H]1[C@@H](c2ccccc2)N=C(O)N1C,190.24599999999995,1.9756000000000002,0.0,0.0,0.0,0.0,0.0,0.0,0.0,0.0,0.0,0.0,,0.0
CCOC(=O)CC(=O)c1cc(F)c(Cl)nc1Cl,280.082,2.663400000000001,0.0,0.0,0.0,0.0,0.0,0.0,0.0,0.0,0.0,0.0,0.0,0.0
CCC(C=O)CC,100.161,1.6215,0.0,0.0,0.0,0.0,0.0,0.0,0.0,0.0,0.0,0.0,0.0,0.0
CC(=O)NC(=O)c1ccccc1O,179.17499999999998,0.6685000000000001,0.0,0.0,0.0,0.0,0.0,0.0,0.0,0.0,0.0,0.0,0.0,0.0
CCCCN1CCCC1C(=O)Nc1c(C)cc(C)cc1C,288.435,3.814860000000002,0.0,0.0,,0.0,0.0,0.0,0.0,0.0,0.0,0.0,,0.0
BrCC(Br)C1CCC(Br)C(Br)C1,427.8,4.471900000000002,1.0,0.0,0.0,0.0,0.0,0.0,0.0,,0.0,0.0,1.0,0.0
CNc1cnn(-c2cccc(C(F)(F)F)c2)c(=O)c1Cl,303.67100000000005,2.9464000000000006,0.0,0.0,1.0,,1.0,0.0,0.0,0.0,1.0,0.0,0.0,0.0
Brc1cc(Oc2cc(Br)c(Br)c(Br)c2Br)c(Br)c(Br)c1Br,801.3789999999999,9.5789,0.0,0.0,0.0,0.0,0.0,0.0,0.0,0.0,0.0,0.0,0.0,0.0
OCC(Br)=C(Br)CO,245.898,0.9723999999999999,0.0,0.0,,0.0,,0.0,0.0,0.0,0.0,0.0,,0.0
BrC/C=C/CBr,213.89999999999998,2.3324000000000007,0.0,0.0,0.0,0.0,0.0,0.0,0.0,,0.0,0.0,0.0,0.0
N#CC(Br)Br,198.845,1.62588,0.0,0.0,0.0,0.0,0.0,0.0,0.0,1.0,1.0,0.0,0.0,0.0
CC(C)Oc1cc(-n2nc(C(C)(C)C)oc2=O)c(Cl)cc1Cl,345.226,4.217000000000004,0.0,0.0,,,,0.0,,1.0,0.0,,1.0,0.0
CCCN(CCC)c1c([N+](=O)[O-])cc(S(N)(=O)=O)cc1[N+](=O)[O-],346.36500000000007,1.7768,0.0,1.0,0.0,,,0.0,,,0.0,0.0,1.0,
O=C1C(I)=CC(=C(c2cc(I)c(O)c(I)c2)c2ccccc2C(=O)O)C=C1I,821.912,6.322000000000003,0.0,0.0,0.0,0.0,0.0,0.0,,,0.0,,1.0,
CCCCCCCCCCCCCCCCCC[N+](C)(C)CCC[Si](OC)(OC)OC,460.8400000000002,7.592500000000008,0.0,0.0,0.0,0.0,1.0,1.0,0.0,,0.0,,0.0,0.0
C=C(C#N)CCC#N,106.128,1.36996,0.0,0.0,0.0,0.0,0.0,0.0,0.0,1.0,0.0,0.0,0.0,0.0
BrCc1cccc(Oc2ccccc2)c1,263.134,4.373800000000003,0.0,0.0,0.0,0.0,1.0,,0.0,,0.0,0.0,,0.0
CC1(C)Cc2cccc(O)c2O1,164.20399999999998,2.1057,0.0,0.0,0.0,0.0,0.0,0.0,0.0,0.0,0.0,0.0,0.0,0.0
SC1CCCCC1,116.22900000000001,2.2489,0.0,0.0,0.0,0.0,0.0,0.0,0.0,0.0,0.0,0.0,,0.0
CCCCOCCOCCOCCOCCO,250.33499999999992,0.8452,0.0,0.0,0.0,0.0,,0.0,0.0,0.0,0.0,0.0,0.0,0.0
O=S(=O)([O-])CCO,125.12499999999999,-1.4760999999999997,0.0,0.0,0.0,0.0,0.0,0.0,0.0,0.0,0.0,0.0,0.0,0.0
Cc1ccc(OC(=O)c2ccccc2O)cc1,228.24700000000004,2.9198200000000014,0.0,0.0,0.0,,0.0,0.0,0.0,0.0,0.0,0.0,0.0,0.0
C=CCOCC(O)CS(=O)(=O)[O-],195.21599999999998,-0.9048999999999996,0.0,0.0,0.0,0.0,0.0,0.0,0.0,0.0,0.0,0.0,,0.0
N[C@@H](Cc1cc(I)c(Oc2ccc(O)c(I)c2)c(I)c1)C(=O)[O-],649.9680000000001,2.618000000000001,0.0,0.0,1.0,0.0,1.0,,,,0.0,0.0,,0.0
COC(=O)CCCCC(CCSS/C(CCO)=C(\C)N(C=O)Cc1cnc(C)nc1N)SC(C)=O,544.7650000000003,4.092720000000003,,,,,,,,0.0,,0.0,,
Cc1cc(=O)oc2cc(O[C@@H]3SC[C@@H](O)[C@H](O)[C@H]3O)ccc12,324.35400000000004,0.6358199999999998,,,,,,,,0.0,,0.0,,
COc1ccc(C)cc1N,137.18199999999996,1.58582,0.0,0.0,1.0,0.0,0.0,0.0,0.0,0.0,0.0,0.0,0.0,0.0
CC(C)NC(=O)c1ccc(C=O)cc1,191.23,1.6373,,,,,,,,0.0,,0.0,,
CCCCOCCOC(=O)c1cccnc1,223.27200000000002,2.0551,,,,,,,,0.0,,0.0,,
Cc1ccc([N+](=O)[O-])c2c1O[Hg]2,351.711,0.9184199999999998,,,,,,,,,,1.0,,
COc1cc(CC#N)cc(OC)c1OC,207.22899999999998,1.7784799999999998,,,,,,,,0.0,,0.0,,
CC(=O)OC[C@H]1O[C@@H](OC(C)=O)[C@H](OC(C)=O)[C@@H]1OC(C)=O,318.2780000000001,-0.2990999999999997,,,,,,,,0.0,,0.0,,
CCC(=O)O[C@]1(C(=O)COC)[C@@H](C)C[C@H]2[C@@H]3CCC4=CC(=O)C=C[C@]4(C)C3(F)[C@@H](O)C[C@@]21C,462.5580000000002,3.5107000000000026,,,,,,,,0.0,,0.0,,
C#CC(C)(CC)OC(=O)c1ccccc1C(=O)O,246.262,2.3435,,,,,,,,0.0,,0.0,,
CCCCCOc1ccccc1/C(=C\SC)n1ccnc1,302.443,4.661800000000004,,,,,,,,1.0,,1.0,,
CC[Hg]Sc1ccccc1C(=O)[O-],381.82600000000014,1.5778999999999994,0.0,1.0,,,,1.0,1.0,1.0,1.0,1.0,,1.0
C=C(C)C(=O)O,86.08999999999997,0.6471,0.0,0.0,0.0,0.0,0.0,0.0,0.0,0.0,0.0,0.0,0.0,0.0
CC(C/N=C/c1ccccc1O)/N=C/c1ccccc1O,282.343,3.0243000000000015,0.0,0.0,1.0,0.0,0.0,0.0,0.0,,0.0,0.0,0.0,0.0
CN1CCC(CN2c3ccccc3Sc3ccccc32)C1,296.4390000000001,4.241000000000003,0.0,0.0,0.0,0.0,0.0,0.0,,,0.0,,,0.0
CC1(C)[C@H](C=C(Cl)Cl)[C@@H]1C(=O)O[C@@H](C#N)c1cccc(Oc2ccccc2)c1,416.30400000000014,6.177980000000004,0.0,0.0,0.0,0.0,,0.0,,0.0,0.0,,,0.0
O=C(O)c1cc(Br)c(O)c(Br)c1,295.914,2.6154,0.0,0.0,0.0,,0.0,0.0,0.0,0.0,0.0,0.0,0.0,0.0
CCCCC(CC)COC(=O)c1ccccc1,234.339,4.059800000000004,0.0,0.0,,0.0,0.0,0.0,0.0,0.0,0.0,0.0,,0.0
COC(=O)c1c(C)cc(O)c(C)c1O,196.202,1.5012399999999997,0.0,,0.0,0.0,1.0,,0.0,0.0,0.0,0.0,1.0,0.0
CCCCCC1CCCC(=O)O1,170.25199999999998,2.6624000000000008,0.0,0.0,0.0,0.0,0.0,0.0,0.0,0.0,0.0,0.0,0.0,0.0
N#Cc1ccc(C(=O)O)cc1,147.13299999999998,1.25648,0.0,0.0,0.0,0.0,0.0,0.0,0.0,0.0,0.0,0.0,0.0,0.0
NCCc1cc[nH]n1,111.14799999999998,-0.08910000000000035,0.0,0.0,0.0,0.0,0.0,0.0,0.0,0.0,0.0,0.0,0.0,0.0
O=C(O)c1cn(C2CC2)c2cc(N3CCNCC3)c(F)cc2c1=O,331.34700000000004,1.5833,0.0,0.0,0.0,0.0,0.0,0.0,0.0,,0.0,0.0,0.0,0.0
CN1CCC[C@@H]1CCO[C@](C)(c1ccccc1)c1ccc(Cl)cc1,343.898,5.104400000000005,0.0,0.0,0.0,0.0,0.0,0.0,0.0,,0.0,0.0,,0.0
Cc1c(-c2ccccc2)oc2c(C(=O)OCCN3CCCCC3)cccc2c1=O,391.46700000000016,4.411120000000004,0.0,0.0,0.0,0.0,0.0,0.0,0.0,0.0,0.0,0.0,0.0,0.0
COc1cc(N)c(Cl)cc1C(=O)NC1CCN(Cc2ccccc2)CC1,373.8840000000002,3.3252000000000024,0.0,0.0,0.0,0.0,0.0,0.0,0.0,0.0,0.0,0.0,0.0,0.0
CCOC(=O)Nc1ccc2c(c1)N(C(=O)CCN1CCOCC1)c1ccccc1S2,427.52600000000024,4.106600000000004,1.0,0.0,,0.0,0.0,0.0,0.0,1.0,0.0,0.0,,0.0
N[C@@H]1C[C@H]1c1ccccc1,133.194,1.5011999999999999,0.0,0.0,0.0,0.0,0.0,0.0,0.0,0.0,0.0,0.0,,0.0
CNC(C)(C)Cc1ccccc1.CNC(C)(C)Cc1ccccc1,326.528,4.454200000000004,0.0,0.0,0.0,0.0,0.0,0.0,0.0,0.0,0.0,0.0,0.0,0.0
CC(=O)c1ccc2c(c1)N(CCCN(C)C)c1ccccc1S2,326.465,4.443600000000004,0.0,0.0,0.0,0.0,0.0,0.0,0.0,0.0,0.0,0.0,,0.0
c1ccc(CN(CC2=NCCN2)c2ccccc2)cc1,265.36,2.6949000000000014,0.0,0.0,0.0,0.0,0.0,0.0,0.0,0.0,0.0,0.0,0.0,
NS(=O)(=O)C(F)(F)C(F)(F)C(F)(F)C(F)(F)C(F)(F)C(F)(F)C(F)(F)C(F)(F)F,499.14199999999994,4.2418000000000005,0.0,,0.0,,0.0,1.0,0.0,,0.0,1.0,1.0,1.0
CCC(C)c1cc(C(C)(C)C)c(O)c(C(C)(C)C)c1,262.43699999999995,5.500700000000006,0.0,0.0,0.0,0.0,0.0,0.0,1.0,0.0,0.0,0.0,1.0,0.0
C=CC(C)CCCC(C)(C)O,156.269,2.749700000000001,0.0,0.0,0.0,0.0,0.0,0.0,0.0,0.0,0.0,0.0,0.0,0.0
Cc1cccc(C#N)c1,117.151,1.8667,0.0,0.0,0.0,0.0,1.0,0.0,0.0,0.0,0.0,0.0,,0.0
CC(C)(C)CC(C)(C)c1ccc(Nc2ccc(C(C)(C)CC(C)(C)C)cc2)cc1,393.65900000000016,8.857800000000003,0.0,0.0,0.0,0.0,0.0,0.0,0.0,0.0,0.0,0.0,0.0,0.0
Cc1ccccc1N,107.156,1.57722,0.0,0.0,0.0,0.0,1.0,0.0,0.0,0.0,0.0,0.0,0.0,0.0
NCc1cccc(CN)c1,136.198,0.604,0.0,0.0,0.0,0.0,0.0,0.0,0.0,0.0,0.0,0.0,0.0,0.0
COC(=O)CCC(=O)OC,146.142,0.11259999999999981,0.0,0.0,0.0,0.0,0.0,0.0,0.0,0.0,0.0,0.0,0.0,0.0
COP(=O)(O)OC,126.04799999999997,0.37959999999999994,0.0,0.0,0.0,0.0,0.0,0.0,0.0,0.0,0.0,0.0,0.0,0.0
CNC(=O)NC,88.11,-0.4548000000000001,0.0,0.0,0.0,0.0,0.0,0.0,0.0,0.0,0.0,0.0,0.0,0.0
Cl[Dy](Cl)Cl,268.85900000000004,2.0685000000000002,0.0,0.0,0.0,0.0,0.0,0.0,,0.0,0.0,0.0,,0.0
CC1CCc2cc(F)cc3c(=O)c(C(=O)O)cn1c23,261.252,2.346,0.0,0.0,0.0,0.0,0.0,0.0,0.0,0.0,0.0,0.0,,0.0
O=C(O)CCNC(=O)c1ccccc1,193.20200000000003,0.8911,0.0,0.0,0.0,,,0.0,0.0,0.0,0.0,0.0,0.0,0.0
OCC(O)CN1CCN(c2ccccc2)CC1,236.31500000000003,0.16179999999999972,0.0,0.0,0.0,0.0,0.0,0.0,0.0,0.0,0.0,0.0,0.0,0.0
CCCOc1ccc2[nH]c(NC(=O)OC)nc2c1,249.26999999999998,2.5300000000000002,0.0,,,0.0,0.0,,0.0,1.0,1.0,0.0,0.0,1.0
Cc1cc(C)c(C=C2C(=O)Nc3ccccc32)[nH]1,238.29000000000002,3.1242400000000004,0.0,,1.0,0.0,0.0,,0.0,1.0,0.0,0.0,1.0,
CCC[C@@H]1C[C@@H](C(=O)N[C@H]([C@H](C)Cl)[C@H]2O[C@H](SC)[C@H](O)[C@@H](O)[C@H]2O)N(C)C1,424.99100000000016,0.38950000000000035,0.0,0.0,0.0,0.0,0.0,0.0,0.0,,0.0,,0.0,0.0
O=c1cc(CO)occ1O,142.10999999999999,-0.1623,0.0,0.0,0.0,0.0,0.0,0.0,0.0,0.0,0.0,0.0,0.0,0.0
Nc1nc(N)nc(-c2cc(Cl)ccc2Cl)n1,256.096,2.0098,0.0,0.0,0.0,0.0,0.0,0.0,0.0,0.0,0.0,0.0,0.0,0.0
NC(=S)Nc1cccc2ccccc12,202.28199999999998,2.4953000000000003,0.0,0.0,0.0,0.0,0.0,0.0,0.0,0.0,0.0,0.0,0.0,0.0
c1ccc2cc(Nc3ccc(Nc4ccc5ccccc5c4)cc3)ccc2c1,360.4600000000001,7.480200000000004,0.0,,1.0,0.0,0.0,,,0.0,0.0,0.0,0.0,0.0
c1ccc2ccccc2c1,128.17399999999995,2.839800000000001,0.0,0.0,0.0,0.0,0.0,0.0,0.0,0.0,0.0,0.0,0.0,0.0
CCn1cc(C(=O)O)c(=O)c2ccc(C)nc21,232.23899999999998,1.4230200000000002,0.0,0.0,0.0,0.0,0.0,0.0,0.0,0.0,0.0,0.0,0.0,0.0
CC(C)(Oc1ccc(C2CCCc3ccccc32)cc1)C(=O)O,310.39300000000003,4.396800000000003,0.0,0.0,0.0,0.0,1.0,0.0,1.0,,0.0,,0.0,0.0
CS(=O)(=O)OCCCCOS(C)(=O)=O,246.30599999999998,-0.2809999999999997,0.0,0.0,0.0,0.0,1.0,0.0,0.0,0.0,0.0,0.0,0.0,0.0
NCCNc1cccc2ccccc12,186.25799999999998,2.2104,0.0,0.0,1.0,1.0,0.0,0.0,0.0,0.0,0.0,0.0,,1.0
Nc1cccc2c(N)cccc12,158.204,2.0042,0.0,0.0,1.0,0.0,,0.0,0.0,1.0,0.0,0.0,1.0,0.0
O=C(O)Cc1cccc2ccccc12,186.21,2.4669000000000008,0.0,0.0,0.0,0.0,0.0,0.0,1.0,0.0,0.0,0.0,0.0,0.0
NC(=O)Cc1cccc2ccccc12,185.226,1.8676,0.0,0.0,0.0,0.0,0.0,0.0,0.0,,0.0,0.0,0.0,0.0
CCOC(=O)C1=C[C@@H](OC(CC)CC)[C@H](NC(C)=O)[C@@H](N)C1,312.41,1.2853999999999997,0.0,0.0,0.0,0.0,0.0,0.0,0.0,,0.0,,0.0,0.0
CCCSSCCC,150.31199999999998,3.187800000000002,0.0,0.0,0.0,0.0,0.0,0.0,0.0,0.0,0.0,0.0,0.0,0.0
C=Cc1c(C)c2cc3nc(c(CC(=O)[O-])c4[n-]c(cc5nc(cc1[n-]2)c(C)c5CC)c(C)c4C(=O)[O-])C(CCC(=O)[O-])C3C.[Cu+2],655.1900000000004,2.2443399999999993,0.0,0.0,1.0,0.0,0.0,0.0,0.0,,0.0,,0.0,0.0
CCC1(c2cccc(O)c2)CCCCN(C)C1,233.3549999999999,3.1557000000000013,0.0,0.0,0.0,0.0,0.0,0.0,0.0,0.0,0.0,0.0,,0.0
CC(C)C[C@H](CN)CC(=O)O,159.229,1.0821,0.0,0.0,0.0,0.0,1.0,0.0,0.0,,0.0,,0.0,0.0
CCC(=O)NCCC1CCc2ccc3c(c21)CCO3,259.34899999999993,2.5676000000000005,0.0,0.0,0.0,0.0,1.0,0.0,0.0,,0.0,,,0.0
NC[C@H]1O[C@H](O[C@@H]2[C@@H](N)C[C@@H](N)C(O)[C@H]2O[C@@H]2O[C@H](CO)[C@@H](O)[C@H]2O)[C@H](N)[C@@H](O)[C@@H]1O,454.4770000000001,-6.652299999999997,0.0,0.0,0.0,0.0,0.0,0.0,0.0,0.0,0.0,0.0,0.0,0.0
CCc1c2c(nc3ccc(OC(=O)N4CCC(N5CCCCC5)CC4)cc13)-c1cc3c(c(=O)n1C2)COC(=O)[C@]3(O)CC,586.6890000000004,4.0911000000000035,0.0,0.0,0.0,,,0.0,,,0.0,0.0,1.0,1.0
CCN(CC)CCOc1ccc2c(c1)C(=O)c1cc(OCCN(CC)CC)ccc1-2,410.5580000000003,4.339200000000004,,,,,,,,,,0.0,,
O=C(CCCCCCCCCCCCC1CCCC1)Nc1ccc(S(=O)(=O)c2ccc(NC(=O)CCCCCCCCCCCCC3CCCC3)cc2)cc1,777.2129999999992,14.139199999999972,0.0,0.0,0.0,0.0,0.0,0.0,0.0,,0.0,,0.0,0.0
Nc1cc(C(Cl)=C(Cl)Cl)c(S(N)(=O)=O)cc1S(N)(=O)=O,380.66200000000015,0.9060999999999999,0.0,0.0,0.0,0.0,0.0,0.0,0.0,0.0,0.0,0.0,0.0,0.0
CC(=O)Oc1ccc(C2(c3ccc(OC(C)=O)cc3)C(=O)Nc3ccccc32)cc1,401.41800000000006,3.8237000000000023,0.0,0.0,0.0,,,0.0,0.0,0.0,0.0,0.0,1.0,1.0
CC(=O)O[C@H]1C(=O)[C@]2(C)[C@@H](O)C[C@H]3OC[C@@]3(OC(C)=O)[C@H]2[C@H](OC(=O)c2ccccc2)[C@]2(O)C[C@H](OC(=O)[C@H](O)[C@@H](NC(=O)c3ccccc3)c3ccccc3)C(C)=C1C2(C)C,853.9180000000001,3.735700000000003,0.0,,0.0,0.0,,0.0,0.0,,0.0,,,
NCCC(O)(P(=O)(O)O)P(=O)(O)O,235.069,-1.6633000000000002,,,,,,,,0.0,,0.0,,
CC(=O)O[C@H]1C[C@@H]2CC[C@@H]3[C@H](CC[C@@]4(C)[C@H]3C[C@H]([N+]3(C)CCCCC3)[C@@H]4OC(C)=O)[C@@]2(C)C[C@@H]1[N+]1(C)CCCCC1,572.8750000000001,6.110500000000007,0.0,0.0,0.0,0.0,0.0,0.0,0.0,,0.0,,0.0,0.0
COc1ccnc(CS(=O)c2nc3cc(OC(F)F)ccc3[nH]2)c1OC,383.3760000000001,2.8843000000000005,0.0,0.0,1.0,,,0.0,0.0,1.0,0.0,0.0,0.0,0.0
CC1(C)NC(=O)NC1=O,128.131,-0.3956000000000001,0.0,0.0,0.0,0.0,0.0,0.0,0.0,0.0,0.0,0.0,0.0,0.0
CC1OC(C)OC(C)O1,132.159,1.0877999999999999,0.0,0.0,0.0,0.0,0.0,0.0,0.0,0.0,0.0,0.0,0.0,0.0
CCN(CC)CCCC(C)Nc1ccnc2cc(Cl)ccc12,319.88000000000005,4.810600000000004,0.0,0.0,0.0,0.0,0.0,0.0,0.0,0.0,0.0,0.0,0.0,0.0
NCCCN(CCO)CCO,162.23299999999998,-1.3781999999999992,0.0,0.0,0.0,0.0,0.0,0.0,0.0,0.0,0.0,0.0,0.0,0.0
Nc1ccccn1,94.117,0.6638000000000001,0.0,0.0,0.0,0.0,0.0,0.0,0.0,0.0,0.0,0.0,,0.0
CCOc1ccc(OCC)c(Cl)c1,200.665,3.1374000000000013,0.0,0.0,0.0,0.0,0.0,0.0,0.0,0.0,0.0,0.0,,0.0
O=C([O-])C1=NN(c2ccc(S(=O)(=O)O)cc2)C(=O)C1,283.24100000000004,-1.2241,0.0,0.0,0.0,0.0,0.0,0.0,0.0,0.0,0.0,0.0,0.0,0.0
N#CC(Cl)(Cl)Cl,144.388,1.88018,0.0,0.0,0.0,0.0,0.0,0.0,0.0,0.0,0.0,0.0,,0.0
NC(=O)C(Cl)(Cl)Cl,162.40300000000002,0.8418999999999999,0.0,0.0,0.0,0.0,1.0,0.0,0.0,1.0,0.0,0.0,0.0,0.0
Nc1nc(-c2ccccc2)cs1,176.24399999999997,2.3923000000000005,0.0,0.0,1.0,,1.0,0.0,0.0,1.0,,0.0,1.0,0.0
CC(=O)C(Cl)(Cl)Cl,161.41500000000002,1.9456,0.0,0.0,0.0,,,,,,0.0,0.0,1.0,0.0
C(=C(c1ccccc1)c1ccccc1)c1ccccc1,256.348,5.2755000000000045,0.0,0.0,,0.0,1.0,1.0,0.0,0.0,0.0,0.0,1.0,0.0
CCOCCOC(C)=O,132.159,0.5860000000000001,0.0,0.0,0.0,0.0,0.0,0.0,0.0,0.0,0.0,0.0,0.0,0.0
CCCCCCBr,165.074,2.9616000000000016,0.0,0.0,0.0,0.0,0.0,0.0,0.0,0.0,0.0,0.0,0.0,0.0
Oc1ccc(C(c2ccc(O)cc2)C(Cl)(Cl)Cl)cc1,317.59900000000005,4.599900000000002,0.0,0.0,,,1.0,,,1.0,0.0,1.0,1.0,
C[C@@H]1O[C@@H](OC[C@H]2O[C@@H](Oc3c(-c4ccc(O)c(O)c4)oc4cc(O)cc(O)c4c3=O)[C@H](O)[C@@H](O)[C@@H]2O)[C@H](O)[C@H](O)[C@H]1O,610.5210000000004,-1.6871000000000003,0.0,0.0,0.0,0.0,1.0,0.0,0.0,0.0,0.0,0.0,0.0,0.0
CCNCCO,89.13799999999999,-0.4118000000000001,0.0,0.0,0.0,0.0,1.0,0.0,0.0,0.0,0.0,0.0,0.0,0.0
C1CCCCC1,84.162,2.3406000000000002,0.0,0.0,0.0,0.0,0.0,0.0,0.0,0.0,0.0,0.0,0.0,0.0
Nc1cc(S(=O)(=O)O)ccc1O,189.192,0.22109999999999985,0.0,0.0,0.0,0.0,0.0,0.0,0.0,0.0,0.0,0.0,0.0,0.0
c1ccncc1,79.10199999999998,1.0816,0.0,0.0,0.0,0.0,0.0,0.0,0.0,0.0,0.0,0.0,0.0,0.0
C1OCOCO1,90.078,-0.07769999999999999,0.0,0.0,0.0,,,0.0,0.0,0.0,0.0,0.0,0.0,0.0
O=S(=O)([O-])c1ccc(Nc2nc(Nc3ccc(/C=C/c4ccc(Nc5nc(Nc6ccc(S(=O)(=O)[O-])cc6)nc(N(CCO)CCO)n5)cc4S(=O)(=O)[O-])c(S(=O)(=O)[O-])c3)nc(N(CCO)CCO)n2)cc1,1073.0959999999998,0.3998000000000007,0.0,,0.0,0.0,0.0,,,0.0,0.0,,0.0,1.0
FB(F)F,67.80600000000001,0.8798,0.0,0.0,0.0,0.0,0.0,0.0,0.0,0.0,0.0,0.0,0.0,0.0
Clc1ccccc1-c1ccccc1Cl,223.102,4.660400000000002,0.0,0.0,0.0,,1.0,1.0,0.0,0.0,0.0,0.0,1.0,
CCCCOCCCC,130.231,2.603200000000001,0.0,0.0,0.0,0.0,0.0,0.0,0.0,0.0,0.0,0.0,0.0,0.0
O=C1c2ccccc2C(=O)c2cc(S(=O)(=O)[O-])ccc21,287.272,1.3661,0.0,0.0,0.0,0.0,0.0,0.0,0.0,,0.0,0.0,0.0,0.0
CC(=O)Oc1ccc(C(C)=O)cc1,178.18699999999998,1.8145,0.0,0.0,0.0,0.0,0.0,0.0,0.0,0.0,0.0,0.0,,0.0
CC(C)c1ccc2c(C(C)C)cc(C(C)C)c(S(=O)(=O)[O-])c2c1,333.47300000000007,5.114100000000005,0.0,0.0,0.0,0.0,0.0,0.0,0.0,1.0,0.0,0.0,0.0,0.0
CC(=O)c1cc(C(C)(C)C)cc2c1CCC2(C)C,244.37799999999993,4.410500000000004,0.0,0.0,0.0,,0.0,0.0,0.0,0.0,0.0,,1.0,
CCN(CCC#N)c1ccc(N=Nc2c(Cl)cc([N+](=O)[O-])cc2Cl)cc1,392.2460000000001,6.056980000000004,0.0,0.0,,,0.0,0.0,0.0,1.0,0.0,0.0,,
CCCCC(CC)CNCC(CC)CCCC,241.46299999999994,5.008800000000004,,,0.0,0.0,,0.0,0.0,0.0,0.0,0.0,0.0,0.0
CCCCn1cc[n+](C)c1C,153.24899999999997,1.42112,0.0,0.0,0.0,0.0,0.0,0.0,0.0,,0.0,0.0,0.0,0.0
CCCCCCCC[N+](C)(CCCCCCCC)CCCCCCCC.O=S(=O)([O-])C(F)(F)F,517.7830000000004,8.565900000000008,0.0,,,,,,,,,,1.0,
CN(C)N=O,74.083,0.22939999999999994,0.0,0.0,0.0,0.0,0.0,0.0,0.0,0.0,0.0,0.0,0.0,0.0
CCN(CC)N=O,102.137,1.0095999999999998,0.0,0.0,0.0,0.0,1.0,0.0,0.0,0.0,0.0,0.0,0.0,0.0
CCCCCCCCCCn1cc[n+](C)c1.O=S(=O)([N-]S(=O)(=O)C(F)(F)F)C(F)(F)F,503.53100000000006,4.512600000000004,0.0,0.0,0.0,1.0,,,0.0,1.0,0.0,1.0,,
CCC(Cl)CCC(Cl)C(Cl)CC(Cl)C(Cl)C(Cl)CCl,411.45500000000004,6.449900000000004,0.0,0.0,0.0,0.0,0.0,0.0,0.0,0.0,0.0,,,0.0
O=C(O)C1C(C(=O)O)C2(Cl)C(Cl)=C(Cl)C1(Cl)C2(Cl)Cl,388.845,3.2335000000000003,0.0,0.0,,0.0,0.0,0.0,0.0,0.0,0.0,0.0,0.0,0.0
OC(O)C(Cl)(Cl)Cl,165.403,0.6672999999999998,0.0,0.0,0.0,,0.0,0.0,0.0,0.0,0.0,0.0,0.0,0.0
C[C@H](CCC(=O)O)[C@H]1CC[C@H]2[C@H]3[C@H](CC[C@@]21C)[C@@]1(C)CC[C@@H](O)C[C@H]1C[C@H]3O,392.58000000000015,4.477900000000006,1.0,0.0,0.0,0.0,0.0,0.0,0.0,,0.0,0.0,,0.0
O=C(O)CCCc1ccc(N(CCCl)CCCl)cc1,304.217,3.377900000000002,0.0,0.0,0.0,0.0,0.0,0.0,0.0,1.0,1.0,0.0,0.0,1.0
Nc1cc(Cl)cc(C(=O)O)c1Cl,206.028,2.2738,0.0,0.0,0.0,0.0,0.0,0.0,0.0,0.0,0.0,0.0,0.0,0.0
O=C(N[C@H](CO)[C@H](O)c1ccc([N+](=O)[O-])cc1)C(Cl)Cl,323.13199999999995,0.9089999999999998,0.0,0.0,0.0,0.0,0.0,0.0,0.0,0.0,0.0,0.0,0.0,0.0
ClC1=C(Cl)[C@@]2(Cl)[C@H]3[C@H](CC(Cl)[C@@H]3Cl)C1(Cl)C2(Cl)Cl,409.78200000000004,5.682800000000001,0.0,,0.0,,,,,1.0,0.0,1.0,1.0,
O=C1C(Cl)=C(Cl)C(=O)C(Cl)=C1Cl,245.876,2.5166,0.0,,1.0,,0.0,1.0,,,0.0,1.0,1.0,1.0
CCCCCCCCCCCCn1cc[n+](C)c1.F[B-](F)(F)F,338.24199999999996,5.533500000000005,0.0,,,1.0,,,,1.0,,,1.0,
CCCCCCn1cc[n+](C)c1.F[B-](F)(F)F,254.07999999999996,3.1929000000000016,0.0,0.0,0.0,0.0,,0.0,0.0,1.0,0.0,0.0,0.0,0.0
CCCn1cc[n+](C)c1.F[B-](F)(F)F,211.99899999999994,2.0226,0.0,0.0,0.0,0.0,0.0,0.0,0.0,0.0,0.0,0.0,0.0,0.0
CCCn1cc[n+](C)c1C,139.22199999999998,1.03102,0.0,0.0,0.0,0.0,0.0,0.0,0.0,0.0,0.0,0.0,,0.0
c1ccc2cc3c4ccccc4c4ccccc4c3cc2c1,278.354,6.299400000000003,0.0,0.0,1.0,1.0,,0.0,0.0,1.0,0.0,,,0.0
CCCC[P+](CC)(CCCC)CCCC.CCOP(=O)([O-])OCC,384.47800000000007,5.952000000000006,0.0,0.0,0.0,0.0,0.0,0.0,0.0,0.0,0.0,0.0,0.0,0.0
CCC(C)(CCCC(C)C)OC(C)=O,200.32199999999997,3.544500000000003,0.0,0.0,0.0,0.0,0.0,0.0,0.0,0.0,0.0,0.0,0.0,0.0
CC/C=C\CCOC(C)=O,142.198,1.9058,0.0,0.0,0.0,0.0,0.0,0.0,0.0,0.0,0.0,0.0,0.0,0.0
CC(C)=C1CC[C@@H](C)CC1=O,152.237,2.711900000000001,,,0.0,,,0.0,0.0,0.0,0.0,0.0,0.0,0.0
CC/C=C1/OC(=O)c2ccccc21,174.19899999999998,2.6079000000000008,0.0,0.0,0.0,0.0,,0.0,0.0,0.0,0.0,,0.0,0.0
Cc1ccccc1C(=O)O,136.15,1.69322,,,0.0,,0.0,0.0,0.0,0.0,0.0,0.0,0.0,0.0
CN1CCN(c2cc3c(cc2F)c(=O)c(C(=O)O)cn3-c2ccc(F)cc2)CC1,399.3970000000001,2.7189000000000014,1.0,0.0,0.0,0.0,0.0,0.0,0.0,0.0,0.0,0.0,,0.0
Cc1ncc(COP(=O)(O)O)c(C=O)c1O,247.143,0.5174199999999998,,,,,,,,0.0,,0.0,,
N=C(N)NCCC[C@H](NC(=O)[C@@H]1CCCN1C(=O)[C@@H]1CSSC[C@H](N)C(=O)N[C@@H](Cc2ccc(O)cc2)C(=O)N[C@@H](Cc2ccccc2)C(=O)N[C@@H](CCC(N)=O)C(=O)N[C@@H](CC(N)=O)C(=O)N1)C(=O)NCC(N)=O,1084.253,-5.194830000000016,0.0,0.0,0.0,0.0,1.0,1.0,0.0,,0.0,,0.0,0.0
CCN1C(=CC=Cc2sc3ccccc3[n+]2CC)Sc2ccccc21,365.547,5.6955000000000044,0.0,,,,,,,1.0,,0.0,,1.0
CC(C)=CCC/C(C)=C/C=C\C(C)=C\C=C\C(C)=C\C=C/C=C(C)/C=C/C=C(C)/C=C\C=C(/C)CCC=C(C)C,536.8880000000003,12.937999999999976,0.0,1.0,0.0,0.0,1.0,1.0,0.0,,0.0,,0.0,0.0
O=C1c2ccccc2C(=O)N1CO,177.15899999999996,0.2324,0.0,0.0,0.0,0.0,0.0,0.0,0.0,0.0,0.0,0.0,0.0,0.0
O=c1[nH]c2ccccc2c(=O)o1,163.13199999999995,0.4813,0.0,0.0,,0.0,0.0,0.0,0.0,0.0,0.0,0.0,0.0,0.0
O=C(O)c1ccc2cc(O)ccc2c1,188.182,2.2436,0.0,0.0,,0.0,,0.0,0.0,0.0,0.0,0.0,0.0,0.0
C[C@@H]1CC[C@H]2[C@@H](C)[C@H](OC(=O)CCC(=O)O)O[C@@H]3O[C@]4(C)CC[C@@H]1C23OO4,384.4250000000002,2.6024000000000003,0.0,0.0,0.0,,0.0,0.0,,,,,,
CCn1cc(C(=O)O)c(=O)c2cnc(N3CCCC3)nc21,288.307,1.1098000000000001,0.0,0.0,0.0,0.0,0.0,0.0,0.0,0.0,0.0,0.0,0.0,0.0
Cc1ccc(C#N)cc1,117.151,1.8667,0.0,0.0,0.0,0.0,0.0,0.0,0.0,0.0,0.0,0.0,,0.0
Oc1ccc(Cc2ccccc2)cc1,184.23800000000003,2.9830000000000005,0.0,0.0,0.0,0.0,1.0,1.0,0.0,,0.0,0.0,1.0,0.0
COc1cc(C(=O)OCCCN2CCCN(CCCOC(=O)c3cc(OC)c(OC)c(OC)c3)CC2)cc(OC)c1OC,604.6970000000003,3.539900000000002,,,,,,,,1.0,,0.0,,
CCC(O)C(C)(C)C,116.204,1.8034,0.0,0.0,0.0,0.0,,0.0,0.0,0.0,0.0,0.0,0.0,0.0
CCC(C)(C)C(=O)O,116.15999999999997,1.5072,,,0.0,0.0,,0.0,0.0,0.0,0.0,0.0,0.0,0.0
Cc1cc(O)c2c3c4c(cc(O)c13)C(C)(C)C(=O)c1c(O)cc(O)c(c1-4)C2=O,376.3640000000001,3.6559200000000014,0.0,,0.0,0.0,,0.0,0.0,,0.0,0.0,1.0,1.0
CC1CN(c2ccccc2)NC1=O,176.21899999999997,1.1739,0.0,0.0,1.0,,1.0,0.0,,,0.0,0.0,0.0,0.0
CCN1CCCC1=O,113.16,0.6287,0.0,0.0,0.0,0.0,0.0,0.0,0.0,0.0,0.0,0.0,0.0,0.0
O=S(=O)([O-])c1cc(O)ccc1O,189.168,0.0019000000000001793,0.0,0.0,,0.0,0.0,0.0,0.0,,0.0,0.0,0.0,0.0
ClC(Cl)=C(Cl)Cl,165.834,3.0682,0.0,0.0,0.0,0.0,,,0.0,0.0,0.0,0.0,0.0,0.0
ClC(Cl)C(Cl)Cl,167.85,2.5938,0.0,0.0,0.0,0.0,0.0,0.0,0.0,0.0,0.0,0.0,0.0,0.0
Clc1cc2c(cc1Cl)Oc1cc(Cl)c(Cl)cc1O2,321.97400000000005,6.198200000000001,0.0,0.0,1.0,,0.0,0.0,0.0,1.0,0.0,0.0,,0.0
Nc1cc(Cl)c(-c2cc(Cl)c(N)cc2Cl)cc1Cl,322.02200000000005,5.131600000000001,0.0,,1.0,1.0,,0.0,,1.0,1.0,1.0,1.0,1.0
ClCC(Cl)(Cl)Cl,167.85,2.5954000000000006,0.0,0.0,0.0,0.0,0.0,0.0,0.0,0.0,0.0,0.0,0.0,0.0
O=S(=O)(c1ccc(Cl)cc1)c1cc(Cl)c(Cl)cc1Cl,356.057,5.133000000000001,0.0,0.0,0.0,1.0,,0.0,,,0.0,0.0,1.0,1.0
O=C=NCCCCCCN=C=O,168.196,1.2184000000000001,0.0,0.0,0.0,0.0,0.0,0.0,0.0,0.0,0.0,0.0,0.0,0.0
Nc1ccc(-c2ccc(N)c(N)c2)cc1N,214.27199999999996,1.6824000000000001,0.0,0.0,1.0,1.0,0.0,0.0,0.0,1.0,0.0,,1.0,0.0
OCC1CCCO1,102.13300000000001,0.15769999999999995,0.0,0.0,0.0,0.0,0.0,0.0,0.0,0.0,0.0,0.0,0.0,0.0
O=C(OC(=O)c1ccccc1)c1ccccc1,226.231,2.6838000000000006,0.0,0.0,0.0,0.0,0.0,0.0,0.0,0.0,0.0,0.0,0.0,0.0
Oc1ccc(-c2ccc(O)cc2)cc1,186.21,2.764800000000001,0.0,0.0,0.0,,1.0,1.0,,1.0,1.0,0.0,1.0,1.0
CCOC(=O)C(C)O,118.13199999999998,-0.06970000000000004,0.0,0.0,0.0,0.0,0.0,0.0,0.0,0.0,0.0,0.0,0.0,0.0
Cc1cc(C)c(C)cc1C,134.22199999999998,2.9202800000000018,0.0,0.0,0.0,0.0,0.0,0.0,0.0,0.0,0.0,0.0,0.0,0.0
CC(C)[C@@H](Nc1ccc(C(F)(F)F)cc1Cl)C(=O)OC(C#N)c1cccc(Oc2ccccc2)c1,502.9200000000002,7.395680000000005,0.0,0.0,0.0,0.0,0.0,,,0.0,0.0,,1.0,
CN(C)C(=O)Nc1ccccc1,164.208,1.7801,0.0,0.0,0.0,0.0,0.0,0.0,0.0,0.0,0.0,0.0,0.0,0.0
Nc1nc(N)nc(Cl)n1,145.553,-0.31060000000000015,0.0,0.0,0.0,0.0,0.0,0.0,0.0,0.0,0.0,0.0,0.0,0.0
O=[N+]([O-])c1ccc(Oc2ccc(C(F)(F)F)cc2[N+](=O)[O-])cc1,328.20200000000006,4.314100000000002,0.0,0.0,1.0,,,0.0,0.0,,0.0,,1.0,0.0
Nc1ccc(O)cc1,109.12799999999999,0.9743999999999999,0.0,0.0,1.0,,0.0,0.0,1.0,,1.0,1.0,1.0,1.0
Nc1ccccc1O,109.12799999999999,0.9743999999999999,0.0,0.0,1.0,,,0.0,,1.0,0.0,0.0,1.0,
CC(C)(c1cc(Br)c(OCCO)c(Br)c1)c1cc(Br)c(OCCO)c(Br)c1,631.9810000000001,5.804700000000005,0.0,0.0,0.0,1.0,,0.0,,,0.0,1.0,1.0,1.0
Nc1nc2ccc([N+](=O)[O-])cc2s1,195.20299999999997,1.7867,0.0,0.0,1.0,0.0,0.0,0.0,0.0,,0.0,0.0,1.0,0.0
Nc1cccc(O)c1,109.12799999999999,0.9743999999999999,,,,,,0.0,,0.0,0.0,0.0,0.0,0.0
CC(C)(C)C1=CC(=O)C=C(C(C)(C)C)C1=O,220.31199999999995,3.0832000000000015,0.0,0.0,0.0,,0.0,0.0,0.0,,0.0,0.0,1.0,0.0
COC(=O)c1cc(Cl)ccc1[N+](=O)[O-],215.592,2.0348,0.0,0.0,0.0,0.0,0.0,0.0,0.0,0.0,0.0,0.0,0.0,0.0
CCC1(CO)COCOC1,146.18599999999998,0.3794,0.0,0.0,0.0,0.0,0.0,0.0,0.0,0.0,0.0,0.0,,0.0
Clc1ccc(Nc2nnc(Cc3ccncc3)c3ccccc23)cc1,346.8210000000001,5.012600000000003,0.0,0.0,1.0,1.0,0.0,0.0,0.0,1.0,0.0,0.0,1.0,0.0
COc1ccc(C[C@@H](C)NC[C@H](O)c2ccc(O)c(NC=O)c2)cc1.COc1ccc(C[C@@H](C)NC[C@H](O)c2ccc(O)c(NC=O)c2)cc1,688.8220000000003,4.446600000000003,0.0,0.0,0.0,0.0,0.0,0.0,0.0,,,,0.0,0.0
C=CC(=O)OCC1CC2CC1C1CCC(COC(=O)C=C)C21,304.386,2.7432000000000007,0.0,0.0,0.0,,,0.0,0.0,1.0,,1.0,,1.0
CC[C@@H]([C@H](C)O)n1ncn(-c2ccc(N3CCN(c4ccc(OCC5CO[C@@](Cn6cncn6)(c6ccc(F)cc6F)C5)cc4)CC3)cc2)c1=O,700.7910000000002,4.573200000000004,0.0,0.0,0.0,0.0,,0.0,0.0,1.0,0.0,0.0,0.0,0.0
O[C@@H](CNC[C@H](O)[C@H]1CCc2cc(F)ccc2O1)[C@@H]1CCc2cc(F)ccc2O1,405.44100000000014,2.363600000000001,0.0,0.0,0.0,,0.0,0.0,,,,0.0,,0.0
CNS(=O)(=O)CCc1ccc2[nH]cc(C3CCN(C)CC3)c2c1,335.4730000000001,2.0687999999999995,0.0,0.0,0.0,0.0,0.0,0.0,0.0,0.0,0.0,0.0,,0.0
Cc1cc(CCC(=O)OCCOCCOCCOC(=O)CCc2cc(C)c(O)c(C(C)(C)C)c2)cc(C(C)(C)C)c1O,586.7660000000003,5.9946400000000075,0.0,0.0,0.0,0.0,0.0,0.0,0.0,0.0,0.0,0.0,1.0,0.0
OCCSCSCCO,168.283,0.3949,0.0,0.0,0.0,0.0,0.0,0.0,0.0,0.0,0.0,0.0,0.0,0.0
C=CC(=O)N1CCOCC1,141.17,0.031199999999999894,0.0,0.0,0.0,0.0,0.0,0.0,0.0,0.0,0.0,0.0,0.0,0.0
C[C@H]1C[C@H]2[C@@H]3CCC4=CC(=O)C=C[C@]4(C)[C@@]3(F)[C@@H](O)C[C@]2(C)[C@@]1(O)C(=O)CO,392.4670000000002,1.8957000000000002,1.0,1.0,1.0,,0.0,0.0,0.0,0.0,0.0,0.0,0.0,0.0
CC(C)COCC(CN(Cc1ccccc1)c1ccccc1)N1CCCC1,366.5490000000002,4.830200000000005,0.0,0.0,0.0,,0.0,0.0,0.0,,,0.0,,
Cl[Zr](Cl)(C1=CC=CC1)C1C=CC=C1,292.32,4.206200000000002,0.0,0.0,0.0,0.0,0.0,0.0,0.0,0.0,0.0,0.0,0.0,0.0
CC(=O)N1CCN(c2ccc(OC[C@H]3CO[C@](Cn4ccnc4)(c4ccc(Cl)cc4Cl)O3)cc2)CC1,531.4399999999999,4.205800000000003,0.0,0.0,1.0,0.0,,0.0,0.0,1.0,0.0,1.0,,0.0
Clc1ccccc1C(c1ccccc1)(c1ccccc1)n1ccnc1,344.845,5.376700000000004,0.0,,1.0,1.0,,,,1.0,0.0,1.0,,
[O-][n+]1ccccc1S[Zn]Sc1cccc[n+]1[O-],317.71000000000004,1.7502999999999997,0.0,1.0,,,,1.0,1.0,,1.0,1.0,1.0,1.0
O=S1(=O)OC(c2ccc(O)cc2)(c2ccc(O)cc2)c2ccccc21,354.3830000000001,3.108600000000001,0.0,0.0,0.0,0.0,1.0,0.0,0.0,0.0,0.0,0.0,0.0,0.0
O=S(=O)(c1ccc(O)cc1)c1ccc(O)cc1,250.275,1.9305999999999996,0.0,0.0,0.0,0.0,1.0,1.0,0.0,0.0,0.0,0.0,,0.0
C=C(C)C(=O)OCC1CO1,142.15399999999997,0.5045,0.0,0.0,0.0,0.0,0.0,0.0,0.0,0.0,0.0,0.0,0.0,0.0
COc1ccc(C(=O)c2ccccc2O)c(O)c1,244.246,2.3374000000000015,0.0,0.0,0.0,1.0,0.0,0.0,0.0,0.0,0.0,0.0,1.0,0.0
O=C(c1ccccc1O)c1ccccc1O,214.22,2.3288000000000006,0.0,0.0,0.0,1.0,0.0,0.0,0.0,1.0,0.0,0.0,1.0,0.0
COc1ccc(C(=O)c2ccccc2)c(O)c1,228.247,2.631800000000001,0.0,0.0,1.0,0.0,1.0,1.0,0.0,0.0,0.0,0.0,0.0,0.0
O=C(c1ccccc1)c1ccc(O)cc1O,214.22,2.3288000000000006,0.0,0.0,0.0,0.0,1.0,1.0,0.0,1.0,0.0,0.0,,0.0
Nc1nnc(N)[nH]1,99.09700000000001,-1.0309000000000004,0.0,0.0,0.0,0.0,0.0,0.0,0.0,0.0,0.0,0.0,,0.0
O=C(Nc1ccccc1)Nc1cnns1,220.25699999999998,2.1821,0.0,0.0,1.0,,,0.0,0.0,,0.0,0.0,1.0,
CC1(C)CCC(=Cc2ccc(Cl)cc2)C1(O)Cn1cncn1,317.82,3.566200000000003,1.0,0.0,1.0,0.0,0.0,0.0,0.0,0.0,0.0,0.0,0.0,0.0
C=C(C)CN(CC)c1c([N+](=O)[O-])cc(C(F)(F)F)cc1[N+](=O)[O-],333.266,3.9242000000000035,0.0,0.0,0.0,0.0,0.0,0.0,0.0,0.0,0.0,0.0,1.0,0.0
CC(=O)[C@H]1CC[C@H]2[C@@H]3CC=C4C[C@@H](O)CC[C@]4(C)[C@H]3CC[C@]12C,316.48500000000007,4.515300000000004,0.0,0.0,0.0,0.0,1.0,1.0,0.0,1.0,0.0,0.0,0.0,0.0
C[N+]1(CCCCC[N+]2(C)CCCC2)CCCC1,240.4349999999999,2.637500000000001,0.0,0.0,0.0,0.0,0.0,0.0,0.0,,0.0,,0.0,0.0
Cc1cccc(C)c1NC(=O)C(C)N,192.262,1.58914,0.0,0.0,0.0,0.0,0.0,0.0,0.0,0.0,0.0,0.0,0.0,0.0
CCCc1ncc(C[n+]2ccccc2C)c(N)n1,243.334,1.6555199999999999,0.0,0.0,0.0,0.0,0.0,0.0,0.0,0.0,0.0,0.0,,0.0
O=C1OC2(c3cc(Br)c([O-])cc3Oc3c2cc(Br)c([O-])c3[Hg]O)c2ccccc21,704.676,2.5419,0.0,0.0,0.0,0.0,0.0,0.0,0.0,,0.0,,,0.0
C[C@@H](Cc1ccccc1)NCCC(c1ccccc1)c1ccccc1.C[C@H](O)C(=O)O,419.5650000000001,4.881200000000004,0.0,0.0,0.0,,0.0,0.0,0.0,,0.0,,,0.0
COC1=CC(=O)OC(CCc2ccccc2)C1,232.279,2.4650000000000007,0.0,0.0,0.0,0.0,0.0,0.0,0.0,0.0,0.0,0.0,0.0,0.0
COc1cc(OC)nc(NC(=O)NS(=O)(=O)c2ncccc2C(=O)N(C)C)n1,410.41200000000015,0.10100000000000042,0.0,0.0,0.0,0.0,0.0,0.0,0.0,0.0,0.0,0.0,0.0,0.0
C[C@H](CCC(=O)[O-])[C@H]1CC[C@H]2[C@@H]3CC[C@@H]4C[C@H](O)CC[C@]4(C)[C@H]3C[C@H](O)[C@@]21C,391.5720000000002,3.143200000000001,0.0,0.0,0.0,,0.0,0.0,0.0,,0.0,0.0,,0.0
CCCCCCCCC(=O)NCc1ccc(O)c(OC)c1,293.40700000000004,3.7676000000000025,1.0,0.0,0.0,1.0,0.0,0.0,0.0,0.0,0.0,0.0,0.0,0.0
O=P1(N(CCCl)CCCl)NC(OO)CCO1,293.0870000000001,1.6997,0.0,0.0,0.0,0.0,0.0,0.0,0.0,,0.0,,0.0,0.0
CC(=O)/C(C)=C/C1C(C)=CCCC1(C)C,206.32899999999995,3.904200000000003,0.0,,0.0,0.0,0.0,0.0,0.0,0.0,0.0,0.0,0.0,0.0
CC(=O)[O-].[Na+],82.034,-4.2398,0.0,0.0,0.0,0.0,0.0,0.0,0.0,0.0,0.0,0.0,0.0,0.0
CC(=O)[O-].[K+],98.142,-4.2398,0.0,0.0,0.0,0.0,0.0,0.0,0.0,0.0,0.0,0.0,0.0,0.0
CC(C)CC(C)(O)C#CC(C)(O)CC(C)C,226.35999999999996,2.5840000000000005,0.0,0.0,0.0,1.0,,0.0,0.0,0.0,0.0,0.0,1.0,0.0
C=C1CCC2CC1C2(C)C,136.23799999999997,2.9987000000000013,0.0,0.0,0.0,0.0,0.0,0.0,0.0,0.0,0.0,0.0,0.0,0.0
O=[N+]([O-])c1cccc(S(=O)(=O)[O-])c1,202.16699999999997,0.4989000000000001,0.0,0.0,0.0,0.0,0.0,0.0,0.0,0.0,0.0,0.0,,0.0
C=CCN1CC[C@]23CCCC[C@H]2[C@H]1Cc1ccc(O)cc13,283.415,3.6366000000000023,0.0,0.0,0.0,0.0,0.0,,0.0,0.0,0.0,0.0,0.0,0.0
CN(C)CCOC1=Cc2ccccc2Sc2ccc(Cl)cc21,331.8680000000001,4.880900000000004,0.0,0.0,,,0.0,0.0,,0.0,0.0,0.0,,0.0
O=C1Cc2cc(CCN3CCN(c4nsc5ccccc45)CC3)c(Cl)cc2N1,412.9460000000002,3.809000000000002,1.0,0.0,1.0,,0.0,0.0,0.0,0.0,0.0,,0.0,0.0
CC(c1cc2ccccc2s1)N(O)C(N)=O,236.29599999999996,2.7321999999999997,0.0,0.0,,0.0,0.0,0.0,1.0,0.0,0.0,0.0,0.0,0.0
N#Cc1ccc(C(c2ccc(C#N)cc2)n2cncn2)cc1,285.31,2.65916,0.0,0.0,0.0,1.0,0.0,0.0,0.0,0.0,0.0,0.0,0.0,0.0
CCCCCCCCCCCC(=O)O[Sn](CCCC)(CCCC)OC(=O)CCCCCCCCCCC,631.5709999999999,10.95699999999999,0.0,0.0,0.0,0.0,0.0,0.0,0.0,1.0,0.0,1.0,0.0,0.0
O=C(Cl)C(Cl)Cl,147.388,1.5555,0.0,0.0,0.0,0.0,0.0,0.0,0.0,0.0,0.0,0.0,,0.0
Nc1cc(Cl)ccc1Cl,162.019,2.5756000000000006,,0.0,0.0,0.0,0.0,0.0,0.0,0.0,0.0,0.0,0.0,0.0
Nc1ccc(Cl)cc1Cl,162.019,2.5756000000000006,0.0,0.0,0.0,0.0,0.0,0.0,0.0,0.0,0.0,0.0,0.0,0.0
CC12CC1(C)C(=O)N(c1cc(Cl)cc(Cl)c1)C2=O,284.14200000000005,3.2829000000000024,0.0,0.0,0.0,0.0,0.0,0.0,0.0,0.0,0.0,0.0,0.0,0.0
CCCCCCCCCCCC[N+](C)(C)CCCCCCCCCCCC,382.74100000000027,8.904600000000004,0.0,,,,,,,1.0,,,,
CC(C(=O)O)c1ccc(-c2ccccc2)c(F)c1,244.265,3.6808000000000023,0.0,0.0,0.0,0.0,1.0,0.0,,0.0,0.0,0.0,0.0,0.0
CC(=O)OC/C=C(\C)CC/C=C(\C)CCC=C(C)C,264.409,4.968700000000005,0.0,0.0,0.0,0.0,0.0,0.0,0.0,1.0,0.0,0.0,0.0,0.0
N[C@H]1C(O)O[C@H](CO)[C@@H](O)[C@@H]1O,179.17200000000003,-3.2549999999999994,0.0,0.0,0.0,0.0,1.0,0.0,0.0,0.0,0.0,0.0,0.0,0.0
COc1ccc(Cl)cc1C(=O)NCCc1ccc(S(=O)(=O)NC(=O)NC2CCCCC2)cc1,494.0130000000003,3.641700000000003,0.0,0.0,0.0,0.0,0.0,0.0,,,0.0,0.0,,0.0
C=C[C@](C)(O)CC[C@@H]1[C@@]2(C)CCCC(C)(C)[C@@H]2CC[C@@]1(C)O,308.50600000000003,4.697200000000006,0.0,,0.0,,,0.0,,,0.0,,,
C=C(C)[C@@H]1CC[C@@H](C)C[C@@H]1O,154.25300000000001,2.359600000000001,0.0,0.0,0.0,0.0,0.0,0.0,0.0,0.0,0.0,0.0,0.0,0.0
O=[PH](O)c1ccccc1,142.094,0.7788999999999999,0.0,0.0,0.0,0.0,0.0,0.0,0.0,0.0,0.0,0.0,0.0,0.0
CN(C)CCC#N,98.149,0.46168,0.0,0.0,0.0,0.0,0.0,0.0,0.0,0.0,0.0,0.0,0.0,0.0
CO[Si](CCCNCCN)(OC)OC,222.36099999999996,-0.1970999999999985,0.0,0.0,0.0,0.0,0.0,0.0,0.0,0.0,0.0,0.0,0.0,0.0
CC(C)=CCCC(C)=CC(=O)O,168.236,2.7637,0.0,0.0,0.0,0.0,0.0,0.0,0.0,0.0,0.0,0.0,0.0,0.0
CCCCO[PH](=O)OCCCC,194.21099999999996,3.009500000000002,0.0,0.0,0.0,0.0,0.0,0.0,0.0,0.0,0.0,0.0,0.0,0.0
Cc1c([N+](=O)[O-])cc2c(c1[N+](=O)[O-])C(C)(C)CC2(C)C,278.308,3.7703200000000026,0.0,0.0,,1.0,,1.0,0.0,,,0.0,,0.0
CCCCCCCCCCCCn1cc[n+](C)c1,251.438,4.233500000000003,0.0,0.0,0.0,0.0,0.0,0.0,0.0,0.0,0.0,0.0,1.0,0.0
N[C@H](C(=O)O)[C@@H](O)c1ccc(O)c(O)c1,213.189,-0.4569000000000002,,,,,,,,,,0.0,,
c1csc(C2(N3CCCCC3)CCCCC2)c1,249.42299999999992,4.393400000000004,0.0,0.0,0.0,0.0,0.0,0.0,0.0,,0.0,,0.0,0.0
CCCCCCCCCCCCCCCC(=O)OCC(COC(=O)CCCCCCCCCCCCCCC)OC(=O)CCCCCCCCCCCCCCC,807.3389999999995,16.428499999999964,0.0,0.0,0.0,0.0,,0.0,0.0,,0.0,,0.0,0.0
Cc1cccc(C)c1NC(=O)NC1=CCCN1C,245.326,2.601840000000001,0.0,0.0,0.0,0.0,0.0,0.0,0.0,,0.0,,0.0,0.0
[O-][n+]1cc[n+]([O-])c2ccccc21,162.148,0.1065999999999998,0.0,0.0,,0.0,0.0,0.0,0.0,,0.0,,0.0,0.0
N=C(N)NCC1COc2ccccc2O1,207.233,0.3094699999999997,0.0,0.0,0.0,0.0,0.0,0.0,0.0,,0.0,,0.0,0.0
CCCCCCCCCCn1cc[n+](CCCCCCCCCC)c1C,363.6540000000002,7.365420000000009,0.0,,,1.0,,,,1.0,,1.0,1.0,
CCOC(=O)Cc1ccc(-c2ccccc2)cc1,240.30200000000002,3.459200000000002,0.0,0.0,,0.0,0.0,0.0,1.0,,0.0,,0.0,0.0
O=C(O)CNC(=O)c1ccccc1I,305.071,1.1055999999999995,0.0,0.0,0.0,0.0,0.0,0.0,0.0,0.0,0.0,0.0,0.0,0.0
CC(C)(C)C(=O)NCCCC(=O)O,187.23899999999998,1.0134999999999998,0.0,0.0,,0.0,0.0,0.0,0.0,0.0,0.0,0.0,0.0,0.0
CCNC(=O)NCc1cccc(Cl)c1,212.68,2.1590999999999996,0.0,0.0,0.0,0.0,0.0,0.0,0.0,0.0,0.0,0.0,0.0,0.0
Oc1ccc2c(c1)Cc1ccccc1-2,182.222,2.963400000000001,1.0,0.0,,,1.0,1.0,0.0,1.0,,0.0,,1.0
Cc1nnc(-c2ccccc2)c(=O)n1N,202.21699999999998,0.3275199999999999,0.0,0.0,1.0,0.0,,,0.0,0.0,0.0,0.0,0.0,0.0
CCC(C)C(=O)OCCc1ccccc1,206.285,2.8184000000000013,0.0,0.0,0.0,0.0,0.0,0.0,0.0,0.0,0.0,0.0,0.0,0.0
FC(F)(F)C(F)(F)C(F)(F)C(F)(F)C(F)(F)C(F)(F)CCI,473.99800000000005,5.550300000000001,0.0,0.0,0.0,0.0,0.0,0.0,0.0,0.0,0.0,0.0,0.0,0.0
C/C=C(\C)C(=O)OCC/C=C\CC,182.26299999999998,2.852100000000001,0.0,0.0,0.0,0.0,0.0,0.0,0.0,0.0,0.0,0.0,0.0,0.0
CC/C=C\CCOC(=O)CCCCC,198.30599999999995,3.4662000000000024,0.0,0.0,0.0,0.0,0.0,0.0,0.0,0.0,0.0,0.0,0.0,0.0
Cc1cc(C(C)(C)C)c(O)c(C)c1Cn1c(=O)n(Cc2c(C)cc(C(C)(C)C)c(O)c2C)c(=O)n(Cc2c(C)cc(C(C)(C)C)c(O)c2C)c1=O,699.9330000000002,7.176420000000011,0.0,0.0,0.0,1.0,0.0,0.0,0.0,0.0,0.0,,1.0,
Cc1ccccc1C(N)=O,135.166,1.09392,0.0,0.0,0.0,0.0,0.0,0.0,0.0,0.0,0.0,0.0,0.0,0.0
CC(=O)O[C@@H]1CC2CCC1(C)C2(C)C,196.29,2.7643000000000013,0.0,0.0,0.0,0.0,0.0,0.0,0.0,0.0,0.0,0.0,0.0,0.0
COC(=O)c1ccccc1N,151.16499999999996,1.0554,0.0,0.0,0.0,0.0,0.0,0.0,0.0,0.0,0.0,0.0,0.0,0.0
CNc1ccc(O)cc1.CNc1ccc(O)cc1,246.31,2.867800000000001,0.0,0.0,1.0,,0.0,,,1.0,,,1.0,
CC1=CC[C@@H]2C[C@H]1C2(C)C,136.238,2.9987000000000013,0.0,0.0,0.0,0.0,0.0,0.0,0.0,0.0,0.0,,0.0,0.0
COc1c2ccoc2cc2oc(=O)ccc12,216.19199999999995,2.5478000000000005,0.0,0.0,1.0,,0.0,0.0,0.0,0.0,0.0,0.0,0.0,0.0
CC(C)(c1ccc(Oc2ccc3c(c2)C(=O)OC3=O)cc1)c1ccc(Oc2ccc3c(c2)C(=O)OC3=O)cc1,520.4930000000003,6.218300000000005,0.0,0.0,0.0,0.0,0.0,0.0,0.0,0.0,0.0,0.0,0.0,0.0
CC1(C)S[C@@H]2[C@H](NC(=O)Cc3ccccc3)C(=O)N2[C@H]1C(=O)O.CC1(C)S[C@@H]2[C@H](NC(=O)Cc3ccccc3)C(=O)N2[C@H]1C(=O)O.c1ccc(CNCCNCc2ccccc2)cc1,909.144,4.2876000000000065,0.0,0.0,0.0,0.0,0.0,0.0,0.0,0.0,0.0,0.0,0.0,0.0
CCC[C@@H]1C[C@@H](C(=O)N[C@H]([C@@H](C)O)[C@H]2O[C@H](SC)[C@H](O)[C@@H](O)[C@H]2O)N(C)C1,406.54500000000013,-0.8569999999999971,0.0,0.0,0.0,0.0,0.0,0.0,0.0,0.0,0.0,0.0,0.0,0.0
CN[C@]1(c2ccccc2Cl)CCCCC1=O,237.7299999999999,2.897800000000001,0.0,0.0,0.0,0.0,0.0,0.0,0.0,,0.0,,0.0,0.0
CC(CN(C)C)C(C)(O)Cc1ccc(Cl)cc1,255.789,2.831200000000001,0.0,0.0,0.0,0.0,0.0,0.0,0.0,0.0,0.0,0.0,0.0,0.0
CCN(CCO)CCCC(C)Nc1ccnc2cc(Cl)ccc12,335.8790000000001,3.783000000000002,,,,,,,,0.0,,0.0,,
C#C[C@]1(O)CC[C@H]2[C@@H]3CCC4=C/C(=N/O)CC[C@@H]4[C@H]3CC[C@@]21CC,327.46800000000013,4.1437000000000035,1.0,1.0,,,1.0,1.0,,,0.0,,1.0,
CC1(C)NC(=O)N(c2ccc([N+](=O)[O-])c(C(F)(F)F)c2)C1=O,317.223,2.4484000000000004,0.0,0.0,0.0,0.0,,0.0,0.0,1.0,0.0,0.0,0.0,0.0
NC(=O)C(c1ccccc1)(c1ccccc1)[C@@H]1CCN(CCc2ccc3c(c2)CCO3)C1,426.5600000000003,3.957500000000003,0.0,0.0,,0.0,0.0,0.0,,0.0,0.0,0.0,,0.0
C#C[C@]1(O)CC[C@H]2[C@@H]3CCC4=CC(=O)CC[C@@H]4[C@H]3C(=C)C[C@@]21CC,324.4640000000001,4.048700000000004,1.0,1.0,0.0,,1.0,1.0,0.0,,0.0,,0.0,0.0
O=C(O[C@H]1CN2CCC1CC2)N1CCc2ccccc2[C@@H]1c1ccccc1,362.47300000000007,3.864900000000003,0.0,0.0,,0.0,0.0,0.0,0.0,,0.0,,,0.0
CC(C)[C@H](N)C(=O)OCC(CO)OCn1cnc2c(=O)nc(N)[nH]c21,354.3670000000001,-1.4366999999999974,0.0,0.0,0.0,0.0,0.0,0.0,0.0,,0.0,,0.0,0.0
CCN(CC)C(=O)[C@]1(c2ccccc2)C[C@@H]1CN,246.35399999999998,1.7713999999999999,0.0,0.0,0.0,0.0,0.0,0.0,0.0,,0.0,,0.0,0.0
CN1CC(=O)N2[C@H](Cc3c([nH]c4ccccc34)[C@H]2c2ccc3c(c2)OCO3)C1=O,389.41100000000023,2.2112999999999996,0.0,0.0,0.0,0.0,0.0,0.0,0.0,0.0,0.0,0.0,,0.0
N#CC(c1ccc(Cl)cc1)c1c(Cl)cc(-n2ncc(=O)[nH]c2=O)cc1Cl,407.6440000000001,3.536480000000002,0.0,,0.0,,0.0,0.0,,,,,1.0,1.0
CCCCCCCCCCCCN(CCO)CCO,273.46099999999996,3.1939000000000024,0.0,,0.0,,,0.0,,,,,,
CC(C)=CCC[C@](C)(O)[C@@H]1CC=C(C)CC1,222.37199999999996,4.2302000000000035,0.0,0.0,0.0,,0.0,0.0,0.0,0.0,0.0,0.0,,0.0
OC[C@H](O)[C@H](O)[C@@H](O)[C@H](O)CO,182.172,-3.5854000000000004,0.0,0.0,0.0,0.0,0.0,0.0,0.0,0.0,0.0,0.0,,0.0
O=C(O)C=Cc1ccc(C=CC(=O)O)cc1,218.208,1.8822,0.0,0.0,0.0,0.0,0.0,0.0,0.0,0.0,0.0,0.0,0.0,0.0
CN1C(C(=O)Nc2ccccn2)=C(O)c2sccc2S1(=O)=O,337.38200000000006,1.6425,0.0,0.0,0.0,0.0,0.0,0.0,0.0,0.0,0.0,0.0,1.0,0.0
CC(C)[C@]12CC(=O)[C@H](C)[C@H]1C2,152.23699999999997,2.2576,0.0,0.0,0.0,0.0,0.0,0.0,0.0,0.0,0.0,0.0,0.0,0.0
CCCCCNC(=N)N/N=C/c1c[nH]c2ccc(OC)cc12,301.3940000000001,2.8145700000000007,,,,,,,,0.0,,,,
CC(CO)Oc1ccccc1,152.19299999999998,1.4462,0.0,0.0,0.0,0.0,0.0,0.0,0.0,0.0,0.0,0.0,,0.0
COc1ccc(CN(CCN(C)C)c2ncccn2)cc1,286.379,2.0534,0.0,0.0,0.0,0.0,0.0,0.0,0.0,0.0,0.0,0.0,,0.0
CC(CCO)CC(C)(C)C,144.25799999999998,2.4411000000000005,0.0,0.0,0.0,0.0,0.0,0.0,0.0,0.0,0.0,0.0,0.0,0.0
CCN[C@@H]1C[C@H](N)[C@@H](OC2OC(CN)=CCC2N)[C@H](O)[C@H]1O[C@H]1OC[C@](C)(O)[C@H](NC)[C@H]1O.CCN[C@@H]1C[C@H](N)[C@@H](OC2OC(CN)=CCC2N)[C@H](O)[C@H]1O[C@H]1OC[C@](C)(O)[C@H](NC)[C@H]1O,951.1739999999999,-6.401400000000028,,,,,,,,0.0,,0.0,,
CCCCCCCC[Sn](Cl)(Cl)CCCCCCCC,416.06500000000034,7.627200000000006,0.0,,,,,,0.0,1.0,,1.0,,
COc1ccc2cc1Oc1ccc(cc1)C[C@H]1c3c(cc4c(c3Oc3cc5c(cc3OC)CCN(C)[C@@H]5C2)OCO4)CCN1C,606.7190000000002,6.873900000000009,,,,,,,,,,0.0,,
N=C(Nc1ccccc1)Nc1ccccc1,211.268,3.1453700000000007,0.0,0.0,1.0,,,0.0,0.0,1.0,0.0,0.0,,0.0
Cc1ccc(C)o1,96.129,1.89644,0.0,0.0,,0.0,0.0,0.0,0.0,0.0,0.0,0.0,0.0,0.0
C=CC(C)(O)CC/C=C(\C)CCC=C(C)C,222.37199999999996,4.396300000000004,0.0,0.0,0.0,0.0,0.0,0.0,0.0,,0.0,,1.0,0.0
CC(=O)c1cc2c(cc1C)C(C)(C)C(C)CC2(C)C,258.4049999999999,4.792620000000005,0.0,0.0,0.0,,0.0,0.0,0.0,0.0,0.0,,1.0,0.0
CC[C@@]1(O)C(=O)OCc2c1cc1n(c2=O)Cc2cc3c(CN(C)C)c(O)ccc3nc2-1,421.4530000000002,1.8468000000000002,0.0,,0.0,1.0,,0.0,,,0.0,,0.0,1.0
OCCN1CCOCC1,131.17499999999998,-0.6891000000000005,0.0,0.0,0.0,0.0,0.0,0.0,0.0,0.0,0.0,0.0,,0.0
CCSC(=O)N(CC)CC,161.26999999999998,2.2013,0.0,0.0,0.0,0.0,0.0,0.0,0.0,0.0,0.0,0.0,0.0,0.0
CCCCc1c(C)nc(NCC)nc1O,209.29299999999998,2.2650200000000003,0.0,0.0,0.0,0.0,0.0,0.0,0.0,0.0,0.0,0.0,0.0,0.0
CCCCC(CC)COCCO,174.28399999999996,2.211700000000001,0.0,0.0,0.0,0.0,0.0,0.0,0.0,0.0,0.0,0.0,0.0,0.0
COCCCOCCCOC,162.22899999999998,1.076,0.0,0.0,0.0,0.0,0.0,0.0,0.0,0.0,0.0,0.0,0.0,0.0
CC(=O)CC(c1ccccc1)c1c([O-])c2ccccc2oc1=O,307.32500000000005,2.9776000000000007,1.0,1.0,0.0,0.0,1.0,0.0,1.0,0.0,0.0,0.0,1.0,0.0
CCCc1ccc(OC)cc1,150.22099999999998,2.6477000000000013,0.0,0.0,0.0,0.0,,0.0,0.0,0.0,0.0,0.0,0.0,0.0
CCCCCC[C@@H](O)C/C=C\CCCCCCCC(=O)[O-],297.45899999999995,3.744600000000003,0.0,0.0,0.0,0.0,0.0,0.0,0.0,,0.0,,1.0,0.0
O=N[O-],46.005,0.25060000000000004,0.0,0.0,0.0,0.0,0.0,0.0,0.0,0.0,0.0,0.0,0.0,0.0
O=C(CBr)c1ccc(O)cc1,215.04600000000002,1.9697999999999998,0.0,0.0,0.0,,0.0,0.0,0.0,,0.0,,,0.0
O=[N+]([O-])c1ccc(Oc2ccc(N=C=S)cc2)cc1,272.285,4.121400000000002,0.0,0.0,0.0,1.0,,0.0,,,0.0,,,1.0
CCO[C@H](Cc1ccc(OCCc2ccc(OS(C)(=O)=O)cc2)cc1)C(=O)O,408.4720000000001,2.6787,0.0,0.0,0.0,0.0,0.0,0.0,1.0,,0.0,0.0,0.0,0.0
C1CCNCC1.O=c1[nH]cnc2[nH]cc(CN3CCCCC3)c12,317.4370000000002,1.996999999999999,0.0,0.0,0.0,0.0,0.0,0.0,0.0,,0.0,,0.0,0.0
CCOc1ccc(/N=C(\C)Nc2ccc(OCC)cc2)cc1,298.38599999999997,4.6460000000000035,0.0,0.0,0.0,0.0,0.0,0.0,0.0,,0.0,,0.0,0.0
c1ccc2c(c1)Sc1ccccc1N2C[C@@H]1CN2CCC1CC2,322.47700000000015,4.631100000000005,0.0,0.0,0.0,0.0,0.0,0.0,0.0,,0.0,,0.0,0.0
COC(=O)[C@]12CCC(C)(C)C[C@H]1[C@H]1C(=O)C=C3[C@@](C)(CC[C@H]4C(C)(C)C(=O)C(C#N)=C[C@]34C)[C@]1(C)CC2,505.69900000000047,6.378980000000007,0.0,,,,,1.0,,,1.0,,1.0,
CC(=O)[C@@]1(O)CC[C@H]2[C@@H]3CCC4=CC(=O)CC[C@]4(C)C3(F)[C@@H](O)C[C@@]21C,364.45700000000005,2.9013000000000018,,1.0,0.0,,0.0,0.0,0.0,,0.0,,0.0,0.0
CCCCCCCCCC(=O)N[O-],186.275,2.7411000000000003,0.0,0.0,0.0,,0.0,0.0,0.0,,0.0,,0.0,0.0
CN(C)CCOc1ccccc1Cc1ccccc1.Nc1ccc(C(=O)O)c(O)c1,408.49800000000016,3.8904000000000014,0.0,0.0,0.0,0.0,0.0,0.0,,,0.0,,,0.0
FC(F)(F)c1ccccc1Cl,180.55599999999998,3.3588000000000005,0.0,0.0,0.0,0.0,0.0,0.0,0.0,0.0,0.0,0.0,0.0,0.0
ClCCBr,143.411,1.6200999999999999,0.0,0.0,0.0,0.0,0.0,0.0,0.0,0.0,0.0,0.0,0.0,0.0
O=C(O)c1cccc(Cl)c1,156.56799999999998,2.0382,0.0,0.0,0.0,0.0,0.0,0.0,0.0,0.0,0.0,0.0,,0.0
O=C(O)c1ccccc1Cl,156.56799999999998,2.0382,0.0,0.0,0.0,0.0,0.0,0.0,0.0,0.0,0.0,0.0,,0.0
O=C(O)c1ccc(Cl)cc1,156.56799999999998,2.0382,0.0,0.0,0.0,0.0,0.0,0.0,0.0,0.0,0.0,0.0,0.0,0.0
FC(F)(F)c1cccc(Cl)c1,180.55599999999998,3.3588000000000005,0.0,0.0,0.0,0.0,0.0,0.0,0.0,0.0,0.0,0.0,0.0,0.0
CC(=O)Oc1cccc(C)c1,150.177,1.92032,,,,,,,,0.0,,0.0,,
C1COCCO1,88.106,0.03320000000000001,0.0,0.0,0.0,0.0,0.0,0.0,0.0,0.0,0.0,0.0,0.0,0.0
Cc1cc([N+](=O)[O-])c(O)c([N+](=O)[O-])c1,198.134,1.5170199999999998,0.0,,,0.0,,0.0,0.0,1.0,0.0,0.0,1.0,0.0
COC(=O)C(C)(C)C,116.16,1.2055,0.0,0.0,0.0,0.0,0.0,0.0,0.0,0.0,0.0,0.0,0.0,0.0
Cc1cccc([N+](=O)[O-])c1[N+](=O)[O-],182.135,1.81142,0.0,0.0,0.0,0.0,0.0,0.0,0.0,1.0,0.0,0.0,,0.0
CC(Br)C(=O)O,152.975,0.8544,0.0,0.0,0.0,0.0,0.0,0.0,0.0,0.0,0.0,0.0,0.0,0.0
Brc1ccc(Oc2ccccc2)cc1,249.107,4.241400000000002,0.0,0.0,0.0,0.0,0.0,0.0,0.0,0.0,0.0,0.0,0.0,0.0
CC(=O)CCCCn1c(=O)c2c(ncn2C)n(C)c1=O,278.31200000000007,0.19300000000000006,0.0,0.0,0.0,0.0,0.0,0.0,0.0,0.0,0.0,0.0,0.0,0.0
O=C(O)CN(CCN(CC(=O)O)CC(=O)O)CCN(CC(=O)O)CC(=O)O,393.3490000000002,-2.6845999999999934,0.0,0.0,0.0,0.0,0.0,0.0,,,1.0,0.0,0.0,
CCCC(C)C1(CC)C(=O)N=C(O)NC1=O,226.276,1.3894,0.0,0.0,0.0,0.0,0.0,0.0,0.0,,0.0,,0.0,0.0
CCCCCCCCCCC(=O)O,186.295,3.6018000000000017,0.0,0.0,0.0,0.0,0.0,0.0,0.0,0.0,0.0,0.0,0.0,0.0
O=C(O)c1ccccc1Nc1cccc(C(F)(F)F)c1,281.23299999999995,4.1472000000000016,0.0,,0.0,0.0,0.0,0.0,,1.0,0.0,0.0,1.0,1.0
COc1nc(NC(C)C)nc(NC(C)C)n1,225.296,1.5208,0.0,0.0,0.0,0.0,0.0,0.0,0.0,0.0,0.0,0.0,0.0,0.0
CC(C)(Oc1ccc(CCNC(=O)c2ccc(Cl)cc2)cc1)C(=O)O,361.82500000000005,3.554500000000001,0.0,0.0,0.0,0.0,0.0,0.0,1.0,0.0,0.0,0.0,0.0,0.0
Clc1ccc(C(c2ccccc2Cl)C(Cl)(Cl)Cl)cc1,354.491,6.495500000000002,0.0,0.0,0.0,0.0,1.0,1.0,0.0,,0.0,,1.0,
CC(=O)CCc1ccccc1,148.20499999999998,2.2081999999999997,0.0,0.0,0.0,0.0,0.0,0.0,0.0,0.0,0.0,0.0,0.0,0.0
CCO[C@@H]1O[C@H](C(COCc2ccccc2)OCc2ccccc2)[C@H](OCc2ccccc2)[C@H]1O,478.58500000000015,4.496300000000005,,,,,,,,,,0.0,,
Cc1ccc(N)cc1C,121.183,1.88564,0.0,0.0,1.0,0.0,1.0,0.0,0.0,0.0,0.0,0.0,0.0,0.0
CCOC(=O)[C@H](CCc1ccccc1)N[C@@H](C)C(=O)N1[C@H](C(=O)O)C[C@H]2CCCC[C@@H]21,430.54500000000036,2.7733000000000008,0.0,0.0,0.0,0.0,0.0,0.0,0.0,,0.0,,0.0,0.0
COc1ccc(/C=C/C(=O)Nc2ccccc2C(=O)O)cc1OC,327.33600000000007,3.0539000000000014,0.0,,,,0.0,0.0,,,1.0,,,0.0
Cc1cccc(Nc2ccncc2S(=O)(=O)NC(=O)NC(C)C)c1,348.4280000000001,2.5299199999999997,0.0,0.0,0.0,0.0,0.0,0.0,,0.0,0.0,0.0,0.0,0.0
COc1cccc([C@@]2(O)CCCC[C@@H]2CN(C)C)c1,263.3809999999999,2.6346000000000007,0.0,0.0,0.0,0.0,0.0,0.0,0.0,0.0,0.0,0.0,0.0,0.0
CCOC(=O)CC(SP(=S)(OC)OC)C(=O)OCC,330.3640000000001,2.1218000000000004,0.0,0.0,0.0,0.0,0.0,0.0,0.0,,0.0,0.0,0.0,0.0
CCOC(=O)CC(SP(=O)(OC)OC)C(=O)OCC,314.29600000000005,2.0054,0.0,0.0,0.0,0.0,0.0,0.0,0.0,1.0,0.0,0.0,0.0,0.0
O=c1ccc(=O)[nH][nH]1,112.08800000000001,-0.9368000000000001,0.0,0.0,0.0,0.0,0.0,0.0,0.0,0.0,0.0,0.0,0.0,0.0
S=C([S-])NCCNC(=S)[S-].[Mn+2],265.312,-0.17329999999999995,0.0,0.0,0.0,0.0,0.0,0.0,0.0,1.0,0.0,0.0,0.0,0.0
NS(=O)(=O)c1cc2c(cc1Cl)NC(C(Cl)Cl)NS2(=O)=O,380.66200000000003,0.8210000000000004,0.0,0.0,0.0,0.0,0.0,0.0,0.0,,0.0,0.0,0.0,0.0
CN(C)C(=O)Oc1cccc([N+](C)(C)C)c1,223.29599999999996,1.9437,0.0,0.0,0.0,0.0,0.0,0.0,0.0,0.0,0.0,0.0,,0.0
O=C([O-])c1cc(=O)c2c(OCC(O)COc3cccc4oc(C(=O)[O-])cc(=O)c34)cccc2o1,466.3540000000002,-0.5549000000000004,0.0,0.0,0.0,0.0,0.0,0.0,0.0,0.0,0.0,0.0,,0.0
Cc1ccccc1S(=O)(=O)[O-],171.19699999999997,0.89912,0.0,0.0,0.0,0.0,0.0,0.0,0.0,0.0,0.0,0.0,0.0,0.0
COc1c(C)c2c(c(O)c1C/C=C(\C)CCC(=O)O)C(=O)OC2,320.341,2.73322,0.0,,,,,,,,0.0,0.0,,1.0
CCCN(CC1CC1)c1c([N+](=O)[O-])cc(C(F)(F)F)cc1[N+](=O)[O-],347.29300000000006,4.148200000000004,0.0,0.0,0.0,0.0,0.0,0.0,0.0,0.0,0.0,0.0,1.0,0.0
C[C@H]1CC[C@]2(NC1)O[C@H]1C[C@H]3[C@@H]4CC[C@H]5C[C@@H](O)CC[C@]5(C)[C@H]4CC[C@]3(C)[C@H]1[C@@H]2C,415.66200000000026,5.366800000000006,0.0,0.0,0.0,0.0,0.0,0.0,0.0,,0.0,,,0.0
OC[C@@H](O)C(O)[C@H](O)CO,152.146,-2.9463000000000004,0.0,0.0,0.0,0.0,0.0,0.0,0.0,,0.0,,0.0,0.0
C=C(C)C(=O)NCCC[N+](C)(C)C,185.29099999999997,0.7749999999999999,0.0,0.0,0.0,0.0,0.0,0.0,0.0,0.0,0.0,0.0,0.0,0.0
Oc1ccc(Cl)c2cccnc12,179.60600000000002,2.5938000000000008,0.0,0.0,1.0,,0.0,0.0,0.0,1.0,0.0,1.0,1.0,0.0
CC(=O)Oc1cccc(C(=O)O)c1OC(C)=O,238.19499999999996,1.2354,0.0,0.0,,0.0,0.0,0.0,0.0,,0.0,,0.0,0.0
COc1ccc(-c2cc(C(F)F)nn2-c2ccc(S(N)(=O)=O)cc2)cc1F,397.3780000000001,3.2720000000000002,0.0,0.0,0.0,0.0,0.0,0.0,0.0,1.0,0.0,0.0,,0.0
O=C1C2CC=CCC2C(=O)N1SC(Cl)(Cl)Cl,300.59399999999994,2.9135000000000018,0.0,0.0,0.0,,,0.0,0.0,1.0,0.0,1.0,1.0,1.0
O=C1C2CC=CCC2C(=O)N1SC(Cl)(Cl)C(Cl)Cl,349.0659999999999,3.520900000000002,0.0,,0.0,,1.0,,,,,1.0,1.0,
COc1cc(CNC(=O)CCCC/C=C/C(C)C)ccc1O,305.418,3.789600000000003,0.0,0.0,0.0,1.0,0.0,0.0,0.0,1.0,0.0,0.0,0.0,0.0
O=C1CCCCCN1,113.16000000000001,0.6766000000000001,0.0,0.0,0.0,0.0,0.0,0.0,0.0,0.0,0.0,0.0,0.0,0.0
CNC(=O)Oc1cccc2ccccc12,201.225,2.5580000000000007,0.0,0.0,1.0,0.0,0.0,0.0,0.0,1.0,0.0,0.0,,0.0
NC(=O)Nc1ccc([As](=O)(O)O)cc1,260.08099999999996,-1.2617999999999998,0.0,0.0,0.0,0.0,0.0,0.0,0.0,0.0,0.0,0.0,0.0,0.0
NC(=O)NNc1ccccc1,151.16899999999998,0.6818,0.0,0.0,0.0,0.0,0.0,0.0,0.0,0.0,0.0,0.0,0.0,0.0
NNC(N)=O,75.071,-1.4716000000000005,0.0,0.0,0.0,0.0,0.0,0.0,0.0,0.0,0.0,0.0,0.0,0.0
CNC(=O)Oc1cccc2c1OC(C)(C)C2,221.25599999999994,2.1183,0.0,0.0,0.0,0.0,1.0,0.0,0.0,0.0,0.0,0.0,0.0,0.0
c1ccc2c(c1)[nH]c1ccccc12,167.21099999999998,3.3211000000000013,0.0,0.0,,0.0,0.0,0.0,0.0,0.0,0.0,0.0,,0.0
N#CC(c1ccccc1)c1ccccc1,193.249,3.342080000000002,0.0,0.0,0.0,0.0,0.0,0.0,0.0,0.0,0.0,0.0,,0.0
O=C(Nc1cccc2c(=O)cc(-c3nnn[nH]3)oc12)c1ccc(OCCCCc2ccccc2)cc1,481.51200000000034,4.627100000000003,0.0,0.0,,0.0,0.0,0.0,0.0,,0.0,0.0,,0.0
COc1cc(S(=O)(=O)Nc2ccccc2)c(OC)cc1N,308.3590000000001,2.0867999999999998,0.0,0.0,0.0,0.0,0.0,0.0,0.0,0.0,0.0,0.0,,0.0
O=C(O)c1cc(I)cc(I)c1I,499.811,3.1986000000000008,0.0,0.0,,,0.0,0.0,1.0,1.0,0.0,0.0,0.0,0.0
O=C(CC(=O)C(F)(F)F)c1ccccc1,216.15800000000002,2.3908000000000005,0.0,0.0,0.0,,1.0,0.0,,0.0,0.0,,1.0,0.0
O=C1CCCc2c1cc1ccc3cccc4ccc2c1c34,270.3310000000001,5.103000000000003,0.0,1.0,1.0,,1.0,,1.0,,,1.0,1.0,1.0
O=Cc1cc(O)ccc1Br,201.01899999999995,1.9672,0.0,0.0,0.0,,1.0,0.0,,,0.0,0.0,,0.0
CCn1cc[n+](C)c1C.F[B-](F)(F)F,211.99899999999997,1.94092,0.0,0.0,0.0,0.0,0.0,0.0,0.0,0.0,0.0,0.0,,0.0
OCCCCCCCCCCCCBr,265.23499999999996,4.274600000000004,0.0,0.0,,0.0,0.0,0.0,,,0.0,,1.0,1.0
COS(=O)(=O)C(F)(F)F,164.10399999999998,0.48240000000000005,0.0,0.0,0.0,,0.0,0.0,0.0,0.0,0.0,1.0,,0.0
CO[C@@H]1[C@@H](O[C@@H]2O[C@H](C)[C@@H](O[C@H]3C[C@@](C)(O)[C@@H](OC(=O)CC(C)C)[C@H](C)O3)[C@H](N(C)C)[C@H]2O)[C@@H](CC=O)C[C@@H](C)[C@@H](O)C=CC=CC[C@@H](C)OC(=O)C[C@H]1O,785.9690000000003,2.4426000000000037,1.0,0.0,0.0,,1.0,,0.0,,0.0,,0.0,0.0
Cc1ccc2cc(C)ccc2c1,156.228,3.456640000000002,,0.0,0.0,0.0,0.0,0.0,0.0,0.0,0.0,0.0,0.0,0.0
CC(C)(C)c1cc(Cc2cc(C(C)(C)C)c(O)c(C(C)(C)C)c2)cc(C(C)(C)C)c1O,424.6690000000002,7.878600000000009,0.0,0.0,0.0,0.0,0.0,0.0,0.0,0.0,0.0,0.0,0.0,0.0
CCCCNc1c(C(=O)OCC)c(C)nc2c1cnn2CC,304.394,3.148320000000002,0.0,0.0,,,0.0,0.0,0.0,,0.0,0.0,0.0,0.0
Cc1scc2c1N(C(=O)CN1CCN(C)CC1)c1ccccc1NC2=O,370.478,2.53432,0.0,0.0,,0.0,0.0,0.0,0.0,0.0,0.0,0.0,0.0,0.0
Cc1c(C(N)=O)cc([N+](=O)[O-])cc1[N+](=O)[O-],225.16,0.91032,0.0,0.0,0.0,0.0,0.0,0.0,0.0,0.0,0.0,0.0,0.0,0.0
CN/C(=N\c1ccc(C2=NNC(=O)CC2C)cc1)NC#N,284.323,0.8242799999999997,0.0,0.0,0.0,0.0,0.0,0.0,0.0,0.0,0.0,0.0,0.0,0.0
CC(C)COC(=O)OCN1C(=O)CN(CCN2CC(=O)N(COC(=O)OCC(C)C)C(=O)C2)CC1=O,514.5320000000004,-0.13859999999999673,0.0,0.0,0.0,,0.0,0.0,0.0,,0.0,,0.0,1.0
C[n+]1cc2c3c(ccc2c2ccc4cc5c(cc4c21)OCO5)OCO3,332.33500000000015,3.4281000000000015,0.0,,1.0,,,1.0,,,,1.0,,
O=C(CCCN1CCC2(CC1)C(=O)NCN2c1ccccc1)c1ccc(F)cc1,395.47800000000007,3.217100000000001,0.0,0.0,0.0,,,0.0,0.0,1.0,0.0,0.0,1.0,0.0
O=c1[nH]oc2c1CCNC2,140.142,-0.3864000000000001,0.0,0.0,0.0,0.0,0.0,0.0,0.0,0.0,0.0,0.0,0.0,0.0
CC(COCCO)OCCO,164.20099999999996,-0.6073,0.0,0.0,0.0,0.0,0.0,0.0,0.0,0.0,0.0,0.0,0.0,0.0
CCCCCCCCc1ccc(S(=O)(=O)[O-])cc1,269.386,3.493700000000003,0.0,0.0,0.0,0.0,0.0,0.0,0.0,,0.0,0.0,0.0,0.0
CC1=C(/C=C/C(C)=C/C=C/C(C)=C/C=O)C(C)(C)CCC1,284.44300000000004,5.716900000000006,0.0,,0.0,,,1.0,,,,,,
CC1=C(/C=C/C(C)=C/C=C/C(C)=C\C=O)C(C)(C)CCC1,284.44300000000004,5.716900000000006,0.0,0.0,0.0,1.0,0.0,1.0,,,0.0,,1.0,
Oc1cc2ccccc2c2ccccc12,194.23299999999998,3.6986000000000026,0.0,,1.0,,,1.0,,,,,1.0,
O=Nc1ccc(O)cc1,123.11099999999996,1.7900999999999998,0.0,0.0,1.0,0.0,0.0,0.0,0.0,0.0,0.0,0.0,1.0,0.0
O=[N+]([O-])c1cc(I)c(O)c(I)c1,390.902,2.5096,0.0,,0.0,0.0,,0.0,,,,,,
N#CCC(=O)NN,99.093,-1.11002,,,,,,,,0.0,,0.0,,
O=C(Cn1ccnc1[N+](=O)[O-])NCc1ccccc1,260.253,1.1077,0.0,0.0,0.0,0.0,0.0,0.0,0.0,0.0,0.0,0.0,0.0,0.0
CN(C)c1ccc(C(=C2C=CC(=[N+](C)C)C=C2)c2c(O)c(S(=O)(=O)[O-])cc3cc(S(=O)(=O)[O-])ccc23)cc1,553.6380000000003,3.0606000000000018,0.0,0.0,,,,0.0,0.0,,,,0.0,0.0
O=C(OCCc1ccccc1)c1ccccc1,226.275,3.086100000000002,0.0,0.0,0.0,,1.0,0.0,0.0,0.0,1.0,0.0,0.0,0.0
OC[C@@H](O)[C@H]1O[C@@H]2O[C@@H](C(Cl)(Cl)Cl)O[C@@H]2[C@H]1O,309.52900000000005,-0.46290000000000026,0.0,0.0,0.0,0.0,0.0,0.0,0.0,,0.0,,0.0,0.0
Cc1cn([C@H]2C[C@H](F)[C@@H](CO)O2)c(=O)[nH]c1=O,244.22199999999998,-0.53708,0.0,0.0,,0.0,0.0,0.0,0.0,0.0,0.0,0.0,0.0,0.0
O=S(=O)([O-])c1cc(O)c2c(N=Nc3ccc(Nc4ccccc4)c4c(S(=O)(=O)[O-])cccc34)cc(S(=O)(=O)[O-])cc2c1,626.6260000000003,4.569900000000004,0.0,0.0,0.0,,,0.0,0.0,,0.0,,,0.0
CC(C)CCCCCCc1ccc(OCCOCCO)cc1,308.462,4.223300000000004,0.0,0.0,0.0,0.0,0.0,0.0,0.0,0.0,0.0,0.0,0.0,0.0
OCC#CCO,86.08999999999999,-1.0256,0.0,0.0,0.0,0.0,0.0,0.0,0.0,0.0,0.0,0.0,0.0,0.0
CCCN1CCC[C@@H]2Cc3nc(N)ncc3C[C@H]21,246.35799999999998,1.648,0.0,0.0,,0.0,0.0,0.0,0.0,,0.0,0.0,0.0,0.0
O=C1CC[C@@]2(O)[C@H]3Cc4ccc(O)c5c4[C@@]2(CCN3CC2CC2)[C@H]1O5,341.4070000000001,1.5253999999999999,0.0,0.0,0.0,0.0,0.0,0.0,0.0,,0.0,0.0,0.0,0.0
O=C(O)C(Br)CBr,231.87099999999998,1.2294,0.0,0.0,0.0,,0.0,0.0,,,0.0,0.0,0.0,0.0
CCN1C[C@@]2(COC)[C@H]3[C@@H](OC)[C@H]4C1[C@]3([C@@H](OC)C[C@H]2O)[C@@H]1C[C@]2(O)[C@@H](OC)[C@H](O)[C@@]4(OC(C)=O)[C@H]1[C@H]2OC(=O)c1ccccc1,645.7460000000003,0.6481000000000059,0.0,0.0,0.0,0.0,0.0,0.0,0.0,,0.0,,0.0,0.0
COC(=O)C1=C(C)NC(C)=C(C(=O)OCCCN2CCC(c3ccccc3)(c3ccccc3)CC2)C1c1cccc([N+](=O)[O-])c1,609.7230000000003,6.018000000000007,0.0,,,,,0.0,,,,,,
CCNS(=O)(=O)C(F)(F)C(F)(F)C(F)(F)C(F)(F)C(F)(F)C(F)(F)C(F)(F)C(F)(F)F,527.196,4.892600000000002,0.0,0.0,0.0,,0.0,0.0,0.0,1.0,0.0,0.0,,0.0
N#CSCSc1nc2ccccc2s1,238.36200000000002,3.560180000000001,0.0,1.0,,,0.0,0.0,1.0,,1.0,1.0,1.0,1.0
C=CC(=O)NC(C)(C)CS(=O)(=O)[O-],206.24299999999997,-0.3875999999999997,0.0,0.0,0.0,0.0,0.0,0.0,,0.0,0.0,0.0,,0.0
Clc1ccc(C(Cl)(Cl)Cl)cc1,229.921,4.1667000000000005,0.0,0.0,0.0,0.0,1.0,0.0,0.0,0.0,0.0,0.0,0.0,0.0
CCCCCCCCS(=O)(=O)[O-],193.28799999999998,1.8921000000000003,0.0,0.0,0.0,0.0,0.0,0.0,0.0,0.0,0.0,0.0,0.0,0.0
Cc1ccc(/N=N/c2c(O)c(C(=O)[O-])cc3ccccc23)c(S(=O)(=O)[O-])c1,384.36900000000014,2.5368200000000005,0.0,0.0,1.0,,0.0,0.0,0.0,1.0,0.0,0.0,,0.0
CCc1cccc(C)c1N,135.20999999999995,2.13962,0.0,0.0,,0.0,0.0,0.0,0.0,0.0,0.0,0.0,0.0,0.0
O=C([O-])CS,91.11099999999999,-1.3339000000000003,0.0,0.0,0.0,,0.0,0.0,0.0,0.0,0.0,0.0,0.0,0.0
CC(C)OB(OC(C)C)OC(C)C,188.07599999999996,2.2463000000000006,0.0,0.0,0.0,0.0,0.0,0.0,0.0,0.0,0.0,0.0,0.0,0.0
C[C@]12C(=O)OC(=O)[C@H]1[C@H]1C=C[C@@H]2C1,178.18699999999998,0.8982,0.0,0.0,0.0,0.0,,0.0,0.0,0.0,0.0,0.0,0.0,0.0
CC(C)CCCCCOC(=O)CS,204.335,2.675800000000001,0.0,0.0,,,0.0,0.0,0.0,,0.0,0.0,0.0,0.0
CC(COc1ccc(Oc2ccccc2)cc1)Oc1ccccn1,321.37600000000003,4.720200000000004,0.0,0.0,,,,0.0,0.0,1.0,0.0,0.0,,0.0
O=C(O)c1c(Cl)ccc2cc(Cl)cnc12,242.061,3.2398000000000007,0.0,0.0,,0.0,0.0,0.0,0.0,0.0,0.0,0.0,0.0,0.0
CCC(O)OCC(C)OC(O)CC,192.255,0.8648999999999998,0.0,0.0,0.0,0.0,0.0,0.0,0.0,0.0,0.0,0.0,0.0,0.0
COc1ccc(/C=N/NC(=O)c2ccncc2)cc1OC,285.30300000000005,1.8626999999999998,0.0,0.0,1.0,0.0,0.0,0.0,0.0,0.0,0.0,0.0,0.0,0.0
C=CC(=O)OCCC(=O)O,144.126,0.19029999999999997,0.0,0.0,0.0,0.0,0.0,0.0,,1.0,0.0,0.0,0.0,0.0
CCOCC(O)COc1ccc(NC(=O)CC[S+](C)C)cc1,328.454,1.6692999999999998,0.0,0.0,,0.0,0.0,0.0,0.0,,0.0,0.0,0.0,0.0
CCOC(=O)C(C)OC(=O)c1cc(Oc2ccc(C(F)(F)F)cc2Cl)ccc1[N+](=O)[O-],461.77600000000007,5.1677000000000035,0.0,0.0,0.0,0.0,,0.0,0.0,,0.0,0.0,1.0,0.0
CC[C@@]1(c2ccccc2)NC(=O)N(C)C1=O,218.25599999999994,1.4735000000000003,0.0,0.0,0.0,0.0,0.0,0.0,0.0,0.0,0.0,0.0,0.0,0.0
COC(=O)c1ccccc1CS(=O)(=O)NC(=O)Nc1nc(OC)cc(OC)n1,410.40800000000013,0.9319000000000001,0.0,0.0,0.0,0.0,0.0,0.0,0.0,0.0,0.0,0.0,0.0,0.0
O=C1C=CC(=O)O1,98.057,-0.3740000000000001,0.0,0.0,0.0,0.0,0.0,0.0,0.0,0.0,0.0,0.0,0.0,0.0
CC(C)=CC1C(C(=O)OCN2C(=O)C3=C(CCCC3)C2=O)C1(C)C,331.4120000000001,2.964900000000002,0.0,0.0,0.0,,0.0,0.0,,,0.0,1.0,,
C[C@H](CSC(=O)c1ccccc1)C(=O)N1C[C@@H](Sc2ccccc2)C[C@H]1C(=O)[O-].C[C@H](CSC(=O)c1ccccc1)C(=O)N1C[C@@H](Sc2ccccc2)C[C@H]1C(=O)[O-],857.1100000000001,5.415600000000005,0.0,0.0,0.0,0.0,0.0,0.0,0.0,,0.0,,0.0,0.0
CC(C)NCC(O)c1ccc2ccccc2c1,229.323,2.871200000000001,0.0,0.0,,0.0,0.0,0.0,0.0,0.0,0.0,0.0,0.0,0.0
CC(CN1c2ccccc2Sc2ccccc21)N(C)C,284.428,4.239400000000003,0.0,0.0,0.0,0.0,0.0,0.0,0.0,0.0,0.0,0.0,,0.0
Nc1ccc2cc3ccc(N)cc3nc2c1,209.25199999999998,2.5524000000000004,0.0,1.0,1.0,1.0,1.0,,,1.0,0.0,0.0,1.0,1.0
CNNCc1ccc(C(=O)NC(C)C)cc1,221.304,1.0487999999999995,0.0,0.0,,0.0,0.0,0.0,0.0,0.0,0.0,0.0,0.0,0.0
CC(C)Nc1nc(Cl)nc(NC(C)C)n1,229.71500000000003,2.1655999999999995,0.0,0.0,0.0,0.0,0.0,0.0,0.0,0.0,0.0,0.0,0.0,0.0
O=S1(=O)CCCO1,122.145,-0.26349999999999985,0.0,0.0,0.0,0.0,0.0,0.0,0.0,0.0,0.0,0.0,0.0,0.0
CCC(C)(CCC(C)C)C(=O)[O-].CCC(C)(CCC(C)C)C(=O)[O-].[Zn+2],407.91,3.1751000000000023,0.0,0.0,0.0,0.0,0.0,0.0,0.0,0.0,0.0,0.0,0.0,0.0
C=CCON/C(CCC)=C1\C(=O)CC(C)(C)C(C(=O)OC)=C1[O-],322.38100000000003,1.5342,0.0,0.0,0.0,0.0,0.0,0.0,0.0,0.0,0.0,0.0,,0.0
CC(=O)/C=C/C1C(C)=CCC(C)C1(C)C,206.32899999999995,3.760100000000003,0.0,0.0,0.0,0.0,0.0,0.0,0.0,0.0,0.0,0.0,0.0,0.0
O=S(=O)([O-])SSS(=O)(=O)[O-],224.262,-0.7117999999999998,0.0,0.0,0.0,0.0,0.0,0.0,0.0,,0.0,0.0,0.0,0.0
CCCCCCCCCCCC(=O)OCC,228.37599999999995,4.470400000000004,0.0,0.0,0.0,0.0,0.0,0.0,0.0,0.0,0.0,0.0,0.0,0.0
C=C1[C@H]2CC[C@@H]3[C@H]2C(C)(C)CCC[C@]13C,204.35699999999994,4.415000000000004,0.0,0.0,0.0,0.0,0.0,0.0,0.0,0.0,0.0,0.0,0.0,0.0
CCCCOC(=O)C(C)CC,158.24099999999996,2.375800000000001,0.0,0.0,0.0,0.0,0.0,0.0,0.0,0.0,0.0,,0.0,0.0
CCCCCCCCCCCCOCCOCCOCCOCCOCCOCCOCCOCCOCCO,582.8160000000005,4.049000000000006,0.0,,0.0,,,0.0,,1.0,0.0,,,
COC(=O)Nc1nc2cc(C(=O)c3cccs3)ccc2[nH]1,301.327,3.0337000000000005,,,1.0,,0.0,,,1.0,1.0,0.0,1.0,1.0
Nc1c(S(=O)(=O)O)cc(Br)c2c1C(=O)c1ccccc1C2=O,382.19100000000014,2.0534000000000003,0.0,0.0,1.0,0.0,0.0,0.0,0.0,1.0,0.0,0.0,,0.0
Cc1cc(Cl)c(C)cc1Cl,175.058,3.610240000000002,0.0,0.0,0.0,0.0,0.0,0.0,0.0,0.0,0.0,0.0,,0.0
Clc1nc(C(Cl)(Cl)Cl)c(Cl)c(Cl)c1Cl,334.244,5.5219,0.0,0.0,1.0,,,0.0,,1.0,,1.0,,0.0
O=S(=O)(O)c1cc(O)c2ccc(Nc3ccccc3)cc2c1,315.35,3.535700000000001,0.0,0.0,,0.0,,0.0,0.0,0.0,0.0,0.0,,0.0
C=C(C)C(=O)OCCC(C)OC(=O)C(=C)C,226.27199999999993,2.0036,0.0,0.0,0.0,0.0,0.0,0.0,0.0,0.0,0.0,0.0,,0.0
CC1=NN(c2cccc(S(=O)(=O)O)c2)C(=O)C1,254.26699999999994,1.0459,0.0,0.0,0.0,0.0,0.0,0.0,0.0,,0.0,0.0,0.0,0.0
CC(C)CC(C)N(c1ccccc1)c1ccc(N)cc1,268.404,4.8415000000000035,0.0,,1.0,,,,,1.0,0.0,,1.0,1.0
OCC1(CO)COCOC1,148.158,-1.0383,0.0,0.0,0.0,0.0,0.0,0.0,0.0,0.0,0.0,0.0,,0.0
O=S(=O)(O)c1ccc2ccccc2c1,208.238,2.0865,0.0,0.0,0.0,0.0,0.0,0.0,0.0,0.0,0.0,0.0,,0.0
Nc1cccc(S(=O)(=O)c2cccc(N)c2)c1,248.30700000000002,1.6838000000000002,0.0,0.0,0.0,0.0,0.0,0.0,0.0,0.0,0.0,0.0,,0.0
CC1=NN(c2ccc(C(=O)O)cc2)C(=O)C1,218.21199999999996,1.4974,0.0,,1.0,,0.0,0.0,0.0,0.0,0.0,0.0,0.0,0.0
Nc1ccc(C(=O)OCCCOC(=O)c2ccc(N)cc2)cc1,314.341,2.2549,0.0,,1.0,1.0,,0.0,0.0,,0.0,0.0,,0.0
CC(C)C1OCCN1CCOC(=O)NCCCCCCNC(=O)OCCN1CCOC1C(C)C,486.65400000000034,2.6278000000000015,0.0,0.0,0.0,0.0,0.0,0.0,0.0,0.0,0.0,0.0,0.0,0.0
Clc1ccc(Cl)c(Cl)c1Cl,215.894,4.3002,0.0,0.0,0.0,0.0,0.0,0.0,0.0,0.0,0.0,0.0,0.0,0.0
NS(=O)(=O)c1cc2c(cc1C(F)(F)F)NC(Cc1ccccc1)NS2(=O)=O,421.4220000000001,1.6254000000000004,0.0,0.0,0.0,0.0,0.0,0.0,0.0,0.0,0.0,0.0,0.0,0.0
CCN(CC)CCOC(=O)C(O)(c1ccccc1)c1ccccc1,327.42400000000004,2.807500000000001,0.0,0.0,0.0,0.0,0.0,0.0,0.0,0.0,0.0,0.0,0.0,0.0
CCC1(CC)C(=O)NC(=O)NC1=O,184.195,0.15879999999999994,0.0,0.0,0.0,0.0,0.0,0.0,0.0,0.0,0.0,0.0,0.0,0.0
C[C@H]1[C@H](NC(=O)C(=NOC(C)(C)C(=O)O)c2csc(N)n2)C(=O)N1S(=O)(=O)O,435.44000000000017,-1.1724999999999979,0.0,0.0,0.0,0.0,0.0,0.0,0.0,0.0,0.0,0.0,0.0,0.0
Nc1nc(=O)c2c([nH]1)NCC(CNc1ccc(C(=O)N[C@@H](CCC(=O)[O-])C(=O)[O-])cc1)N2C=O,471.43000000000023,-3.4004999999999965,0.0,0.0,0.0,0.0,0.0,0.0,0.0,,0.0,,0.0,0.0
O=C(O)c1ccc(C(=O)O)cc1,166.132,1.083,0.0,0.0,0.0,0.0,0.0,0.0,0.0,0.0,0.0,0.0,0.0,0.0
CC(C)(c1cc(Br)c(O)c(Br)c1)c1cc(Br)c(O)c(Br)c1,543.875,6.4737000000000045,0.0,0.0,0.0,1.0,0.0,1.0,1.0,1.0,0.0,1.0,1.0,1.0
BrCC(Br)(Br)Br,345.654,3.2198,0.0,0.0,0.0,,0.0,0.0,0.0,,,1.0,,1.0
BrC(Br)C(Br)Br,345.654,3.2182000000000004,0.0,0.0,,0.0,0.0,0.0,0.0,0.0,0.0,0.0,0.0,0.0
O=C1OC(=O)c2c(Br)c(Br)c(Br)c(Br)c21,463.7010000000001,4.0472,0.0,0.0,0.0,0.0,0.0,0.0,0.0,,0.0,0.0,0.0,0.0
CC(=O)Nc1ccc(OC(=O)c2ccccc2OC(C)=O)cc1,313.309,2.789500000000001,1.0,0.0,0.0,0.0,0.0,0.0,0.0,,0.0,0.0,,0.0
CC(=O)c1c(C)c([N+](=O)[O-])c(C(C)(C)C)c([N+](=O)[O-])c1C,294.307,3.6199400000000033,0.0,0.0,0.0,0.0,,0.0,0.0,0.0,0.0,0.0,,0.0
C=CC(=C)CCC=C(C)C,136.238,3.4750000000000023,0.0,0.0,0.0,0.0,0.0,0.0,0.0,0.0,0.0,1.0,,0.0
C=CCc1cc(OC)c2c(c1)OCO2,192.21399999999994,2.1524,0.0,0.0,0.0,0.0,0.0,0.0,0.0,0.0,0.0,0.0,0.0,0.0
Nc1ccc(N)c2ccccc12,158.204,2.0042,0.0,0.0,1.0,,,0.0,,,,,1.0,
CS(C)=O,78.136,-0.005299999999999971,0.0,0.0,0.0,0.0,0.0,0.0,0.0,1.0,0.0,0.0,0.0,0.0
CO,32.042,-0.3915,0.0,0.0,0.0,0.0,0.0,0.0,0.0,0.0,0.0,0.0,0.0,0.0
CCCO,60.096,0.3887,0.0,0.0,0.0,0.0,0.0,0.0,0.0,0.0,0.0,0.0,0.0,0.0
CNC(=O)OCC[N+](C)(C)C,161.225,0.048599999999999755,0.0,0.0,,0.0,0.0,0.0,0.0,,0.0,,0.0,0.0
c1ccc2cc(CC3=NCCN3)ccc2c1,210.28,2.3840000000000003,0.0,0.0,1.0,0.0,0.0,0.0,0.0,0.0,0.0,0.0,0.0,0.0
C[C@]12N[C@H](Cc3ccccc31)c1ccccc12,221.303,3.150500000000002,0.0,0.0,0.0,0.0,0.0,0.0,0.0,,0.0,,,0.0
CC1(C)CCC(NC(=O)[C@@H](N)CCC(=O)O)CC1,256.34599999999995,1.2634999999999998,0.0,0.0,0.0,0.0,0.0,0.0,0.0,,0.0,,0.0,0.0
Cc1c(C)c2c(c(C)c1O)CC[C@@](C)(CCC[C@H](C)CCC[C@H](C)CCCC(C)C)O2,430.7170000000003,8.840260000000002,0.0,0.0,0.0,0.0,0.0,0.0,0.0,0.0,0.0,0.0,0.0,0.0
CC[N+](CC)(CC)CCOc1ccc(/C=C/c2ccccc2)cc1,324.488,5.112300000000006,0.0,0.0,0.0,1.0,,0.0,,1.0,,0.0,0.0,0.0
Cc1cccc(C)c1OCC(C)N,179.26299999999998,2.0294399999999997,0.0,0.0,0.0,0.0,0.0,0.0,0.0,0.0,0.0,0.0,0.0,0.0
COc1ccc(OC)c(C(O)C(C)N)c1,211.261,1.0844,0.0,,,0.0,0.0,0.0,0.0,,0.0,,0.0,0.0
Nc1ccc(Cc2ccc(N)cc2)cc1,198.269,2.4418000000000006,0.0,0.0,1.0,0.0,0.0,0.0,0.0,0.0,0.0,0.0,0.0,0.0
CN1CCN(CCCN2c3ccccc3Sc3ccccc32)CC1,339.50800000000015,3.9268000000000027,0.0,0.0,0.0,,0.0,0.0,,,0.0,,,0.0
COc1ccc2[nH]cc(CCNC(C)=O)c2c1,232.28299999999996,1.8550999999999997,0.0,0.0,1.0,0.0,1.0,0.0,0.0,0.0,0.0,0.0,0.0,0.0
CC(=O)OCc1ccco1,140.13799999999998,1.3427,0.0,0.0,0.0,0.0,0.0,0.0,0.0,0.0,0.0,0.0,0.0,0.0
OCc1ccco1,98.10099999999998,0.7719,0.0,0.0,0.0,0.0,0.0,0.0,0.0,0.0,0.0,0.0,0.0,0.0
O=C(c1ccc(O)cc1)c1ccc(O)cc1,214.22,2.3288,0.0,0.0,1.0,,1.0,1.0,0.0,0.0,0.0,0.0,,0.0
CN1CCCC(OC(=O)C(O)(c2ccccc2)c2ccccc2)C1,325.4080000000001,2.5599000000000007,0.0,0.0,,0.0,0.0,0.0,0.0,,0.0,,,0.0
COC(=O)N(OC)c1ccccc1COc1ccn(-c2ccc(Cl)cc2)n1,387.82300000000004,4.238900000000004,0.0,,,,,,,1.0,0.0,0.0,1.0,1.0
CC1=NNC(=O)N(/N=C/c2cccnc2)C1,217.232,0.8166,0.0,0.0,,0.0,,0.0,0.0,0.0,0.0,0.0,0.0,0.0
CC[C@@H](C(=O)[C@@H](C)[C@@H](O)[C@H](C)[C@@H]1O[C@@H]([C@@H](CC)C(=O)O)[C@@H](C)C[C@@H]1C)[C@H]1O[C@]2(C=C[C@@H](O)[C@]3(CC[C@@](C)([C@H]4CC[C@](O)(CC)[C@H](C)O4)O3)O2)[C@H](C)C[C@@H]1C,765.038,6.434000000000007,0.0,,0.0,0.0,,0.0,,,0.0,,,1.0
COCC(=O)N(c1c(C)cccc1C)N1CCOC1=O,278.308,1.6500400000000004,0.0,0.0,0.0,0.0,0.0,0.0,0.0,0.0,0.0,0.0,0.0,0.0
c1ccc(CNc2[nH]cnc3ncnc2-3)cc1,225.255,1.9165999999999996,0.0,0.0,1.0,0.0,,0.0,0.0,0.0,0.0,0.0,,0.0
CC1(C)S[C@@H]2[C@H](NC(=O)[C@H](C(=O)[O-])c3ccsc3)C(=O)N2[C@H]1C(=O)[O-],382.4190000000001,-2.1213999999999977,0.0,0.0,0.0,0.0,0.0,0.0,0.0,,0.0,,0.0,0.0
C[C@@H](CN(C)C)CN1c2ccccc2Sc2ccccc21.C[C@@H](CN(C)C)CN1c2ccccc2Sc2ccccc21,596.9100000000002,8.974000000000002,0.0,0.0,0.0,0.0,0.0,0.0,0.0,,0.0,0.0,,0.0
CCC(=O)O[C@@](Cc1ccccc1)(c1ccccc1)[C@@H](C)CN(C)C.O=S(=O)(O)c1ccc2ccccc2c1,547.7170000000003,6.362000000000006,0.0,0.0,0.0,0.0,0.0,0.0,0.0,,0.0,,0.0,0.0
CCN(CCCc1ccccc1)CCCc1ccccc1.O=C(O)CC(O)(CC(=O)O)C(=O)O,473.56600000000026,3.3254,0.0,0.0,0.0,0.0,0.0,0.0,0.0,0.0,0.0,0.0,0.0,0.0
Cc1ccc(Cl)c(Nc2ccccc2C(=O)[O-])c1Cl,295.145,3.408920000000003,0.0,0.0,0.0,0.0,0.0,0.0,,0.0,0.0,0.0,0.0,1.0
CN1CCc2c(c3ccccc3n2Cc2ccccc2)C1.CN1CCc2c(c3ccccc3n2Cc2ccccc2)C1.O=S(=O)(O)c1cccc2c(S(=O)(=O)O)cccc12,841.0680000000004,8.688200000000007,0.0,0.0,0.0,,0.0,0.0,0.0,,0.0,,,0.0
COc1ccc2c(c1)[C@@]13CCCCC1[C@@H](C2)N(C)CC3,271.404,3.3834000000000026,0.0,0.0,0.0,0.0,0.0,0.0,0.0,,0.0,,0.0,0.0
CCN(CC)Cc1cc(Nc2ccnc3cc(Cl)ccc23)ccc1O,355.8690000000001,5.179200000000004,0.0,0.0,0.0,0.0,0.0,0.0,0.0,,0.0,,0.0,0.0
CCN(CC)c1ccc(N=Nc2ccc(S(=O)(=O)N(C)C)cc2)c(S(=O)(=O)NCC[n+]2ccccc2)c1,545.7110000000002,3.464500000000002,0.0,0.0,,0.0,,0.0,0.0,,0.0,,0.0,0.0
CC[C@H]1O[C@]2(CC[C@@H]1C)C[C@@H]1C[C@@H](CC=C(C)C[C@@H](C)C=CC=C3CO[C@@H]4[C@H](O)C(C)=C[C@@H](C(=O)O1)[C@]34O)O2,542.7130000000003,4.924300000000007,0.0,,0.0,,,,,,,1.0,,
CO[C@@H]1[C@@H](O[C@@H]2O[C@H](C)[C@@H](O[C@H]3C[C@@](C)(O)[C@@H](O)[C@H](C)O3)[C@H](N(C)C)[C@H]2O)[C@@H](CC=O)C[C@@H](C)[C@@H](O[C@@H]2CC[C@H](N(C)C)[C@@H](C)O2)C=CC=CC[C@@H](C)OC(=O)C[C@H]1O,843.0649999999999,2.3251000000000093,0.0,0.0,0.0,0.0,0.0,0.0,0.0,,0.0,,0.0,0.0
C1CCN2C[C@@H]3C[C@@H](CN4CCCC[C@H]34)[C@@H]2C1,234.38699999999992,2.3451000000000004,0.0,0.0,0.0,0.0,0.0,0.0,0.0,0.0,0.0,0.0,0.0,0.0
C[C@H]1CN(c2c(F)c(N)c3c(=O)c(C(=O)O)cn(C4CC4)c3c2F)C[C@@H](C)N1,392.4060000000002,2.0816,1.0,0.0,0.0,0.0,0.0,0.0,0.0,0.0,0.0,0.0,0.0,0.0
O=C1CSC2(CCN(CCCN3c4ccccc4Sc4ccc(Cl)cc43)CC2)N1,446.0410000000001,4.987900000000005,0.0,0.0,1.0,,,0.0,,,0.0,,1.0,
CC1(C)OC[C@@H](COC(=O)CCc2ccc(OC[C@@H](O)CNCCNC(=O)N3CCOCC3)cc2)O1,509.60000000000036,0.6850000000000034,0.0,0.0,0.0,0.0,0.0,0.0,0.0,,0.0,0.0,0.0,0.0
CCCCOC(=O)CCCCCCCCC(=O)OCCCC,314.46600000000007,4.7938000000000045,0.0,0.0,0.0,0.0,0.0,0.0,0.0,0.0,0.0,0.0,0.0,0.0
N#C/C(=C1/SC[C@@H](c2ccc(Cl)cc2Cl)S1)n1ccnc1,354.28700000000003,5.060880000000003,0.0,0.0,1.0,1.0,,0.0,,1.0,0.0,,0.0,0.0
O=C([O-])c1ccccc1Nc1cc(Cl)ccc1C(=O)[O-],289.67400000000004,0.8105999999999998,0.0,0.0,0.0,0.0,0.0,0.0,0.0,0.0,0.0,1.0,0.0,0.0
CCCCCCCCN(C)C,157.30100000000002,2.908500000000002,0.0,0.0,0.0,0.0,0.0,0.0,0.0,0.0,0.0,0.0,0.0,0.0
Oc1ccc2ccccc2c1,144.17299999999997,2.5454,0.0,0.0,1.0,0.0,1.0,1.0,0.0,1.0,0.0,0.0,1.0,0.0
CCCCCCCCCCCC(=O)N(C)CC(=O)[O-],270.393,2.1155999999999997,0.0,0.0,0.0,0.0,0.0,0.0,0.0,0.0,0.0,0.0,0.0,0.0
CCC(C)CO,88.14999999999999,1.0248,0.0,0.0,0.0,0.0,0.0,0.0,0.0,1.0,0.0,0.0,0.0,0.0
Nc1ncnc2c1ncn2[C@H]1CC[C@@H](CO)O1,235.24699999999996,0.07839999999999986,0.0,0.0,0.0,0.0,0.0,0.0,0.0,0.0,0.0,0.0,0.0,0.0
O=C1[N-]C(=O)C(c2ccccc2)(c2ccccc2)N1,251.26500000000001,2.5537,0.0,0.0,0.0,0.0,0.0,0.0,0.0,0.0,0.0,0.0,0.0,0.0
O=C(OCC1(COC(=O)c2cccnc2)CCCC(COC(=O)c2cccnc2)(COC(=O)c2cccnc2)C1O)c1cccnc1,640.6490000000003,3.5120000000000022,0.0,0.0,0.0,0.0,0.0,0.0,0.0,0.0,0.0,0.0,0.0,0.0
CN1CSC(=S)N(C)C1,162.283,0.7967,0.0,0.0,0.0,,0.0,0.0,,1.0,0.0,1.0,0.0,0.0
O=C1c2ccccc2C(=O)C1c1ccc2ccccc2n1,273.291,3.3976000000000015,,0.0,1.0,,,0.0,0.0,1.0,1.0,0.0,1.0,0.0
CCOC(=O)OC1=C(c2cc(C)ccc2C)C(=O)NC12CCC(OC)CC2,373.4490000000002,3.645240000000002,0.0,0.0,0.0,,,0.0,0.0,0.0,0.0,0.0,,1.0
[O-]c1cc(Cl)c(Cl)cc1Cl,196.44,2.7204000000000006,0.0,0.0,1.0,0.0,,0.0,0.0,1.0,0.0,0.0,1.0,0.0
CCCCCC/C=C\CCCCCCCC(=O)O,254.4139999999999,5.328300000000005,0.0,0.0,0.0,0.0,0.0,0.0,1.0,0.0,0.0,,0.0,0.0
C=C(C)[C@@H]1CC=C(C=O)CC1,150.22099999999995,2.4879000000000007,0.0,0.0,0.0,0.0,0.0,0.0,0.0,,0.0,0.0,0.0,0.0
COc1ccc(C(C)=O)cc1,150.177,1.8978,0.0,0.0,0.0,0.0,1.0,0.0,0.0,0.0,0.0,0.0,0.0,0.0
COc1cc(Cl)ccc1Cl,177.03,3.0020000000000016,0.0,0.0,0.0,0.0,0.0,0.0,0.0,0.0,0.0,0.0,0.0,0.0
CC(=O)CC(=O)N(C)C,129.159,0.05370000000000008,0.0,0.0,0.0,0.0,0.0,0.0,0.0,0.0,0.0,0.0,0.0,0.0
Cc1cccc(C)c1NC(=O)CN1CCCCCC1,260.381,3.1179400000000017,0.0,0.0,0.0,0.0,0.0,0.0,0.0,0.0,0.0,0.0,0.0,0.0
Cc1nc2ccccc2n1Cc1ccc(Cl)cc1,256.73599999999993,4.046420000000003,0.0,,0.0,0.0,,0.0,0.0,1.0,0.0,0.0,,
C[C@@H](Cc1ccccc1)N(C)C,163.26399999999995,2.1792,0.0,0.0,0.0,0.0,1.0,0.0,0.0,,0.0,,0.0,0.0
O=C(CN1CCNCC1)NC1CCCCC1,225.33599999999996,0.34050000000000047,0.0,0.0,0.0,0.0,0.0,0.0,0.0,0.0,0.0,0.0,0.0,0.0
CCCCNCC(O)c1ccc(O)cc1,209.289,1.8152999999999997,0.0,0.0,0.0,0.0,0.0,0.0,0.0,,0.0,,0.0,0.0
CC(Cc1ccccc1)NCc1ccccc1Cl,259.78,4.060800000000003,0.0,0.0,0.0,0.0,1.0,0.0,0.0,0.0,0.0,0.0,,0.0
COC(=O)C1=C(C)NC(C)=C(C(=O)OC)C1c1ccccc1OC(F)F,367.348,2.868800000000001,0.0,0.0,,0.0,0.0,0.0,0.0,0.0,0.0,0.0,,0.0
CCCCCCCCCCCSCC(=O)O,246.41599999999997,4.3350000000000035,0.0,0.0,0.0,0.0,,0.0,1.0,0.0,0.0,,0.0,
COC(CC(C)CCCC(C)(C)O)OC,218.337,2.572700000000001,0.0,0.0,0.0,0.0,0.0,0.0,0.0,0.0,0.0,0.0,0.0,0.0
Oc1ccc2c(c1)-c1ccccc1C2,182.22199999999998,2.963400000000001,0.0,0.0,1.0,0.0,1.0,1.0,0.0,1.0,0.0,0.0,1.0,
COC(=O)C(C)N(C(=O)c1ccco1)c1c(C)cccc1C,301.34200000000004,3.1047400000000014,0.0,0.0,0.0,0.0,0.0,0.0,0.0,0.0,0.0,0.0,0.0,0.0
CO/C=C(/C(=O)OC)c1ccccc1COc1cccc(C(F)(F)F)n1,367.32300000000004,3.8397000000000023,0.0,,0.0,,,,,1.0,0.0,0.0,,1.0
C=CC(C)(O)CC/C=C(/C)CCC=C(C)C,222.37199999999996,4.396300000000004,0.0,0.0,0.0,,0.0,0.0,0.0,,0.0,0.0,0.0,0.0
CCOC(=O)CC1(C)OCC(C)O1,188.22299999999998,1.0911,0.0,0.0,0.0,0.0,0.0,0.0,0.0,0.0,0.0,0.0,0.0,0.0
O=C(O)CCCCC1CCSS1,206.332,2.7851000000000017,0.0,0.0,0.0,0.0,0.0,0.0,0.0,1.0,0.0,0.0,0.0,0.0
COC(=O)CC(C(C)=O)C(=O)OC,188.17899999999997,-0.07230000000000025,0.0,0.0,0.0,0.0,0.0,0.0,0.0,,0.0,0.0,0.0,0.0
CC(C)N(Cc1ccccc1)C(=O)C(C)(C)C,233.35499999999996,3.4697000000000022,0.0,0.0,0.0,0.0,1.0,0.0,0.0,0.0,0.0,0.0,,0.0
CC1CCC(C(C)CS)CC1S,204.404,3.2869000000000024,0.0,0.0,0.0,0.0,0.0,0.0,0.0,,0.0,,0.0,
C=CC(C)(O)CCC=C(C)C,154.253,2.6698000000000013,0.0,0.0,0.0,0.0,0.0,0.0,0.0,0.0,0.0,0.0,0.0,0.0
C=CC(C)(CCC=C(C)C)OC(=O)c1ccccc1N,273.37600000000003,4.1167000000000025,0.0,0.0,0.0,0.0,0.0,0.0,0.0,0.0,0.0,0.0,0.0,0.0
CCCCC/C=C\C/C=C\CCCCCCCC(=O)O,280.4519999999999,5.884500000000005,0.0,0.0,0.0,0.0,0.0,0.0,0.0,0.0,0.0,1.0,0.0,0.0
CC/C=C\C/C=C\C/C=C\CCCCCCCC(=O)O,278.4359999999999,5.660500000000005,0.0,0.0,0.0,0.0,0.0,0.0,1.0,1.0,0.0,1.0,0.0,0.0
COCCC#N,85.10600000000001,0.5464800000000001,0.0,0.0,0.0,0.0,0.0,0.0,0.0,0.0,0.0,0.0,0.0,0.0
O=C(O)CCSSCCC(=O)O,210.27599999999998,1.3172000000000001,0.0,0.0,0.0,0.0,0.0,0.0,0.0,0.0,0.0,0.0,0.0,0.0
CCCC[n+]1ccccc1,136.21799999999996,1.7742,0.0,0.0,0.0,0.0,0.0,0.0,0.0,0.0,0.0,0.0,0.0,0.0
CCOP(=S)(OCC)Oc1ncn(-c2ccccc2)n1,313.319,2.943600000000001,0.0,0.0,1.0,0.0,1.0,0.0,0.0,0.0,0.0,0.0,,0.0
CSc1ccc(C=O)cc1,152.218,2.221,0.0,0.0,0.0,0.0,0.0,0.0,0.0,0.0,0.0,0.0,0.0,0.0
Cc1c([N+](=O)[O-])c(C)c([N+](=O)[O-])c(C(C)(C)C)c1[N+](=O)[O-],297.267,3.325540000000002,0.0,0.0,0.0,,0.0,0.0,0.0,0.0,0.0,0.0,1.0,0.0
CNC(=S)N(C)C,118.205,0.05230000000000001,0.0,0.0,0.0,0.0,0.0,0.0,0.0,0.0,0.0,0.0,0.0,0.0
CCCOCCC,102.17699999999999,1.823,0.0,0.0,0.0,0.0,0.0,0.0,0.0,0.0,0.0,0.0,0.0,0.0
CCCSP(=S)(OCC)Oc1ccc(Cl)cc1Cl,345.25300000000004,5.776400000000003,0.0,0.0,1.0,0.0,1.0,,0.0,,0.0,0.0,,0.0
COP(=S)(Oc1cc(Cl)c(Br)cc1Cl)c1ccccc1,412.07200000000006,5.416100000000004,0.0,0.0,1.0,,0.0,0.0,,,0.0,0.0,,
CSC(C)(C)/C=N\O,133.216,1.5879999999999999,0.0,0.0,0.0,0.0,,0.0,0.0,0.0,0.0,0.0,0.0,0.0
N#Cc1sc2c(=O)c3ccccc3c(=O)c=2sc1C#N,296.33200000000005,2.1513400000000003,0.0,,1.0,,,,,1.0,0.0,,,
Cc1ccc2ccccc2n1,143.189,2.5432200000000007,0.0,0.0,,0.0,0.0,0.0,0.0,0.0,0.0,0.0,0.0,0.0
CCOP(=S)(OCC)Oc1ccc(Cl)cc1Cl,315.158,4.669700000000003,0.0,0.0,1.0,0.0,,0.0,0.0,0.0,0.0,0.0,,0.0
N#CCCCl,89.525,1.1388800000000001,0.0,0.0,0.0,0.0,0.0,0.0,0.0,0.0,0.0,0.0,0.0,0.0
ClCBr,129.384,1.5776,0.0,0.0,0.0,0.0,,0.0,0.0,0.0,0.0,0.0,0.0,0.0
O=C([O-])C(=O)[O-].[Ca+2],128.096,-3.8946000000000005,0.0,0.0,0.0,0.0,0.0,0.0,0.0,0.0,0.0,0.0,0.0,0.0
C=CC(C)(C)C,84.16199999999999,2.2184999999999997,0.0,0.0,0.0,0.0,0.0,0.0,0.0,0.0,0.0,0.0,,0.0
CCc1cccc(CC)c1N,149.23699999999997,2.3936,0.0,0.0,0.0,0.0,0.0,0.0,0.0,0.0,0.0,0.0,0.0,0.0
O=C([O-])c1ccccc1,121.11499999999995,0.05009999999999992,0.0,0.0,0.0,0.0,0.0,0.0,0.0,0.0,0.0,0.0,0.0,0.0
c1ccc2c(c1)-c1cccc3c1c-2cc1ccccc13,252.31599999999997,5.640400000000003,0.0,1.0,1.0,0.0,0.0,,1.0,1.0,0.0,1.0,,1.0
c1ccc2cc3c(ccc4ccccc43)cc2c1,228.29399999999998,5.146200000000003,1.0,0.0,1.0,,1.0,1.0,0.0,1.0,1.0,0.0,1.0,0.0
CCCCNC(=O)n1c(NC(=O)OC)nc2ccccc21,290.323,2.572400000000001,0.0,0.0,1.0,,,0.0,0.0,0.0,0.0,,,1.0
CC(C)N1C(=O)c2ccccc2NS1(=O)=O,240.284,1.2074999999999998,0.0,0.0,0.0,0.0,0.0,0.0,0.0,0.0,0.0,0.0,1.0,0.0
c1cc2ccc3ccc4ccc5cccc6c(c1)c2c3c4c56,276.338,6.3282000000000025,0.0,1.0,,0.0,0.0,0.0,0.0,1.0,0.0,0.0,0.0,1.0
c1ccc2cc3c(cc2c1)-c1cccc2cccc-3c12,252.31599999999997,5.640400000000003,0.0,,1.0,,0.0,,,,0.0,,,1.0
CCCCCCCCCCCCCCCC[N+](C)(C)C,284.55199999999996,6.173900000000007,0.0,,0.0,,1.0,1.0,,,0.0,0.0,1.0,
Cc1ccc(C)c(S(=O)(=O)[O-])c1,185.224,1.20754,0.0,0.0,0.0,0.0,,0.0,0.0,0.0,0.0,0.0,,0.0
O=C(C(Cl)Cl)N1CCOC12CCCCC2,252.1409999999999,2.3093000000000004,0.0,0.0,0.0,0.0,0.0,0.0,0.0,1.0,0.0,0.0,0.0,0.0
CC1=CC(C)C(C=O)CC1,138.20999999999998,2.1776999999999997,0.0,0.0,0.0,0.0,,0.0,0.0,0.0,0.0,0.0,0.0,0.0
Br[Ca]Br,199.886,1.3104,0.0,0.0,0.0,0.0,,0.0,0.0,0.0,0.0,0.0,,0.0
CCOC(=O)CC(CC(=O)OCC)(OC(C)=O)C(=O)OCC,318.32200000000006,0.7578,0.0,0.0,0.0,0.0,0.0,0.0,0.0,0.0,0.0,0.0,,0.0
CC(C)c1cccc(O)c1,136.19399999999996,2.515600000000001,0.0,0.0,0.0,0.0,0.0,0.0,0.0,0.0,0.0,0.0,1.0,0.0
NCCN,60.09999999999999,-1.0962,0.0,0.0,0.0,0.0,0.0,0.0,0.0,0.0,0.0,0.0,0.0,0.0
CCC(C)(C)C1CCCCC1OC(C)=O,212.33299999999997,3.544500000000003,0.0,0.0,0.0,0.0,0.0,0.0,0.0,1.0,0.0,,0.0,0.0
OCCC(F)(F)C(F)(F)C(F)(F)C(F)(F)C(F)(F)C(F)(F)F,364.10099999999994,4.107600000000001,0.0,0.0,0.0,0.0,0.0,0.0,0.0,0.0,0.0,0.0,0.0,0.0
COc1ccc(CCN(C)CCCC(C#N)(c2cc(OC)c(OC)c(OC)c2)C(C)C)cc1OC,484.6370000000003,5.101680000000005,0.0,0.0,0.0,0.0,0.0,0.0,0.0,0.0,0.0,0.0,0.0,0.0
COc1cc2c(cc1OC)-c1cc3ccc(OC)c(OC)c3c[n+]1CC2,352.41000000000014,3.384800000000002,0.0,0.0,,0.0,0.0,0.0,0.0,0.0,0.0,0.0,1.0,0.0
CCCC[P+](C)(CCCC)CCCC.COS(=O)(=O)[O-],328.455,4.127100000000003,0.0,0.0,,0.0,,,0.0,,0.0,0.0,,0.0
CCCCCCn1cc[n+](C)c1.O=S(=O)([O-])C(F)(F)F,316.34499999999997,1.9443000000000001,0.0,0.0,0.0,0.0,,0.0,0.0,1.0,0.0,0.0,,0.0
C[n+]1ccn(CCO)c1,127.16699999999999,-0.6951000000000003,0.0,0.0,,0.0,0.0,0.0,0.0,,0.0,0.0,0.0,0.0
CCCCCCCCn1cc[n+](C)c1,195.33000000000004,2.6731000000000016,0.0,0.0,0.0,1.0,,,0.0,1.0,,0.0,1.0,
C[C@@H]([C@H](O)c1ccccc1)N(C)C,179.26299999999998,1.6701,0.0,0.0,0.0,0.0,0.0,0.0,0.0,,0.0,,0.0,0.0
OC[C@H]1O[C@@H](n2cnc3c(O)ncnc32)[C@H](O)[C@@H]1O,268.22900000000004,-1.8566000000000003,0.0,0.0,0.0,0.0,0.0,0.0,0.0,0.0,0.0,0.0,0.0,0.0
Cc1ccc(C(C)C)cc2c(C)ccc1-2,198.309,4.531640000000004,,,,,,,,,,0.0,,
CO[C@H]1C=CO[C@@]2(C)Oc3c(C)c(O)c4c(O)c(c5c(nc6cc(C)ccn65)c4c3C2=O)NC(=O)C(C)=CC=C[C@H](C)[C@H](O)[C@@H](C)[C@@H](O)[C@@H](C)[C@H](OC(C)=O)[C@@H]1C,785.8910000000003,6.157840000000009,0.0,0.0,,0.0,0.0,0.0,0.0,,0.0,,,0.0
CN(C)N,60.099999999999994,-0.5783,0.0,0.0,0.0,0.0,0.0,0.0,0.0,0.0,0.0,0.0,0.0,0.0
CN(C)C=O,73.095,-0.2956000000000001,0.0,0.0,0.0,0.0,0.0,0.0,0.0,0.0,0.0,0.0,0.0,0.0
CN(C)C(=O)Cl,107.53999999999999,0.9068,0.0,0.0,0.0,0.0,0.0,0.0,0.0,0.0,0.0,0.0,0.0,0.0
Cc1c2ccccc2c(C)c2c1ccc1ccccc12,256.348,5.763040000000005,0.0,0.0,1.0,1.0,1.0,,1.0,1.0,0.0,1.0,,1.0
O=C1NCN(c2ccccc2)C12CCN(CC1COc3ccccc3O1)CC2,379.46000000000015,2.2549,0.0,0.0,0.0,0.0,,0.0,0.0,0.0,0.0,0.0,0.0,0.0
c1ccc2nc(N3CCNCC3)ccc2c1,213.284,1.6443999999999999,,,,,,,,0.0,,0.0,,
CN/C(=C\[N+](=O)[O-])NCCSCc1ccc(CN(C)C)o1,314.411,1.4589999999999999,0.0,0.0,0.0,0.0,0.0,0.0,0.0,0.0,0.0,0.0,0.0,0.0
Nc1nc2ccc(OC(F)(F)F)cc2s1,234.20199999999994,2.7771,0.0,0.0,1.0,,1.0,,0.0,0.0,1.0,0.0,0.0,1.0
Cc1nc2n(c(=O)c1CCN1CCC(c3noc4cc(F)ccc34)CC1)CCCC2,410.4930000000003,3.5904200000000026,0.0,0.0,0.0,0.0,0.0,0.0,0.0,,0.0,0.0,0.0,0.0
C1COC(NC(C2CC2)C2CC2)=N1,180.25099999999998,1.1507999999999994,,,,,,,,0.0,,0.0,,
CCCN(CCC)CCc1cccc2c1CC(=O)N2,260.3809999999999,2.845700000000001,0.0,0.0,0.0,0.0,0.0,0.0,0.0,0.0,0.0,0.0,0.0,0.0
COc1ccccc1OCC(O)CN1CCN(CC(=O)Nc2c(C)cccc2C)CC1,427.5450000000002,2.30804,0.0,0.0,0.0,0.0,0.0,0.0,0.0,0.0,0.0,0.0,0.0,0.0
C[C@]12CC[C@H]3[C@@H](CC[C@H]4CC(=O)CC[C@@]43C)[C@@H]1CC[C@@H]2O,290.44699999999995,3.9591000000000034,1.0,1.0,0.0,,1.0,1.0,0.0,1.0,0.0,0.0,1.0,0.0
C[C@]12CC[C@@H]3c4ccc(O)cc4CC[C@H]3[C@@H]1CCC2=O,270.37199999999996,3.817400000000002,1.0,0.0,0.0,0.0,1.0,1.0,0.0,0.0,0.0,0.0,1.0,0.0
C[C@]12CC[C@@H]3c4ccc(O)cc4CC[C@H]3[C@@H]1C[C@@H](O)[C@@H]2O,288.38699999999994,2.5800000000000005,0.0,0.0,0.0,0.0,1.0,1.0,0.0,0.0,0.0,0.0,0.0,0.0
C=CC1(C)OC(=O)N(c2cc(Cl)cc(Cl)c2)C1=O,286.11400000000003,3.4213000000000013,0.0,0.0,0.0,0.0,0.0,0.0,0.0,0.0,0.0,0.0,0.0,0.0
CC(C)(C)CC(C)(C)c1ccc(O)cc1,206.329,4.106000000000003,0.0,0.0,0.0,,1.0,1.0,0.0,,0.0,,1.0,
C[C@]12CC[C@@H]3c4ccc(O)cc4C[C@@H](CCCCCCCCCS(=O)CCCC(F)(F)C(F)(F)F)[C@H]3[C@@H]1CC[C@@H]2O,606.7820000000003,8.682600000000003,0.0,,,1.0,,0.0,0.0,1.0,0.0,0.0,1.0,0.0
CC(=O)NC(Cc1ccccc1)C(=O)O,207.22899999999998,0.8183999999999998,0.0,0.0,,0.0,0.0,0.0,0.0,0.0,0.0,0.0,0.0,0.0
C#C[C@]1(O)CC[C@H]2[C@@H]3CCC4=CC(=O)CC[C@]4(C)[C@H]3CC[C@@]21C,312.4530000000001,3.8826000000000036,1.0,1.0,0.0,0.0,1.0,1.0,0.0,0.0,0.0,0.0,0.0,0.0
C#CC(O)(/C=C\Cl)CC,144.60099999999997,1.5132,,,,,,,,0.0,,0.0,,
CCN(CC)S(=O)(=O)c1ccc(C(=O)O)cc1,257.311,1.4153000000000002,0.0,0.0,0.0,0.0,0.0,0.0,0.0,0.0,0.0,0.0,0.0,0.0
CCC1(C)CC(=O)NC1=O,141.17,0.4491999999999999,0.0,0.0,0.0,0.0,0.0,0.0,0.0,0.0,0.0,0.0,0.0,0.0
BrCCCCCCBr,243.96999999999997,3.3366000000000025,0.0,0.0,0.0,0.0,0.0,0.0,0.0,,0.0,0.0,0.0,0.0
O=c1[nH]c(=O)c2[nH]c(=O)[nH]c2[nH]1,168.112,-1.7672000000000003,0.0,0.0,0.0,0.0,0.0,0.0,0.0,,0.0,,0.0,0.0
CC(C)CC(=O)C1C(=O)c2ccccc2C1=O,230.26299999999998,2.2970000000000006,0.0,0.0,1.0,0.0,0.0,0.0,,0.0,,0.0,1.0,0.0
O=C([O-])c1cc2cc(Cc3cccnc3)ccc2o1,252.249,1.7820999999999998,0.0,0.0,,0.0,1.0,,0.0,,0.0,,0.0,0.0
NC(=O)Nc1ccccc1,136.15399999999997,1.1772000000000002,0.0,0.0,0.0,0.0,0.0,0.0,0.0,0.0,0.0,0.0,0.0,0.0
CCCOc1ccccc1-c1nc2[nH]nnc2c(=O)[nH]1,271.28,1.4969999999999999,0.0,,0.0,0.0,0.0,0.0,0.0,0.0,0.0,0.0,0.0,0.0
O=P([O-])(O)C(Cl)(Cl)P(=O)([O-])O,242.875,-0.8333000000000002,0.0,0.0,0.0,0.0,0.0,0.0,0.0,,0.0,,0.0,0.0
O=C(NCCNCC(O)COc1ccc(O)cc1)N1CCOCC1,339.3920000000002,-0.23669999999999924,0.0,0.0,0.0,0.0,0.0,0.0,0.0,,0.0,,0.0,0.0
CCCCOC(CC)OC(C)COC(O)CC,248.36299999999997,2.689300000000001,0.0,0.0,0.0,0.0,0.0,0.0,0.0,0.0,0.0,0.0,0.0,0.0
CCN(Cc1ccncc1)C(=O)C(CO)c1ccccc1,284.359,2.2062,0.0,0.0,0.0,1.0,0.0,0.0,0.0,0.0,0.0,0.0,0.0,0.0
CC(C)(C)C1CCC(O)CC1,156.26899999999995,2.5836000000000006,0.0,0.0,0.0,0.0,0.0,0.0,0.0,0.0,0.0,0.0,0.0,0.0
O=c1[nH]cnc2c1ncn2[C@H]1CC[C@@H](CO)O1,236.23099999999997,-0.21050000000000008,0.0,0.0,0.0,0.0,0.0,0.0,0.0,0.0,0.0,0.0,0.0,0.0
CCc1nc(C)c[nH]1,110.15999999999998,1.2805199999999999,0.0,0.0,0.0,0.0,0.0,0.0,0.0,0.0,0.0,0.0,0.0,0.0
Cc1ccc(Cl)c(O)c1,142.58500000000004,2.3540200000000002,,,,,,,,0.0,,0.0,,
CC1(C)C(=O)C(C)(C)C1=O,140.182,1.1906,0.0,0.0,0.0,0.0,0.0,0.0,0.0,0.0,0.0,0.0,0.0,0.0
NC(=O)C1c2ccccc2CCc2ccccc21,237.30199999999996,2.402400000000001,0.0,0.0,0.0,0.0,0.0,0.0,0.0,,0.0,,0.0,0.0
NCCOCCOCCN,148.206,-1.0629999999999982,0.0,0.0,0.0,0.0,0.0,0.0,0.0,,0.0,0.0,,0.0
C#C[C@]1(O)CC[C@H]2[C@@H]3CCc4cc(OC5CCCC5)ccc4[C@H]3CC[C@@]21C,364.52900000000017,5.228400000000006,0.0,0.0,0.0,0.0,1.0,1.0,0.0,,0.0,0.0,,0.0
CC[C@H](C)[C@@H]1NC(=O)[C@H](Cc2ccc(O)cc2)NC(=O)[C@@H](N)CSSC[C@@H](C(=O)N2CCC[C@H]2C(=O)N[C@@H](CC(C)C)C(=O)NCC(N)=O)NC(=O)[C@H](CC(N)=O)NC(=O)[C@H](CCC(N)=O)NC1=O,1007.2069999999995,-3.6086000000000125,0.0,0.0,0.0,0.0,1.0,1.0,0.0,,0.0,,0.0,0.0
CC(C)(C)C(=O)C(Oc1ccc(Cl)cc1)n1ccnc1,292.766,3.729300000000002,0.0,0.0,1.0,1.0,0.0,0.0,0.0,0.0,0.0,1.0,,0.0
O=C(O)Cn1c2ccccc2c(=O)c2ccccc21,253.25699999999998,2.2393,0.0,,0.0,0.0,1.0,,,,0.0,,0.0,1.0
O=C(NC(=O)c1c(F)cccc1F)Nc1ccc(Cl)c(Oc2ncc(C(F)(F)F)cc2Cl)c1,506.21400000000017,6.439600000000001,0.0,0.0,0.0,0.0,0.0,0.0,0.0,,0.0,,1.0,1.0
CN1CCN(C(=O)O[C@H]2c3nccnc3C(=O)N2c2ccc(Cl)cn2)CC1,388.8150000000001,1.5679999999999998,0.0,0.0,0.0,0.0,0.0,0.0,0.0,0.0,0.0,0.0,,0.0
CCCCCCCCCCCCc1ccccc1,246.438,6.150000000000007,0.0,0.0,0.0,0.0,0.0,0.0,0.0,0.0,0.0,0.0,0.0,0.0
C=CC1=C(C(=O)O)N2C(=O)[C@@H](NC(=O)/C(=N/O)c3csc(N)n3)[C@H]2SC1,395.4220000000001,-0.17179999999999884,0.0,0.0,0.0,0.0,0.0,0.0,0.0,,0.0,,0.0,0.0
O=C1CCc2ccc(OCCCCN3CCN(c4cccc(Cl)c4Cl)CC3)cc2N1,448.39400000000006,4.859300000000005,0.0,,0.0,0.0,,0.0,0.0,,0.0,,,
CCOC(=O)C1=C(C)NC(C)=C(C(=O)OC)C1c1cccc([N+](=O)[O-])c1,360.36600000000004,2.5657000000000005,0.0,0.0,,0.0,,0.0,0.0,0.0,0.0,0.0,1.0,0.0
Cc1cc(OI)c(C(C)C)cc1-c1cc(C(C)C)c(OI)cc1C,550.2180000000001,7.674840000000006,0.0,0.0,0.0,0.0,0.0,0.0,0.0,0.0,0.0,0.0,,0.0
CCOP(OCC)OCC,166.15699999999998,2.3228,0.0,0.0,0.0,0.0,0.0,0.0,0.0,0.0,0.0,0.0,0.0,0.0
CC(C)CC(=O)CC(C)CC(C)C,184.32299999999998,3.6739000000000024,0.0,0.0,0.0,0.0,0.0,0.0,0.0,0.0,0.0,0.0,0.0,0.0
CCc1nn(CCCN2CCN(c3cccc(Cl)c3)CC2)c(=O)n1CCOc1ccccc1,470.01700000000034,3.5519000000000025,0.0,0.0,,,,0.0,,,0.0,0.0,,0.0
O=[N+]([O-])c1ccc2ncccc2c1,174.159,2.143,0.0,0.0,0.0,0.0,0.0,0.0,0.0,0.0,0.0,0.0,1.0,0.0
O=[N+]([O-])c1cccc2cccnc12,174.159,2.143,0.0,0.0,1.0,0.0,0.0,0.0,0.0,1.0,0.0,0.0,0.0,0.0
CC(C)n1c(/C=C/[C@@H](O)C[C@@H](O)CC(=O)O)c(-c2ccc(F)cc2)c2ccccc21,411.473,4.628100000000003,0.0,0.0,1.0,1.0,0.0,0.0,,,0.0,0.0,0.0,
C=O,30.026,-0.1849,0.0,0.0,0.0,0.0,0.0,0.0,0.0,0.0,0.0,0.0,,0.0
O=c1[nH]cc(F)c(=O)[nH]1,130.078,-0.7977000000000001,0.0,0.0,0.0,0.0,0.0,0.0,0.0,0.0,1.0,0.0,0.0,1.0
C[C@]12Cc3nonc3C[C@@H]1CC[C@@H]1[C@@H]2CC[C@@]2(C)[C@H]1CC[C@]2(C)O,330.4720000000001,3.7780000000000036,1.0,1.0,0.0,,,,,,,0.0,,0.0
Cn1c(CCCC(=O)O)nc2cc(N(CCCl)CCCl)ccc21,358.26900000000006,3.2646000000000024,0.0,0.0,0.0,0.0,0.0,0.0,0.0,0.0,0.0,0.0,0.0,1.0
CN[C@@H]1[C@@H](O)[C@@H](O[C@H]2[C@H](N)C[C@H](N)[C@@H](O[C@H]3OC(CN)=CC[C@H]3N)[C@H]2O)OC[C@@]1(C)O,447.53300000000024,-3.851499999999992,,,,,,,,0.0,,0.0,,
O=C(NNCS(=O)(=O)[O-])c1ccncc1,230.22500000000002,-1.1812999999999994,0.0,0.0,,0.0,0.0,0.0,0.0,,0.0,,0.0,0.0
CCCCCCCCCC(=O)NO,187.28300000000002,2.6324999999999994,0.0,0.0,,,0.0,0.0,0.0,,0.0,,0.0,1.0
CCC(C)C(N)C(=O)O,131.175,0.44439999999999996,,,,,,,,0.0,,0.0,,
CC(C)c1cc2c(cc1S(=O)(=O)O)[C@@]1(C)CCC[C@@](C)(C(=O)O)[C@@H]1CC2,380.50600000000014,4.151600000000004,0.0,0.0,0.0,0.0,0.0,0.0,0.0,,0.0,,0.0,0.0
C[N+](C)(C)CC[N+]1(C)Cc2c(Cl)c(Cl)c(Cl)c(Cl)c2C1,358.14000000000004,4.466600000000004,0.0,0.0,0.0,0.0,0.0,0.0,0.0,1.0,0.0,0.0,0.0,0.0
CCCCCCC(C)(C)S,160.326,3.6652000000000027,0.0,0.0,0.0,0.0,0.0,0.0,0.0,0.0,0.0,0.0,0.0,0.0
Cc1nnc2n1-c1ccc(Cl)cc1C(c1ccccc1)=NC2,308.77200000000005,3.5801200000000017,0.0,0.0,0.0,,,0.0,,,1.0,,0.0,0.0
CCc1ccccc1CC,134.22199999999998,2.811400000000001,0.0,0.0,0.0,0.0,0.0,0.0,0.0,0.0,0.0,0.0,0.0,0.0
CCOP(=O)(NC(C)C)Oc1ccc(SC)c(C)c1,303.36400000000003,4.238320000000003,0.0,0.0,1.0,0.0,0.0,0.0,0.0,,0.0,0.0,0.0,0.0
COC(=O)c1ccccc1S(=O)(=O)NC(=O)N(C)c1nc(C)nc(OC)n1,395.39700000000016,0.5099199999999997,0.0,0.0,0.0,0.0,,0.0,0.0,0.0,0.0,0.0,0.0,0.0
CCOC(=O)COC(=O)c1ccccc1C(=O)OCC,280.27600000000007,1.5832000000000002,0.0,0.0,0.0,0.0,0.0,0.0,0.0,0.0,0.0,0.0,0.0,0.0
Cn1cc(-c2ccccc2)c(=O)c(-c2cccc(C(F)(F)F)c2)c1,329.32099999999997,4.738100000000003,0.0,0.0,0.0,0.0,0.0,0.0,0.0,0.0,0.0,0.0,0.0,0.0
c1ccc2c(c1)Cc1ccccc1-2,166.22299999999998,3.2578000000000014,0.0,0.0,0.0,0.0,0.0,0.0,0.0,0.0,0.0,0.0,0.0,0.0
c1ccc2c(c1)-c1cccc3cccc-2c13,202.25599999999997,4.487200000000002,0.0,0.0,0.0,0.0,1.0,1.0,0.0,0.0,0.0,0.0,1.0,0.0
CC(=O)CC(C)(C)C1CCCCC1,182.30699999999993,3.5720000000000027,0.0,0.0,0.0,0.0,0.0,0.0,0.0,0.0,0.0,0.0,0.0,0.0
CC1(O)CSC(C)(O)CS1,180.294,0.8834,0.0,0.0,0.0,,0.0,0.0,,,0.0,0.0,,
CC(C)Oc1cccc(NC(=O)c2ccccc2C(F)(F)F)c1,323.31399999999996,4.744900000000003,0.0,0.0,1.0,0.0,0.0,0.0,0.0,,0.0,0.0,,0.0
CC(C)C(O)(c1ccc(OC(F)(F)F)cc1)c1cncnc1,312.29099999999994,3.267100000000002,0.0,0.0,0.0,0.0,0.0,0.0,0.0,0.0,0.0,0.0,0.0,0.0
CC1(C)CCC[C@@]2(C)[C@H]1CC[C@@]1(C)OC(=O)C[C@H]21,250.38199999999995,3.934600000000003,0.0,0.0,0.0,,0.0,0.0,0.0,,0.0,0.0,,0.0
O=C1O[C@H]([C@@H](O)CO)C([O-])=C1O.O=C1O[C@H]([C@@H](O)CO)C([O-])=C1O,350.2320000000001,-5.210199999999996,0.0,0.0,0.0,0.0,0.0,0.0,0.0,0.0,0.0,,0.0,0.0
C/C=C(\C)C(=O)OCCc1ccccc1,204.269,2.738500000000001,0.0,0.0,0.0,0.0,0.0,0.0,0.0,0.0,0.0,0.0,,0.0
CN1[C@H]2CC[C@@H]1C[C@H](OC(=O)C(O)c1ccccc1)C2,275.34800000000007,1.8883999999999996,1.0,0.0,0.0,0.0,0.0,0.0,0.0,0.0,0.0,0.0,0.0,0.0
CCNc1nc(NC(C)CC)nc(OC)n1,225.29599999999996,1.5223999999999998,0.0,0.0,1.0,0.0,0.0,0.0,0.0,0.0,0.0,1.0,0.0,0.0
CCNc1nc(NCC)nc(SC)n1,213.31,1.4570999999999998,0.0,0.0,0.0,0.0,0.0,0.0,0.0,0.0,0.0,0.0,0.0,0.0
C#CC(C)N(C)C(=O)Nc1ccc(Cl)cc1,236.70200000000003,2.825400000000001,0.0,0.0,1.0,,0.0,0.0,0.0,0.0,0.0,0.0,0.0,0.0
CC(=O)OC/C=C(/C)CCC=C(C)C,196.29,3.242200000000002,0.0,0.0,0.0,0.0,0.0,0.0,0.0,0.0,0.0,0.0,0.0,0.0
CCCC(=O)C(C)=O,114.14399999999998,0.9446,0.0,0.0,0.0,0.0,0.0,0.0,0.0,0.0,0.0,0.0,0.0,0.0
Cc1ccnc2ccccc12,143.189,2.5432200000000007,0.0,0.0,,0.0,0.0,0.0,0.0,0.0,0.0,0.0,,0.0
O=C(O)CCc1ccccc1,150.177,1.7038,0.0,0.0,0.0,0.0,0.0,0.0,0.0,0.0,0.0,0.0,0.0,0.0
COc1ccccc1OC,138.16599999999997,1.7038,0.0,0.0,0.0,0.0,0.0,0.0,0.0,0.0,0.0,0.0,0.0,0.0
CCC/C=C/CO,100.16099999999999,1.335,0.0,0.0,0.0,0.0,0.0,0.0,0.0,0.0,0.0,0.0,0.0,0.0
COc1cccc(OC)c1,138.166,1.7038,0.0,0.0,0.0,0.0,0.0,0.0,0.0,0.0,0.0,0.0,0.0,0.0
CCCCCCCCCCCCCCCCC,240.4749999999999,6.877700000000007,0.0,0.0,0.0,0.0,1.0,0.0,0.0,0.0,0.0,0.0,0.0,0.0
C=C[C@@]1(C)CC(=O)[C@@]2(O)[C@](C)(O1)[C@@H](OC(C)=O)[C@@H](O)[C@H]1C(C)(C)CC[C@H](O)[C@@]12C,410.5070000000002,1.5198999999999987,0.0,0.0,0.0,1.0,,0.0,0.0,0.0,1.0,0.0,,0.0
O=S(=O)(O)c1ccc2[nH]c(-c3ccccc3)nc2c1,274.30100000000004,2.4766000000000004,0.0,0.0,0.0,0.0,0.0,0.0,0.0,0.0,0.0,0.0,0.0,0.0
CCC(C)c1nccnc1OC,166.224,1.9987,0.0,0.0,0.0,0.0,0.0,0.0,0.0,0.0,0.0,0.0,0.0,0.0
Cc1cc(C(=C2C=CC(=Nc3ccc(S(=O)(=O)[O-])cc3S(=O)(=O)O)C=C2)c2ccc(Nc3ccc(S(=O)(=O)[O-])cc3)cc2)ccc1N,691.7650000000001,5.076320000000003,0.0,0.0,0.0,0.0,0.0,0.0,0.0,0.0,0.0,0.0,0.0,0.0
CC1(C)CC(=O)CC(C)(C)N1[O],170.232,1.554,0.0,0.0,0.0,,0.0,0.0,0.0,0.0,0.0,0.0,0.0,0.0
OCC1CC2CC1C1CCC(CO)C21,196.29,1.2693999999999999,0.0,0.0,0.0,0.0,0.0,0.0,0.0,0.0,0.0,0.0,0.0,0.0
C=CCOC(=O)c1ccc(C(=O)OCC=C)c(C(=O)OCC=C)c1,330.33600000000007,2.7150000000000007,0.0,0.0,0.0,0.0,0.0,0.0,,0.0,0.0,0.0,0.0,0.0
CCC(C)(CCC(C)C)C(=O)[O-].CCC(C)(CCC(C)C)C(=O)[O-],342.52000000000004,3.1776000000000018,0.0,0.0,0.0,0.0,0.0,0.0,0.0,0.0,0.0,0.0,0.0,0.0
CCOC(=O)/C=C(\C)O[Ti](O/C(C)=C/C(=O)OCC)(OC(C)C)OC(C)C,424.3130000000002,3.617300000000003,0.0,0.0,0.0,0.0,0.0,0.0,0.0,,0.0,,0.0,0.0
CC1(C)C(O)C(C)(C)C1O,144.214,0.7742,0.0,0.0,0.0,0.0,0.0,0.0,0.0,0.0,0.0,0.0,0.0,0.0
CCC1(c2ccccc2)C(=O)N(COC)C(=O)N(COC)C1=O,320.345,1.333,0.0,0.0,0.0,0.0,0.0,0.0,0.0,0.0,0.0,0.0,0.0,0.0
O=C1OC(=O)c2cccc3cccc1c23,198.17699999999996,2.1504000000000003,0.0,0.0,1.0,,0.0,0.0,0.0,,0.0,0.0,1.0,0.0
CN1CCC(=C2c3ccccc3Sc3ccccc32)CC1,293.4350000000001,4.678700000000004,0.0,0.0,,,0.0,,0.0,0.0,0.0,0.0,,
CN(C)[C@@H]1C(O)=C(C(=O)NCN[C@@H](CCCCN)C(=O)O)C(=O)[C@@]2(O)C(O)=C3C(=O)c4c(O)cccc4[C@@](C)(O)C3C[C@@H]12,602.6410000000002,-0.45419999999999416,0.0,0.0,0.0,0.0,0.0,0.0,0.0,,0.0,,0.0,0.0
CCOC(=O)CCC(=O)O[C@H]1[C@H](O[C@@H]2[C@@H](C)[C@H](O[C@H]3C[C@@](C)(OC)[C@@H](O)[C@H](C)O3)[C@@H](C)C(=O)O[C@H](CC)[C@@](C)(O)[C@H](O)[C@@H](C)C(=O)[C@H](C)C[C@@]2(C)O)O[C@H](C)C[C@@H]1N(C)C,862.064,2.6798000000000073,0.0,0.0,0.0,0.0,0.0,0.0,0.0,,0.0,,0.0,0.0
O=C(O)CC(C(=O)O)S(=O)(=O)O,198.152,-1.1978999999999993,0.0,0.0,0.0,0.0,0.0,0.0,0.0,0.0,0.0,,0.0,0.0
CO[C@H]1[C@@H](O)[C@H](N)[C@@H](O[C@H]2O[C@H]([C@H](C)N)CC[C@H]2N)[C@H](O)[C@@H]1N(C)C(=O)CN,405.49600000000015,-3.585399999999993,0.0,0.0,0.0,0.0,1.0,0.0,0.0,,0.0,,0.0,0.0
CCC(=O)O[C@H]1[C@H](O[C@@H]2[C@@H](C)[C@H](O[C@H]3C[C@@](C)(OC)[C@@H](O)[C@H](C)O3)[C@@H](C)C(=O)O[C@H](CC)[C@@](C)(O)[C@H](O)[C@@H](C)C(=O)[C@H](C)C[C@@]2(C)O)O[C@H](C)C[C@@H]1N(C)C,790.0010000000001,2.7465000000000055,,,,,,,,0.0,,0.0,,
CC(C)NCC(O)COc1ccc(CC(N)=O)cc1,266.34099999999995,0.45210000000000006,0.0,0.0,0.0,0.0,0.0,0.0,0.0,0.0,0.0,0.0,,0.0
CCCNC(C)(C)COC(=O)c1ccccc1,235.327,2.621600000000001,0.0,0.0,0.0,0.0,0.0,0.0,1.0,0.0,0.0,0.0,0.0,0.0
C[C@]12CC[C@@H]3c4ccc(OC(=O)c5ccccc5)cc4CC[C@H]3[C@@H]1CC[C@@H]2O,376.4960000000002,5.122800000000005,1.0,1.0,0.0,0.0,1.0,1.0,0.0,,0.0,,,0.0
C[C@]12CC[C@@H]3c4ccc(O)cc4CC[C@H]3[C@@H]1CC[C@@H]2OC(=O)CCC1CCCC1,396.57100000000025,6.130500000000006,1.0,1.0,0.0,0.0,1.0,1.0,0.0,0.0,0.0,,1.0,0.0
CC(=O)OC[C@H]1O[C@H](O[C@]2(COC(C)=O)O[C@H](COC(C)=O)[C@@H](OC(C)=O)[C@@H]2OC(C)=O)[C@H](OC(C)=O)[C@@H](OC(C)=O)[C@@H]1OC(C)=O,678.5930000000003,-0.8291999999999908,0.0,0.0,0.0,0.0,0.0,0.0,0.0,0.0,0.0,0.0,0.0,0.0
OCC(O)c1ccccc1,138.166,0.7122999999999999,0.0,0.0,0.0,0.0,0.0,0.0,0.0,0.0,0.0,0.0,0.0,0.0
CC1=CC(=O)c2ccccc2C1=O,172.18299999999996,2.0119000000000002,0.0,0.0,1.0,0.0,,,0.0,1.0,0.0,,,1.0
Cc1cc(O)ccc1Cl,142.58499999999998,2.3540200000000002,0.0,0.0,0.0,0.0,1.0,0.0,0.0,0.0,0.0,0.0,1.0,0.0
Oc1c(Cl)cc(Cl)c(Cl)c1Cl,231.89299999999997,4.005799999999999,0.0,0.0,1.0,,,0.0,0.0,1.0,0.0,0.0,1.0,1.0
c1ccc(CC2=NCCN2)cc1,160.22000000000003,1.2308,0.0,0.0,0.0,0.0,0.0,0.0,0.0,0.0,0.0,0.0,0.0,0.0
COC(=O)[C@@H](N)Cc1ccc(O)c(O)c1,211.217,0.1405999999999995,0.0,0.0,,0.0,0.0,0.0,0.0,0.0,0.0,0.0,0.0,0.0
CCc1cccc(N(C)C(=N)Nc2cccc3ccccc23)c1,303.40900000000005,4.885270000000004,0.0,0.0,0.0,,0.0,0.0,0.0,,0.0,0.0,0.0,0.0
CCOC(=O)c1cnc2c(cnn2CC)c1NN=C(C)C,289.33900000000006,2.4356,0.0,0.0,1.0,0.0,0.0,0.0,0.0,0.0,0.0,0.0,,0.0
CCCCCCCCCCCCCCCCCCOC[C@H](COP(=O)([O-])OCC[N+](C)(C)C)OC,523.7360000000002,6.4873000000000065,0.0,0.0,,0.0,0.0,0.0,0.0,,0.0,,0.0,0.0
NCCCC(N)(C(=O)O)C(F)F,182.17,-0.22749999999999942,0.0,0.0,0.0,0.0,0.0,0.0,0.0,0.0,0.0,0.0,,0.0
C[C@]12CC[C@H]3[C@@H](CC=C4C[C@@H](OS(=O)(=O)[O-])CC[C@@]43C)[C@@H]1CCC2=O,367.4870000000002,3.3637000000000024,1.0,0.0,0.0,0.0,1.0,0.0,0.0,,0.0,,0.0,0.0
CCc1cc(Cl)c(OC)c(C(=O)NC[C@@H]2CCCN2CC)c1O,340.8510000000001,2.8307000000000015,0.0,0.0,0.0,1.0,1.0,0.0,,0.0,0.0,0.0,,0.0
CCCCCCCCCCCCCCC[C@H](O)[C@@H](N)CO,301.515,4.148200000000003,0.0,0.0,,0.0,0.0,0.0,0.0,0.0,0.0,0.0,,0.0
CCCCCCC(O)CO,146.23,1.3099999999999998,0.0,0.0,0.0,,0.0,0.0,0.0,0.0,0.0,0.0,0.0,0.0
C=C(C)C(=O)OCc1ccccc1,176.215,2.3059000000000003,0.0,0.0,0.0,0.0,0.0,0.0,0.0,0.0,0.0,0.0,0.0,0.0
C=C(C)C(=O)OCC1CCCO1,170.20799999999994,1.2847,0.0,0.0,0.0,0.0,0.0,0.0,0.0,0.0,0.0,0.0,0.0,0.0
C=CC(=O)OCCCCCC,156.225,2.2959000000000005,0.0,0.0,0.0,0.0,0.0,0.0,0.0,0.0,0.0,0.0,0.0,0.0
Cc1ccn2nc(S(=O)(=O)Nc3c(F)cccc3F)nc2n1,325.30000000000007,1.5117199999999997,0.0,0.0,0.0,0.0,0.0,0.0,0.0,0.0,0.0,0.0,0.0,0.0
CCCN(CCCl)c1c([N+](=O)[O-])cc(C(F)(F)F)cc1[N+](=O)[O-],355.70000000000005,3.977000000000003,0.0,0.0,0.0,0.0,0.0,0.0,0.0,0.0,0.0,0.0,,0.0
CCCSP(=O)(OCC)SCCC,242.34599999999995,4.417400000000004,0.0,0.0,0.0,0.0,0.0,0.0,0.0,0.0,0.0,0.0,0.0,0.0
CCOc1ccc(C(C)(C)COCc2cccc(Oc3ccccc3)c2)cc1,376.49600000000004,6.372000000000006,0.0,0.0,0.0,0.0,0.0,0.0,0.0,,0.0,0.0,0.0,0.0
COP(=S)(OC)Oc1ccc([N+](=O)[O-])c(C)c1,277.238,2.7993200000000007,0.0,0.0,1.0,1.0,0.0,0.0,0.0,0.0,0.0,,,0.0
CCOP(=S)(OCC)OC(Cl)C(Cl)(Cl)Cl,336.0039999999999,4.2356000000000025,0.0,0.0,0.0,1.0,,0.0,0.0,,0.0,0.0,1.0,
O=C1c2ccccc2C(=O)C1C(=O)C(c1ccccc1)c1ccc(Cl)cc1,374.8230000000001,4.736400000000003,0.0,0.0,,,0.0,0.0,,,,,1.0,
CC(C)(C)N(NC(=O)c1ccc(Cl)cc1)C(=O)c1ccccc1,330.81500000000005,3.9257000000000026,0.0,0.0,0.0,0.0,,0.0,0.0,0.0,0.0,0.0,1.0,0.0
O=C(O)/C=C/c1ccc(Cn2ccnc2)cc1,228.251,2.0292,0.0,0.0,0.0,0.0,0.0,0.0,0.0,0.0,0.0,0.0,0.0,0.0
CCOC(=O)O[C@]1(C(=O)COC(=O)CC)CC[C@H]2[C@@H]3CCC4=CC(=O)C=C[C@]4(C)[C@H]3[C@@H](O)C[C@@]21C,488.5770000000002,3.6993000000000027,1.0,1.0,,,0.0,0.0,,,0.0,,,0.0
CS(=O)(=O)c1ccc([C@@H](O)[C@@H](CF)NC(=O)C(Cl)Cl)cc1,358.21799999999996,1.3815,0.0,0.0,0.0,0.0,0.0,0.0,0.0,0.0,0.0,0.0,0.0,0.0
CC(=O)[C@@]1(O)CC[C@H]2[C@@H]3C[C@H](C)C4=CC(=O)CC[C@]4(C)[C@H]3CC[C@@]21C,344.4950000000001,4.084400000000003,1.0,1.0,0.0,,,0.0,0.0,,0.0,0.0,0.0,0.0
C[C@@H]1CN([C@H]2CC[C@](C#N)(c3ccc(F)cc3)CC2)CC[C@]1(C(=O)O)c1ccccc1,420.5280000000002,4.894080000000004,0.0,0.0,0.0,0.0,0.0,0.0,0.0,0.0,0.0,0.0,0.0,0.0
O=C(O)c1cc(O)c2c(c1)[C@H]([C@H]1c3cc(C(=O)O)cc(O)c3C(=O)c3c(O[C@@H]4O[C@H](CO)[C@@H](O)[C@H](O)[C@H]4O)cccc31)c1cccc(O[C@@H]3O[C@H](CO)[C@@H](O)[C@H](O)[C@H]3O)c1C2=O,862.7460000000005,-1.0956000000000004,0.0,0.0,0.0,0.0,0.0,0.0,0.0,,0.0,,0.0,0.0
O=C(Oc1ccccc1C(=O)O)c1ccccc1O,258.229,2.309600000000001,0.0,0.0,0.0,0.0,1.0,0.0,0.0,0.0,0.0,0.0,0.0,0.0
OCc1cc(C(O)CNCCCCCCOCCCCc2ccccc2)ccc1O,415.57400000000007,4.107400000000005,0.0,0.0,0.0,,,0.0,,,0.0,,,0.0
CCC(=O)OC(=O)CC,130.14299999999997,0.8762,0.0,0.0,0.0,0.0,0.0,0.0,0.0,,0.0,0.0,0.0,0.0
Cc1c(C)c2c(c(C)c1O)CCC(C)(COc1ccc(CC3SC(=O)NC3=O)cc1)O2,441.54900000000015,4.374260000000002,0.0,0.0,0.0,,,0.0,1.0,1.0,0.0,1.0,1.0,1.0
Cc1ccc(/C(=C\CN2CCCC2)c2ccccn2)cc1,278.399,3.917520000000003,0.0,0.0,0.0,0.0,0.0,0.0,0.0,0.0,0.0,0.0,0.0,0.0
COc1cc(C(=O)N2CCOCC2)cc(OC)c1OC,281.308,1.1848,0.0,0.0,0.0,0.0,0.0,0.0,0.0,0.0,0.0,0.0,0.0,0.0
COc1cc(Cc2cnc(N)nc2N)cc(OC)c1OC,290.32300000000004,1.2575999999999998,0.0,0.0,0.0,0.0,0.0,0.0,0.0,0.0,0.0,0.0,0.0,0.0
Cc1cc2cc3c(C)cc(=O)oc3c(C)c2o1,228.24699999999996,3.4644600000000025,0.0,0.0,,0.0,0.0,0.0,0.0,0.0,0.0,0.0,0.0,0.0
CCOP(=S)(OCC)Oc1cnc2ccccc2n1,298.30400000000003,3.3061000000000016,0.0,0.0,1.0,0.0,1.0,1.0,0.0,0.0,0.0,0.0,0.0,0.0
Nc1ccc(C=Cc2ccc(N)cc2S(=O)(=O)O)c(S(=O)(=O)O)c1,370.4080000000001,1.5148000000000008,,,,,,,,0.0,,0.0,,
NC1CCC(CC2CCC(N)CC2)CC1,210.36499999999995,2.4115,0.0,0.0,0.0,0.0,0.0,0.0,0.0,0.0,0.0,0.0,0.0,0.0
N#C/C(N)=C(/N)C#N,108.104,-0.83744,0.0,0.0,1.0,0.0,0.0,0.0,0.0,0.0,0.0,0.0,0.0,0.0
NCCCCCCN,116.20800000000001,0.46420000000000006,0.0,0.0,0.0,0.0,0.0,0.0,0.0,0.0,0.0,0.0,0.0,0.0
C[C@H]1[C@H](c2ccc(Cl)cc2)SC(=O)N1C(=O)NC1CCCCC1,352.88700000000017,4.980700000000004,0.0,0.0,0.0,0.0,,0.0,,1.0,0.0,0.0,,0.0
CCCC[Sn](CCCC)(CCCC)O[Sn](CCCC)(CCCC)CCCC,596.117,9.694599999999998,0.0,,,,,,1.0,1.0,0.0,1.0,1.0,
CC(CCl)OC(C)CCl,171.06699999999998,2.2576,0.0,0.0,0.0,0.0,0.0,0.0,0.0,0.0,0.0,0.0,0.0,0.0
OCC(CO)(CBr)CBr,261.941,0.7471999999999999,0.0,0.0,0.0,0.0,0.0,0.0,0.0,0.0,0.0,0.0,0.0,0.0
Cc1c(COC(=O)C2C(/C=C(\Cl)C(F)(F)F)C2(C)C)cccc1-c1ccccc1,422.8740000000001,6.662420000000005,0.0,0.0,0.0,0.0,0.0,0.0,0.0,0.0,0.0,0.0,,0.0
CC1(C)C(=O)N(Br)C(=O)N1Br,285.923,1.649,0.0,0.0,0.0,0.0,,0.0,0.0,,0.0,0.0,0.0,0.0
ClCCOCCCl,143.013,1.4806,0.0,0.0,0.0,0.0,0.0,0.0,0.0,0.0,0.0,0.0,0.0,0.0
O=C(O)CN(CCN(CC(=O)O)CC(=O)O)CC(=O)O,292.244,-2.0711999999999957,0.0,0.0,0.0,0.0,0.0,0.0,0.0,0.0,0.0,0.0,0.0,0.0
Nc1c2c(nc3ccccc13)CCCC2,198.26899999999992,2.695800000000001,0.0,0.0,1.0,0.0,1.0,0.0,0.0,0.0,0.0,0.0,0.0,0.0
CNC(=O)c1ccccc1,135.16599999999997,1.0462,0.0,0.0,0.0,0.0,0.0,0.0,0.0,1.0,0.0,0.0,0.0,0.0
CN1C(=O)c2ccc([N+](=O)[O-])cc2C1=O,206.15699999999998,0.8206,0.0,0.0,0.0,0.0,0.0,0.0,0.0,,0.0,0.0,,0.0
Cc1ccc(O)c(-n2nc3ccccc3n2)c1,225.25100000000003,2.43452,0.0,0.0,1.0,,1.0,0.0,0.0,,1.0,0.0,,0.0
CCCCCCCCCCCCCCCl,232.83899999999994,5.926300000000006,0.0,0.0,0.0,0.0,0.0,0.0,0.0,0.0,0.0,0.0,0.0,0.0
Cc1cc(O)c(C(C)(C)C)cc1C(C)(C)C,220.35599999999997,4.295620000000004,0.0,,0.0,,,,,,,,1.0,
COc1ccc(Cl)cc1C,156.612,2.657020000000001,0.0,0.0,0.0,0.0,0.0,0.0,0.0,0.0,0.0,0.0,0.0,0.0
Oc1ccc(Cl)cc1C1CCCC1,196.67699999999996,3.7032000000000016,0.0,0.0,0.0,1.0,,0.0,0.0,1.0,0.0,0.0,1.0,0.0
Cc1cc(Cl)ccc1N,141.60099999999997,2.23062,0.0,0.0,1.0,0.0,0.0,0.0,0.0,0.0,0.0,1.0,0.0,0.0
O=C1CCCc2c(O)cccc21,162.188,1.9112,,,,,,,,,,0.0,,
CCN1CCCC1CN,128.219,0.4294000000000001,,,,,,,,0.0,,0.0,,
CC(=O)O[C@@H]1CC2C3CCc4cc(OC(=O)c5ccccc5)ccc4C3CCC2(C)[C@H]1OC(C)=O,476.56900000000024,5.235200000000005,,,,,,,,0.0,,0.0,,
Oc1cccc2[nH]ccc12,133.14999999999998,1.8734999999999997,,,,,,,,,,0.0,,
O=C(OCC(O)CO)c1ccccc1Nc1ccnc2c(C(F)(F)F)cccc12,406.36000000000007,3.507200000000001,,,,,,,,,,0.0,,
COc1cc2nc(Cl)nc(N)c2cc1OC,239.66199999999998,1.8825999999999998,,,,,,,,0.0,,0.0,,
O=C(O)c1ccccc1NCCc1ccccc1,241.28999999999996,3.0394000000000014,,,,,,,,0.0,,0.0,,
CC(=O)c1cc2ccccc2s1,176.23999999999998,3.103900000000001,,,,,,,,0.0,,0.0,,
NC(=O)NS(=O)(=O)c1ccc(Cl)cc1,234.66400000000002,0.6970000000000003,,,,,,,,0.0,,0.0,,
Cc1occc(=O)c1O,126.11099999999998,0.6538199999999998,0.0,0.0,0.0,0.0,0.0,0.0,0.0,0.0,0.0,0.0,0.0,0.0
CCC(CC)Nc1ccc(C)c(C)c1,191.31799999999998,3.903940000000002,0.0,0.0,,0.0,0.0,0.0,0.0,0.0,0.0,,0.0,0.0
CC(=O)O[C@]1(C(C)=O)CC[C@H]2[C@@H]3C[C@H](C)C4=CC(=O)CC[C@]4(C)[C@H]3CC[C@@]21C,386.53200000000027,4.655200000000004,1.0,1.0,0.0,,0.0,0.0,0.0,1.0,0.0,0.0,,0.0
O=C(CCCN1CC=C(n2c(=O)[nH]c3ccccc32)CC1)c1ccc(F)cc1,379.4350000000002,3.6784000000000026,0.0,0.0,0.0,0.0,0.0,0.0,0.0,0.0,0.0,0.0,0.0,0.0
CCCCN=C=O,99.13299999999998,1.1223,0.0,0.0,0.0,0.0,0.0,0.0,0.0,0.0,0.0,0.0,0.0,0.0
C1CCCNCC1,99.17699999999999,1.15,0.0,0.0,0.0,,0.0,0.0,0.0,0.0,0.0,0.0,0.0,0.0
OCCSCCO,122.189,-0.2958,0.0,0.0,0.0,0.0,0.0,0.0,0.0,0.0,0.0,0.0,0.0,0.0
P#[In],145.792,0.48039999999999994,0.0,0.0,0.0,0.0,0.0,0.0,0.0,0.0,0.0,0.0,,0.0
CCN(CC)c1ccc2c(-c3ccccc3C(=O)O)c3ccc(N(CC)CC)cc3[o+]c2c1,443.56700000000023,6.924700000000006,0.0,0.0,0.0,,,0.0,0.0,1.0,0.0,0.0,,0.0
O=C(NCc1cccnc1)Nc1ccc([N+](=O)[O-])cc1,272.264,2.3115000000000006,0.0,0.0,1.0,0.0,0.0,0.0,0.0,0.0,0.0,0.0,1.0,0.0
Cc1cnc2c(C(=O)O)c(Cl)ccc2c1,221.643,2.89482,0.0,0.0,0.0,0.0,0.0,0.0,0.0,0.0,0.0,0.0,,0.0
CCOc1ccc2c(c1)C(C)CC(C)(C)N2,219.32799999999997,3.783000000000002,0.0,0.0,1.0,0.0,0.0,0.0,0.0,0.0,0.0,0.0,0.0,0.0
CC(=O)NCc1c(I)c(NC(C)=O)c(I)c(C(=O)O)c1I,627.9420000000002,2.793100000000001,0.0,0.0,0.0,0.0,1.0,0.0,0.0,0.0,0.0,0.0,0.0,0.0
CON(C)C(=O)Nc1ccc(Br)c(Cl)c1,293.548,3.127600000000002,0.0,0.0,1.0,,,0.0,0.0,,0.0,0.0,,0.0
O=C(CCCCC(=O)Nc1c(I)cc(I)c(C(=O)O)c1I)Nc1c(I)cc(I)c(C(=O)O)c1I,1139.7640000000001,6.848200000000003,0.0,0.0,0.0,0.0,0.0,0.0,0.0,,0.0,0.0,0.0,0.0
O=C(O)c1c(Cl)ccc(Cl)c1Cl,225.458,3.3450000000000006,0.0,0.0,1.0,0.0,0.0,0.0,0.0,0.0,0.0,0.0,0.0,0.0
O=C(O)CC(Cl)C(=O)O,152.53300000000002,0.15309999999999996,0.0,0.0,0.0,0.0,0.0,0.0,0.0,1.0,0.0,0.0,1.0,0.0
N#CCCl,75.49799999999999,0.74878,0.0,0.0,0.0,0.0,1.0,,0.0,0.0,0.0,0.0,0.0,0.0
Cc1cccc2sc3nncn3c12,189.24300000000002,2.25242,0.0,0.0,1.0,0.0,0.0,0.0,0.0,1.0,0.0,0.0,,0.0
CC(=O)c1cc(C)oc1C,138.16599999999997,2.09904,0.0,0.0,0.0,0.0,0.0,0.0,0.0,,0.0,0.0,0.0,0.0
C=C(C)C1CC=C(C)C(OC(C)=O)C1,194.27399999999994,2.850500000000001,0.0,0.0,0.0,0.0,0.0,0.0,0.0,0.0,0.0,0.0,0.0,0.0
C=C1CCC=C(C)CC[C@@H]2[C@@H]1CC2(C)C,204.35699999999997,4.7252000000000045,0.0,0.0,0.0,0.0,0.0,0.0,0.0,0.0,0.0,0.0,0.0,0.0
CCCC(C)(COC(N)=O)COC(=O)NC(C)C,260.334,2.0227,0.0,0.0,0.0,0.0,0.0,0.0,0.0,0.0,0.0,0.0,0.0,0.0
C=C(C)C1CC=C(C)C(O)C1,152.23699999999997,2.2797,0.0,0.0,0.0,0.0,0.0,0.0,0.0,0.0,0.0,0.0,0.0,0.0
CCCCCCCCCCCCCCCO,228.41999999999993,5.069900000000006,0.0,0.0,0.0,0.0,0.0,0.0,0.0,0.0,0.0,0.0,0.0,0.0
[Mn+2],54.938,-0.0025,0.0,0.0,0.0,0.0,0.0,0.0,0.0,1.0,,0.0,0.0,0.0
CCC(C)Cl,92.569,2.0237,0.0,0.0,0.0,0.0,0.0,0.0,0.0,0.0,0.0,0.0,0.0,0.0
CCCCO,74.12299999999999,0.7787999999999999,,,,0.0,0.0,0.0,0.0,0.0,0.0,0.0,0.0,0.0
CC1=CC(=O)CC(C)(C)C1,138.20999999999998,2.3218000000000005,0.0,0.0,0.0,0.0,0.0,0.0,0.0,0.0,0.0,0.0,0.0,0.0
Nc1cccc(C(F)(F)F)c1,161.126,2.2876000000000003,0.0,0.0,0.0,0.0,0.0,0.0,0.0,0.0,0.0,0.0,0.0,0.0
NNC(=O)c1ccncc1,137.142,-0.3149000000000006,0.0,0.0,1.0,0.0,0.0,0.0,0.0,0.0,0.0,0.0,0.0,0.0
O=C(O)c1ccncc1,123.11099999999998,0.7797999999999999,0.0,0.0,0.0,0.0,0.0,0.0,0.0,0.0,0.0,0.0,0.0,0.0
NC(=O)c1ccncc1,122.12699999999997,0.18049999999999994,0.0,0.0,0.0,0.0,0.0,0.0,0.0,0.0,0.0,0.0,0.0,0.0
CC(C)CON=O,103.121,1.3404,0.0,0.0,0.0,0.0,0.0,0.0,0.0,0.0,0.0,0.0,0.0,0.0
OC[C@H]1O[C@H](OC[C@@H](O)[C@@H](O)[C@H](O)[C@H](O)CO)[C@H](O)[C@@H](O)[C@@H]1O,344.31300000000005,-5.7611999999999925,0.0,0.0,0.0,0.0,0.0,0.0,0.0,0.0,0.0,0.0,0.0,0.0
FC(F)OC(Cl)C(F)(F)F,184.49099999999996,2.3528000000000002,0.0,0.0,0.0,0.0,0.0,0.0,0.0,0.0,0.0,0.0,0.0,0.0
c1ccc(C[n+]2cccc3ccccc32)cc1,220.29500000000002,3.175600000000002,0.0,0.0,,0.0,,0.0,0.0,1.0,0.0,0.0,,0.0
CCCCN1C(=O)c2ccccc2C1=O,203.24099999999999,2.0827,0.0,0.0,0.0,0.0,0.0,0.0,0.0,0.0,0.0,0.0,0.0,0.0
O=C1OC2(c3ccccc31)c1cc(Br)c(O)c(Br)c1Oc1c2cc(Br)c(O)c1Br,647.8950000000001,6.715800000000003,0.0,,0.0,0.0,,,,,0.0,,,
Cc1cc(C)c(C(=O)P(=O)(C(=O)c2c(C)cc(C)cc2C)c2ccccc2)c(C)c1,418.4730000000001,6.206320000000006,0.0,0.0,0.0,0.0,0.0,,0.0,0.0,0.0,0.0,0.0,0.0
CC(C)(C)C(=O)/C=C/c1ccc(Cl)cc1,222.715,3.9684000000000035,0.0,0.0,0.0,0.0,0.0,0.0,0.0,0.0,0.0,,,0.0
CCCCCCCCOCCC#N,183.295,3.277180000000002,0.0,0.0,0.0,0.0,0.0,0.0,0.0,0.0,0.0,0.0,0.0,0.0
CC1(C)S[C@@H]2[C@H](NC(=O)[C@H](N)c3ccc(O)cc3)C(=O)N2[C@H]1C(=O)O,365.4110000000001,0.023700000000000443,0.0,0.0,0.0,0.0,0.0,0.0,0.0,,0.0,,0.0,0.0
Cc1cc(C(C)(C)c2ccc(O)c(C)c2)ccc1O,256.34499999999997,4.040540000000004,0.0,0.0,0.0,,1.0,,,1.0,0.0,0.0,1.0,1.0
CC(c1ccc(O)cc1)c1ccc(O)cc1,214.26399999999998,3.249600000000002,0.0,0.0,0.0,,1.0,1.0,0.0,1.0,0.0,0.0,1.0,0.0
CCCCC#N,83.134,1.70018,0.0,0.0,0.0,0.0,0.0,0.0,0.0,0.0,0.0,0.0,0.0,0.0
COc1ccc(C(=O)c2cccc(O)c2)c(OC)c1,258.27299999999997,2.6404000000000005,0.0,,1.0,0.0,1.0,1.0,0.0,0.0,0.0,0.0,1.0,0.0
CCCCCOC(=O)c1ccc(O)cc1,208.257,2.739200000000001,0.0,0.0,1.0,,1.0,1.0,0.0,,1.0,0.0,1.0,
CCn1cc[n+](C)c1.N#C[S-],169.25300000000001,0.34687999999999986,0.0,0.0,0.0,0.0,0.0,0.0,0.0,0.0,0.0,0.0,0.0,0.0
CCCCCCCCCOC(=O)c1ccc(O)cc1,264.365,4.299600000000004,0.0,0.0,0.0,,1.0,1.0,,,0.0,,1.0,
O=C1/C(=C2\Nc3ccccc3C2=O)Nc2ccccc21,262.26800000000003,2.8148,0.0,0.0,0.0,0.0,0.0,0.0,0.0,1.0,0.0,0.0,,0.0
Oc1ccc(C2(c3ccc(O)cc3)CC3CC2C2CCCC32)cc1,320.4320000000001,4.840000000000003,0.0,,,1.0,,,,1.0,0.0,1.0,1.0,
C[C@H]1[C@H]2[C@@H](O[C@]13CC[C@@H](C)CO3)[C@@H](O)[C@H]1[C@@H]3CC[C@H]4C[C@@H](O[C@@H]5O[C@H](CO)[C@H](O[C@@H]6O[C@H](CO)[C@@H](O)[C@H](O[C@@H]7OC[C@@H](O)[C@H](O)[C@H]7O)[C@H]6O[C@@H]6O[C@H](CO)[C@@H](O)[C@H](O[C@@H]7O[C@H](CO)[C@@H](O)[C@H](O)[C@H]7O)[C@H]6O)[C@H](O)[C@H]5O)[C@H](O)C[C@]4(C)[C@H]3CC[C@@]12C,1229.3230000000008,-6.504500000000003,0.0,,,,,1.0,,,1.0,,,
Nc1ccc(F)cc1F,129.109,1.547,0.0,0.0,,0.0,0.0,0.0,0.0,0.0,0.0,0.0,0.0,0.0
CCCCC(=O)N(C)C,129.20299999999997,1.2648000000000001,0.0,0.0,0.0,0.0,0.0,0.0,0.0,0.0,0.0,0.0,0.0,0.0
CN(C)c1nc(=O)n(C2CCCCC2)c(=O)n1C,252.31799999999993,0.5131999999999994,0.0,0.0,0.0,0.0,0.0,0.0,0.0,0.0,0.0,0.0,0.0,0.0
CCCCCCOC(=O)c1ccccc1C(=O)OCCCCCC,334.45600000000024,5.160800000000005,0.0,0.0,1.0,0.0,0.0,0.0,0.0,0.0,0.0,0.0,0.0,0.0
COc1ccc2c(c1OC)C(=O)O[C@@H]2[C@H]1c2c(cc3c(c2OC)OCO3)CCN1C,413.4260000000003,2.881800000000001,0.0,0.0,0.0,0.0,0.0,0.0,0.0,0.0,0.0,0.0,0.0,
CO[C@@H]1[C@@H](OC(N)=O)[C@@H](O)[C@H](Oc2ccc3c([O-])c(NC(=O)c4ccc(O)c(CC=C(C)C)c4)c(=O)oc3c2C)OC1(C)C,611.6240000000001,2.995120000000002,0.0,0.0,0.0,0.0,0.0,0.0,,0.0,0.0,0.0,0.0,0.0
CC(CCc1ccccc1)NC(C)C(O)c1ccc(O)cc1,299.41400000000004,3.4250000000000016,0.0,0.0,0.0,0.0,0.0,0.0,0.0,,0.0,0.0,0.0,0.0
C#C[C@]1(O)CC[C@H]2[C@@H]3CCC4=CC(=O)CC[C@@H]4[C@H]3CC[C@@]21C,298.42600000000004,3.4925000000000024,1.0,1.0,0.0,0.0,1.0,1.0,0.0,1.0,0.0,0.0,0.0,0.0
O=C1O[C@H]([C@H](O)CO)C([O-])=C1O,175.11599999999999,-2.6050999999999997,0.0,0.0,0.0,0.0,,0.0,0.0,0.0,0.0,0.0,0.0,0.0
C[C@]12CC[C@@H]3c4ccc(O)cc4CC[C@H]3[C@@H]1CC[C@@H]2O,272.3879999999999,3.6092000000000026,1.0,1.0,0.0,1.0,1.0,1.0,0.0,0.0,0.0,0.0,1.0,1.0
Clc1ccc2c(c1)C(c1ccccc1)=NCc1nncn1-2,294.745,3.2717000000000027,0.0,0.0,0.0,0.0,0.0,0.0,0.0,,0.0,,0.0,0.0
Cc1cc2c(s1)Nc1ccccc1N=C2N1CCN(C)CC1,312.4420000000001,3.4392200000000033,0.0,0.0,,0.0,0.0,0.0,0.0,0.0,0.0,0.0,0.0,0.0
CCc1cc(C(N)=S)ccn1,166.24900000000002,1.2782,0.0,0.0,0.0,0.0,1.0,0.0,0.0,0.0,0.0,0.0,0.0,0.0
C#C[C@]1(O)CC[C@H]2[C@@H]3CCc4cc(O)ccc4[C@H]3CC[C@@]21C,296.4100000000001,3.6126000000000023,0.0,1.0,0.0,0.0,1.0,1.0,0.0,0.0,0.0,1.0,1.0,1.0
CC/C(=C(\c1ccc(O)cc1)c1ccc(OCCN(C)C)cc1)c1ccccc1,387.523,5.701700000000005,0.0,,,1.0,,,,,,,,
CN/C(=N\[N+](=O)[O-])NCc1cnc(Cl)s1,249.683,0.6532000000000004,0.0,0.0,0.0,0.0,0.0,0.0,0.0,0.0,0.0,0.0,0.0,0.0
CC[C@H](c1ccc(O)cc1)[C@@H](CC)c1ccc(O)cc1,270.37199999999996,4.785200000000004,0.0,0.0,0.0,0.0,1.0,1.0,,1.0,0.0,1.0,1.0,1.0
CC(=O)OCC(CCn1cnc2cnc(N)nc21)COC(C)=O,321.33700000000016,0.5409999999999998,0.0,0.0,0.0,0.0,0.0,0.0,0.0,0.0,0.0,0.0,0.0,0.0
NC(N)=Nc1nc(CSCC/C(N)=N\S(N)(=O)=O)cs1,337.456,-0.7679999999999998,0.0,0.0,0.0,0.0,0.0,0.0,0.0,0.0,0.0,0.0,0.0,0.0
CCOC(=O)/C=C(C)/C=C/C=C(C)/C=C/c1c(C)cc(OC)c(C)c1C,354.4900000000001,5.645560000000007,,,,,,,,,,1.0,,
C=C1C[C@@H]2[C@H](CC[C@]3(C)C(=O)CC[C@@H]23)[C@@]2(C)C=CC(=O)C=C12,296.41,4.029500000000003,1.0,1.0,0.0,1.0,1.0,0.0,0.0,1.0,0.0,0.0,0.0,0.0
COc1cc([C@@H]2c3cc4c(cc3C(O[C@@H]3O[C@@H]5CO[C@@H](C)O[C@H]5[C@H](O)[C@H]3O)C3COC(=O)[C@@H]32)OCO4)cc(OC)c1O,588.5620000000004,1.3385999999999993,0.0,0.0,0.0,0.0,0.0,0.0,,,0.0,1.0,0.0,1.0
Cn1c(=O)c2c(ncn2CCOC(=O)C(C)(C)Oc2ccc(Cl)cc2)n(C)c1=O,420.8530000000001,1.487899999999999,0.0,0.0,0.0,0.0,0.0,0.0,0.0,,0.0,,0.0,0.0
CCOC(=O)c1cncn1C(C)c1ccccc1,244.294,2.669100000000001,0.0,0.0,0.0,0.0,0.0,0.0,0.0,0.0,0.0,0.0,,0.0
CCc1cc2c(s1)-n1c(C)nnc1CN=C2c1ccccc1Cl,342.855,4.2040200000000025,0.0,0.0,,,,0.0,0.0,0.0,1.0,0.0,,0.0
Cn1c(=O)c2c(ncn2CCO)n(C)c1=O,224.21999999999997,-1.5739999999999998,0.0,0.0,0.0,0.0,0.0,0.0,0.0,0.0,0.0,0.0,0.0,0.0
Cc1ccccc1NC(=N)Nc1ccccc1C,239.32200000000003,3.7622100000000014,0.0,0.0,,0.0,0.0,0.0,0.0,0.0,0.0,0.0,,0.0
CO[C@H]1O[C@H](CO)[C@@H](O)[C@H](O)[C@H]1O,194.18300000000002,-2.5673,0.0,0.0,0.0,0.0,0.0,0.0,0.0,0.0,0.0,0.0,0.0,0.0
CC(C)(C)c1ccc(O)c(C(C)(C)C)c1,206.32899999999995,3.987200000000003,0.0,0.0,0.0,,,,0.0,0.0,0.0,,1.0,
CNC(=O)Oc1cccc(N=CN(C)C)c1,221.26,1.6262,0.0,0.0,,0.0,0.0,0.0,0.0,1.0,0.0,0.0,0.0,0.0
O=C1OCCO1,88.062,0.1532,0.0,0.0,0.0,0.0,0.0,0.0,0.0,0.0,0.0,0.0,0.0,0.0
C=C(CC(=O)O)C(=O)O,130.099,0.10189999999999988,0.0,0.0,0.0,0.0,0.0,0.0,0.0,0.0,0.0,0.0,0.0,0.0
CC(C)C(=O)OC(=O)C(C)C,158.19699999999997,1.3681999999999999,0.0,0.0,0.0,0.0,0.0,0.0,0.0,0.0,0.0,0.0,0.0,0.0
O=C1NCCN1c1ncc([N+](=O)[O-])s1,214.20600000000002,0.5808999999999997,0.0,0.0,0.0,0.0,0.0,0.0,0.0,,0.0,,,0.0
Nc1nc2cc(Cl)ccc2o1,168.58299999999997,2.0633999999999997,0.0,0.0,,0.0,0.0,0.0,0.0,0.0,0.0,0.0,0.0,0.0
CN(CCCCCCCCCCN(C)C(=O)Oc1ccccc1[N+](C)(C)C)C(=O)Oc1ccccc1[N+](C)(C)C,556.7920000000001,6.762200000000008,0.0,0.0,0.0,0.0,0.0,0.0,0.0,,0.0,,,0.0
COc1cc(NC(C)CCCN)c2ncccc2c1,259.35299999999995,2.782700000000001,0.0,0.0,,0.0,,0.0,0.0,,0.0,0.0,0.0,0.0
Cc1ccc(Cl)cc1N,141.601,2.23062,0.0,0.0,0.0,0.0,0.0,0.0,0.0,0.0,0.0,0.0,,0.0
Cc1ccc(N)cc1Cl,141.601,2.23062,0.0,0.0,0.0,0.0,0.0,0.0,0.0,0.0,0.0,0.0,0.0,0.0
CC(O)CCl,94.541,0.6060000000000001,0.0,0.0,0.0,0.0,0.0,0.0,0.0,0.0,0.0,0.0,0.0,0.0
Nc1ccc(N)c(Cl)c1,142.58900000000003,1.5044000000000002,0.0,,1.0,,,0.0,0.0,1.0,0.0,0.0,1.0,0.0
Nc1ccc(Cl)cc1N,142.589,1.5044,1.0,0.0,1.0,,0.0,0.0,0.0,1.0,1.0,0.0,1.0,0.0
Nc1ccc(Cl)c(N)c1,142.58900000000003,1.5044,0.0,0.0,1.0,0.0,0.0,0.0,0.0,,0.0,0.0,0.0,0.0
CCCCN(CCC(=O)OCC)C(C)=O,215.29299999999995,1.5882,0.0,0.0,0.0,0.0,0.0,0.0,0.0,0.0,0.0,0.0,0.0,0.0
O=[N+]([O-])c1ccccc1Cl,157.55599999999998,2.2482000000000006,,0.0,0.0,0.0,,0.0,0.0,0.0,0.0,0.0,0.0,0.0
COC(=O)C=C(C)N,115.132,0.02189999999999992,,,,,,,,0.0,,0.0,,
COc1cnc(OC)n2nc(NS(=O)(=O)c3c(OCC(F)F)cccc3C(F)(F)F)nc12,483.3750000000001,2.6050000000000004,0.0,0.0,0.0,0.0,0.0,0.0,0.0,0.0,0.0,0.0,0.0,0.0
CC(=O)CCC(=O)[O-].CC(=O)CCC(=O)[O-],230.21599999999992,-1.7889999999999975,0.0,0.0,,0.0,1.0,0.0,0.0,,0.0,0.0,0.0,0.0
O=C([O-])[O-].[Sr+2],147.62800000000001,-2.8278,0.0,0.0,0.0,0.0,,0.0,0.0,0.0,0.0,,0.0,0.0
O=C(O)[C@@H]1CSCN1,133.17200000000003,-0.2664999999999999,,,,,,,,0.0,,0.0,,
CC(C)CCCC(C)N,129.24699999999999,2.1599000000000004,,,,,,,,,,0.0,,
CC(=O)N[C@@H](CCC(=O)O)C(=O)O,189.167,-0.5594999999999994,0.0,0.0,,0.0,,0.0,0.0,0.0,0.0,0.0,0.0,0.0
C=CC(=O)OC(C)(C)C,128.17099999999996,1.5141,0.0,0.0,0.0,0.0,0.0,0.0,0.0,0.0,0.0,0.0,0.0,0.0
OCc1ccccn1,109.12799999999999,0.5739,,,,,,,,1.0,,0.0,,
Cn1ccc2cc3c(cc21)CCN3C(=O)Nc1cccnc1,292.342,3.1679000000000004,0.0,0.0,1.0,,1.0,,0.0,0.0,1.0,0.0,,0.0
CC1(C)CC(O)CC(C)(C)N1,157.257,1.2878999999999998,0.0,0.0,0.0,0.0,0.0,0.0,0.0,0.0,0.0,0.0,0.0,0.0
Cc1ccccn1,93.129,1.39002,0.0,0.0,0.0,0.0,0.0,0.0,0.0,,0.0,0.0,0.0,0.0
Cc1cccnc1,93.129,1.39002,0.0,0.0,0.0,0.0,0.0,0.0,0.0,0.0,0.0,0.0,0.0,0.0
OC1CCCCC1,100.161,1.3114,0.0,0.0,0.0,0.0,0.0,0.0,0.0,0.0,0.0,0.0,0.0,0.0
Cc1ccncc1,93.12899999999999,1.39002,0.0,0.0,0.0,0.0,0.0,0.0,0.0,0.0,0.0,0.0,0.0,0.0
CC(C)OC(C)C,102.17699999999999,1.8197999999999999,0.0,0.0,0.0,0.0,0.0,0.0,0.0,0.0,0.0,0.0,0.0,0.0
O=C(O)COc1ccc2ccccc2c1,202.209,2.3032000000000004,0.0,,,0.0,0.0,0.0,0.0,0.0,0.0,0.0,0.0,0.0
CCCCOC(=O)C(C)O,146.18599999999998,0.7104999999999999,0.0,0.0,0.0,0.0,0.0,0.0,0.0,0.0,0.0,0.0,0.0,0.0
CNC(=S)NC,104.178,-0.28990000000000027,0.0,0.0,0.0,0.0,0.0,0.0,0.0,0.0,0.0,0.0,0.0,0.0
CCCCCCCCCC[N+](C)(C)[O-],201.35399999999998,3.7013000000000025,0.0,0.0,0.0,0.0,0.0,0.0,0.0,0.0,0.0,0.0,,0.0
O=C1CCC(=O)N1Cl,133.534,0.2892,0.0,0.0,0.0,0.0,0.0,0.0,0.0,0.0,0.0,0.0,0.0,0.0
CCCCNS(=O)(=O)c1ccc(C)cc1,227.32899999999998,2.0734200000000005,0.0,0.0,0.0,0.0,0.0,0.0,0.0,0.0,0.0,0.0,0.0,0.0
CCN(CCN)c1cccc(C)c1,178.279,1.7800199999999997,0.0,0.0,0.0,0.0,0.0,0.0,0.0,0.0,0.0,0.0,,0.0
CC(COC(=O)c1ccccc1)OC(=O)c1ccccc1,284.311,3.0889000000000015,0.0,0.0,0.0,0.0,,0.0,0.0,0.0,0.0,0.0,0.0,0.0
O=C([O-])CNc1ccccc1,150.15699999999998,-0.15160000000000062,0.0,0.0,,0.0,0.0,0.0,0.0,0.0,0.0,0.0,0.0,0.0
Cc1ccc2c(c1)C(=O)OC2=O,162.14399999999998,1.30562,0.0,0.0,0.0,0.0,0.0,0.0,0.0,0.0,0.0,0.0,0.0,0.0
CC(C)(N)C#N,84.122,0.24728000000000006,0.0,0.0,,0.0,0.0,0.0,0.0,0.0,0.0,0.0,0.0,0.0
CNC(C)Cc1ccccc1OC,179.26299999999998,1.8456,0.0,0.0,0.0,0.0,0.0,0.0,0.0,0.0,0.0,0.0,0.0,0.0
NCCN1CCOCC1,130.19099999999997,-0.7227000000000003,0.0,0.0,0.0,0.0,0.0,0.0,0.0,0.0,0.0,0.0,0.0,0.0
COP(=S)(OC)Oc1ccc(S(N)(=O)=O)cc1,297.294,1.2301000000000002,0.0,0.0,0.0,0.0,0.0,0.0,0.0,0.0,0.0,0.0,0.0,0.0
CC1CC(C)C(=O)C1=O,126.15499999999999,0.8005,0.0,0.0,0.0,0.0,0.0,0.0,0.0,0.0,0.0,0.0,0.0,0.0
CC(=O)SCc1ccco1,156.206,2.0593,0.0,0.0,0.0,0.0,0.0,0.0,0.0,1.0,0.0,0.0,0.0,0.0
Cc1ccc(C(C)NC(=O)[C@@H](NC(=O)OC(C)C)C(C)C)cc1,320.43300000000005,3.3314200000000023,0.0,0.0,0.0,0.0,0.0,0.0,0.0,0.0,0.0,0.0,0.0,0.0
c1coc(Cn2cccc2)c1,147.177,2.1294000000000004,0.0,0.0,0.0,0.0,0.0,0.0,0.0,0.0,0.0,0.0,0.0,0.0
Brc1c(Br)c(Br)c(Br)c(Br)c1Br,551.49,6.261600000000001,1.0,0.0,0.0,0.0,0.0,0.0,0.0,0.0,0.0,0.0,0.0,0.0
CCCCCCCCCCC=CC#N,193.334,4.596980000000005,0.0,0.0,0.0,0.0,0.0,0.0,0.0,0.0,0.0,0.0,0.0,0.0
COC(=O)c1sccc1S(=O)(=O)NC(=O)Nc1nc(C)nc(OC)n1,387.39900000000017,0.5471199999999999,0.0,0.0,0.0,0.0,0.0,0.0,0.0,0.0,0.0,0.0,0.0,0.0
CCCCCCC,100.205,2.976700000000002,1.0,,0.0,0.0,0.0,0.0,0.0,0.0,0.0,0.0,0.0,0.0
ClC1=C(Cl)C2(Cl)C3C4OC4C(Cl)C3C1(Cl)C2(Cl)Cl,389.32000000000005,4.452700000000001,0.0,0.0,0.0,,,0.0,0.0,,0.0,,1.0,0.0
COC(=O)C(C)Oc1ccc(Oc2ncc(C(F)(F)F)cc2Cl)cc1,375.73,4.486400000000002,0.0,0.0,0.0,0.0,,0.0,0.0,0.0,0.0,0.0,0.0,0.0
CC1=NN(c2cc(Cl)c(S(=O)(=O)[O-])cc2Cl)C(=O)C1/N=N/c1ccc(S(=O)(=O)[O-])cc1,505.3170000000002,2.6766000000000014,0.0,0.0,0.0,0.0,0.0,0.0,0.0,0.0,0.0,0.0,0.0,0.0
COc1ccccc1/N=N/c1c(S(=O)(=O)[O-])cc2cc(S(=O)(=O)[O-])cc(NC(C)=O)c2c1O,493.47500000000025,2.736000000000001,0.0,0.0,0.0,,,0.0,0.0,0.0,0.0,0.0,,0.0
CC1(C)[C@@H](O[C@H]2O[C@H](C(=O)O)[C@@H](O)[C@H](O)[C@H]2O[C@@H]2O[C@H](C(=O)O)[C@@H](O)[C@H](O)[C@H]2O)CC[C@@]2(C)[C@H]1CC[C@]1(C)[C@@H]2C(=O)C=C2[C@@H]3C[C@@](C)(C(=O)O)CC[C@]3(C)CC[C@]21C,822.9419999999997,2.245600000000003,1.0,0.0,0.0,0.0,0.0,0.0,0.0,0.0,0.0,0.0,0.0,0.0
ClCCOCCOCCCl,187.06599999999997,1.4971999999999999,0.0,0.0,0.0,0.0,0.0,0.0,0.0,0.0,0.0,0.0,0.0,0.0
COC(Cc1ccccc1)OC,166.21999999999997,1.8479999999999999,0.0,0.0,0.0,0.0,,0.0,0.0,0.0,0.0,0.0,0.0,0.0
Cc1c(C(=O)O)c(O)cc2c1C(=O)c1c(O)c([C@@H]3O[C@H](CO)[C@@H](O)[C@H](O)[C@H]3O)c(O)c(O)c1C2=O,492.3890000000002,-1.1940800000000005,0.0,0.0,0.0,0.0,0.0,0.0,0.0,,0.0,0.0,0.0,0.0
Nc1c(/N=N/c2ccc(-c3ccc(/N=N/c4cc(S(=O)(=O)[O-])c5ccccc5c4N)cc3)cc2)cc(S(=O)(=O)[O-])c2ccccc12,650.6980000000002,7.463400000000006,0.0,0.0,1.0,,0.0,0.0,,0.0,0.0,0.0,,0.0
Cc1cc(-c2ccc(/N=N/c3ccc4c(S(=O)(=O)[O-])cc(S(=O)(=O)[O-])c(N)c4c3O)c(C)c2)ccc1/N=N/c1ccc2c(S(=O)(=O)[O-])cc(S(=O)(=O)[O-])c(N)c2c1O,868.8620000000001,5.299640000000006,0.0,0.0,0.0,,,0.0,0.0,,0.0,,,0.0
O=C([O-])c1c(Cl)c(Cl)c(Cl)c(Cl)c1-c1c2cc(I)c(=O)c(I)c-2oc2c(I)c([O-])c(I)cc12,971.659,7.0339,1.0,0.0,1.0,0.0,,0.0,0.0,,0.0,,,
O=c1[nH]c2cc(Cl)ccc2o1,169.56699999999998,1.7745,0.0,0.0,0.0,0.0,0.0,0.0,0.0,0.0,0.0,0.0,,0.0
NS(=O)(=O)c1cc(C2(O)NC(=O)c3ccccc32)ccc1Cl,338.77200000000005,0.9242000000000001,0.0,0.0,0.0,0.0,0.0,0.0,0.0,,0.0,0.0,0.0,0.0
CN(C)CC/C=C1\c2ccccc2Sc2ccc(Cl)cc21,315.869,5.188000000000004,0.0,0.0,0.0,,0.0,0.0,0.0,,0.0,0.0,,
CCC(=O)O[C@]1(C(=O)CCl)[C@@H](C)C[C@H]2[C@@H]3C[C@H](F)C4=CC(=O)C=C[C@]4(C)[C@@]3(F)[C@@H](O)C[C@@]21C,484.9670000000002,4.0511000000000035,1.0,1.0,,,0.0,,,,0.0,,1.0,0.0
O=C([O-])c1cc(O)c2c3nc4ccccc4oc-3cc(=O)c2n1,307.24100000000004,0.9100999999999995,0.0,0.0,,0.0,0.0,0.0,0.0,,0.0,,1.0,0.0
CCC(C)(Oc1ccc(C2(c3ccc(OC(C)(CC)C(=O)O)cc3)CCCCC2)cc1)C(=O)O,468.59000000000026,6.201000000000005,0.0,0.0,0.0,0.0,0.0,0.0,0.0,0.0,0.0,0.0,0.0,0.0
C(=C\c1ccccc1)\c1ccccc1,180.24999999999997,3.857000000000003,0.0,0.0,0.0,,0.0,0.0,0.0,,0.0,0.0,0.0,0.0
Cc1cccc(C)c1NC(=O)CC12CCCN1CCC2,272.392,3.260440000000002,1.0,,,,0.0,0.0,0.0,0.0,0.0,0.0,0.0,0.0
CC(C)=CCC/C(C)=C/CC/C(C)=C/CC/C=C(\C)CC/C=C(\C)CCC=C(C)C,410.73000000000025,10.60499999999999,0.0,0.0,0.0,0.0,0.0,0.0,0.0,,0.0,,0.0,0.0
C[C@]12CC[C@H]3[C@@H](CC=C4C[C@@H](O)CC[C@@]43C)[C@@H]1CC[C@@H]2O,290.447,3.6710000000000025,1.0,1.0,0.0,,1.0,1.0,0.0,0.0,0.0,,0.0,0.0
CC[N+](C)(C)c1cccc(O)c1,166.24399999999997,1.9790000000000003,0.0,0.0,0.0,0.0,0.0,0.0,0.0,0.0,0.0,0.0,,0.0
COC(=O)c1ccccc1O,152.14899999999997,1.1787999999999998,0.0,0.0,0.0,0.0,0.0,0.0,0.0,0.0,0.0,0.0,0.0,0.0
Cc1ccc2ccc3cccc4ccc1c2c34,216.283,4.892420000000002,0.0,0.0,0.0,0.0,0.0,0.0,0.0,0.0,0.0,0.0,1.0,0.0
Nc1cc(-c2ccncc2)c[nH]c1=O,187.202,1.0191,0.0,0.0,,0.0,0.0,0.0,0.0,,0.0,0.0,,0.0
Cc1ccc2cccnc2c1,143.189,2.5432200000000007,0.0,0.0,0.0,0.0,0.0,0.0,0.0,0.0,0.0,0.0,0.0,0.0
CC(C)(C#N)c1cc(Cn2cncn2)cc(C(C)(C)C#N)c1,293.374,2.9287600000000014,0.0,0.0,0.0,1.0,0.0,0.0,0.0,0.0,0.0,0.0,0.0,0.0
CC(C)Cc1nccs1,141.23899999999998,2.3416000000000006,0.0,0.0,0.0,0.0,0.0,0.0,0.0,0.0,0.0,0.0,0.0,0.0
Nc1cc(Cl)c(NC2=NCCN2)c(Cl)c1,245.113,1.9466999999999999,0.0,0.0,0.0,0.0,0.0,0.0,0.0,,0.0,,0.0,0.0
CCN(CC)CCNC(=O)c1ccc(NC(C)=O)cc1,277.368,1.7165999999999995,0.0,0.0,0.0,0.0,0.0,0.0,0.0,0.0,0.0,0.0,0.0,0.0
O=C(Oc1ccccc1)c1ccccc1C(=O)Oc1ccccc1,318.328,4.125000000000003,0.0,0.0,0.0,,0.0,0.0,,0.0,0.0,0.0,,0.0
COP(=O)(OC)OC(c1ccc(Cl)cc1)P(=O)(OC)OC,358.6510000000001,4.2420000000000035,0.0,0.0,0.0,0.0,0.0,0.0,0.0,0.0,0.0,0.0,0.0,0.0
CC1(N)CCC(C(C)(C)N)CC1,170.29999999999995,1.6313,0.0,0.0,0.0,0.0,1.0,0.0,0.0,0.0,0.0,0.0,0.0,0.0
Cn1nc(N)c2cn([C@@H]3O[C@H](CO)[C@@H](O)[C@H]3O)c3ncnc1c23,320.3090000000001,-1.8870999999999987,0.0,0.0,1.0,1.0,,0.0,0.0,1.0,0.0,0.0,1.0,0.0
CCC(CC)(CC(=O)Nc1cccc(/C=C/c2nc(C3CCC3)cs2)c1)C(=O)O,412.5550000000002,5.8006000000000055,0.0,0.0,1.0,0.0,0.0,0.0,0.0,1.0,0.0,0.0,1.0,0.0
Cc1cc2nc3c(=O)[nH]c(=O)nc-3n(C[C@H](O)[C@H](O)[C@H](O)CO)c2cc1C,376.36900000000014,-1.7235599999999989,0.0,0.0,1.0,0.0,0.0,0.0,0.0,0.0,0.0,0.0,1.0,0.0
OC(CN1CCC(Cc2ccc(F)cc2)CC1)c1ccc(Cl)cc1,347.861,4.4672000000000045,0.0,0.0,,0.0,0.0,0.0,0.0,0.0,0.0,1.0,,0.0
Cc1c[nH]c2ccccc12,131.17799999999997,2.4763200000000003,0.0,0.0,0.0,0.0,0.0,0.0,0.0,0.0,0.0,0.0,0.0,0.0
c1cc2c3c(cccc3c1)CC2,154.21199999999993,2.9384000000000006,0.0,0.0,0.0,0.0,0.0,0.0,0.0,0.0,0.0,0.0,0.0,0.0
CC/C(=N\OC/C=C/Cl)C1=C(O)CC(C2CCOCC2)CC1=O,341.83500000000015,3.7393000000000027,0.0,0.0,0.0,0.0,0.0,0.0,0.0,0.0,0.0,0.0,0.0,0.0
CCOP(=O)(OCC)OC(=CCl)c1ccc(Cl)cc1Cl,359.5730000000001,5.7283000000000035,0.0,0.0,0.0,1.0,0.0,0.0,0.0,,0.0,0.0,,0.0
NC(=O)CF,77.05799999999999,-0.5588000000000002,0.0,0.0,0.0,0.0,0.0,0.0,0.0,0.0,0.0,0.0,0.0,0.0
CC(C)(C)Cl,92.569,2.0237,0.0,0.0,0.0,0.0,1.0,0.0,0.0,0.0,0.0,0.0,0.0,0.0
CC(C)O[Ti](OCCN(CCO)CCO)(OCCN(CCO)CCO)OC(C)C,462.4070000000003,-0.743299999999995,0.0,0.0,0.0,0.0,0.0,0.0,0.0,,0.0,0.0,0.0,0.0
CCCCCCCCCCCCSC,216.43399999999997,5.270300000000005,0.0,0.0,0.0,0.0,0.0,0.0,0.0,0.0,0.0,0.0,0.0,0.0
O=C1NC(c2ccccc2)(c2ccccc2)C(=O)N1COP(=O)(O)O,362.2780000000001,1.5488,,,,,,,,0.0,,0.0,,
O=C1CCCN1CCO,129.15900000000002,-0.39889999999999975,0.0,0.0,0.0,0.0,0.0,0.0,0.0,0.0,0.0,0.0,0.0,0.0
CN(C)C=Nc1c(I)cc(I)c(CCC(=O)[O-])c1I,596.9520000000002,2.4043,0.0,0.0,0.0,0.0,0.0,0.0,,,0.0,,0.0,0.0
CC(=O)Nc1c(I)c(C(=O)[O-])c(I)c(N(C)C(C)=O)c1I,626.9340000000002,1.805,0.0,0.0,,0.0,0.0,0.0,0.0,,0.0,,0.0,0.0
CCCCC(CC)COC(=O)OOC(C)(C)C,246.34699999999995,4.086100000000004,0.0,0.0,0.0,0.0,0.0,0.0,0.0,0.0,0.0,,0.0,0.0
CCCCNC1CC(C)(C)NC(C)(C)C1,212.38099999999997,2.6853000000000007,0.0,0.0,0.0,,0.0,0.0,0.0,0.0,0.0,0.0,0.0,0.0
CCCCC(CC)CO[PH](=O)OCC(CC)CCCC,306.4270000000001,5.8421000000000065,0.0,0.0,0.0,0.0,0.0,0.0,0.0,0.0,0.0,0.0,0.0,0.0
O=C(C(=O)c1ccc(Br)cc1)c1ccc(Br)cc1,368.024,4.2772000000000014,0.0,0.0,0.0,0.0,0.0,0.0,0.0,0.0,0.0,0.0,,0.0
Clc1ccc(C(Cn2ccnc2)OCc2csc3c(Cl)cccc23)c(Cl)c1,437.7790000000001,7.0161000000000024,0.0,0.0,,1.0,0.0,0.0,0.0,,0.0,,,
CCn1cc(C(=O)O)c(=O)c2cc(F)c(N3CCNC(C)C3)c(F)c21,351.353,1.7959,0.0,0.0,0.0,0.0,0.0,0.0,0.0,0.0,0.0,0.0,0.0,0.0
C[C@@H](O)[C@H]1C(=O)N2C(C(=O)O)=C(S[C@@H]3CN[C@H](C(=O)N(C)C)C3)[C@H](C)[C@H]12,383.4700000000002,-0.3079999999999994,0.0,0.0,0.0,0.0,0.0,0.0,0.0,0.0,0.0,0.0,,0.0
O=C(NCC(O)CO)c1c(I)c(C(=O)NCC(O)CO)c(I)c(N(CCO)C(=O)CO)c1I,807.114,-2.016,0.0,0.0,0.0,0.0,0.0,0.0,0.0,0.0,0.0,0.0,0.0,0.0
CC(=O)N(CC(O)CN(C(C)=O)c1c(I)c(C(=O)NCC(O)CO)c(I)c(C(=O)NCC(O)CO)c1I)c1c(I)c(C(=O)NCC(O)CO)c(I)c(C(=O)NCC(O)CO)c1I,1550.1880000000006,-1.5868999999999964,0.0,0.0,0.0,0.0,0.0,0.0,0.0,0.0,0.0,0.0,0.0,0.0
O=C(O)COC(=O)Cc1ccccc1Nc1c(Cl)cccc1Cl,354.1890000000001,3.907300000000002,0.0,0.0,0.0,0.0,0.0,0.0,1.0,0.0,0.0,0.0,,0.0
O=S(=O)(O)c1ccccc1O,174.177,0.6389,0.0,0.0,0.0,0.0,0.0,0.0,0.0,0.0,0.0,0.0,0.0,0.0
CCCCCCCC/C=C\CCCCCCCC(=O)OC[C@@H](O)[C@H]1OC[C@H](O)[C@H]1O,428.61000000000007,4.048600000000004,0.0,0.0,0.0,0.0,0.0,0.0,0.0,0.0,0.0,0.0,0.0,0.0
CCC1CCC(CCC(=O)O)C1,170.25199999999998,2.6775,0.0,0.0,,0.0,1.0,,,,0.0,0.0,0.0,0.0
CC(=O)Oc1cc2c(s1)CCN(C(C(=O)C1CC1)c1ccccc1F)C2,373.44900000000007,3.8910000000000036,0.0,0.0,0.0,0.0,0.0,0.0,0.0,0.0,0.0,0.0,0.0,0.0
Nc1ccccc1S(=O)(=O)c1ccccc1,233.292,2.1016,0.0,0.0,0.0,0.0,0.0,0.0,0.0,,0.0,0.0,0.0,0.0
CCOC(=O)[C@H](CCc1ccccc1)N[C@@H](C)C(=O)N1[C@H](C(=O)O)C[C@@H]2CCC[C@@H]21,416.5180000000003,2.3831999999999995,0.0,0.0,0.0,0.0,0.0,0.0,0.0,0.0,0.0,0.0,,0.0
O=C(c1ccc(OCCN2CCCCC2)cc1)c1c(-c2ccc(O)cc2)sc2cc(O)ccc12,473.5940000000001,6.075200000000007,0.0,,0.0,1.0,,,,0.0,0.0,1.0,1.0,1.0
CCOc1cc(CC(=O)N[C@@H](CC(C)C)c2ccccc2N2CCCCC2)ccc1C(=O)O,452.5950000000003,5.219900000000005,1.0,0.0,0.0,,0.0,0.0,,,0.0,,0.0,0.0
COC(=O)[C@H]1[C@H]2C[C@@H]3c4[nH]c5cc(OC)ccc5c4CCN3C[C@H]2C[C@@H](OC(=O)C=Cc2cc(OC)c(OC)c(OC)c2)[C@@H]1OC,634.7260000000003,4.570700000000004,0.0,0.0,,,0.0,0.0,0.0,,0.0,,0.0,0.0
NC(=O)c1ncn([C@@H]2O[C@H](CO)[C@@H](O)[C@H]2O)n1,244.20700000000002,-3.0114999999999994,0.0,0.0,0.0,,,0.0,,0.0,0.0,0.0,0.0,1.0
CC1=C(/C=C/C(C)=C/C=C/C(C)=C/CO)C(C)(C)CCC1,286.45900000000006,5.510300000000006,0.0,0.0,0.0,1.0,0.0,0.0,0.0,1.0,0.0,1.0,1.0,0.0
CCCCCCCC(=O)CC[C@H]1[C@H](O)C[C@H](O)[C@@H]1C/C=C\CCCC(=O)OC(C)C,424.6220000000003,5.122300000000005,0.0,0.0,0.0,0.0,0.0,0.0,,,,,,1.0
CCN1CCCC1CNC(=O)c1cc(S(=O)(=O)CC)ccc1OC,354.47200000000015,1.7028999999999999,0.0,0.0,0.0,0.0,0.0,0.0,0.0,,0.0,,1.0,0.0
CCCCCCCCCCCCCCCCCCN(C)C,297.5709999999999,6.809500000000008,,,,,,,,0.0,,0.0,,
CCCCOCCOCCOC(C)=O,204.26599999999996,1.3828,0.0,0.0,0.0,0.0,0.0,0.0,0.0,0.0,0.0,0.0,0.0,0.0
O=C1CCCCO1,100.117,0.7135,0.0,0.0,0.0,0.0,0.0,0.0,0.0,0.0,0.0,0.0,0.0,0.0
CCCCOC(=O)CC#N,141.17,1.24338,0.0,0.0,0.0,0.0,0.0,0.0,0.0,0.0,0.0,,0.0,0.0
COc1ccc(C(CN(C)C)C2(O)CCCCC2)cc1,277.4079999999999,3.0356000000000014,0.0,0.0,0.0,0.0,0.0,0.0,0.0,0.0,0.0,0.0,0.0,0.0
CC(=O)O[C@H]1C[C@@H]2CC[C@@H]3[C@H](CC[C@@]4(C)[C@H]3C[C@H]([N+]3(C)CCCCC3)[C@@H]4OC(C)=O)[C@@]2(C)C[C@@H]1N1CCCCC1,557.8400000000003,5.965900000000007,0.0,0.0,0.0,0.0,1.0,0.0,0.0,,0.0,0.0,0.0,0.0
N[C@@H](Cc1ccc(O)cc1)C(=O)O,181.19099999999997,0.3466,,,,,,,,0.0,,0.0,,
CCCC(CCC)C(=O)O,144.214,2.2874,0.0,0.0,0.0,0.0,0.0,0.0,0.0,0.0,0.0,0.0,0.0,0.0
O=C(Cc1ccccc1)c1ccccc1,196.249,3.112000000000002,0.0,0.0,,0.0,,0.0,0.0,0.0,0.0,0.0,0.0,0.0
CC(C)(C)NCCO,117.192,0.36679999999999985,0.0,0.0,0.0,0.0,0.0,0.0,0.0,0.0,0.0,0.0,0.0,0.0
C=CC(N)CCC(=O)O,129.159,0.36450000000000005,0.0,0.0,0.0,0.0,0.0,0.0,0.0,,0.0,,0.0,0.0
CCN(CC)CCOC(=O)c1ccc(N)cc1,236.315,1.7673999999999999,0.0,0.0,0.0,0.0,0.0,0.0,0.0,0.0,0.0,0.0,0.0,0.0
CC(=O)C1CCOC1=O,128.127,0.13850000000000007,0.0,0.0,0.0,0.0,0.0,0.0,0.0,0.0,0.0,0.0,0.0,0.0
Nc1cc(N)cc(C(=O)O)c1,152.15300000000002,0.5492000000000001,0.0,0.0,0.0,0.0,0.0,0.0,0.0,0.0,0.0,0.0,0.0,0.0
N#CC(Br)(Br)C(N)=O,241.86999999999998,0.4813800000000001,0.0,0.0,0.0,,,0.0,0.0,,0.0,0.0,0.0,0.0
N#Cc1c(Cl)cccc1Cl,172.01399999999998,2.8650800000000007,0.0,0.0,0.0,0.0,0.0,0.0,0.0,0.0,0.0,0.0,0.0,0.0
c1ccc2occc2c1,118.13499999999996,2.4328000000000003,0.0,0.0,,0.0,0.0,0.0,0.0,0.0,0.0,0.0,0.0,0.0
Nc1nc(N)nc(-c2ccccc2)n1,187.20600000000002,0.7030000000000001,0.0,0.0,1.0,,1.0,0.0,0.0,0.0,0.0,0.0,0.0,0.0
O=C(O)c1ccccc1,122.12299999999996,1.3848,0.0,0.0,0.0,0.0,1.0,0.0,0.0,0.0,0.0,0.0,0.0,0.0
O=C(c1ccccc1)C(O)c1ccccc1,212.248,2.602900000000001,0.0,0.0,0.0,0.0,0.0,0.0,0.0,0.0,0.0,0.0,0.0,0.0
O=C1C=CC(=O)C=C1,108.09599999999999,0.25059999999999993,0.0,0.0,0.0,0.0,0.0,0.0,0.0,1.0,0.0,0.0,0.0,0.0
c1ccc2sc(SSc3nc4ccccc4s3)nc2c1,332.50000000000006,5.705400000000002,0.0,0.0,0.0,0.0,0.0,0.0,0.0,1.0,0.0,1.0,0.0,0.0
c1ccc2[nH]nnc2c1,119.127,0.9578999999999998,0.0,0.0,0.0,0.0,0.0,0.0,0.0,0.0,0.0,1.0,0.0,0.0
ClC(Cl)(Cl)c1ccccc1,195.47600000000003,3.513300000000002,0.0,0.0,1.0,0.0,0.0,0.0,0.0,0.0,0.0,0.0,0.0,0.0
NNC(=O)c1ccccc1,136.15399999999997,0.29009999999999964,0.0,0.0,1.0,,1.0,0.0,0.0,0.0,0.0,0.0,,0.0
CS(=O)(=O)Nc1ccc([N+](=O)[O-])cc1Oc1ccccc1,308.315,2.7586000000000013,0.0,0.0,0.0,0.0,0.0,0.0,0.0,0.0,0.0,0.0,1.0,0.0
FC1(F)C(F)(F)C(F)(F)C2(F)C(F)(F)C(F)(F)C(F)(F)C(F)(F)C2(F)C1(F)F,462.07399999999996,5.512600000000003,,,,,,,,0.0,,0.0,,
CCCC/C=C/C=C\C=O,138.20999999999995,2.4879000000000007,0.0,0.0,0.0,0.0,0.0,0.0,0.0,1.0,0.0,0.0,0.0,0.0
CC(C)=CCCC(C)CC(=O)O,170.252,2.8436000000000003,0.0,0.0,0.0,,0.0,0.0,0.0,0.0,0.0,0.0,0.0,0.0
CCc1nccnc1CC,136.19799999999998,1.6014,0.0,0.0,0.0,0.0,,0.0,0.0,0.0,0.0,0.0,0.0,0.0
COc1ccc(O)cc1,124.13899999999997,1.4008,0.0,0.0,0.0,0.0,0.0,0.0,,,0.0,0.0,0.0,0.0
c1ccc(Nc2cccc3ccccc23)cc1,219.287,4.583400000000003,0.0,0.0,1.0,,1.0,1.0,0.0,0.0,0.0,0.0,,0.0
N#Cc1ccncc1,104.11199999999998,0.9532799999999999,0.0,0.0,0.0,0.0,0.0,0.0,0.0,0.0,0.0,0.0,0.0,0.0
C[C@@H](N)[C@@H](O)c1ccccc1,151.20899999999997,1.0672000000000001,0.0,0.0,0.0,0.0,0.0,0.0,0.0,0.0,0.0,0.0,0.0,0.0
NCCCN1CCOCC1,144.21799999999996,-0.3325999999999998,0.0,0.0,0.0,0.0,0.0,0.0,0.0,0.0,0.0,0.0,0.0,0.0
CC(C)c1ccc2c(c1)CC[C@@H]1[C@]2(C)CCC[C@@]1(C)CN,285.47499999999997,4.7790000000000035,0.0,,0.0,,,,,,,,,
O=[N+]([O-])c1cc[n+]([O-])cc1,140.09799999999998,0.22819999999999996,0.0,0.0,,,,0.0,0.0,,0.0,0.0,0.0,0.0
CC1(C)CC(=O)CC(C)(C)N1,155.241,1.4961,0.0,0.0,0.0,0.0,0.0,0.0,0.0,0.0,0.0,0.0,0.0,0.0
O=C(O)C(O)C(O)C(=O)O,150.08599999999998,-2.1226,0.0,0.0,0.0,0.0,0.0,0.0,0.0,0.0,0.0,0.0,0.0,0.0
CC(C)CCCC(C)CCCC(C)CCCCC(C)CCCC(C)CCCC(C)C,422.8260000000003,11.08439999999999,,,,,,,,,,0.0,,
Sc1ccccc1,110.18099999999997,1.9752999999999996,0.0,0.0,0.0,,,0.0,0.0,0.0,0.0,1.0,0.0,0.0
O=c1c2ccccc2c(=O)c2c1cc(Cl)c1[nH]c3c([nH]c12)c(Cl)cc1c(=O)c2ccccc2c(=O)c13,511.3200000000003,5.447400000000002,0.0,0.0,1.0,0.0,0.0,0.0,0.0,0.0,0.0,0.0,0.0,0.0
COc1ccc2nc(NC(=O)Nc3ccccc3)sc2c1,299.3550000000001,3.948900000000002,1.0,0.0,1.0,,,0.0,0.0,,1.0,0.0,1.0,0.0
CCC(C(=O)OCCOCCN(CC)CC)c1ccccc1.O=C(O)CC(O)(CC(=O)O)C(=O)O,499.55700000000024,1.8333000000000002,0.0,0.0,0.0,0.0,0.0,0.0,0.0,0.0,0.0,0.0,0.0,0.0
CN1CCN(c2cc3c(nn2)Oc2ccccc2N3C)CC1,297.3620000000001,2.102,,,,,,,,0.0,,0.0,,
O=C(N/N=C/c1ccccc1O)c1ccncc1,241.25,1.5511,0.0,0.0,1.0,,,,,0.0,1.0,,,
Cc1ccc(S(=O)(=O)NC(=O)NC2CCCCC2)cc1,296.39200000000005,2.31562,0.0,0.0,0.0,0.0,0.0,0.0,0.0,0.0,0.0,0.0,0.0,0.0
CC(O)C(=O)O.CCOc1ccc2nc3cc(N)ccc3c(N)c2c1,343.3830000000001,2.4029,0.0,1.0,1.0,1.0,0.0,,,,0.0,1.0,1.0,1.0
NS(=O)(=O)c1ccc(NC(=O)CCC(=O)O)cc1,272.2819999999999,0.1372999999999997,0.0,0.0,0.0,0.0,0.0,0.0,0.0,0.0,0.0,0.0,0.0,0.0
COc1ccc(S(=O)(=O)Nc2nnc(CC(C)C)s2)cc1,327.43100000000004,2.5460000000000003,0.0,0.0,0.0,0.0,0.0,0.0,0.0,0.0,0.0,0.0,0.0,0.0
O=C(Nc1ncc([N+](=O)[O-])s1)c1cccs1,255.28000000000003,2.3651,0.0,,1.0,,,0.0,,1.0,,0.0,1.0,
CC(C)(O)C(=O)O,104.10499999999999,-0.15810000000000002,0.0,0.0,0.0,0.0,0.0,0.0,0.0,0.0,0.0,0.0,0.0,0.0
CC[C@@H]1C[C@H](N(Cc2cc(C(F)(F)F)cc(C(F)(F)F)c2)C(C)=O)c2cc(C(F)(F)F)ccc2N1C(=O)OC(C)C,598.5060000000001,8.366500000000004,0.0,0.0,0.0,0.0,0.0,0.0,0.0,0.0,0.0,0.0,1.0,0.0
CC(C)(O)c1ccc(CNC(=O)c2cccnc2Oc2ccc(F)cc2)cc1,380.4190000000001,4.170400000000003,0.0,0.0,,0.0,0.0,0.0,0.0,0.0,0.0,0.0,0.0,0.0
CNCc1ccc(NC(=O)c2c[nH]c3c2C(=O)CCC3)cc1,297.358,2.5054000000000007,0.0,0.0,1.0,,0.0,0.0,0.0,,0.0,0.0,,0.0
CC(Cc1ccc(OCC(=O)O)cc1)NCC(O)c1csc(C(F)(F)F)n1,404.41,2.879500000000001,0.0,0.0,0.0,0.0,0.0,0.0,0.0,0.0,0.0,0.0,0.0,0.0
Cc1nccn1-c1ccc(Sc2cccc(C3(C(N)=O)CCOCC3)c2)cc1,393.5120000000002,3.865420000000002,0.0,0.0,0.0,1.0,,,,1.0,0.0,0.0,0.0,0.0
Cc1cc(CCN2CCN(c3nsc4ccccc34)CC2)cc2c1NC(=O)CC2(C)C,434.6090000000003,4.589220000000004,0.0,,0.0,,,0.0,,1.0,,1.0,,
O=c1[nH]c2ccc(S(=O)CCN3CCC(Cc4ccc(F)cc4)CC3)cc2o1,402.4910000000001,3.3225000000000025,0.0,0.0,0.0,0.0,1.0,0.0,0.0,1.0,0.0,0.0,,0.0
Nc1cc(Cl)c(O)c(Cl)c1,178.018,2.2812,0.0,0.0,1.0,,0.0,0.0,,1.0,0.0,0.0,1.0,1.0
O=C1CCC(C2CCCCC2)CC1,180.29099999999994,3.3260000000000023,0.0,0.0,0.0,0.0,,0.0,0.0,,0.0,0.0,0.0,0.0
OC1CCC(C2CCCCC2)CC1,182.30699999999993,3.1178000000000017,0.0,0.0,0.0,0.0,,0.0,0.0,0.0,0.0,0.0,0.0,0.0
O=C(Nc1ccccc1)c1cc([N+](=O)[O-])ccc1Cl,276.679,3.5005000000000015,0.0,0.0,1.0,0.0,,0.0,,1.0,0.0,,,
O=C(O)c1ccc([Hg]Cl)cc1,357.158,1.2464000000000002,0.0,,0.0,,,1.0,1.0,1.0,,1.0,,
Cc1c(C(=O)NCCO)[n+]([O-])c2ccccc2[n+]1[O-],263.253,-0.8628799999999996,0.0,0.0,0.0,0.0,0.0,0.0,0.0,0.0,0.0,0.0,0.0,0.0
OC(Cn1cncn1)(c1ccc(F)cc1)c1ccccc1F,301.296,2.492400000000001,0.0,0.0,0.0,1.0,0.0,0.0,0.0,0.0,0.0,0.0,0.0,0.0
CCCCOP(=O)(O)OCCCC,210.20999999999995,2.720200000000001,0.0,0.0,0.0,0.0,1.0,,0.0,0.0,0.0,0.0,0.0,0.0
NC(=O)c1ccc([N+](=O)[O-])cc1,166.136,0.6937,0.0,0.0,0.0,0.0,0.0,0.0,0.0,0.0,0.0,0.0,0.0,0.0
CCCO[Si](OCCC)(OCCC)OCCC,264.43799999999993,3.128400000000002,0.0,0.0,0.0,0.0,0.0,0.0,0.0,0.0,0.0,0.0,0.0,0.0
CCCCC[C@H](O)/C=C/[C@H]1[C@H](O)CC(=O)[C@@H]1CCCCCCC(=O)O,354.48700000000014,3.475100000000002,0.0,,0.0,0.0,0.0,0.0,,,0.0,,0.0,0.0
CCCCCCNC(=O)n1cc(F)c(=O)[nH]c1=O,257.265,0.8136999999999999,,,,,,,,,,0.0,,
CCCCCCCCCCCC[n+]1ccc2ccccc2c1,298.494,6.048200000000007,0.0,,,,,0.0,,,,,1.0,
CCCC(=O)Cl,106.55199999999999,1.5519,0.0,0.0,0.0,0.0,0.0,0.0,0.0,0.0,0.0,0.0,0.0,0.0
CCCCCCCCCl,148.67700000000002,3.5857000000000028,0.0,0.0,0.0,0.0,0.0,0.0,0.0,0.0,0.0,1.0,0.0,0.0
Oc1ccccc1Cl,128.558,2.0456000000000003,0.0,0.0,0.0,0.0,0.0,0.0,0.0,0.0,0.0,0.0,0.0,0.0
CC(Cl)C(=O)O,108.52399999999999,0.6983,0.0,0.0,0.0,0.0,0.0,,0.0,0.0,0.0,0.0,0.0,0.0
O=C(O)CCCl,108.52400000000002,0.6999,0.0,0.0,0.0,0.0,0.0,0.0,0.0,0.0,0.0,0.0,0.0,0.0
O=[Cd],128.411,-0.1213,0.0,0.0,0.0,,0.0,0.0,0.0,0.0,0.0,0.0,0.0,0.0
COc1ccc(OC)c(C(O)CNC(=O)CN)c1,254.28599999999997,-0.18789999999999946,0.0,0.0,0.0,0.0,0.0,0.0,0.0,0.0,0.0,0.0,0.0,0.0
CSc1cnccn1,126.18399999999998,1.1985,0.0,0.0,0.0,0.0,0.0,0.0,0.0,0.0,0.0,0.0,0.0,0.0
C=CC(C)(CCC=C(C)C)OC(=O)C(C)C,224.34399999999997,3.876700000000003,0.0,0.0,0.0,0.0,0.0,0.0,0.0,0.0,0.0,0.0,0.0,0.0
CCCCCCCCCCOC(=O)c1ccccc1C(=O)OCCCCCCCC,418.6180000000004,7.501400000000008,0.0,0.0,0.0,0.0,0.0,0.0,0.0,0.0,0.0,0.0,0.0,0.0
CC(C)OC=O,88.106,0.5678,0.0,0.0,0.0,0.0,0.0,0.0,0.0,0.0,0.0,1.0,0.0,0.0
N#Cc1cccc(C#N)c1,128.134,1.4299600000000001,0.0,0.0,0.0,0.0,0.0,0.0,0.0,0.0,0.0,0.0,0.0,0.0
CCOC(=O)/C=C/C(=O)OCC,172.17999999999995,0.6688,0.0,0.0,0.0,0.0,0.0,0.0,0.0,1.0,0.0,0.0,0.0,0.0
CCC(C)COC(C)=O,130.18699999999998,1.5956000000000001,0.0,0.0,,0.0,0.0,0.0,0.0,0.0,0.0,0.0,0.0,0.0
c1ccc(Cc2ccccc2)cc1,168.239,3.277400000000002,0.0,0.0,0.0,0.0,0.0,0.0,0.0,0.0,0.0,0.0,0.0,0.0
C[C@H]1CNCCc2ccc(Cl)cc21,195.69299999999998,2.589200000000001,0.0,0.0,0.0,0.0,0.0,0.0,0.0,0.0,0.0,0.0,0.0,0.0
Cc1nnc(C(=O)NC(C)(C)c2nc(C(=O)NCc3ccc(F)cc3)c(O)c(=O)n2C)o1,444.4230000000002,0.9115199999999997,0.0,0.0,0.0,0.0,0.0,0.0,0.0,0.0,0.0,0.0,0.0,0.0
O=S(=O)(c1ccccc1)c1ccccc1,218.277,2.519400000000001,0.0,0.0,0.0,0.0,0.0,0.0,0.0,0.0,0.0,0.0,,0.0
CCC(C)OC(=O)c1ccc(O)cc1,194.23,2.3475,0.0,0.0,1.0,,1.0,1.0,0.0,0.0,0.0,0.0,,0.0
Cc1ccc(NC(=O)N(C)C)cc1NC(=O)N(C)C,264.329,2.1820199999999996,0.0,0.0,0.0,0.0,0.0,0.0,0.0,0.0,0.0,0.0,0.0,0.0
[O-][n+]1ccccc1SSc1cccc[n+]1[O-],252.32000000000002,1.7527999999999997,0.0,1.0,,,,0.0,1.0,,1.0,,1.0,1.0
C=COCC1CCC(COC=C)CC1,196.28999999999996,3.113000000000002,0.0,0.0,0.0,0.0,0.0,0.0,0.0,0.0,0.0,0.0,0.0,0.0
N#Cc1c(F)cccc1F,139.10399999999996,1.8364800000000001,0.0,0.0,0.0,0.0,0.0,0.0,0.0,0.0,0.0,0.0,0.0,0.0
CC(O)CN1CCN(CC(=O)[O-])CCN(CC(=O)[O-])CCN(CC(=O)[O-])CC1.[Gd+3],558.6900000000003,-6.161500000000005,,,,,,,,0.0,,0.0,,
S=C=S,76.14500000000001,1.0181,0.0,0.0,0.0,0.0,0.0,0.0,0.0,0.0,0.0,0.0,0.0,0.0
Nc1c(NC/C=C\COc2cc(CN3CCCCC3)ccn2)c(=O)c1=O,356.42600000000004,1.2927999999999997,0.0,0.0,0.0,0.0,0.0,0.0,0.0,,0.0,0.0,0.0,0.0
CN1[C@H]2CC[C@@H]1C[C@H](NC(=O)n1c(=O)[nH]c3ccccc31)C2,300.3620000000001,1.5124999999999993,0.0,0.0,0.0,0.0,0.0,0.0,0.0,0.0,0.0,0.0,,0.0
C1CCc2nnnn2CC1,138.174,0.39949999999999997,0.0,0.0,0.0,0.0,0.0,0.0,0.0,,0.0,,0.0,0.0
CC(C(=O)O)c1ccc(/C=C2\CCCCC2=O)cc1,258.3169999999999,3.401200000000002,0.0,0.0,,,,0.0,1.0,1.0,0.0,0.0,0.0,0.0
CCCCCOc1ccc(C2SC(=O)NC2=O)cc1OCC,323.4140000000001,3.6784000000000026,0.0,0.0,,,0.0,0.0,,0.0,0.0,0.0,,0.0
CC[N+](CC)(CC)CCOC(=O)C(C1CCCC1)C1CCCC1,324.5290000000001,4.402700000000004,0.0,0.0,0.0,0.0,0.0,0.0,0.0,0.0,0.0,0.0,0.0,0.0
CCCCCCCCCCCCCCCCCCNC(=O)OC1CCN(C(=O)OC[C@H](COC(=O)N(Cc2cccc[n+]2CC)C(=O)c2ccccc2OC)OC)CC1,826.1089999999998,9.3853,0.0,,0.0,,,0.0,,,,,0.0,
CCOC(=O)c1ccc(OCCN2C[C@H](O)[C@@H](O)[C@H](O)[C@H]2CO)cc1,355.387,-0.9986999999999997,0.0,0.0,0.0,0.0,0.0,0.0,0.0,0.0,0.0,0.0,0.0,0.0
CCC(C)N(C)C(=O)c1cc2ccccc2c(-c2ccccc2Cl)n1,352.86500000000007,5.425700000000005,0.0,0.0,0.0,0.0,0.0,0.0,,,0.0,0.0,0.0,0.0
Cc1ccc(/C=N/n2c(-c3ccccc3)csc2=S)cc1,310.44700000000006,5.1367100000000026,0.0,0.0,1.0,,,0.0,0.0,1.0,0.0,0.0,,0.0
CN(CCCN1c2ccccc2CCc2ccccc21)CC(=O)c1ccc(Cl)cc1,418.9680000000002,5.7815000000000065,0.0,0.0,,0.0,0.0,0.0,,1.0,,0.0,,
CN(C)CCOC(c1ccc(Cl)cc1)c1ccccn1,290.794,3.4026000000000023,0.0,0.0,0.0,0.0,0.0,0.0,0.0,,0.0,0.0,0.0,0.0
NC[C@@H]1O[C@H](O[C@@H]2[C@@H](CO)O[C@@H](O[C@@H]3[C@@H](O)[C@H](N)C[C@H](N)[C@H]3O[C@H]3O[C@H](CO)[C@@H](O)[C@H](O)[C@H]3N)[C@@H]2O)[C@H](N)[C@@H](O)[C@@H]1O,615.6340000000004,-8.861700000000015,0.0,0.0,0.0,0.0,1.0,0.0,0.0,,0.0,,0.0,0.0
Clc1ccc(C(Cl)(Cl)Cl)cn1,230.909,3.5617,0.0,0.0,1.0,,0.0,0.0,0.0,0.0,0.0,0.0,0.0,0.0
CCC1=C[C@@H]2CN(C1)Cc1c([nH]c3ccccc13)[C@@](C(=O)OC)(c1cc3c(cc1OC)N(C)[C@H]1[C@@](O)(C(=O)OC)[C@H](OC(C)=O)[C@]4(CC)C=CCN5CC[C@]31[C@@H]54)C2,778.9469999999999,4.753600000000004,,,,,,,,,,0.0,,
c1ccc(P(c2ccccc2)c2ccccc2)cc1,262.29200000000003,3.4448000000000016,0.0,0.0,0.0,0.0,0.0,0.0,0.0,,0.0,1.0,,0.0
c1ccc(OP(Oc2ccccc2)Oc2ccccc2)cc1,310.28900000000004,5.450300000000004,0.0,0.0,0.0,0.0,0.0,0.0,0.0,0.0,0.0,0.0,0.0,0.0
CC(CCl)OP(=O)(OC(C)CCl)OC(C)CCl,327.572,4.026200000000004,0.0,0.0,0.0,0.0,0.0,0.0,0.0,0.0,0.0,0.0,0.0,0.0
ClCCOP(OCCCl)OCCCl,269.49199999999996,2.9795000000000016,0.0,0.0,0.0,0.0,0.0,0.0,0.0,0.0,0.0,0.0,0.0,0.0
CCOC(=O)OCC,118.13199999999999,1.1794,0.0,0.0,0.0,0.0,0.0,0.0,0.0,0.0,0.0,0.0,0.0,0.0
CCN(C(=O)N(CC)c1ccccc1)c1ccccc1,268.36,4.159400000000003,0.0,0.0,0.0,,0.0,0.0,0.0,,0.0,0.0,1.0,0.0
C=CC(=O)OCCOCCOC(=O)C=C,214.21699999999996,0.4613999999999998,0.0,1.0,0.0,,1.0,0.0,1.0,1.0,1.0,,0.0,0.0
CCOCCOCCOCC,162.22899999999998,1.076,0.0,0.0,,0.0,1.0,0.0,0.0,0.0,0.0,0.0,,0.0
CCOP(=S)(OCC)SCCSCC,274.413,3.7702000000000027,0.0,0.0,0.0,0.0,0.0,0.0,0.0,0.0,0.0,0.0,0.0,0.0
COCCOCCO,120.148,-0.3583,0.0,0.0,0.0,0.0,0.0,0.0,0.0,0.0,0.0,0.0,0.0,0.0
C1CN2CCN1CC2,112.176,-0.3824000000000001,0.0,0.0,0.0,0.0,0.0,0.0,0.0,0.0,0.0,0.0,0.0,0.0
COc1ccc(OC)cc1,138.166,1.7038,0.0,0.0,0.0,0.0,0.0,0.0,0.0,0.0,0.0,0.0,0.0,0.0
CCCCCCCC/C=C\CCCCCCCCO,268.4849999999999,6.0162000000000075,0.0,0.0,0.0,0.0,0.0,0.0,0.0,0.0,0.0,0.0,0.0,0.0
CC(C)OC(=O)C(C)(C)Oc1ccc(C(=O)c2ccc(Cl)cc2)cc1,360.837,4.680000000000004,0.0,0.0,0.0,0.0,0.0,0.0,0.0,,0.0,0.0,0.0,0.0
ClC(Cl)(Cl)Br,198.274,2.709,0.0,0.0,0.0,0.0,0.0,0.0,0.0,0.0,0.0,0.0,0.0,0.0
CC(C)(C)NC[C@H](O)COc1cccc2c1CCCC2=O,291.391,2.3334,0.0,0.0,0.0,0.0,0.0,0.0,0.0,0.0,0.0,0.0,0.0,0.0
CC(C(=O)O)c1cccc(C(=O)c2ccccc2)c1,254.285,3.1057000000000015,0.0,0.0,0.0,0.0,0.0,0.0,0.0,0.0,0.0,0.0,0.0,0.0
C[C@H](CCC(=O)O)[C@H]1CC[C@H]2[C@@H]3CC[C@@H]4C[C@H](O)CC[C@]4(C)[C@H]3CC[C@@]21C,376.5810000000002,5.507100000000006,0.0,0.0,0.0,0.0,0.0,0.0,,1.0,0.0,,1.0,
C=C(C)[C@H]1CC=C(C)CC1,136.23799999999997,3.308900000000002,0.0,0.0,0.0,0.0,0.0,0.0,0.0,0.0,0.0,0.0,0.0,0.0
Nc1nc(=O)[nH]cc1F,129.09399999999997,-0.5088000000000001,0.0,,0.0,0.0,0.0,0.0,0.0,0.0,0.0,0.0,0.0,0.0
O=C(O)Cc1sc(-c2ccccc2)nc1-c1ccc(Cl)cc1,329.8080000000001,4.757600000000003,0.0,,1.0,0.0,0.0,0.0,1.0,0.0,0.0,0.0,1.0,0.0
CC(C)=CCC1C(=O)N(c2ccccc2)N(c2ccccc2)C1=O,320.3920000000001,3.9539000000000026,1.0,0.0,,,,0.0,,1.0,0.0,1.0,,1.0
O=c1[nH]c(=O)n([C@H]2C[C@H](O)[C@@H](CO)O2)cc1F,246.194,-1.6836,,,0.0,0.0,0.0,0.0,,1.0,0.0,0.0,0.0,1.0
O=CC1CC=CCC1,110.15599999999999,1.5415999999999999,0.0,0.0,0.0,0.0,0.0,0.0,0.0,0.0,0.0,0.0,0.0,0.0
CS(=O)(=O)c1ccc(C(=O)C2C(=O)CCCC2=O)c([N+](=O)[O-])c1,339.32500000000005,1.1193000000000002,0.0,0.0,0.0,0.0,0.0,0.0,0.0,0.0,0.0,0.0,1.0,0.0
CC1=C(/C=C/C(C)=C/C=C\C(C)=C\C(=O)O)C(C)(C)CCC1,300.44200000000006,5.602600000000005,0.0,0.0,,0.0,,1.0,1.0,,1.0,1.0,1.0,
SCc1ccccc1,124.20799999999996,2.1163999999999996,0.0,0.0,0.0,,1.0,0.0,0.0,0.0,0.0,0.0,,0.0
N#Cc1cccnc1,104.11199999999998,0.9532799999999999,0.0,0.0,1.0,0.0,0.0,0.0,0.0,0.0,0.0,0.0,0.0,0.0
O=S(=O)([O-])C(F)(F)C(F)(F)C(F)(F)C(F)(F)C(F)(F)C(F)(F)C(F)(F)C(F)(F)F,499.11799999999994,4.498500000000001,0.0,0.0,0.0,,0.0,0.0,0.0,0.0,0.0,0.0,,
CCC1(CC)C(=O)C=CNC1=O,167.20799999999997,1.0053999999999998,0.0,0.0,0.0,0.0,0.0,0.0,0.0,0.0,0.0,0.0,0.0,0.0
O=C(OCC(COC(=O)c1ccccc1)(COC(=O)c1ccccc1)COC(=O)c1ccccc1)c1ccccc1,552.5790000000003,5.400800000000006,0.0,,0.0,0.0,0.0,,,0.0,0.0,,1.0,
COc1c2occc2c(OC)c2c(=O)cc(C)oc12,260.24499999999995,2.8648200000000017,0.0,0.0,1.0,0.0,0.0,0.0,0.0,0.0,0.0,0.0,0.0,0.0
Nc1ccc(S(=O)(=O)Nc2ccc(Cl)nn2)cc1,284.728,1.513,0.0,0.0,0.0,0.0,0.0,0.0,0.0,0.0,0.0,0.0,0.0,0.0
O=C(O)CO,76.051,-0.9367000000000001,0.0,0.0,0.0,0.0,0.0,0.0,0.0,0.0,0.0,0.0,,0.0
O=CC=O,58.036,-0.6158000000000001,0.0,0.0,0.0,0.0,1.0,0.0,0.0,0.0,0.0,0.0,0.0,0.0
CC1CCC(C(C)C)C(O)C1,156.26899999999998,2.4395000000000007,0.0,0.0,0.0,0.0,0.0,0.0,0.0,0.0,0.0,0.0,0.0,0.0
CN(C)CCOC(C)(c1ccccc1)c1ccccn1.O=C(O)CCC(=O)O,388.4640000000002,2.8591000000000006,0.0,0.0,0.0,0.0,1.0,0.0,0.0,0.0,0.0,0.0,0.0,0.0
Sc1nc2ccccc2s1,167.25799999999998,2.585,0.0,0.0,1.0,0.0,0.0,0.0,1.0,1.0,0.0,1.0,1.0,0.0
NCCc1ccc(O)c(O)c1,153.18099999999998,0.5989999999999998,0.0,0.0,0.0,0.0,,0.0,0.0,1.0,0.0,0.0,0.0,0.0
O=c1oc2c(O)c(O)cc3c(=O)oc4c(O)c(O)cc1c4c23,302.194,1.3127999999999997,0.0,0.0,0.0,0.0,0.0,0.0,0.0,,0.0,0.0,0.0,0.0
Cc1cnc(NC(=O)C2=C(O)c3ccccc3S(=O)(=O)N2C)s1,351.4090000000001,1.95092,1.0,0.0,0.0,0.0,1.0,0.0,0.0,0.0,0.0,0.0,1.0,0.0
Nc1nc(N)nc(N)n1,126.12300000000002,-1.3818000000000001,0.0,0.0,0.0,0.0,0.0,0.0,0.0,0.0,0.0,0.0,0.0,0.0
CC[C@H]1CN2CCc3cc(OC)c(OC)cc3[C@@H]2C[C@@H]1C[C@H]1NCCc2cc(OC)c(OC)cc21,480.64900000000034,4.943400000000005,0.0,0.0,0.0,1.0,,0.0,,,,0.0,,0.0
O=S(=O)([O-])CCS,141.193,-0.5385999999999997,0.0,0.0,0.0,0.0,0.0,0.0,0.0,0.0,0.0,0.0,0.0,0.0
CCn1cc[n+](C)c1C.O=S(=O)([N-]S(=O)(=O)C(F)(F)F)C(F)(F)F,405.342,1.70022,0.0,0.0,0.0,0.0,0.0,0.0,0.0,0.0,0.0,0.0,,0.0
CCCCCCCCCCCCSCCOCCO,290.51300000000003,4.649400000000005,0.0,0.0,0.0,0.0,0.0,0.0,0.0,,0.0,0.0,0.0,0.0
N=C(N)n1cccn1,110.11999999999998,-0.3753300000000004,0.0,0.0,0.0,0.0,0.0,0.0,0.0,,0.0,,0.0,0.0
FC(F)(F)COCC(F)(F)F,182.063,2.1276,0.0,0.0,0.0,0.0,,0.0,0.0,,0.0,,0.0,0.0
Cc1c(I)c(=O)n(-c2ccccc2)n1C,314.12600000000003,2.0890199999999997,0.0,0.0,0.0,0.0,0.0,0.0,0.0,0.0,0.0,0.0,0.0,0.0
CCC(C(N)=O)N1CCCC1=O,170.212,-0.12729999999999997,0.0,0.0,0.0,0.0,1.0,0.0,0.0,0.0,0.0,0.0,0.0,0.0
CC(=O)N[C@@H](Cc1ccc(O)cc1)C(=O)O,223.22799999999998,0.5239999999999998,0.0,0.0,0.0,0.0,0.0,0.0,0.0,0.0,0.0,0.0,0.0,0.0
OCC(O)CS,108.16200000000002,-0.7305999999999999,,0.0,0.0,,0.0,0.0,0.0,0.0,0.0,0.0,0.0,0.0
CC(=O)c1ccc2ccc3ccccc3c2c1,220.271,4.195600000000002,0.0,0.0,1.0,,1.0,0.0,0.0,,0.0,0.0,1.0,1.0
Nc1ccc(NCCO)c([N+](=O)[O-])c1,197.19400000000002,0.5811999999999999,0.0,0.0,1.0,0.0,0.0,0.0,0.0,1.0,0.0,0.0,1.0,0.0
Cc1cc(C)c(S(=O)(=O)[O-])cc1N=Nc1cc(S(=O)(=O)[O-])c2ccccc2c1O,434.45100000000014,3.385840000000002,0.0,0.0,0.0,0.0,0.0,0.0,0.0,0.0,0.0,0.0,,0.0
COc1ccccc1N1CCN(CCCCNC(=O)c2ccc(-c3ccc(C(C)=O)cc3)cc2)CC1,485.6280000000002,4.897000000000005,0.0,0.0,0.0,0.0,0.0,0.0,0.0,,0.0,0.0,0.0,0.0
[Be+2],9.012,-0.3808,0.0,0.0,0.0,0.0,0.0,0.0,0.0,0.0,0.0,0.0,,0.0
COCCOCCOCCOCCO,208.25399999999996,-0.32509999999999944,0.0,0.0,0.0,0.0,0.0,0.0,0.0,0.0,0.0,0.0,,0.0
Cc1cccc(Oc2ccccc2)c1,184.23800000000003,3.787320000000002,0.0,0.0,0.0,,0.0,0.0,0.0,0.0,0.0,0.0,0.0,0.0
CCCCCCCCCCCCCCCCCCCl,288.9469999999999,7.486700000000007,0.0,0.0,0.0,0.0,0.0,0.0,0.0,0.0,0.0,0.0,0.0,0.0
O=C(CC(C(=O)OC1CCCCC1)S(=O)(=O)[O-])OC1CCCCC1,361.4360000000002,2.0420999999999996,0.0,0.0,0.0,0.0,0.0,0.0,0.0,0.0,0.0,0.0,0.0,0.0
CC/C(C)=N/O[Si](C)(O/N=C(\C)CC)O/N=C(\C)CC,301.4630000000001,3.9626000000000037,0.0,0.0,,0.0,0.0,0.0,0.0,0.0,0.0,0.0,0.0,0.0
CC(C)(C)C(=O)C(Cl)Cl,169.051,2.4053000000000004,0.0,0.0,0.0,0.0,0.0,0.0,0.0,0.0,0.0,0.0,0.0,0.0
CCCOc1nn(C(=O)[N-]S(=O)(=O)c2ccccc2C(=O)OC)c(=O)n1C,397.3890000000002,0.8878999999999999,0.0,0.0,,0.0,0.0,0.0,0.0,0.0,0.0,0.0,0.0,0.0
CCCCCCC(CCCCCCCCCCC(=O)OCC(COC(C)=O)OC(C)=O)OC(C)=O,500.6730000000003,5.827500000000006,0.0,0.0,0.0,0.0,0.0,0.0,0.0,0.0,0.0,0.0,0.0,0.0
CC(C)CCCCCCOC(=O)C1CCCCC1C(=O)OCCCCCCC(C)C,424.66600000000034,7.092200000000009,0.0,0.0,0.0,0.0,0.0,0.0,0.0,0.0,0.0,0.0,,0.0
c1ccc2cnccc2c1,129.16199999999998,2.2348,0.0,0.0,0.0,0.0,0.0,0.0,0.0,,0.0,0.0,0.0,0.0
C=CC(C)(CCC=C(C)C)OC=O,182.26299999999998,2.850500000000001,0.0,0.0,0.0,0.0,0.0,0.0,0.0,0.0,0.0,0.0,0.0,0.0
Cc1nc(-c2ccccn2)ncc1C(=O)Nn1cc(C)c2cc(F)ccc21,361.38000000000005,3.633140000000002,0.0,0.0,1.0,0.0,,0.0,,,0.0,,0.0,0.0
CCCCCCCCCCCCOC(C)=O,228.37599999999995,4.470400000000004,0.0,0.0,,0.0,0.0,0.0,0.0,0.0,0.0,0.0,0.0,0.0
CC1C(C)(C)C2=C(C(=O)CCC2)C1(C)C,206.32899999999992,3.738100000000003,0.0,0.0,0.0,0.0,0.0,0.0,0.0,0.0,0.0,0.0,0.0,0.0
CC(=O)OCCCc1ccccc1,178.23100000000002,2.1822999999999997,0.0,0.0,0.0,0.0,0.0,0.0,0.0,0.0,0.0,0.0,0.0,0.0
COc1ccc(COC=O)cc1,166.176,1.3681999999999999,0.0,0.0,,0.0,0.0,0.0,0.0,0.0,0.0,0.0,0.0,0.0
Oc1ccc(Cl)c2c1CCC2,168.62299999999996,2.534300000000001,0.0,0.0,,0.0,0.0,0.0,0.0,,0.0,,1.0,0.0
CC(C)=CCC/C(C)=C/CC/C(C)=C/CO,222.37199999999996,4.397900000000004,0.0,0.0,0.0,,,0.0,0.0,,0.0,,0.0,0.0
O=C(NC(=O)c1c(F)cccc1F)Nc1cc(Cl)c(Oc2ncc(C(F)(F)F)cc2Cl)c(Cl)c1,540.6590000000002,7.093000000000002,0.0,,0.0,,,0.0,,1.0,0.0,,1.0,1.0
CC(C)OC(=O)C(O)(c1ccc(Cl)cc1)c1ccc(Cl)cc1,339.2180000000001,4.180900000000003,0.0,0.0,0.0,,0.0,0.0,,,0.0,0.0,1.0,
OC[C@H](O)[C@@H](O)[C@H](O[C@@H]1O[C@H](CO)[C@H](O)[C@H](O)[C@H]1O)[C@H](O)CO,344.31300000000005,-5.761199999999992,0.0,1.0,0.0,0.0,1.0,1.0,0.0,0.0,0.0,0.0,0.0,0.0
FC1(F)C(F)(F)C(F)(F)C2(F)C(F)(C1(F)F)C(F)(F)C(F)(F)C1(F)C(F)(F)C(F)(F)C(F)(F)C(F)(F)C12F,624.1060000000001,7.2134000000000045,0.0,0.0,0.0,0.0,,0.0,0.0,0.0,0.0,0.0,0.0,0.0
CC1(C)O[C@@H]2CO[C@@]3(COS(N)(=O)=O)OC(C)(C)O[C@H]3[C@@H]2O1,339.3660000000001,-0.3953999999999982,0.0,0.0,0.0,0.0,0.0,0.0,0.0,0.0,0.0,0.0,0.0,0.0
CC(C)CC(C)CC(C)CC(C)COC(=O)c1ccccc1C(=O)OCC(C)CC(C)CC(C)CC(C)C,530.8340000000003,9.469400000000002,0.0,0.0,0.0,0.0,,0.0,0.0,0.0,0.0,0.0,0.0,0.0
F[B-](F)(F)F,86.80400000000002,1.3,0.0,0.0,0.0,0.0,0.0,0.0,0.0,0.0,0.0,0.0,0.0,0.0
c1ccc2sc(SN3CCOCC3)nc2c1,252.36399999999995,2.6356,,,,,,,,0.0,,0.0,,
CC(C)(C)NCC(O)c1cc(Cl)c(N)c(Cl)c1,277.195,2.9971000000000005,0.0,0.0,,0.0,0.0,0.0,0.0,0.0,,0.0,,
C=C(Nc1ccc(OCC)cc1)Nc1ccc(OCC)cc1,298.386,4.479200000000003,0.0,0.0,0.0,0.0,0.0,0.0,0.0,,0.0,,0.0,0.0
C[N+]12CCC(CC1)C(OC(=O)C(O)(c1ccccc1)c1ccccc1)C2,352.45400000000006,2.7045000000000012,0.0,0.0,0.0,0.0,0.0,0.0,0.0,0.0,0.0,0.0,0.0,0.0
Oc1c(I)cc(Cl)c2cccnc12,305.502,3.1984000000000004,0.0,0.0,1.0,0.0,,0.0,0.0,1.0,0.0,1.0,1.0,
CC(C)/N=c1/cc2n(-c3ccc(Cl)cc3)c3ccccc3nc-2cc1Nc1ccc(Cl)cc1,473.40700000000015,7.489800000000005,0.0,0.0,0.0,0.0,0.0,0.0,0.0,,0.0,,0.0,0.0
C=CCOC(=O)CCCCCC,170.25199999999998,2.686000000000001,0.0,0.0,0.0,0.0,0.0,0.0,0.0,0.0,0.0,0.0,,0.0
O=C(Nc1cccc(C(F)(F)F)c1)c1cc(Br)cc(Br)c1O,439.02500000000003,5.188300000000002,0.0,,,,,0.0,0.0,,0.0,1.0,1.0,1.0
COc1cc(C(=O)NCCCCCC(=O)O)cc(OC)c1OC,325.36100000000005,2.0872,0.0,0.0,0.0,0.0,0.0,0.0,0.0,0.0,0.0,0.0,0.0,0.0
O=S(=O)(Cl)Cl,134.971,0.7088000000000001,0.0,0.0,,0.0,0.0,0.0,0.0,,0.0,0.0,0.0,0.0
C=C(Cl)CSC(=S)N(CC)CC,223.79399999999998,3.0988000000000016,0.0,0.0,0.0,,0.0,0.0,0.0,1.0,0.0,,0.0,0.0
OC[C@H]1O[C@H](O[C@]2(CO)O[C@H](CO)[C@@H](O)[C@@H]2O)[C@H](O)[C@@H](O)[C@@H]1O,342.297,-5.395599999999993,0.0,0.0,0.0,0.0,0.0,0.0,0.0,0.0,0.0,0.0,0.0,0.0
O=S(=O)([O-])[S-],112.131,-1.0064999999999997,0.0,0.0,0.0,0.0,0.0,0.0,0.0,0.0,0.0,0.0,0.0,0.0
CC(=O)NS(=O)(=O)c1ccc(N)cc1,214.246,0.0935999999999998,0.0,0.0,0.0,0.0,0.0,0.0,0.0,0.0,0.0,0.0,0.0,0.0
C=C1C(C)(C)[C@@]2(Cl)C(Cl)[C@]1(Cl)C(Cl)(Cl)C2(Cl)Cl,377.35299999999995,5.506400000000001,0.0,0.0,,,,,0.0,1.0,0.0,1.0,1.0,
CN(N=O)C(=O)N[C@H]1[C@@H](O)O[C@H](CO)[C@@H](O)[C@@H]1O,265.222,-2.8909,0.0,0.0,0.0,0.0,0.0,0.0,0.0,0.0,0.0,0.0,0.0,0.0
O=C1CCC(=O)O1,100.073,-0.15000000000000002,0.0,0.0,0.0,0.0,0.0,0.0,0.0,0.0,0.0,0.0,0.0,0.0
c1ccc(C2CO2)cc1,120.15099999999997,1.7578999999999998,0.0,0.0,0.0,0.0,0.0,0.0,0.0,0.0,0.0,0.0,0.0,0.0
Nc1ccc(S(=O)(=O)Nc2nccs2)cc1,255.32400000000004,1.5261,0.0,0.0,0.0,0.0,0.0,0.0,0.0,0.0,0.0,1.0,0.0,0.0
C=Cc1ccccc1,104.15199999999997,2.3296,0.0,0.0,0.0,0.0,0.0,0.0,0.0,0.0,0.0,0.0,0.0,0.0
Cc1cc(=O)oc2cc(O)ccc12,176.171,1.8070199999999998,1.0,0.0,0.0,0.0,0.0,0.0,0.0,0.0,0.0,,0.0,1.0
C=CC(C)=O,70.091,0.7614,0.0,0.0,0.0,0.0,0.0,0.0,0.0,0.0,0.0,0.0,0.0,0.0
CC(CCc1ccc(O)cc1)NCCc1ccc(O)c(O)c1,301.386,2.956800000000002,0.0,0.0,,,0.0,0.0,0.0,0.0,0.0,0.0,,0.0
CCCCC(CC)COC(=O)CC(C(=O)OCC(CC)CCCC)S(=O)(=O)[O-],421.57600000000025,3.8095000000000034,0.0,1.0,0.0,0.0,1.0,0.0,0.0,1.0,0.0,,0.0,
CCCCCCOc1ccccc1C(N)=O,221.29999999999998,2.7446,0.0,0.0,1.0,,,0.0,0.0,1.0,0.0,0.0,1.0,0.0
CC(=O)Nc1ccc(S(=O)(=O)Nc2ccc([N+](=O)[O-])cc2)cc1,335.34100000000007,2.354,0.0,0.0,0.0,0.0,0.0,0.0,0.0,,0.0,,1.0,0.0
CC[C@@H](C(=O)[C@@H](C)[C@@H](O)[C@H](C)CCc1ccc(C)c(O)c1C(=O)[O-])[C@H]1O[C@](CC)([C@H]2CC[C@](O)(CC)[C@H](C)O2)C[C@@H]1C,589.7900000000003,4.507520000000004,1.0,,0.0,,0.0,0.0,0.0,,,,1.0,1.0
O=C1C(O)=C(O)C(=O)C(O)=C1O,172.09199999999998,-0.20659999999999995,0.0,0.0,0.0,0.0,0.0,0.0,0.0,0.0,0.0,0.0,0.0,0.0
CCCC(=O)O[C@]1(C(=O)CO)CC[C@H]2[C@@H]3CCC4=CC(=O)CC[C@]4(C)[C@H]3[C@@H](O)C[C@@]21C,432.5570000000002,3.132600000000002,,,,,,,,0.0,,0.0,,
CC(N)CCCC(C)(C)O,145.24599999999998,1.2748000000000002,0.0,0.0,,0.0,0.0,0.0,0.0,0.0,0.0,0.0,0.0,0.0
CCc1cn([C@H]2C[C@H](O)[C@@H](CO)O2)c(=O)[nH]c1=O,256.258,-1.2602999999999993,0.0,0.0,0.0,,0.0,0.0,0.0,,0.0,,0.0,0.0
COc1ccc(-c2cc(=O)c3c(O)cc(O[C@@H]4O[C@H](CO[C@@H]5O[C@@H](C)[C@H](O)[C@@H](O)[C@H]5O)[C@@H](O)[C@H](O)[C@H]4O)cc3o2)cc1O,608.5490000000002,-1.0897,0.0,0.0,1.0,0.0,0.0,0.0,0.0,,0.0,0.0,0.0,0.0
CCc1cccc(O)c1,122.16699999999996,1.9546,0.0,0.0,0.0,0.0,0.0,0.0,0.0,0.0,0.0,0.0,0.0,0.0
O=C(c1ccccc1)c1ccc(O)cc1,198.221,2.6232000000000006,0.0,,0.0,,1.0,,0.0,,0.0,,1.0,0.0
Oc1ccc(C(=C(Cl)Cl)c2ccc(O)cc2)cc1,281.13800000000003,4.292300000000002,0.0,0.0,,,1.0,,,1.0,0.0,1.0,1.0,
O=C(O)/C=C/c1ccccc1,148.161,1.7844,0.0,0.0,0.0,0.0,0.0,0.0,0.0,0.0,0.0,0.0,0.0,0.0
O=C(NCCN1CCOCC1)c1ccc(Cl)cc1,268.74399999999997,1.4020000000000006,1.0,1.0,0.0,0.0,1.0,0.0,0.0,0.0,0.0,0.0,0.0,0.0
CCCCCCCCCCCCOCCCN,243.43499999999992,4.272700000000002,0.0,0.0,0.0,0.0,0.0,0.0,0.0,,0.0,,0.0,0.0
CCc1cccc(CC)c1NC(=O)CN(CC(=O)O)CC(=O)O,322.36100000000005,1.2210999999999996,0.0,0.0,0.0,0.0,0.0,0.0,0.0,0.0,0.0,0.0,0.0,0.0
COc1ccc(C(=O)CCC(=O)O)c2ccccc12,258.273,2.895900000000001,0.0,,0.0,0.0,0.0,0.0,0.0,,0.0,,0.0,0.0
O=C(OCCO)c1ccccc1O,182.17499999999998,0.5412999999999999,0.0,0.0,0.0,0.0,0.0,0.0,0.0,,0.0,,0.0,0.0
O=C([O-])CC(S[Au])C(=O)[O-],344.09800000000007,-2.5600999999999994,0.0,0.0,0.0,0.0,0.0,0.0,0.0,,0.0,,0.0,0.0
CCC(=O)O[C@H]1CC[C@H]2[C@@H]3CCc4cc(O)ccc4[C@H]3CC[C@]12C,328.4520000000001,4.5701000000000045,1.0,1.0,0.0,0.0,1.0,1.0,0.0,,0.0,,,1.0
O=C(O)c1cc2ccccc2c(Cc2c(O)c(C(=O)O)cc3ccccc23)c1O,388.37500000000006,4.391400000000003,0.0,0.0,1.0,0.0,1.0,1.0,0.0,,0.0,,,0.0
CCOc1ccc(C[C@H]2NC(=O)CCSSC[C@@H](C(=O)N3CCC[C@H]3C(=O)N[C@@H](CCCN)C(=O)NCC(N)=O)NC(=O)[C@H](CC(N)=O)NC(=O)[C@H]([C@@H](C)O)NC(=O)[C@H]([C@@H](C)CC)NC2=O)cc1,994.2079999999999,-3.0446000000000133,0.0,0.0,0.0,0.0,0.0,0.0,0.0,,0.0,,0.0,0.0
CCCC1([C@H](O)C/C=C/[C@H]2[C@H](O)CC(=O)[C@@H]2CCCCCCC(=O)OC)CCC1,408.57900000000035,4.343700000000004,0.0,,0.0,,0.0,,,,0.0,,,1.0
CSCC[C@H](NC(=O)[C@H](Cc1c[nH]c2ccccc12)NC(=O)CCNC(=O)OC(C)(C)C)C(=O)N[C@@H](CC(=O)O)C(=O)N[C@@H](Cc1ccccc1)C(N)=O,767.9060000000002,1.5202000000000044,0.0,0.0,0.0,0.0,0.0,0.0,0.0,0.0,0.0,0.0,0.0,0.0
O=C1c2ccccc2C(=O)C1c1ccc(Br)cc1,301.139,3.611900000000002,,,,,,,,,,0.0,,
C1CNCCN1.C[C@H](CCC(=O)O)[C@H]1CC[C@H]2[C@H]3[C@H](C[C@H](O)[C@@]21C)[C@@]1(C)CC[C@@H](O)C[C@H]1C[C@H]3O,494.7170000000003,2.6279000000000017,0.0,0.0,0.0,0.0,0.0,0.0,0.0,,0.0,,0.0,0.0
CN1[C@H]2CC[C@@H]1C[C@H](OC(c1ccccc1)c1ccccc1)C2,307.43700000000007,4.417800000000004,0.0,0.0,0.0,0.0,0.0,0.0,0.0,,0.0,,0.0,0.0
CC(C)(C)c1ccc(CN2CCN(C(c3ccccc3)c3ccc(Cl)cc3)CC2)cc1,433.0390000000001,6.544700000000008,0.0,0.0,0.0,1.0,,0.0,0.0,,0.0,,1.0,0.0
OC(CCN1CCCCC1)(c1ccccc1)c1ccccc1,295.42600000000004,3.7985000000000033,0.0,0.0,1.0,0.0,0.0,0.0,0.0,0.0,0.0,0.0,,0.0
O=C(O)CCc1nc2ccccc2[nH]1,190.20200000000003,1.5800999999999998,0.0,0.0,0.0,0.0,0.0,0.0,0.0,0.0,0.0,0.0,0.0,0.0
CN1CCN(c2c(F)cc3c(=O)c(C(=O)O)cn(CCF)c3c2F)CC1,369.3430000000002,1.6991999999999998,0.0,0.0,0.0,0.0,,0.0,0.0,0.0,0.0,0.0,0.0,0.0
CC(C)=O,58.080000000000005,0.5952999999999999,0.0,0.0,0.0,0.0,0.0,0.0,0.0,0.0,0.0,0.0,,0.0
NC(=O)[C@@H]1CCCN1C(=O)[C@H](Cc1cnc[nH]1)NC(=O)[C@@H]1CCC(=O)N1,362.3900000000002,-1.808099999999996,0.0,0.0,0.0,0.0,0.0,0.0,0.0,,0.0,,0.0,0.0
C[C@@H]1O[C@@H](O[C@@H]2C=C3CC[C@@H]4[C@H](CC[C@]5(C)[C@@H](c6ccc(=O)oc6)CC[C@]45O)[C@@]3(C)CC2)[C@H](O)[C@H](O)[C@H]1O,530.6580000000004,3.013800000000002,,,0.0,,,,,,,0.0,1.0,0.0
CC(O)Cn1cnc2c1c(=O)n(C)c(=O)n2C,238.24699999999999,-1.1855,0.0,0.0,0.0,0.0,0.0,0.0,0.0,0.0,0.0,0.0,0.0,0.0
O=NN(CCO)CCO,134.13500000000002,-1.0455999999999999,0.0,0.0,0.0,0.0,0.0,0.0,0.0,0.0,0.0,0.0,0.0,0.0
CCCCN(CCCC)N=O,158.24499999999998,2.570000000000001,0.0,0.0,0.0,0.0,0.0,0.0,0.0,0.0,0.0,0.0,0.0,0.0
C#CC1(O)CCCCC1,124.183,1.3148,0.0,0.0,0.0,0.0,0.0,0.0,0.0,0.0,0.0,0.0,0.0,0.0
Nc1cccc2c(O)nnc(O)c12,177.16299999999998,0.6231999999999998,0.0,0.0,0.0,0.0,0.0,0.0,0.0,0.0,0.0,0.0,0.0,0.0
OCC(F)(F)F,100.03900000000002,0.5410000000000001,0.0,0.0,0.0,0.0,0.0,0.0,0.0,0.0,0.0,0.0,,0.0
CC(=O)CN(CC(C)=O)N=O,158.15699999999998,0.14779999999999993,0.0,0.0,0.0,0.0,0.0,0.0,0.0,0.0,0.0,0.0,0.0,0.0
Cc1ccc2nc(-c3ccc(N)cc3)sc2c1S(=O)(=O)O,320.39500000000004,3.10062,,0.0,1.0,,1.0,0.0,,,1.0,,,
CC(=O)C(C)(C)C,100.16099999999999,1.6215,0.0,0.0,0.0,0.0,0.0,0.0,0.0,0.0,0.0,0.0,0.0,0.0
CN(C)S(=O)(=O)N(SC(F)(Cl)Cl)c1ccccc1,333.237,3.006000000000001,0.0,,0.0,1.0,,0.0,,,0.0,1.0,1.0,
CC(C)CO,74.12299999999999,0.6347,0.0,0.0,0.0,0.0,0.0,0.0,0.0,0.0,0.0,0.0,0.0,0.0
CCCCOCCOP(=O)(OCCOCCCC)OCCOCCCC,398.47700000000026,4.594400000000005,0.0,0.0,0.0,,0.0,0.0,0.0,,0.0,0.0,0.0,0.0
Nc1nc(CC(=O)O)cs1,158.18199999999996,0.35240000000000005,0.0,0.0,,0.0,0.0,0.0,0.0,0.0,0.0,0.0,0.0,0.0
Nc1nccs1,100.14599999999999,0.7253000000000001,0.0,0.0,0.0,0.0,0.0,0.0,0.0,0.0,0.0,0.0,,0.0
CN(C)CCCCl,121.611,1.1769,0.0,0.0,0.0,0.0,,0.0,0.0,0.0,0.0,0.0,0.0,0.0
Oc1cc(Cl)c(Cl)c(Cl)c1Cl,231.893,4.0058,0.0,,1.0,,,0.0,,,0.0,1.0,1.0,
Nc1ccc(C(=O)OCC(O)CO)cc1,211.217,-0.22120000000000017,,,,,,,,0.0,,0.0,,
COc1cc(C[C@H](C)N)c(OC)cc1C,209.289,1.90192,0.0,0.0,0.0,0.0,0.0,0.0,0.0,,0.0,,,0.0
Cc1cc(OCCOCC[N+](C)(C)Cc2ccccc2)ccc1C(C)(C)CC(C)(C)C,426.66500000000025,6.380820000000007,0.0,,0.0,,,0.0,,1.0,,,1.0,
[N-]=[N+]=C1C=Cc2c(cccc2S(=O)(=O)[O-])C1=O,249.22699999999998,0.4710000000000002,0.0,0.0,0.0,0.0,,0.0,0.0,0.0,,0.0,,0.0
Nc1cc(C(=O)O)ccc1Cl,171.58299999999997,1.6204,0.0,0.0,0.0,0.0,0.0,0.0,0.0,0.0,0.0,0.0,0.0,0.0
COc1ccccc1OCC(O)COC(N)=O,241.24299999999994,0.5302000000000002,0.0,0.0,0.0,0.0,0.0,0.0,0.0,0.0,0.0,0.0,0.0,0.0
CC(=O)N=c1sc(S(N)(=O)=O)nn1C,236.278,-1.4237999999999997,0.0,0.0,0.0,0.0,0.0,0.0,0.0,,0.0,,0.0,0.0
CCC1(CC)C(=O)NC(=O)N(C)C1=O,198.22199999999998,0.5009999999999999,0.0,0.0,,0.0,0.0,0.0,0.0,,0.0,,0.0,0.0
CC[C@@H](CO)NC(=O)[C@@H]1C=C2c3cccc4[nH]cc(c34)C[C@H]2N(C)C1,339.4390000000002,1.9247,0.0,0.0,,0.0,0.0,0.0,0.0,0.0,0.0,0.0,0.0,0.0
CN1C(C)(C)CC(O)CC1(C)C,171.28399999999996,1.6300999999999999,0.0,0.0,,0.0,0.0,0.0,0.0,0.0,0.0,0.0,0.0,0.0
CCCCOCCOC(=O)COc1ccc(Cl)cc1Cl,321.20000000000005,3.7321000000000026,0.0,0.0,0.0,0.0,,0.0,0.0,0.0,0.0,0.0,0.0,0.0
CCCC/C=C\CCCCCCCCCC=O,238.4149999999999,5.442600000000005,0.0,0.0,0.0,0.0,1.0,0.0,0.0,0.0,0.0,0.0,0.0,0.0
CCCC/C=C/CCCCO,156.26899999999998,2.8954000000000018,0.0,0.0,0.0,0.0,,0.0,0.0,0.0,0.0,0.0,,0.0
CCC1(CC)C(=O)N=C([O-])NC1=O,183.18699999999998,-0.8345000000000002,0.0,0.0,0.0,0.0,0.0,0.0,0.0,0.0,0.0,0.0,0.0,0.0
O=C1CC(=O)NC(=O)N1,128.087,-1.2575,0.0,0.0,0.0,0.0,0.0,0.0,0.0,0.0,0.0,0.0,,0.0
COP(=S)(OC)SCn1nnc2ccccc2c1=O,317.33200000000005,1.9994999999999998,0.0,0.0,0.0,1.0,0.0,0.0,0.0,1.0,0.0,0.0,0.0,0.0
c1ccc(N=Nc2ccccc2)cc1,182.22600000000003,4.102000000000002,0.0,0.0,0.0,0.0,1.0,0.0,0.0,0.0,0.0,0.0,0.0,0.0
CC1=C(C(=O)OC(C)C)C(c2cccc([N+](=O)[O-])c2)C(C(=O)OC2CN(C(c3ccccc3)c3ccccc3)C2)=C(N)N1,582.657,4.694500000000003,0.0,,0.0,,,,,1.0,,,,
[N-]=[N+]=[N-],42.021,0.8661000000000001,0.0,0.0,0.0,0.0,0.0,0.0,0.0,0.0,0.0,0.0,0.0,0.0
Cc1cn([C@H]2C[C@H](N=[N+]=[N-])[C@@H](CO)O2)c(=O)[nH]c1=O,267.245,-0.19628000000000012,0.0,0.0,0.0,0.0,1.0,0.0,0.0,0.0,0.0,0.0,0.0,0.0
C/C(=C\c1ccccc1)[N+](=O)[O-],163.17599999999996,2.3241000000000005,0.0,,0.0,,,0.0,,,,1.0,1.0,
CCCCN(CCO)CCO,161.24499999999998,0.07310000000000005,0.0,0.0,,0.0,0.0,0.0,0.0,0.0,0.0,0.0,0.0,0.0
N#CCc1ccc(Cl)cc1Cl,186.041,3.0594800000000006,0.0,0.0,0.0,0.0,0.0,0.0,0.0,0.0,0.0,0.0,0.0,0.0
C=C1CC[C@H]2C[C@@H]1C2(C)C,136.23799999999997,2.9987000000000013,0.0,0.0,0.0,0.0,0.0,0.0,0.0,0.0,0.0,0.0,,0.0
CCOC(=O)Cc1ccccc1,164.204,1.7922,0.0,0.0,0.0,0.0,0.0,0.0,0.0,,0.0,0.0,0.0,0.0
Cc1cc(O)c(C(C)C)cc1Cl,184.666,3.477420000000002,0.0,,0.0,,,0.0,0.0,0.0,0.0,0.0,1.0,
O=c1[nH]c2ccc(Cl)cc2o1,169.56699999999998,1.7745,0.0,0.0,,0.0,0.0,0.0,0.0,1.0,0.0,0.0,0.0,0.0
CC1CC(=O)NN=C1c1ccc(NCC(C)(C)NCC(O)COc2cc(Cl)ccc2C#N)cc1,484.0000000000003,3.291780000000001,0.0,0.0,1.0,0.0,0.0,0.0,0.0,0.0,0.0,0.0,,0.0
CC(C)CCC(=O)CCC(C)C,170.296,3.427900000000002,0.0,0.0,1.0,0.0,0.0,0.0,0.0,,0.0,0.0,0.0,0.0
O=C(O)COc1ccccc1,152.149,1.1500000000000001,0.0,0.0,0.0,0.0,0.0,0.0,0.0,0.0,0.0,0.0,0.0,0.0
c1ccc2nccnc2c1,130.15,1.6297999999999997,,0.0,0.0,0.0,0.0,0.0,0.0,0.0,0.0,0.0,0.0,0.0
O=C1CCN(c2ccccc2)N1,162.192,0.9279,0.0,0.0,,,0.0,0.0,,0.0,0.0,0.0,0.0,0.0
CC(C)=CCC1=C(O)C(=O)c2ccccc2C1=O,242.274,3.234000000000001,0.0,,1.0,0.0,,,,1.0,0.0,0.0,1.0,1.0
O=C1c2ccccc2Cc2ccccc21,194.233,2.8218000000000005,,0.0,,,1.0,,0.0,0.0,0.0,0.0,1.0,0.0
C#CCOc1ccc2c(C)cc(=O)oc2c1,214.21999999999997,2.11342,1.0,0.0,,,0.0,0.0,0.0,,0.0,,0.0,0.0
Cc1cc(C)c(NC(=O)CN(CC(=O)O)CC(=O)O)c(C)c1Br,387.23,1.7840599999999998,0.0,0.0,0.0,0.0,0.0,0.0,0.0,0.0,0.0,0.0,0.0,0.0
CC/C=C\CCOC(=O)c1ccccc1O,220.26800000000003,2.9053000000000018,0.0,0.0,,0.0,0.0,0.0,0.0,0.0,0.0,0.0,0.0,0.0
CC(=O)OCC(C)C,116.16,1.2055,,0.0,0.0,,,0.0,0.0,0.0,0.0,0.0,0.0,0.0
CC(C)(O)CCC(C)(C)O,146.23,1.3084,0.0,0.0,0.0,0.0,0.0,0.0,0.0,0.0,0.0,0.0,0.0,0.0
CCCCCCCCCCCCCC(=O)OC(C)C,270.45699999999994,5.639100000000005,0.0,0.0,0.0,0.0,0.0,0.0,0.0,0.0,0.0,0.0,0.0,0.0
CC(=O)OC1CCCCC1C(C)(C)C,198.30599999999998,3.1544000000000016,0.0,0.0,0.0,0.0,0.0,0.0,0.0,0.0,0.0,0.0,0.0,0.0
Cc1oncc1C(=O)Nc1ccc(C(F)(F)F)cc1,270.21,3.2541200000000012,0.0,,1.0,,0.0,0.0,0.0,1.0,1.0,1.0,1.0,0.0
Cc1c(OCC(F)(F)F)ccnc1CS(=O)c1nc2ccccc2[nH]1,369.3680000000001,3.515220000000001,0.0,0.0,1.0,,,0.0,0.0,1.0,0.0,0.0,0.0,0.0
CC(C)CCC[C@@H](C)[C@H]1CC[C@H]2[C@@H]3CC[C@@H]4C[C@H](O)CC[C@]4(C)[C@H]3CC[C@@]21C,388.68000000000023,7.468600000000009,0.0,0.0,0.0,0.0,0.0,0.0,0.0,,0.0,,0.0,0.0
C=C[C@]1(C)C[C@@H](OC(=O)CSCCN(CC)CC)[C@]2(C)C(C)CC[C@]3(CCC(=O)[C@H]32)[C@@H](C)[C@@H]1O,493.75400000000036,4.967900000000006,0.0,0.0,,0.0,0.0,0.0,0.0,,0.0,,0.0,0.0
CO/N=C(\C(=O)N[C@@H]1C(=O)N2C(C(=O)O)=C(CSC(=O)c3ccco3)CS[C@H]12)c1csc(N)n1,523.5740000000002,0.9809999999999997,0.0,0.0,0.0,0.0,0.0,0.0,0.0,,0.0,,0.0,0.0
CCCCCCCCCCCCCCCCC(C(=O)O)C(O)(CC(=O)O)C(=O)O,416.5550000000001,4.849000000000004,,,,,,,,0.0,,,,
NC(=O)N[C@@H](CCC(=O)O)C(=O)O,190.155,-1.0273000000000003,0.0,0.0,,0.0,0.0,0.0,0.0,0.0,0.0,0.0,0.0,0.0
O=C1CC[C@@H](C(=O)N[C@H]2C[C@@H]2c2ccccc2)N1,244.294,0.9372999999999998,0.0,0.0,0.0,0.0,0.0,0.0,0.0,,0.0,,0.0,0.0
CC(=O)Nc1ccc(OC(C)=O)cc1,193.20199999999997,1.5702999999999998,0.0,0.0,0.0,0.0,0.0,0.0,0.0,,0.0,,0.0,0.0
CC1CCCCN1CCCOC(=O)c1ccccc1,261.365,3.1079000000000017,0.0,0.0,0.0,0.0,0.0,0.0,0.0,,0.0,,0.0,0.0
O=C1C(=Cc2cccs2)CCCC1=Cc1cccs1,286.42099999999994,5.029600000000003,0.0,0.0,1.0,,1.0,,0.0,,1.0,,,0.0
C(=Cc1ccncc1)c1ccccc1,181.238,3.2520000000000016,0.0,0.0,1.0,1.0,1.0,0.0,0.0,,1.0,,1.0,0.0
c1ccc2c(c1)Sc1ccccc1N2CCN1CCCC1,296.4390000000001,4.385100000000005,0.0,0.0,,0.0,0.0,0.0,,,0.0,,,0.0
CNC(=O)Oc1ccccc1C(=O)Nc1ccccc1,270.288,2.6571000000000007,0.0,,1.0,,,0.0,0.0,,0.0,,1.0,0.0
CCOC(=O)c1cc(-c2ccccc2)nc2ccc(C)cc12,291.3500000000001,4.3869200000000035,0.0,0.0,,0.0,0.0,0.0,,,0.0,,,0.0
OCC1(CO)COC(C(Cl)(Cl)Cl)OC1,265.52000000000004,0.7004999999999999,0.0,0.0,0.0,0.0,0.0,0.0,0.0,,0.0,,0.0,0.0
CCCCCCCCCCCC(=O)N(C)CC(=O)O,271.40099999999995,3.4503000000000013,0.0,0.0,0.0,0.0,,0.0,1.0,1.0,0.0,0.0,0.0,
ON=CC=NO,88.066,-0.09360000000000007,0.0,0.0,0.0,0.0,0.0,0.0,0.0,0.0,0.0,0.0,0.0,0.0
CC(Oc1ccc(Oc2ncc(C(F)(F)F)cc2Cl)cc1)C(=O)O,361.703,4.398000000000002,0.0,,0.0,1.0,,0.0,,,0.0,0.0,,0.0
CC(C)c1cccc(C(C)C)c1NC(=O)[N-]S(=O)(=O)c1cc(C(C)(C)O)co1,407.51200000000017,5.048300000000006,0.0,0.0,0.0,0.0,,0.0,0.0,,0.0,0.0,,0.0
CCOc1ccc2[nH]cc(C(=O)NCc3ccccc3)c(=O)c2n1,323.35200000000003,2.2518000000000002,0.0,0.0,1.0,,,0.0,0.0,1.0,0.0,0.0,1.0,0.0
c1ccc(C(O[C@@H]2CCCN(CCc3ccc4c(c3)OCO4)C2)c2ccccc2)cc1,415.53300000000013,5.228400000000005,0.0,0.0,1.0,,,0.0,,,0.0,0.0,,0.0
COc1ccc(OC(F)(F)F)cc1CN[C@H]1CCCN[C@H]1c1ccccc1,380.4100000000001,4.176700000000003,0.0,0.0,0.0,,,0.0,0.0,,0.0,0.0,,0.0
CCc1nn(C2CCCCC2)c2cc([C@]3(C#N)CC[C@@H](C(=O)O)CC3)ccc12,379.5040000000001,5.140080000000005,0.0,0.0,0.0,,0.0,,1.0,1.0,,0.0,,1.0
O=C(N[C@@H](Cc1ccccc1)[C@@H](O)C(=O)N1C[C@H](O)[C@H](O)C1)c1cc2cc(Cl)ccc2[nH]1,457.91400000000016,1.0873000000000006,0.0,0.0,0.0,0.0,,0.0,0.0,0.0,0.0,0.0,,0.0
Clc1cc(Cl)c2c(c1)N=C1CCCCCN1C2,269.17499999999995,4.413000000000003,0.0,0.0,,,1.0,0.0,0.0,0.0,0.0,0.0,,0.0
CN(C(=O)Cc1cccc2occc12)[C@H]1CC[C@@]2(CCCO2)C[C@@H]1N1CCCC1,396.5310000000003,3.999800000000003,0.0,0.0,0.0,0.0,0.0,0.0,0.0,0.0,0.0,0.0,0.0,0.0
CCCCCCCCCCCCCCCCn1cc[n+](C)c1,307.54599999999994,5.793900000000005,0.0,,0.0,1.0,,,,1.0,,,,
CCCCCc1ccc(N)cc1,163.26399999999998,3.001500000000001,0.0,0.0,0.0,1.0,0.0,0.0,,0.0,0.0,0.0,0.0,0.0
O=C(O)c1cc(-c2ccccc2)nc2ccccc12,249.269,3.6000000000000014,0.0,,0.0,,0.0,0.0,1.0,0.0,0.0,0.0,0.0,0.0
Cc1ccc(Cl)cc1Cl,161.031,3.301820000000001,0.0,0.0,0.0,0.0,0.0,0.0,0.0,0.0,0.0,0.0,0.0,0.0
CC(C)(C)c1ccc(C(=O)O)cc1,178.231,2.6823000000000006,0.0,0.0,0.0,0.0,0.0,0.0,0.0,0.0,0.0,0.0,0.0,0.0
CO[Si](OC)(OC)c1ccccc1,198.294,0.7716999999999995,0.0,0.0,0.0,0.0,0.0,0.0,0.0,0.0,0.0,0.0,0.0,0.0
CCOC(=O)CC(O)(CC(=O)OCC)C(=O)OCC,276.28499999999997,0.18700000000000006,0.0,0.0,0.0,,0.0,0.0,0.0,,0.0,0.0,,0.0
CCCCCCc1ccc(N)cc1,177.291,3.3916000000000013,0.0,0.0,,,1.0,0.0,,,0.0,0.0,,0.0
O=C(O)C1C2CCC(O2)C1C(=O)O,186.163,-0.050800000000000234,0.0,,1.0,0.0,,0.0,0.0,,1.0,0.0,0.0,0.0
CCOP(=S)(OCC)SCSP(=S)(OCC)OCC,384.4870000000002,5.005300000000004,0.0,0.0,1.0,,1.0,0.0,0.0,0.0,0.0,0.0,,0.0
CCOCCO,90.122,0.015200000000000047,0.0,0.0,0.0,0.0,0.0,0.0,0.0,0.0,0.0,0.0,0.0,0.0
O=P(O)(O)CCCl,144.494,0.4029,0.0,0.0,0.0,0.0,0.0,0.0,0.0,0.0,0.0,0.0,0.0,0.0
O=P(OCCCl)(OCCCl)OCCCl,285.491,2.8607000000000014,0.0,0.0,0.0,0.0,0.0,0.0,0.0,0.0,0.0,0.0,0.0,0.0
CCCCC(CC)COP(=O)(OCC(CC)CCCC)OCC(CC)CCCC,434.6420000000004,8.793500000000003,1.0,1.0,0.0,0.0,0.0,0.0,0.0,0.0,0.0,0.0,0.0,0.0
O=Cc1ccc(CO)o1,126.11099999999998,0.5844,0.0,0.0,0.0,0.0,0.0,0.0,0.0,0.0,0.0,0.0,0.0,0.0
O=c1cc(-c2ccccc2)oc2ccc3ccccc3c12,272.30300000000005,4.613200000000003,,0.0,1.0,1.0,1.0,0.0,0.0,1.0,1.0,0.0,,0.0
N#CC(Cl)Cl,109.94300000000001,1.31368,,,0.0,,0.0,0.0,,1.0,0.0,0.0,0.0,0.0
Oc1cc(O)c(Cl)cc1Cl,179.002,2.4045999999999994,0.0,0.0,,0.0,0.0,0.0,0.0,1.0,0.0,1.0,1.0,
NC(=O)C(Cl)Cl,127.958,0.2754,0.0,0.0,0.0,0.0,0.0,0.0,0.0,0.0,0.0,0.0,0.0,0.0
CC(Cl)C(C)Cl,127.014,2.2410000000000005,0.0,0.0,0.0,0.0,0.0,0.0,0.0,0.0,0.0,0.0,,0.0
C[Si](C)(CCCN)O[Si](C)(C)CCCN,248.51899999999998,2.1108000000000002,0.0,0.0,,0.0,0.0,0.0,0.0,0.0,0.0,0.0,0.0,0.0
COC(=O)c1ccc(C(=O)OC)c(C(=O)OC)c1,252.22199999999995,1.0464,0.0,0.0,0.0,0.0,0.0,0.0,0.0,0.0,0.0,0.0,0.0,0.0
C=CC(=O)OCCCCO,144.17000000000002,0.4880999999999999,0.0,0.0,0.0,,0.0,,0.0,1.0,0.0,,0.0,0.0
O=CN(CCO)CCO,133.14700000000002,-1.5705999999999998,0.0,0.0,0.0,0.0,0.0,0.0,0.0,0.0,0.0,0.0,0.0,0.0
C=CC(=O)OCCCCCCCC,184.27899999999997,3.076100000000001,0.0,0.0,0.0,0.0,0.0,0.0,0.0,0.0,0.0,0.0,0.0,0.0
On1nnc2ccccc21,135.12599999999998,0.6685999999999999,0.0,0.0,0.0,0.0,0.0,0.0,0.0,0.0,0.0,0.0,0.0,0.0
O=c1n(CCCN2CCN(c3cccc(Cl)c3)CC2)nc2ccccn12,371.8720000000001,2.3617,0.0,0.0,0.0,0.0,0.0,0.0,0.0,1.0,0.0,0.0,0.0,0.0
O=C(COCCOCCOCC(=O)Nc1c(I)cc(I)c(C(=O)O)c1I)Nc1c(I)cc(I)c(C(=O)O)c1I,1215.815,5.337600000000003,0.0,0.0,0.0,0.0,0.0,0.0,0.0,0.0,0.0,0.0,0.0,0.0
O=C(O)Cc1cccc(-c2cc(CCCCCCc3ccc(O[C@H]4O[C@H](CO)[C@@H](O)[C@H](O)[C@@H]4O)c(-c4cccc(CC(=O)O)c4)c3)ccc2O[C@H]2O[C@H](CO)[C@@H](O)[C@H](O)[C@@H]2O)c1,862.9220000000004,1.9777999999999987,0.0,0.0,0.0,0.0,0.0,0.0,0.0,0.0,0.0,0.0,0.0,0.0
Cc1ccccc1C(=O)Nc1ccc(C(=O)N2CCCC(O)c3cc(Cl)ccc32)c(C)c1,448.9500000000001,5.683140000000005,0.0,0.0,0.0,,0.0,0.0,,0.0,0.0,0.0,1.0,0.0
C[N+]1(CC2COC(c3ccccc3)(c3ccccc3)O2)CCCCC1,338.4710000000003,3.933600000000003,0.0,0.0,0.0,0.0,0.0,0.0,0.0,0.0,0.0,0.0,0.0,0.0
O=C(CCCCCCCCC#CI)Oc1ccccc1,384.25700000000006,5.108700000000005,0.0,0.0,0.0,0.0,0.0,0.0,,0.0,0.0,0.0,,0.0
O=P(O)(O)C(O)(Cc1cnc2ccccn12)P(=O)(O)O,322.15000000000003,-0.12170000000000009,0.0,0.0,0.0,0.0,0.0,0.0,0.0,,0.0,,0.0,0.0
O=C(CCC1CCN(Cc2ccccc2)CC1)c1ccc2c(c1)NCCCC2,376.5440000000002,5.309900000000005,0.0,0.0,1.0,,,0.0,0.0,1.0,0.0,0.0,0.0,0.0
CCCCNc1ccc(C(=O)OCC[NH+](CC)CC)cc1,293.4309999999999,1.9800999999999995,0.0,0.0,1.0,0.0,0.0,0.0,0.0,0.0,0.0,0.0,0.0,0.0
CCOC(=O)c1ncn2c1CN(C)C(=O)c1c(I)cccc1-2,411.199,2.2392000000000003,0.0,0.0,0.0,0.0,0.0,0.0,0.0,0.0,0.0,0.0,,0.0
Cc1cccc(C)c1N(CCCc1cccnc1)C(=O)C(C)N,311.42900000000003,3.0114400000000003,0.0,0.0,0.0,1.0,0.0,0.0,0.0,,0.0,,0.0,0.0
CCc1ccc(C(=O)C(C)CN2CCCCC2)cc1,259.3929999999999,3.5537000000000027,0.0,0.0,0.0,,0.0,0.0,0.0,1.0,0.0,0.0,0.0,0.0
[2H]C([2H])([2H])[C@H](N)Cc1ccccc1.[2H]C([2H])([2H])[C@H](N)Cc1ccccc1,276.45661066799994,3.1526000000000014,0.0,0.0,0.0,0.0,0.0,0.0,0.0,,0.0,,0.0,0.0
NC1CCN(c2nc3c(cc2F)c(=O)c(C(=O)O)cn3-c2ccc(F)cc2F)C1,404.34800000000007,2.0385999999999997,0.0,1.0,,0.0,0.0,0.0,,1.0,0.0,0.0,0.0,0.0
CCOC(=O)C1(c2ccccc2)CCN(CCC(C#N)(c2ccccc2)c2ccccc2)CC1,452.5980000000001,5.483280000000006,0.0,1.0,0.0,0.0,,1.0,,1.0,0.0,0.0,1.0,1.0
C#CCN[C@@H]1CCc2ccccc21,171.243,1.8967,0.0,0.0,0.0,0.0,0.0,0.0,0.0,0.0,0.0,0.0,0.0,0.0
Nc1ccn([C@@H]2O[C@H](CO)[C@@H](O)C2(F)F)c(=O)n1,263.2,-1.2886,0.0,0.0,0.0,0.0,0.0,0.0,,0.0,0.0,0.0,0.0,1.0
Cc1ncc2n1-c1ccc(Cl)cc1C(c1ccccc1F)=NC2,325.77400000000006,4.324220000000002,0.0,0.0,,,,0.0,0.0,,1.0,0.0,,0.0
C=CCN1CC[C@]23c4c5ccc(O)c4O[C@H]2[C@@H](O)C=C[C@H]3[C@H]1C5,311.3810000000001,1.7542999999999997,0.0,0.0,0.0,0.0,0.0,0.0,0.0,,0.0,,0.0,0.0
O=C(OCCN1CCCCC1)C(O)(c1ccccc1)c1ccccc1,339.43500000000006,2.951600000000001,0.0,0.0,0.0,0.0,0.0,0.0,0.0,,0.0,,0.0,0.0
CC(=O)c1ccc2c(c1)N(CCCN1CCN(CCO)CC1)c1ccccc1S2,411.5710000000001,3.491900000000002,0.0,0.0,1.0,,,,,,0.0,,,0.0
CN(C)C,59.111999999999995,0.17779999999999996,0.0,0.0,0.0,0.0,0.0,0.0,0.0,0.0,0.0,0.0,0.0,0.0
CCCC(=O)c1cc(O)c(O)cc1O,196.20199999999997,1.7862000000000005,0.0,0.0,,0.0,0.0,0.0,0.0,,0.0,1.0,,0.0
Oc1cccc2cc3cccc(O)c3c(O)c12,226.231,3.109800000000001,0.0,0.0,0.0,0.0,0.0,0.0,0.0,0.0,0.0,,1.0,0.0
CC=C(Cl)Cl,110.971,2.3253000000000004,0.0,0.0,0.0,0.0,0.0,,0.0,0.0,0.0,0.0,0.0,0.0
O=C(O)c1ccc2c(c1)C(=O)OC2=O,192.12599999999995,0.6954,0.0,0.0,0.0,0.0,0.0,0.0,0.0,0.0,0.0,0.0,0.0,0.0
CC(C)Cc1ccc(C(C)C(=O)OCc2ccccn2)cc1,297.39799999999997,4.127000000000003,,,,,,,,0.0,,0.0,,
C1=CC2C3C=CC(C3)C2C1,132.20599999999996,2.3846000000000007,0.0,0.0,0.0,0.0,0.0,0.0,0.0,0.0,0.0,0.0,0.0,0.0
O=C(OC1CCCCC1)c1ccccc1C(=O)OC1CCCCC1,330.4240000000002,4.665600000000004,0.0,0.0,0.0,,0.0,0.0,,,0.0,0.0,1.0,0.0
CC1(C)[C@H]2CC[C@]1(C)[C@H](O)C2,154.253,2.1935000000000002,0.0,0.0,0.0,0.0,0.0,0.0,0.0,0.0,0.0,0.0,0.0,0.0
C=CC(N)=O,71.079,-0.3423,0.0,0.0,0.0,0.0,0.0,0.0,0.0,0.0,0.0,0.0,0.0,0.0
C=CC(OCC)OCC,130.18699999999998,1.5715,,0.0,,,,0.0,0.0,,0.0,0.0,,0.0
O=C(O)c1cc(Oc2ccc(C(F)(F)F)cc2Cl)ccc1[N+](=O)[O-],361.65900000000005,4.757500000000002,0.0,,0.0,1.0,0.0,0.0,0.0,0.0,0.0,0.0,0.0,0.0
C=CC=O,56.064,0.37129999999999996,0.0,0.0,0.0,0.0,0.0,0.0,0.0,1.0,0.0,0.0,0.0,0.0
CC(=O)Nc1ccc(CC(=O)O)cc1,193.202,1.2721,0.0,0.0,0.0,0.0,0.0,0.0,0.0,0.0,0.0,0.0,0.0,0.0
CC(=O)N[C@@H](CS)C(=O)O,163.198,-0.4945,0.0,0.0,0.0,0.0,0.0,0.0,0.0,,0.0,0.0,0.0,0.0
C=CC#N,53.06399999999999,0.6959799999999999,0.0,0.0,0.0,0.0,0.0,0.0,0.0,0.0,0.0,0.0,0.0,0.0
c1ccc(NNc2ccccc2)cc1,184.24200000000002,3.1256000000000013,0.0,0.0,,0.0,1.0,0.0,0.0,0.0,0.0,0.0,0.0,0.0
NS(=O)(=O)c1cc2c(cc1Cl)NCNS2(=O)=O,297.74500000000006,-0.35129999999999967,0.0,0.0,0.0,0.0,0.0,0.0,0.0,0.0,0.0,0.0,0.0,0.0
C[C@]12C[C@H](O)[C@H]3[C@@H](CCC4=CC(=O)CC[C@@]43C)[C@@H]1CC[C@]2(O)C(=O)CO,362.4660000000002,1.7815999999999996,1.0,1.0,0.0,,1.0,0.0,0.0,0.0,0.0,0.0,0.0,0.0
Oc1ccc(OCc2ccccc2)cc1,200.23700000000002,2.9712000000000014,0.0,0.0,,,1.0,1.0,,1.0,1.0,0.0,1.0,1.0
Oc1ccc(O)cc1,110.11199999999998,1.0977999999999999,0.0,0.0,1.0,0.0,0.0,0.0,0.0,1.0,0.0,0.0,0.0,
[Zn+2],65.39,-0.0025,0.0,0.0,0.0,0.0,0.0,0.0,0.0,0.0,0.0,0.0,0.0,0.0
CC[C@@H]1C=C(C)C[C@H](C)C[C@H](OC)[C@H]2O[C@@](O)(C(=O)C(=O)N3CCCC[C@H]3C(=O)O[C@H](/C(C)=C/[C@@H]3CC[C@@H](Cl)[C@H](OC)C3)[C@H](C)[C@@H](O)CC1=O)[C@H](C)C[C@@H]2OC,810.4660000000001,5.7194000000000065,0.0,0.0,0.0,0.0,1.0,1.0,0.0,,0.0,,0.0,0.0
CCOCCOC(=O)C=Cc1ccc(OC)cc1,250.294,2.2881,,,,,,,,,,0.0,,
CC(C)(C)C(O)(CCc1ccc(Cl)cc1)Cn1cncn1,307.825,3.3415000000000017,0.0,0.0,0.0,1.0,0.0,0.0,0.0,0.0,0.0,0.0,1.0,0.0
O=C(O)c1cccnc1Nc1cccc(C(F)(F)F)c1,282.221,3.542200000000001,0.0,,0.0,,0.0,0.0,,,0.0,0.0,1.0,0.0
O=[N+]([O-])/N=C1\NCCN1Cc1ccc(Cl)nc1,255.665,0.6878999999999995,0.0,0.0,0.0,0.0,0.0,0.0,0.0,0.0,0.0,0.0,0.0,0.0
OC(c1ccccc1)(c1ccccc1)C1CCNCC1,267.372,2.9221000000000013,0.0,0.0,0.0,0.0,0.0,0.0,0.0,0.0,0.0,0.0,0.0,0.0
O=C(O)CCC(=O)Nc1ccc(S(=O)(=O)Nc2nccs2)cc1,355.39700000000005,1.7471999999999996,0.0,0.0,0.0,0.0,0.0,0.0,0.0,0.0,0.0,0.0,0.0,0.0
C=CCOC(=O)/C=C\C(=O)OCC=C,196.20199999999994,1.001,0.0,0.0,0.0,,0.0,0.0,0.0,1.0,0.0,,0.0,0.0
Nc1ccc(S(=O)(=O)NC(=O)c2ccccc2)cc1,276.317,1.3875,0.0,0.0,0.0,0.0,0.0,0.0,0.0,0.0,0.0,0.0,0.0,0.0
CC(C)c1cccc(C(C)C)c1,162.27599999999995,3.9334000000000024,0.0,0.0,0.0,0.0,0.0,0.0,0.0,0.0,0.0,0.0,,0.0
O=C(Cl)c1cccc(C(=O)Cl)c1,203.02399999999997,2.4446000000000003,0.0,0.0,0.0,0.0,0.0,0.0,0.0,0.0,0.0,0.0,0.0,0.0
O=C(O)c1ccc(O)cc1,138.12199999999999,1.0903999999999998,0.0,0.0,0.0,0.0,0.0,0.0,0.0,0.0,0.0,0.0,0.0,0.0
Cc1ccc(C(C)C)cc1,134.222,3.1184200000000013,0.0,0.0,0.0,0.0,0.0,0.0,0.0,0.0,0.0,0.0,0.0,0.0
CS(=O)(=O)CCNCc1ccc(-c2ccc3ncnc(Nc4ccc(OCc5cccc(F)c5)c(Cl)c4)c3c2)o1,581.0690000000002,6.139100000000005,,,,,,,,1.0,,1.0,,
O=C(O)c1cc(-c2ccc(F)cc2F)ccc1O,250.19999999999996,3.035600000000001,0.0,,0.0,0.0,0.0,0.0,,,0.0,0.0,,0.0
C[SiH](C)O[Si](C)(C)O[Si](C)(C)O[SiH](C)C,282.637,2.4066,0.0,0.0,0.0,,0.0,0.0,0.0,0.0,0.0,0.0,0.0,0.0
C[C@H]1O[C@@H](O[C@H]2[C@@H](O)C[C@H](O[C@H]3[C@@H](O)C[C@H](O[C@H]4CC[C@]5(C)[C@H]6CC[C@]7(C)[C@@H](C8=CC(=O)OC8)CC[C@]7(O)[C@@H]6CC[C@@H]5C4)O[C@@H]3C)O[C@@H]2C)C[C@H](O)[C@@H]1O,764.9500000000004,3.2473000000000014,,1.0,0.0,,,0.0,,,,0.0,1.0,1.0
COC(C(=O)O)c1ccccc1,166.176,1.4587,0.0,0.0,0.0,0.0,0.0,0.0,0.0,0.0,0.0,0.0,0.0,0.0
O=C(O)C(Br)Br,217.844,1.1869,0.0,0.0,0.0,0.0,0.0,0.0,0.0,1.0,0.0,0.0,0.0,0.0
COc1ccc(C(c2ccc(OC)cc2)C(Cl)(Cl)Cl)cc1,345.653,5.205900000000003,0.0,0.0,0.0,,1.0,,0.0,0.0,0.0,,1.0,
COc1cccc(O)c1O,140.13799999999998,1.1063999999999996,0.0,,1.0,,0.0,1.0,1.0,1.0,1.0,1.0,0.0,0.0
COc1cc2c(cc1N)oc1ccccc12,213.23600000000002,3.176800000000001,0.0,0.0,1.0,,1.0,0.0,0.0,0.0,0.0,1.0,1.0,0.0
CN(Cc1cnc2nc(N)nc(N)c2n1)c1ccc(C(=O)N[C@@H](CCC(=O)O)C(=O)O)cc1,454.44700000000023,0.2684000000000012,0.0,0.0,0.0,0.0,0.0,0.0,,,0.0,0.0,0.0,1.0
Cn1cc[nH]c1=S,114.173,1.08269,0.0,0.0,0.0,0.0,0.0,0.0,0.0,0.0,0.0,1.0,0.0,0.0
CC(=O)Oc1ccccc1C(=O)Nc1ncc([N+](=O)[O-])s1,307.28700000000003,2.2289000000000003,0.0,,1.0,,1.0,0.0,0.0,0.0,1.0,1.0,1.0,1.0
CC(=O)Nc1c(I)cc(I)c(C(=O)O)c1I,556.863,3.157000000000001,0.0,0.0,0.0,0.0,0.0,0.0,0.0,0.0,0.0,0.0,0.0,0.0
CCn1cc(C(=O)O)c(=O)c2cc(F)c(N3CCNCC3)cc21,319.336,1.2683,0.0,0.0,0.0,0.0,0.0,0.0,0.0,0.0,0.0,0.0,0.0,0.0
CC=CC=O,70.09100000000001,0.7614000000000001,0.0,0.0,0.0,0.0,0.0,0.0,0.0,0.0,0.0,0.0,,0.0
CC(C)[C@@H](C)/C=C/[C@@H](C)[C@H]1CC[C@H]2/C(=C/C=C3\C[C@@H](O)CC[C@@H]3C)CCC[C@@]21C,398.67500000000024,7.720900000000009,0.0,0.0,0.0,0.0,0.0,0.0,0.0,,,,1.0,0.0
CN(C)c1ccc(C2(c3ccc(N(C)C)cc3)OC(=O)c3cc(N(C)C)ccc32)cc1,415.53700000000015,4.346900000000004,0.0,1.0,0.0,0.0,0.0,1.0,,,0.0,,1.0,1.0
Cc1ccc(OP(=O)(Oc2ccccc2)Oc2ccccc2)cc1,340.31500000000005,5.6399200000000045,0.0,0.0,1.0,0.0,1.0,0.0,0.0,,0.0,0.0,1.0,0.0
Cc1ccccc1OCC1CO1,164.20399999999998,1.7726199999999999,0.0,0.0,0.0,0.0,0.0,0.0,,0.0,0.0,0.0,,0.0
CC(C)(OO)c1ccccc1,152.19299999999998,2.4113000000000007,0.0,0.0,0.0,0.0,0.0,0.0,0.0,,0.0,1.0,0.0,0.0
CCN(CC)CCN1C(=O)CN=C(c2ccccc2F)c2cc(Cl)ccc21,387.88600000000014,4.004900000000003,0.0,0.0,,0.0,0.0,0.0,0.0,0.0,0.0,0.0,,0.0
CC(CN1c2ccccc2Sc2ccc(S(=O)(=O)N(C)C)cc21)N(C)C,391.5620000000001,3.4897000000000027,0.0,0.0,0.0,,0.0,0.0,0.0,,0.0,,,0.0
O=C([O-])P(=O)([O-])[O-],122.97999999999999,-2.7566,0.0,0.0,0.0,0.0,1.0,1.0,0.0,0.0,0.0,0.0,0.0,0.0
CC1(C)S[C@@H]2[C@H](NC(=O)[C@H](N)c3ccccc3)C(=O)N2[C@H]1C(=O)O,349.4120000000001,0.3181000000000002,0.0,0.0,0.0,0.0,0.0,0.0,0.0,0.0,0.0,0.0,0.0,0.0
C=CS(=O)(=O)[O-],107.10999999999999,-0.32489999999999997,0.0,0.0,0.0,0.0,0.0,0.0,0.0,0.0,0.0,0.0,0.0,0.0
CN(C)CCOCCN(C)C,160.261,0.1262000000000003,0.0,0.0,0.0,0.0,0.0,0.0,0.0,0.0,0.0,0.0,0.0,0.0
C1=CCC2CC=CC2C1,120.19499999999998,2.5287000000000006,0.0,0.0,0.0,0.0,0.0,0.0,0.0,,0.0,0.0,,0.0
O=C(Oc1cccc2cccnc12)c1ccccc1,249.269,3.4540000000000015,0.0,0.0,,,,0.0,,1.0,0.0,1.0,,0.0
CC1(C)CC(O)CC(C)(C)N1[O],172.248,1.3457999999999999,0.0,0.0,0.0,0.0,0.0,0.0,0.0,0.0,0.0,0.0,0.0,0.0
CC(C)(C#N)Nc1nc(Cl)nc(NC2CC2)n1,252.709,1.8133799999999995,0.0,0.0,,0.0,0.0,0.0,0.0,0.0,0.0,0.0,0.0,0.0
CC(C)CN(C[C@@H](O)[C@H](Cc1ccccc1)NC(=O)O[C@@H]1CCOC1)S(=O)(=O)c1ccc(N)cc1,505.63700000000034,2.4028,0.0,0.0,0.0,0.0,,0.0,0.0,,0.0,,0.0,0.0
CCOc1ccc(C(=O)OCCN(CC)CC)cc1,265.3529999999999,2.5839000000000008,0.0,0.0,0.0,0.0,0.0,0.0,0.0,0.0,0.0,0.0,,0.0
COC(=O)[C@H]1[C@H](OC(=O)c2ccccc2)C[C@@H]2CC[C@H]1N2C,303.35800000000006,1.8677,0.0,0.0,0.0,0.0,0.0,0.0,0.0,,0.0,,0.0,0.0
CCCOC(=O)NCCCN(C)C,188.27099999999996,1.0742999999999998,0.0,0.0,0.0,0.0,0.0,0.0,0.0,0.0,0.0,0.0,0.0,0.0
C[C@]12C[C@H](O)[C@H]3[C@@H](C[C@H](F)C4=CC(=O)C=C[C@@]43C)[C@@H]1CC[C@]2(O)C(=O)CO,378.44000000000017,1.5056,1.0,1.0,0.0,,,0.0,0.0,0.0,0.0,0.0,0.0,0.0
Nc1ccc(C(=O)[O-])c(O)c1,152.12900000000002,-0.6621000000000001,0.0,0.0,0.0,0.0,0.0,0.0,0.0,0.0,0.0,0.0,0.0,0.0
C1CCC(SSC2CCCCC2)CC1,230.44199999999992,5.033200000000004,0.0,0.0,0.0,0.0,0.0,0.0,0.0,0.0,0.0,0.0,0.0,0.0
CCCCCCCCCC(C)C=O,184.323,3.962100000000003,0.0,0.0,0.0,,0.0,0.0,1.0,,0.0,,0.0,0.0
CC(=O)c1nccs1,127.16799999999998,1.3457,0.0,0.0,1.0,0.0,1.0,0.0,0.0,0.0,0.0,0.0,0.0,0.0
C=CCCCCCCCCC(=O)OCCCC,240.38699999999994,4.636500000000004,0.0,0.0,0.0,0.0,0.0,0.0,0.0,0.0,0.0,0.0,0.0,0.0
O=C1CCCCCCCCCCCCCCCO1,254.4139999999999,5.004600000000004,0.0,0.0,0.0,,0.0,0.0,0.0,0.0,0.0,,0.0,0.0
CCCCCCOC(=O)CCCCCCCC(=O)OCCCCCC,356.54700000000014,5.964100000000007,0.0,0.0,,0.0,0.0,0.0,0.0,0.0,0.0,0.0,0.0,0.0
CCCCCCCCCCCCCCCC[N+](C)(C)CC,298.579,6.564000000000007,0.0,,0.0,1.0,,0.0,,1.0,,,1.0,
C[C@]12C(=O)OC(=O)[C@@]1(C)C1CCC2O1,196.20199999999997,0.6436,0.0,,,,,0.0,1.0,,1.0,0.0,1.0,1.0
CCNC(=O)C(C)OC(=O)Nc1ccccc1,236.27100000000002,1.7596999999999998,0.0,0.0,0.0,0.0,0.0,0.0,0.0,0.0,0.0,0.0,0.0,0.0
C[C@@H]1OC(=O)C[C@H](O)C[C@H](O)CC[C@@H](O)[C@H](O)C[C@H](O)C[C@]2(O)C[C@H](O)[C@@H](C(=O)O)[C@H](C[C@@H](O[C@@H]3O[C@H](C)[C@@H](O)[C@H](N)[C@@H]3O)C=CC=CC=CC=CC=CC=CC=C[C@H](C)[C@@H](O)[C@H]1C)O2,924.0910000000005,0.7117000000000084,0.0,,0.0,0.0,,0.0,,1.0,0.0,,0.0,0.0
NC(=O)C(=O)NN=Cc1ccc([N+](=O)[O-])o1,226.148,-0.8767999999999989,,,,,,,,1.0,,,,
CC(=O)N/N=C/c1ccc([N+](=O)[O-])o1,197.14999999999998,0.6577999999999999,,,,,,,,1.0,,,,
Cc1ncc(C[n+]2csc(CCOP(=O)(O)O)c2C)c(N)n1,345.34100000000007,0.7247399999999999,0.0,0.0,0.0,0.0,0.0,0.0,0.0,,0.0,,0.0,0.0
Cc1c(C)c2c(c(C)c1OC(=O)c1cccnc1)CC[C@@](C)(CCC[C@H](C)CCC[C@H](C)CCCC(C)C)O2,535.8130000000006,9.748859999999997,0.0,0.0,0.0,0.0,0.0,0.0,,0.0,0.0,0.0,,0.0
Cc1ccc(S(=O)(=O)NC(=O)NC2CCCC2)cc1,282.365,1.92552,0.0,0.0,0.0,0.0,0.0,0.0,0.0,0.0,0.0,0.0,0.0,0.0
Cc1ccc(S(=O)(=O)NC(=O)NC2CCCCCCC2)cc1,324.44600000000014,3.0958200000000016,0.0,0.0,0.0,0.0,0.0,0.0,0.0,0.0,0.0,0.0,0.0,0.0
NC(=S)N/N=C/c1cccnc1,180.23600000000002,0.24869999999999998,0.0,0.0,0.0,0.0,0.0,0.0,0.0,0.0,0.0,0.0,0.0,0.0
CC(=O)Nc1ncc([N+](=O)[O-])s1,187.18,1.0096999999999998,0.0,0.0,0.0,0.0,0.0,0.0,0.0,0.0,0.0,0.0,,0.0
Cc1cc(NS(=O)(=O)c2ccc(N)cc2)nc(C)n1,278.33700000000005,1.47644,0.0,0.0,0.0,0.0,0.0,0.0,0.0,0.0,0.0,0.0,0.0,0.0
OC1CCCC1,86.134,0.9213,0.0,0.0,0.0,0.0,0.0,0.0,0.0,0.0,0.0,0.0,0.0,0.0
CC(=O)OCC(=O)[C@@]1(O)CC[C@H]2[C@@H]3CCC4=CC(=O)CC[C@]4(C)[C@H]3C(=O)C[C@@]21C,402.48700000000025,2.560600000000001,0.0,1.0,0.0,0.0,0.0,0.0,0.0,0.0,0.0,0.0,0.0,0.0
CN1CCN(C2=Nc3ccccc3Sc3ccc(Cl)cc32)CC1,343.8830000000001,4.1303000000000045,0.0,0.0,,0.0,0.0,0.0,,0.0,0.0,0.0,,0.0
CC(C)(N)Cc1ccccc1Cl,183.682,2.6198000000000006,,,,,,,,0.0,,0.0,,
C[C@]12CC(=O)[C@H]3[C@@H](CCC4=CC(=O)CC[C@@]43C)[C@@H]1CC[C@]2(O)C(=O)CO,360.45000000000016,1.9898000000000002,1.0,1.0,0.0,0.0,0.0,0.0,0.0,0.0,0.0,0.0,0.0,0.0
CN1CCN(C2=Nc3cc(Cl)ccc3Nc3ccccc32)CC1,326.83100000000013,3.7227000000000023,0.0,0.0,0.0,0.0,,0.0,,,0.0,0.0,,0.0
O=C1CN2CCOC2(c2ccccc2Cl)c2cc(Cl)ccc2N1,349.21700000000004,3.4788000000000023,,,,,,,,0.0,,0.0,,
O=C(O)c1cc(O)c2c(c1)C(=O)c1cccc(O)c1C2=O,284.22300000000007,1.5714000000000004,0.0,,,0.0,1.0,0.0,0.0,1.0,0.0,0.0,1.0,
O=c1nc([O-])n(Cl)c(=O)n1Cl,196.957,-1.5176,0.0,0.0,0.0,0.0,0.0,0.0,0.0,0.0,0.0,0.0,0.0,0.0
CCCCN(CCCC)c1ccc(C(=O)c2ccccc2C(=O)O)c(O)c1,369.46100000000007,4.728000000000005,0.0,0.0,0.0,0.0,,0.0,,1.0,0.0,,1.0,
CC(C(=O)O)c1ccc2c(c1)[nH]c1ccc(Cl)cc12,273.719,4.162600000000002,0.0,0.0,0.0,0.0,0.0,0.0,0.0,,0.0,0.0,0.0,0.0
COC(=O)c1ccc(C=O)cc1,164.16,1.2856999999999998,0.0,0.0,0.0,0.0,0.0,0.0,0.0,0.0,0.0,0.0,0.0,0.0
Cc1ccco1,82.102,1.58802,0.0,0.0,0.0,0.0,0.0,0.0,0.0,1.0,0.0,0.0,0.0,0.0
CC(C#N)CCC#N,108.144,1.44986,0.0,0.0,0.0,0.0,0.0,0.0,0.0,0.0,0.0,0.0,0.0,0.0
CC(=O)N[C@@H](CC(C)C)C(=O)O,173.21199999999996,0.6218000000000001,0.0,0.0,0.0,0.0,,0.0,0.0,0.0,0.0,0.0,0.0,0.0
C[C@H]1O[C@@H](O[C@H]2[C@@H](O)C[C@H](O[C@H]3[C@@H](O)C[C@H](O[C@H]4CC[C@]5(C)[C@H]6C[C@@H](O)[C@]7(C)[C@@H](C8=CC(=O)OC8)CC[C@]7(O)[C@@H]6CC[C@@H]5C4)O[C@@H]3C)O[C@@H]2C)C[C@H](O)[C@@H]1O,780.9490000000003,2.218100000000003,,1.0,0.0,1.0,1.0,1.0,,,,0.0,1.0,1.0
NNc1nnc(NN)c2ccccc12,190.21000000000004,0.20100000000000012,,,,,,,,0.0,,0.0,,
Cc1c[nH]cn1,82.10600000000001,0.7181199999999999,0.0,0.0,0.0,0.0,0.0,0.0,0.0,0.0,0.0,0.0,0.0,0.0
CCCCCC(O)/C=C/C=O,156.22499999999997,1.6827,0.0,0.0,0.0,0.0,0.0,0.0,0.0,,0.0,,0.0,0.0
Cn1c(=O)c2c(ncn2C)n(C)c1=O.O=C(O)CC(O)(CC(=O)O)C(=O)O,386.3170000000001,-2.2777999999999974,0.0,0.0,0.0,0.0,0.0,0.0,0.0,0.0,0.0,0.0,0.0,0.0
CCN1CCN(C(=O)N[C@@H](C(=O)N[C@@H]2C(=O)N3C(C(=O)[O-])=C(CSc4nnnn4C)CS[C@H]23)c2ccc(O)cc2)C(=O)C1=O,644.6720000000004,-2.4466999999999928,,,,,,,,0.0,,0.0,,
CC(CCc1ccccc1)NCC(O)c1ccc(O)c(C(N)=O)c1,328.4120000000001,2.1353999999999997,0.0,0.0,0.0,0.0,0.0,0.0,0.0,,0.0,,0.0,0.0
Cn1c([N+](=O)[O-])cnc1COC(N)=O,200.15399999999997,-0.07640000000000013,0.0,0.0,0.0,0.0,0.0,0.0,0.0,0.0,0.0,0.0,0.0,0.0
OC(c1ccc(F)cc1)(c1cncnc1)c1ccccc1Cl,314.74700000000007,3.553300000000002,0.0,0.0,,1.0,,1.0,0.0,0.0,0.0,0.0,0.0,0.0
c1cc(OCC2CO2)ccc1Cc1ccc(OCC2CO2)cc1,312.365,2.832600000000001,0.0,0.0,0.0,,0.0,0.0,,1.0,0.0,,0.0,1.0
Oc1ccccc1[Hg]Cl,329.148,1.2538,0.0,1.0,,,,1.0,,,,,,
C[C@@H]1O[C@@H]1P(=O)([O-])[O-],136.04299999999998,-1.3551000000000002,0.0,0.0,0.0,0.0,1.0,0.0,0.0,,0.0,,0.0,0.0
COc1c(N2CCNC(C)C2)c(F)cc2c(=O)c(C(=O)O)cn(C3CC3)c12,375.40000000000015,1.9804,0.0,0.0,0.0,0.0,1.0,0.0,0.0,0.0,0.0,0.0,0.0,0.0
COC(=O)c1cncn1C(C)c1ccccc1,230.26700000000002,2.279,0.0,0.0,0.0,0.0,0.0,0.0,0.0,0.0,0.0,0.0,0.0,0.0
COc1cc(NCCCC(C)N)c2ncccc2c1,259.353,2.782700000000001,0.0,0.0,1.0,,,0.0,0.0,,,,,1.0
N[C@H]1[C@@H]2CN(c3nc4c(cc3F)c(=O)c(C(=O)O)cn4-c3ccc(F)cc3F)C[C@H]12,416.3590000000001,1.8944999999999996,0.0,1.0,0.0,1.0,,,1.0,1.0,0.0,0.0,,1.0
c1ccc(-c2nc[nH]c2-c2ccccc2)cc1,220.27500000000003,3.7437000000000014,0.0,0.0,0.0,0.0,0.0,0.0,0.0,,0.0,0.0,,1.0
NC(=O)N1c2ccccc2CC(=O)c2ccccc21,252.27299999999997,2.6422000000000008,0.0,0.0,,0.0,0.0,0.0,0.0,0.0,0.0,0.0,0.0,0.0
CCN(CC)CC(=O)Nc1c(C)cc(C)cc1C,248.36999999999998,2.8921600000000014,0.0,0.0,0.0,,0.0,0.0,0.0,0.0,0.0,0.0,0.0,0.0
CC(=O)NCCCCCC(=O)O,173.212,0.7674999999999998,0.0,0.0,,0.0,0.0,0.0,0.0,0.0,0.0,0.0,0.0,0.0
O=C(O)c1cc(=O)c2ccccc2o1,190.154,1.4911999999999999,0.0,0.0,0.0,0.0,0.0,0.0,0.0,,0.0,0.0,0.0,0.0
CN1CCN(c2c(F)cc3c(=O)c(C(=O)O)cn4c3c2SCC4)CC1,363.4140000000002,1.6963,0.0,0.0,0.0,0.0,0.0,0.0,0.0,0.0,0.0,0.0,0.0,0.0
CNC(=O)OCc1cccc(COC(=O)NC)n1,253.25799999999998,0.7935999999999999,0.0,0.0,0.0,0.0,0.0,0.0,0.0,,0.0,,0.0,0.0
O=C(O)CCCCCCCCCCCBr,279.21799999999996,4.366900000000005,0.0,,0.0,,0.0,0.0,,,0.0,0.0,,0.0
C=C1C(=O)O[C@H]2[C@H]1CCC(C)=CCC[C@@]1(C)O[C@@H]21,248.32199999999995,2.7620000000000013,0.0,1.0,,,,,,,,,0.0,1.0
C=C1/C(=C\C=C2/CCC[C@@]3(C)[C@H]2CC[C@@H]3[C@H](C)/C=C/[C@H](C)C(C)C)C[C@@H](O)C[C@@H]1O,412.6580000000002,6.6118000000000094,0.0,0.0,0.0,,0.0,0.0,,,0.0,,0.0,
CCCN(CC)CC1COC2(CCC(C(C)(C)C)CC2)O1,297.48300000000006,4.066300000000004,0.0,0.0,0.0,0.0,0.0,0.0,0.0,0.0,0.0,0.0,,0.0
CCCN(CCC)c1c([N+](=O)[O-])cc(C(F)(F)F)c(N)c1[N+](=O)[O-],350.2970000000001,3.730400000000002,0.0,,,,,,,,0.0,,1.0,
COc1cccc2c1[C@@H]1CN(CCCCn3c(=O)[nH]c4c(sc5ncc(-c6ccccc6)nc54)c3=O)C[C@@H]1CO2,555.6600000000001,4.258300000000003,0.0,,0.0,,,0.0,,,,,1.0,
C[C@@H]1C[C@H]2C3C[C@H](F)C4=CC(=O)C=CC4(C)[C@@]3(F)[C@@H](O)CC2(C)[C@@]1(O)C(=O)COC(=O)C(C)(C)C,494.5750000000004,3.4407000000000023,1.0,1.0,,,0.0,0.0,0.0,,0.0,,1.0,0.0
COc1ccc(C(=O)Nc2ccccc2CCC2CCCCN2C)cc1,352.4780000000001,4.364400000000003,0.0,0.0,0.0,0.0,,0.0,0.0,,0.0,,0.0,0.0
CC(C)C(=O)c1c(C(C)C)nn2ccccc12,230.311,3.296400000000002,0.0,0.0,0.0,0.0,0.0,0.0,0.0,0.0,0.0,0.0,0.0,0.0
C[C@]12C[C@H](O)[C@H]3[C@@H](CCC4=CC(=O)CC[C@@]43C)[C@@H]1CC[C@]2(O)C(=O)COC(=O)CCC(=O)[O-],461.5310000000004,0.8626000000000005,,,,,,,,0.0,,0.0,,
CCNC(=O)[C@@H]1CCCN1C(=O)[C@H](CCCNC(=N)N)NC(=O)[C@H](CC(C)C)NC(=O)[C@@H](CC(C)C)NC(=O)[C@H](Cc1ccc(O)cc1)NC(=O)[C@H](CO)NC(=O)[C@H](Cc1c[nH]c2ccccc12)NC(=O)[C@H](Cc1cnc[nH]1)NC(=O)[C@@H]1CCC(=O)N1,1209.4210000000003,-1.2284300000000077,0.0,0.0,0.0,0.0,0.0,0.0,0.0,,0.0,,0.0,0.0
CCCCCCCCCCCCCCCCSCC(COC)COP(=O)([O-])OCC[N+](C)(C)C,525.7770000000003,6.671300000000008,0.0,0.0,0.0,0.0,0.0,0.0,0.0,,0.0,,,0.0
C[C@@H]1[C@@H]2Cc3ccc(O)cc3[C@@]1(C)CCN2CC1CC1,271.404,3.3264000000000022,0.0,,0.0,0.0,0.0,0.0,0.0,,0.0,,0.0,0.0
CCN(CC)CCn1c(=O)c(Cc2ccc(OC)cc2)nc2ccccc21,365.47700000000003,3.3377000000000026,0.0,0.0,0.0,0.0,0.0,0.0,0.0,,0.0,,0.0,0.0
C=C(C)C(=O)OCCCC,142.19799999999998,1.9058,,0.0,,,0.0,0.0,0.0,0.0,0.0,0.0,0.0,0.0
CC(C)(C)OCC1CO1,130.18699999999998,1.2003000000000001,,0.0,0.0,0.0,0.0,0.0,0.0,0.0,0.0,0.0,0.0,0.0
CCCCOCC1CO1,130.18699999999998,1.2019,0.0,0.0,0.0,0.0,0.0,0.0,0.0,0.0,0.0,0.0,0.0,0.0
CC(C)(C)OC=O,102.13299999999998,0.9579,0.0,0.0,0.0,0.0,0.0,0.0,0.0,0.0,0.0,0.0,,0.0
CCCCn1cc[n+](C)c1C.O=S(=O)([O-])C(F)(F)F,302.3179999999999,1.47252,0.0,0.0,0.0,0.0,0.0,0.0,0.0,,0.0,0.0,0.0,0.0
CC(C)(C)OOC(=O)c1ccccc1,194.23000000000002,2.573500000000001,0.0,0.0,0.0,0.0,0.0,0.0,0.0,0.0,0.0,0.0,0.0,0.0
O=C1[N-]C(=O)c2ccccc21,146.12499999999997,1.3543,0.0,0.0,0.0,0.0,0.0,0.0,0.0,0.0,0.0,0.0,0.0,0.0
C=C[Si](OCCOC)(OCCOC)OCCOC,280.3929999999999,0.6395000000000004,0.0,0.0,0.0,0.0,0.0,0.0,0.0,0.0,0.0,0.0,0.0,0.0
CCCCCCCCCCCl,176.731,4.365900000000004,0.0,0.0,0.0,0.0,0.0,0.0,0.0,0.0,0.0,0.0,0.0,0.0
CC(C)[N+](C)(CCOC(=O)C1c2ccccc2Oc2ccccc21)C(C)C,368.4970000000001,4.730800000000005,0.0,0.0,0.0,0.0,0.0,0.0,1.0,0.0,0.0,0.0,0.0,0.0
CCCN(CCC)C(=O)C(CCC(=O)O)NC(=O)c1ccccc1,334.41600000000005,2.2984,0.0,0.0,0.0,0.0,0.0,0.0,0.0,0.0,0.0,0.0,0.0,0.0
CCC1(c2ccccc2)C(=O)NCNC1=O,218.25599999999994,0.5378999999999999,0.0,0.0,0.0,0.0,0.0,0.0,0.0,0.0,0.0,0.0,0.0,0.0
CCC(C)(C)OC,102.17699999999998,1.8214000000000001,0.0,0.0,0.0,0.0,1.0,,0.0,0.0,0.0,0.0,0.0,0.0
C[C@]12CC[C@H]3[C@@H](CCC4=CC(=O)CC[C@@]43C)[C@@H]1CCC2=O,286.415,4.087400000000003,1.0,1.0,0.0,,1.0,1.0,0.0,0.0,0.0,0.0,0.0,0.0
CCCCCON=O,117.148,1.8745999999999998,0.0,0.0,0.0,0.0,0.0,0.0,0.0,0.0,0.0,0.0,0.0,0.0
CN(N=O)C(N)=O,103.081,-0.3216999999999998,0.0,0.0,0.0,0.0,0.0,0.0,0.0,0.0,0.0,1.0,0.0,0.0
COc1cccc(N)c1,123.15499999999999,1.2773999999999999,0.0,0.0,,0.0,0.0,0.0,,1.0,0.0,0.0,,0.0
CC(C)=CCCC(C)CCOC=O,184.279,2.9320000000000013,0.0,0.0,0.0,,0.0,0.0,0.0,,0.0,,0.0,0.0
CN(C)CCC=C1c2ccccc2CCc2ccccc21,277.411,4.168600000000003,0.0,0.0,0.0,0.0,0.0,0.0,,0.0,0.0,0.0,,0.0
CO[C@H]1C=CO[C@@]2(C)Oc3c(C)c(O)c4c(O)c(c(/C=N/N5CCN(C6CCCC6)CC5)c(O)c4c3C2=O)NC(=O)C(C)=CC=C[C@H](C)[C@H](O)[C@@H](C)[C@@H](O)[C@@H](C)[C@H](OC(C)=O)[C@@H]1C,877.0450000000004,5.6482200000000065,0.0,0.0,0.0,,,0.0,,,0.0,,1.0,
CC[C@H]1OC(=O)[C@H](C)[C@@H](O[C@H]2C[C@@](C)(OC)[C@@H](O)[C@H](C)O2)[C@H](C)[C@@H](O[C@@H]2O[C@H](C)C[C@H](N(C)C)[C@H]2O)[C@](C)(O)C[C@@H](C)C(=NOCOCCOC)[C@H](C)[C@@H](O)[C@]1(C)O,837.058,2.2096000000000076,0.0,0.0,0.0,0.0,0.0,0.0,0.0,0.0,0.0,0.0,0.0,0.0
CCC(=O)c1ccccc1,134.17799999999997,2.2793,0.0,0.0,0.0,0.0,0.0,0.0,0.0,0.0,0.0,0.0,0.0,0.0
CC(C)(C)c1ccc(OC(=O)c2ccccc2O)cc1,270.328,3.9089000000000027,0.0,0.0,,,1.0,0.0,0.0,0.0,1.0,0.0,1.0,0.0
CCOC(=O)C(=O)OCC,146.14199999999997,0.11260000000000003,0.0,0.0,0.0,0.0,0.0,0.0,0.0,0.0,0.0,0.0,0.0,0.0
O=S(=O)(O)c1ccc(Cl)cc1,192.623,1.5867000000000002,0.0,0.0,0.0,0.0,0.0,0.0,0.0,0.0,0.0,0.0,0.0,0.0
O=C(Nc1ccccc1)c1cc(Cl)ccc1O,247.68099999999998,3.2979000000000016,0.0,0.0,1.0,,,,0.0,1.0,0.0,,,
CCO[Si](CCCS)(OCC)OCC,238.42499999999995,2.3547000000000002,0.0,0.0,0.0,0.0,0.0,0.0,0.0,0.0,0.0,0.0,0.0,0.0
CNC(=O)Oc1cccc2c1OC(C)(C)O2,223.22799999999995,1.9121,0.0,0.0,0.0,0.0,0.0,0.0,0.0,1.0,0.0,0.0,0.0,0.0
CC(C)OP(=S)(OC(C)C)SCCNS(=O)(=O)c1ccccc1,397.52400000000006,3.7726000000000024,0.0,0.0,1.0,,,0.0,,1.0,0.0,0.0,,0.0
O=C1O[C@H]([C@@H](O)CO)C([O-])=C1O,175.11599999999999,-2.6050999999999997,0.0,0.0,0.0,0.0,0.0,0.0,0.0,0.0,0.0,0.0,0.0,0.0
O=C1O[C@H]([C@@H](O)CO)C(O)=C1O,176.124,-1.4073999999999995,0.0,0.0,0.0,0.0,1.0,0.0,0.0,0.0,0.0,0.0,0.0,0.0
COC(=O)[C@H](Cc1ccccc1)NC(=O)[C@@H](N)CC(=O)O,294.307,-0.31109999999999954,0.0,0.0,1.0,0.0,0.0,0.0,0.0,0.0,0.0,0.0,,0.0
C1C2OC2C2C1C1CC2C2OC12,164.20399999999998,0.8069999999999999,0.0,0.0,0.0,0.0,0.0,0.0,0.0,0.0,0.0,0.0,0.0,0.0
ClC1=C(Cl)[C@]2(Cl)[C@@H]3[C@@H]4C[C@H]([C@@H]3[C@@]1(Cl)C2(Cl)Cl)[C@H]1O[C@@H]41,380.913,4.481400000000002,0.0,,0.0,,,,0.0,,0.0,0.0,1.0,0.0
OC(c1ccc(Cl)cc1)(c1ccc(Cl)cc1)C(Cl)(Cl)Cl,370.49,5.599500000000002,0.0,0.0,0.0,,,,,,0.0,,1.0,
O1[As]2O[As]3O[As]1O[As](O2)O3,395.682,-1.9336000000000002,1.0,1.0,0.0,0.0,1.0,0.0,,,0.0,,0.0,
CC(=O)Oc1ccccc1C(=O)O,180.15899999999996,1.3101,0.0,0.0,0.0,0.0,0.0,0.0,0.0,0.0,0.0,0.0,0.0,0.0
CCOP(=S)(OCC)Oc1nc(Cl)c(Cl)cc1Cl,350.591,4.718100000000002,0.0,0.0,1.0,0.0,0.0,0.0,0.0,1.0,0.0,0.0,1.0,0.0
CCN(CC)C(C)=O,115.17599999999999,0.8747,0.0,0.0,0.0,0.0,0.0,0.0,0.0,0.0,0.0,0.0,0.0,0.0
O=S(=O)([O-])O.[Na+],120.06099999999998,-3.9913999999999996,0.0,0.0,0.0,0.0,0.0,0.0,0.0,0.0,0.0,0.0,,0.0
Cc1cc(CC(=O)[O-])n(C)c1C(=O)c1ccc(Cl)cc1,290.726,1.5103199999999999,1.0,0.0,0.0,0.0,0.0,0.0,0.0,1.0,0.0,0.0,0.0,0.0
N#C[N-]C#N,66.043,0.32226,0.0,0.0,0.0,0.0,0.0,0.0,0.0,0.0,0.0,0.0,0.0,0.0
COCCOC(=O)C1=C(C)NC(C)=C(C(=O)OC/C=C/c2ccccc2)C1c1cccc([N+](=O)[O-])c1,492.52800000000013,4.275800000000004,0.0,,1.0,,,0.0,,1.0,,0.0,1.0,0.0
c1cnc2c(c1)ccc1cccnc12,180.20999999999998,2.7830000000000004,0.0,0.0,1.0,,,0.0,0.0,,0.0,1.0,0.0,1.0
ClSC(Cl)(Cl)Cl,185.89000000000001,3.2010999999999994,0.0,0.0,0.0,0.0,0.0,0.0,0.0,,0.0,0.0,0.0,0.0
CCC=CC#N,81.11800000000001,1.47618,0.0,0.0,,0.0,0.0,0.0,0.0,0.0,0.0,0.0,,0.0
CC=CCC#N,81.11800000000001,1.47618,0.0,0.0,0.0,,,0.0,0.0,0.0,0.0,0.0,,0.0
CCCCCC[C@@H](O)C/C=C\CCCCCCCC(=O)O,298.4669999999999,5.079300000000004,0.0,0.0,0.0,0.0,0.0,0.0,0.0,,0.0,,0.0,0.0
CCC(C)(NC(=O)c1cc(Cl)c(C)c(Cl)c1)C(=O)CCl,336.6460000000001,4.008220000000003,0.0,,0.0,,,,,,,1.0,,1.0
CO/N=C(/C(=O)OC)c1ccccc1CON=C(C)c1cccc(C(F)(F)F)c1,408.37600000000003,4.169700000000004,0.0,,,,,,,1.0,0.0,0.0,,1.0
NCCO.O=C(O)c1nc(Cl)ccc1Cl,253.08499999999998,1.024,0.0,0.0,0.0,0.0,0.0,0.0,0.0,0.0,0.0,0.0,0.0,0.0
O=c1oc2ccccc2c(O)c1C(CC(O)c1ccc(-c2ccc(Br)cc2)cc1)c1ccccc1,527.4140000000001,7.183700000000007,0.0,,0.0,0.0,0.0,0.0,1.0,,0.0,,1.0,1.0
N[Pt](N)(Cl)Cl,298.03,0.19530000000000025,0.0,0.0,0.0,0.0,0.0,0.0,0.0,1.0,0.0,0.0,,0.0
O=C(O)c1cc(Cl)cc(Cl)c1,191.013,2.6916,,,0.0,0.0,0.0,0.0,0.0,0.0,0.0,0.0,0.0,0.0
O=C(O)c1ccc(Cl)c(Cl)c1,191.01299999999998,2.6916,0.0,0.0,0.0,0.0,0.0,0.0,0.0,0.0,0.0,0.0,0.0,0.0
O=S(=O)(c1ccc(Cl)cc1)c1ccc(Cl)cc1,287.16700000000003,3.826200000000002,0.0,0.0,0.0,0.0,,0.0,0.0,,0.0,0.0,1.0,0.0
CC1(C)C(=O)N(Cl)C(=O)N1Cl,197.02100000000002,1.3368,0.0,0.0,0.0,0.0,1.0,0.0,0.0,0.0,0.0,0.0,0.0,0.0
C=CCOC(=O)COCCC(C)C,186.25099999999998,1.7783,0.0,0.0,0.0,0.0,0.0,0.0,0.0,,0.0,0.0,0.0,0.0
CC[C@H](C)COC(=O)/C=C/c1ccc(/N=C/c2ccc(OC)cc2)cc1,351.4460000000001,5.048300000000005,0.0,0.0,,,1.0,0.0,0.0,,1.0,0.0,,0.0
O=Cc1cccc(Oc2ccccc2)c1,198.221,3.291400000000001,0.0,0.0,0.0,0.0,,0.0,0.0,0.0,0.0,0.0,0.0,0.0
CC(C=O)=Cc1ccccc1,146.189,2.2888,,,0.0,,0.0,0.0,0.0,0.0,0.0,0.0,0.0,0.0
Cc1ccc2oc(=O)ccc2c1,160.172,2.10142,0.0,0.0,0.0,0.0,0.0,0.0,0.0,,0.0,0.0,0.0,0.0
CCCC[Sn](CCCC)(CCCC)OC(=O)c1ccccc1,411.17400000000015,6.189200000000007,0.0,,,,,,1.0,1.0,,1.0,1.0,
CCOC(=S)SSC(=S)OCC,242.412,3.010600000000001,0.0,0.0,0.0,0.0,0.0,0.0,0.0,0.0,0.0,0.0,0.0,0.0
CCCCCCCCCC[N+](C)(CCCCCCCCCC)CCC[Si](OC)(OC)OC,474.86700000000036,7.9826000000000095,0.0,,0.0,,0.0,,,,,,,
CC/C(=C(\c1ccccc1)c1ccc(OCCN(C)C)cc1)c1ccccc1,371.524,5.9961000000000055,0.0,0.0,0.0,1.0,1.0,1.0,,,0.0,,,
CC(=O)S[C@@H]1CC2=CC(=O)CC[C@]2(C)[C@H]2CC[C@@]3(C)[C@@H](CC[C@@]34CCC(=O)O4)[C@@H]21,416.58300000000025,4.852300000000005,1.0,1.0,0.0,1.0,0.0,0.0,,,0.0,0.0,,1.0
N[C@H]1C(O)O[C@H](CO)[C@H](O)[C@@H]1O,179.17200000000003,-3.2549999999999994,0.0,0.0,0.0,0.0,0.0,0.0,0.0,0.0,0.0,0.0,0.0,0.0
CC[C@H]1CC[C@H](NCc2cc3c(cc2OC)[C@H]2C[C@H]2C(=O)N3C)[C@H](c2ccccc2)N1,419.5690000000001,4.136600000000003,0.0,,0.0,,,0.0,,0.0,,0.0,0.0,1.0
NC(=O)Oc1ccc(Cc2ccccc2)cc1,227.26300000000003,2.7349000000000014,0.0,0.0,0.0,0.0,1.0,,0.0,,0.0,,1.0,0.0
CC(C)(C)C(=O)Oc1ccc(S(=O)(=O)Nc2ccccc2C(=O)NCC(=O)[O-])cc1,433.46200000000016,0.9185999999999998,1.0,1.0,1.0,0.0,0.0,0.0,0.0,0.0,0.0,0.0,0.0,0.0
FC(F)(F)c1cccc(C2=CCN(CCc3ccc4ccccc4c3)CC2)c1,381.4410000000001,6.190400000000005,0.0,0.0,0.0,0.0,0.0,0.0,0.0,1.0,0.0,0.0,,0.0
Oc1cn2c(n1)Nc1ccc(Cl)c(Cl)c1C2,256.092,3.000800000000001,0.0,0.0,1.0,0.0,0.0,0.0,0.0,,0.0,0.0,0.0,0.0
C[C@@H]1C[C@H]2[C@@H]3CCC4=CC(=O)C=C[C@]4(C)[C@@]3(F)[C@@H](O)C[C@]2(C)[C@@]1(O)C(=O)COC(=O)c1cccc(S(=O)(=O)[O-])c1,575.6310000000004,2.664500000000001,1.0,1.0,,,1.0,0.0,0.0,,,,0.0,0.0
COc1ccc(C(=O)/C(Br)=C\C(=O)O)cc1,285.09299999999996,2.2413,0.0,,0.0,,,,1.0,,1.0,,0.0,1.0
CCCCCCCCCCCCCCCC(=O)OC[C@H](COP(=O)([O-])OCC[N+](C)(C)C)OC(=O)CCCCCCCCCCCCCCC,734.0529999999993,10.611799999999995,0.0,0.0,0.0,0.0,0.0,0.0,0.0,,0.0,,0.0,0.0
COC(=O)[C@H]1[C@H]2C[C@@H]3c4[nH]c5cc(OC)ccc5c4CCN3C[C@H]2C[C@@H](OC(=O)COc2ccc(OC)cc2)[C@@H]1OC,578.6620000000005,3.919100000000003,0.0,0.0,,0.0,0.0,0.0,0.0,0.0,0.0,0.0,0.0,0.0
CN(Cc1ccccc1)Cc1ccccc1,211.30799999999996,3.3186000000000018,0.0,0.0,0.0,0.0,0.0,0.0,0.0,,0.0,,0.0,0.0
O=C(NNCNNC(=O)c1ccncc1)c1ccncc1,286.295,-0.39689999999999914,0.0,0.0,1.0,0.0,0.0,0.0,0.0,,0.0,,,0.0
O=C([O-])[C@H](CC(=O)N1C[C@H]2CCCC[C@H]2C1)Cc1ccccc1.O=C([O-])[C@H](CC(=O)N1C[C@H]2CCCC[C@H]2C1)Cc1ccccc1,628.8100000000003,3.267800000000002,0.0,0.0,0.0,0.0,1.0,0.0,0.0,,0.0,,0.0,0.0
CC(C)(COP(=O)([O-])OP(=O)([O-])OC[C@H]1O[C@@H](n2cnc3c(N)ncnc32)[C@H](O)[C@@H]1OP(=O)([O-])O)C(O)C(=O)NCCC(=O)NCCS,764.517,-3.5612999999999926,0.0,0.0,,0.0,1.0,0.0,0.0,,0.0,,0.0,0.0
Clc1cc(Cl)c(Cl)cc1Cl,215.894,4.3002,0.0,0.0,0.0,0.0,1.0,0.0,0.0,0.0,0.0,0.0,0.0,0.0
CCCCCCCOC(=O)CCC,186.29499999999996,3.3001000000000023,0.0,0.0,0.0,0.0,0.0,0.0,0.0,0.0,0.0,0.0,0.0,0.0
CCOP(=S)(OCC)OP(=S)(OCC)OCC,322.3250000000001,3.5980000000000025,0.0,0.0,0.0,0.0,0.0,0.0,0.0,0.0,0.0,0.0,,0.0
CC(C)CCCCCCOC(=O)CCCCC(=O)OCCCCCCC(C)C,398.62800000000027,6.8462000000000085,0.0,0.0,0.0,0.0,0.0,0.0,0.0,0.0,0.0,0.0,0.0,0.0
CCC(O)OCCCOC,148.202,0.7679,0.0,0.0,0.0,0.0,0.0,0.0,0.0,0.0,0.0,0.0,0.0,0.0
CC(C)(C)c1n[nH]c(=S)n(N)c1=O,200.267,0.31219000000000013,0.0,0.0,,0.0,0.0,0.0,0.0,0.0,0.0,0.0,0.0,0.0
O=[N+]([O-])c1cc(C2CCCCC2)c(O)c([N+](=O)[O-])c1,266.25299999999993,3.256300000000002,0.0,,0.0,,,0.0,,,0.0,,1.0,0.0
O=[N+]([O-])c1cccc([N+](=O)[O-])c1,168.10799999999998,1.503,0.0,0.0,0.0,0.0,,0.0,0.0,1.0,0.0,0.0,0.0,0.0
O=[N+]([O-])c1ccccc1[N+](=O)[O-],168.10799999999995,1.503,0.0,0.0,1.0,,0.0,0.0,0.0,1.0,0.0,0.0,1.0,0.0
CCCc1nc2c(C)cc(-c3nc4ccccc4n3C)cc2n1Cc1ccc(-c2ccccc2C(=O)O)cc1,514.6290000000004,7.2644200000000065,0.0,,0.0,0.0,0.0,0.0,1.0,1.0,0.0,0.0,,0.0
Cc1ccc(O)cc1C,122.16699999999999,2.0090399999999997,0.0,0.0,0.0,0.0,0.0,0.0,0.0,0.0,0.0,0.0,0.0,0.0
Cc1cccc(C)c1O,122.16699999999999,2.00904,0.0,0.0,0.0,0.0,0.0,0.0,0.0,0.0,0.0,0.0,0.0,0.0
C=CCC1(C(C)CC)C(=O)NC(=O)NC1=O,224.26,0.9609999999999999,,,,,,,,0.0,,0.0,,
O=C(O)c1c(O)c(-c2ccccc2)nc2ccccc12,265.26800000000003,3.305600000000001,,,,,,,,0.0,,0.0,,
COc1ccc([C@@H]2Sc3ccccc3NC(=O)[C@@H]2O)cc1,301.367,2.8415999999999997,,,,,,,,0.0,,0.0,,
CN1C2CCC(C)(C)C1CC(OC(=O)C(O)(c1cccs1)c1cccs1)C2,405.5850000000001,4.2401000000000035,,,,,,,,0.0,,0.0,,
CCc1cccc2c(CCO)c[nH]c12,189.25799999999998,2.2650999999999994,,,,,,,,0.0,,0.0,,
CCC(=O)C(CCN(C)C)(c1ccccc1)c1ccccc1,295.42600000000004,3.903500000000003,,,,,,,,0.0,,0.0,,
Cc1onc(-c2c(Cl)cccc2Cl)c1C(=O)Cl,290.533,4.335820000000001,,,,,,,,0.0,,0.0,,
CCC(C(=O)OCCN1CCOC(c2ccccc2)C1C)c1ccccc1,367.48900000000003,4.185400000000004,,,,,,,,0.0,,0.0,,
CC(C)(C)c1ccc(C(=O)CCCCl)cc1,238.75799999999995,4.185800000000004,,,,,,,,0.0,,0.0,,
CC(=O)c1ccc(S(=O)(=O)NC(=O)NC2CCCCC2)cc1,324.4020000000001,2.2098000000000004,0.0,0.0,0.0,0.0,0.0,0.0,0.0,0.0,0.0,0.0,0.0,0.0
CC(=O)Nc1ccc(O)cc1,151.165,1.3505999999999998,0.0,0.0,0.0,0.0,0.0,0.0,0.0,0.0,0.0,0.0,0.0,0.0
CC(N)=O,59.068,-0.5084000000000002,0.0,0.0,0.0,0.0,0.0,0.0,0.0,0.0,0.0,0.0,0.0,0.0
CC=O,44.053,0.2052,0.0,,,1.0,,,,,0.0,,1.0,
COC(=O)/C=C\C(=O)OC,144.12599999999998,-0.11140000000000017,0.0,0.0,0.0,0.0,0.0,0.0,,1.0,0.0,0.0,0.0,0.0
O=C(Nc1ccc(Cl)c(Cl)c1)c1cc(Cl)cc(Cl)c1O,351.0160000000001,5.258100000000002,0.0,,1.0,,,,,,0.0,1.0,1.0,1.0
Cc1cc(SCc2sc(-c3ccc(C(F)(F)F)c(F)c3)nc2C)ccc1OCC(=O)O,471.4970000000002,6.340540000000006,0.0,0.0,,,0.0,0.0,1.0,,0.0,,,
CC#N,41.053,0.52988,0.0,0.0,0.0,0.0,0.0,0.0,0.0,0.0,0.0,0.0,0.0,0.0
COc1cc(Br)c(C[N+]2(CCOCCC3CCC4CC3C4(C)C)CCOCC2)cc1OC,511.52100000000047,5.292300000000005,0.0,0.0,0.0,,0.0,0.0,0.0,,0.0,,,0.0
c1ccc(CCCc2ccncc2)cc1,197.28100000000003,3.2569000000000017,0.0,0.0,0.0,1.0,0.0,0.0,0.0,,0.0,1.0,1.0,0.0
CC(=O)Nc1ccc(C)cc1C,163.21999999999997,2.2618400000000003,0.0,0.0,0.0,0.0,0.0,0.0,0.0,0.0,0.0,0.0,0.0,0.0
CC1(C)S[C@@H]2[C@H](NC(=O)[C@@H](c3ccccc3)S(=O)(=O)[O-])C(=O)N2[C@H]1C(=O)[O-],412.4450000000002,-1.430099999999998,0.0,0.0,0.0,0.0,0.0,0.0,0.0,0.0,0.0,0.0,0.0,0.0
Oc1cccc(-c2c3nc(c(-c4cccc(O)c4)c4ccc([nH]4)c(-c4cccc(O)c4)c4ccc(n4)c(-c4cccc(O)c4)c4ccc2[nH]4)CC3)c1,680.7640000000001,9.760799999999996,0.0,,1.0,,,0.0,0.0,,0.0,,,
N[C@@H](CCC(=O)N[C@@H](CSSC[C@H](NC(=O)CC[C@H](N)C(=O)O)C(=O)NCC(=O)O)C(=O)NCC(=O)O)C(=O)O,612.6400000000004,-3.8767999999999985,1.0,1.0,0.0,,1.0,1.0,0.0,,0.0,,0.0,0.0
C[C@]12CCC(=O)C[C@@H]1CC[C@@H]1[C@@H]2CC[C@@]2(C)[C@H]1CC[C@]2(C)O,304.47400000000005,4.349200000000005,1.0,1.0,,,1.0,1.0,0.0,,0.0,,,0.0
CCOC(=O)CC(C(C)=O)C(C)=O,186.20699999999997,0.7338,0.0,0.0,0.0,0.0,0.0,0.0,0.0,0.0,0.0,0.0,0.0,0.0
Cc1c(C)c2c(c(C)c1OC(=O)CCC(=O)OCCO)CC[C@@](C)(CCC[C@H](C)CCC[C@H](C)CCCC(C)C)O2,574.8430000000004,8.355760000000007,0.0,0.0,0.0,0.0,0.0,0.0,,1.0,0.0,0.0,0.0,
CC(CC(c1ccccc1)c1ccccc1)NC(C)(C)C,281.44300000000004,4.985200000000004,0.0,0.0,0.0,0.0,0.0,0.0,,,0.0,,,0.0
Cc1cccc(N)n1,108.14400000000002,0.9722199999999999,0.0,0.0,0.0,0.0,0.0,0.0,0.0,0.0,0.0,0.0,0.0,0.0
C=C(C)C(=O)OCC(C)(C)COC(=O)C(=C)C,240.29899999999992,2.2512,0.0,0.0,0.0,0.0,0.0,0.0,0.0,0.0,0.0,0.0,0.0,0.0
O=C1NCCN1CCN1CCC(c2cn(-c3ccc(F)cc3)c3ccc(Cl)cc23)CC1,440.9500000000002,4.627600000000004,0.0,0.0,0.0,,,0.0,,,0.0,0.0,,
C[C@]12C[C@H](O)[C@H]3[C@@H](CCC4=CC(=O)C=C[C@@]43C)[C@@H]1CC[C@]2(O)C(=O)COC(=O)CCC(=O)O,460.5230000000004,1.9732999999999998,1.0,1.0,,,,0.0,0.0,,,,0.0,0.0
CCN1CCN(C(=O)N[C@@H](C(=O)N[C@@H]2C(=O)N3[C@@H]2SC(C)(C)[C@H]3C(=O)[O-])c2ccccc2)C(=O)C1=O,516.5560000000003,-1.574999999999993,,,,,,,,0.0,,0.0,,
CN(N=O)c1ccc([N+](=O)[O-])cc1,181.15099999999998,1.7124,0.0,0.0,1.0,0.0,0.0,0.0,0.0,,0.0,0.0,0.0,0.0
COc1cc(C(=O)OC(COCCC(C)C)CN2CCOCC2)cc(OC)c1OC,425.5220000000003,2.6327000000000007,0.0,0.0,0.0,0.0,0.0,0.0,0.0,0.0,0.0,0.0,0.0,0.0
CC(=O)Oc1ccc(C2(c3ccc(OC(C)=O)cc3)Oc3ccccc3NC2=O)cc1,417.4170000000001,3.8119000000000023,0.0,0.0,0.0,0.0,,,0.0,0.0,0.0,0.0,,1.0
COc1ccc2c(C(=S)N(C)CC(=O)O)cccc2c1C(F)(F)F,357.353,3.5591000000000026,0.0,0.0,0.0,0.0,0.0,0.0,,0.0,0.0,0.0,0.0,0.0
CN1CCC(N(Cc2cccs2)c2ccccc2)CC1,286.44400000000013,3.848900000000003,0.0,0.0,0.0,0.0,0.0,0.0,0.0,0.0,0.0,,,0.0
O=C1[C@H]2[C@@H]3CC[C@@H](C3)[C@H]2C(=O)N1CCCCN1CCN(c2ncccn2)CC1,383.4960000000001,1.4098999999999995,0.0,0.0,0.0,0.0,0.0,0.0,0.0,0.0,0.0,0.0,0.0,0.0
CC(COc1ccccc1)NN,166.224,0.9172000000000002,0.0,0.0,0.0,0.0,0.0,0.0,0.0,0.0,0.0,0.0,0.0,0.0
CCCN(CCC)C(=O)C(CCC(=O)OCCCN1CCN(CCOC(=O)Cc2c(C)n(C(=O)c3ccc(Cl)cc3)c3ccc(OC)cc23)CC1)NC(=O)c1ccccc1,844.45,6.164220000000006,0.0,,1.0,,1.0,1.0,,,0.0,,,0.0
CCOP(=O)(CC)Oc1ccc([N+](=O)[O-])cc1,259.198,3.2231000000000023,0.0,0.0,0.0,1.0,0.0,0.0,0.0,,0.0,0.0,0.0,
CC(C)(O)c1ccc(C(C)(C)O)cc1,194.274,2.1414,0.0,0.0,0.0,0.0,0.0,0.0,0.0,0.0,0.0,0.0,0.0,0.0
O=C(Nc1ccc(Cl)cc1)Nc1ccc(Cl)c(Cl)c1,315.587,5.290800000000001,0.0,0.0,1.0,,,0.0,,1.0,0.0,0.0,1.0,1.0
C1C[C@H]2[C@@H]3CC[C@H](C3)[C@H]2C1,136.238,2.832600000000001,0.0,0.0,0.0,0.0,0.0,0.0,0.0,0.0,0.0,0.0,0.0,0.0
CC(C)(c1ccccc1)c1ccc(O)c(C(C)(C)c2ccccc2)c1,330.47099999999995,6.044000000000007,0.0,,0.0,,,,,,0.0,,1.0,
C=C[Si](OC)(OC)OC,148.23399999999998,0.5896999999999999,0.0,0.0,0.0,0.0,0.0,0.0,0.0,0.0,0.0,0.0,0.0,0.0
CCCCCCCCCCCCCCCCCC(=O)[O-].OCC[NH+](CCO)CCO,433.6740000000002,1.8460000000000014,0.0,0.0,1.0,0.0,1.0,1.0,0.0,,0.0,0.0,,0.0
CN(C)CCN(C)CCN(C)C,173.304,0.04140000000000099,,0.0,0.0,0.0,0.0,0.0,0.0,0.0,0.0,0.0,,0.0
Oc1ccc(Cl)c(Cl)c1,163.00300000000001,2.6990000000000007,0.0,0.0,,0.0,,1.0,0.0,1.0,0.0,0.0,1.0,0.0
Oc1c(Cl)cccc1Cl,163.003,2.699,,0.0,0.0,,0.0,0.0,0.0,0.0,0.0,0.0,0.0,0.0
Cc1ccccc1C=O,120.15099999999998,1.80752,0.0,0.0,0.0,0.0,0.0,0.0,0.0,,0.0,0.0,0.0,0.0
Oc1cc(Cl)cc(Cl)c1,163.003,2.699,0.0,0.0,0.0,,0.0,0.0,0.0,,0.0,0.0,1.0,
Oc1cccc(Cl)c1Cl,163.003,2.699,0.0,0.0,0.0,0.0,0.0,0.0,0.0,0.0,0.0,0.0,1.0,0.0
Clc1cccc(Cl)c1,147.004,2.993400000000001,0.0,0.0,0.0,0.0,0.0,0.0,0.0,0.0,0.0,0.0,0.0,0.0
Oc1cc(Cl)ccc1Cl,163.003,2.699,0.0,0.0,0.0,0.0,0.0,0.0,0.0,0.0,0.0,0.0,1.0,0.0
CCCCSCCCC,146.29899999999998,3.3198000000000016,0.0,0.0,0.0,0.0,0.0,0.0,0.0,0.0,0.0,0.0,0.0,0.0
CCCN(CCC)c1c([N+](=O)[O-])cc(C(C)C)cc1[N+](=O)[O-],309.36600000000004,4.252800000000004,0.0,0.0,0.0,0.0,0.0,0.0,0.0,0.0,0.0,0.0,1.0,0.0
CCc1ccc2c(c1)N(CC(C)CN(C)C)c1ccccc1S2,326.509,5.049400000000005,0.0,0.0,0.0,,0.0,0.0,,,0.0,,,
c1cc2c(c(NC3=NCCN3)c1)CCCC2,215.29999999999995,1.9365,0.0,0.0,,0.0,0.0,0.0,0.0,,0.0,,0.0,0.0
NS(=O)(=O)c1cc2c(cc1Cl)NC(Cc1ccccc1)NS2(=O)=O,387.87000000000006,1.2600000000000002,0.0,0.0,0.0,0.0,0.0,0.0,0.0,,0.0,,0.0,0.0
CC(C)C1(C)N=C(c2nc3ccccc3cc2C(=O)O)NC1=O,311.341,2.2241,0.0,0.0,0.0,0.0,0.0,0.0,0.0,0.0,0.0,0.0,0.0,0.0
O=c1[nH]c2ccccc2n1CCCN1CCC(n2c(=O)[nH]c3cc(Cl)ccc32)CC1,425.92000000000013,3.353200000000002,0.0,0.0,0.0,0.0,,0.0,0.0,0.0,,0.0,0.0,0.0
Clc1ccccc1-c1nc(-c2ccncc2)no1,257.68,3.4520000000000017,0.0,0.0,1.0,,1.0,0.0,0.0,1.0,1.0,0.0,0.0,0.0
O=C(O)CCc1nc(-c2ccccc2)c(-c2ccccc2)o1,293.32200000000006,4.025800000000003,0.0,0.0,0.0,0.0,,0.0,1.0,,0.0,0.0,0.0,0.0
CC[C@]12CCCN3CCc4c(n(c5ccccc45)C(=O)C1)[C@@H]32,294.3980000000001,3.774600000000003,0.0,0.0,0.0,1.0,0.0,,0.0,,0.0,0.0,0.0,1.0
CCCCOCN(C(=O)CCl)c1c(CC)cccc1CC,311.85300000000007,4.1574000000000035,0.0,,0.0,,,0.0,,1.0,0.0,,,0.0
CC(C)N1C(=O)N(c2ccccc2)CSC1=NC(C)(C)C,305.4470000000001,4.1822000000000035,0.0,,0.0,,,0.0,,0.0,0.0,,,
O=C(O)Cc1c[nH]c2ccccc12,175.187,1.795,0.0,0.0,1.0,0.0,0.0,0.0,0.0,0.0,0.0,0.0,0.0,0.0
O=Cc1ccc(F)cc1,124.11399999999998,1.6382,0.0,0.0,0.0,0.0,0.0,0.0,0.0,0.0,0.0,0.0,0.0,0.0
CC(C)Cc1ccc(C(C)C(=O)O)cc1,206.28499999999997,3.073200000000001,0.0,0.0,0.0,0.0,1.0,0.0,0.0,0.0,0.0,0.0,1.0,0.0
Oc1cccc2cccnc12,145.16099999999997,1.9403999999999995,0.0,0.0,0.0,,0.0,,,1.0,0.0,1.0,0.0,1.0
c1ccc2[nH]ccc2c1,117.15099999999997,2.1678999999999995,0.0,0.0,1.0,0.0,0.0,0.0,0.0,0.0,0.0,0.0,0.0,0.0
CCCSP(=O)(OCC)Oc1ccc(Br)cc1Cl,373.63599999999997,5.7691000000000034,0.0,0.0,1.0,,0.0,0.0,0.0,,0.0,0.0,1.0,0.0
CN1C[C@H](CNC(=O)OCc2ccccc2)C[C@@H]2c3cccc4c3c(cn4C)C[C@H]21,403.5260000000002,4.064700000000003,0.0,0.0,,,,0.0,,,0.0,0.0,,0.0
CCN1CCC[C@H]1CNC(=O)c1cc(S(N)(=O)=O)ccc1OC,341.4330000000001,0.5567000000000012,0.0,0.0,0.0,0.0,0.0,0.0,,0.0,0.0,0.0,0.0,0.0
OCCO,62.068000000000005,-1.0290000000000001,0.0,0.0,0.0,0.0,0.0,0.0,0.0,0.0,0.0,0.0,0.0,0.0
CCc1ccccc1,106.16799999999996,2.2490000000000006,0.0,0.0,0.0,0.0,0.0,0.0,0.0,0.0,0.0,0.0,0.0,0.0
CC(C)(CCl)c1ccccc1,168.66700000000003,3.203000000000001,0.0,0.0,0.0,0.0,0.0,0.0,0.0,0.0,0.0,,0.0,0.0
CCN(N=O)C(N)=O,117.10799999999999,0.06840000000000013,0.0,0.0,0.0,0.0,0.0,0.0,0.0,0.0,0.0,0.0,0.0,0.0
CCOC(=O)C1OC1(C)c1ccccc1,206.24099999999999,1.8637,0.0,0.0,0.0,,0.0,0.0,0.0,,0.0,0.0,0.0,0.0
O=C(O)[C@H](O)[C@@H](O)[C@H](O)[C@H](O)CO,196.155,-3.4931000000000005,0.0,0.0,0.0,0.0,0.0,0.0,0.0,0.0,0.0,0.0,0.0,0.0
O=S1(=O)OCCO1,124.11699999999999,-0.722,0.0,0.0,0.0,0.0,0.0,0.0,0.0,0.0,0.0,0.0,,0.0
CC(C)(C)C(=O)C(Oc1ccc(Cl)cc1)n1cncn1,293.754,3.1243000000000016,0.0,0.0,1.0,1.0,,,0.0,0.0,0.0,0.0,0.0,0.0
CC[C@H](C)[C@H]1O[C@]2(C=C[C@@H]1C)C[C@@H]1C[C@@H](CC=C(C)[C@@H](O[C@H]3C[C@H](OC)[C@@H](O[C@H]4C[C@H](OC)[C@@H](O)[C@H](C)O4)[C@H](C)O3)[C@@H](C)C=CC=C3CO[C@@H]4[C@H](O)C(C)=C[C@@H](C(=O)O1)[C@]34O)O2,873.0900000000003,5.377400000000007,0.0,0.0,0.0,0.0,0.0,0.0,,1.0,0.0,0.0,1.0,0.0
COc1ccc([C@@H]2CC(=O)c3c(O)cc(O[C@@H]4O[C@H](CO[C@@H]5O[C@@H](C)[C@H](O)[C@@H](O)[C@H]5O)[C@@H](O)[C@H](O)[C@H]4O)cc3O2)cc1OC,624.5920000000001,-0.853599999999999,0.0,0.0,0.0,0.0,0.0,0.0,0.0,0.0,0.0,0.0,0.0,0.0
CCCCC/C=C\C/C=C\CCCCCCCC(=O)OC,294.4789999999999,5.972900000000005,1.0,0.0,0.0,0.0,0.0,0.0,0.0,0.0,0.0,1.0,,0.0
CC1OC1C1CCC2(C)OC2C1,168.236,1.7312999999999998,0.0,0.0,0.0,0.0,0.0,0.0,0.0,0.0,0.0,0.0,0.0,0.0
COS(C)(=O)=O,110.13399999999999,-0.40759999999999996,0.0,0.0,0.0,0.0,0.0,0.0,0.0,0.0,0.0,0.0,0.0,0.0
C=C(C)C(=O)OC,100.11699999999998,0.7355,0.0,0.0,0.0,0.0,0.0,0.0,0.0,0.0,0.0,0.0,0.0,0.0
Cc1ccc2c(c1[N+](=O)[O-])C(=O)c1ccccc1C2=O,267.24,2.6786200000000004,0.0,,1.0,,1.0,0.0,,1.0,0.0,0.0,1.0,
CN(N=O)C(=N)N[N+](=O)[O-],147.094,-0.6843299999999999,0.0,0.0,,,0.0,0.0,,0.0,0.0,0.0,0.0,1.0
NCc1ccccc1,107.15599999999996,1.1453,0.0,0.0,0.0,0.0,0.0,0.0,0.0,0.0,0.0,0.0,0.0,0.0
O=[N+]([O-])c1ccc(O)cc1,139.10999999999999,1.3003999999999998,0.0,1.0,0.0,0.0,0.0,0.0,0.0,0.0,0.0,0.0,1.0,0.0
CN(C)c1ccc(C=O)cc1,149.19299999999998,1.5651,0.0,0.0,0.0,0.0,1.0,0.0,0.0,1.0,0.0,0.0,,0.0
CCN(CC)CCO,117.192,0.32050000000000006,0.0,0.0,0.0,0.0,0.0,0.0,0.0,0.0,0.0,0.0,0.0,0.0
Cc1cccc([N+](=O)[O-])c1,137.138,1.90322,0.0,0.0,0.0,0.0,0.0,0.0,0.0,0.0,0.0,0.0,0.0,0.0
Cc1ccc(N(C)C)cc1,135.21,2.06102,0.0,0.0,1.0,,1.0,0.0,0.0,0.0,0.0,0.0,0.0,0.0
O=[N+]([O-])[O-].[NH4+],80.043,0.13709999999999994,0.0,0.0,0.0,0.0,0.0,0.0,0.0,0.0,0.0,0.0,0.0,0.0
CC1=C(C(=O)OCCN(Cc2ccccc2)c2ccccc2)C(c2cccc([N+](=O)[O-])c2)C(P2(=O)OCC(C)(C)CO2)=C(C)N1,631.6659999999999,7.3032000000000075,0.0,0.0,0.0,,0.0,0.0,,,0.0,,,0.0
c1ccsc1,84.14299999999999,1.7480999999999998,,,0.0,,,0.0,0.0,0.0,0.0,0.0,0.0,0.0
C#C[C@]1(O)CC[C@H]2[C@@H]3CCC4=CC(=O)CCC4=C3C=C[C@@]21CC,308.42100000000005,3.722800000000003,1.0,1.0,0.0,0.0,1.0,1.0,0.0,1.0,1.0,0.0,0.0,0.0
Cc1ccc(S(=O)(=O)NC(=O)NN2CC3CCCC3C2)cc1,323.4180000000001,1.6298199999999994,0.0,0.0,,0.0,0.0,0.0,0.0,0.0,0.0,0.0,0.0,0.0
COc1ccc2c(c1)C(=O)N(CCc1ccc(S(=O)(=O)NC(=O)NC3CCCCC3)cc1)C(=O)C2(C)C,527.6430000000003,3.518500000000002,0.0,0.0,0.0,0.0,0.0,0.0,0.0,1.0,0.0,0.0,,0.0
Cc1cc(C(=O)NCCc2ccc(S(=O)(=O)NC(=O)NN3CCCCCC3)cc2)no1,449.53300000000036,1.734419999999999,0.0,0.0,,0.0,0.0,0.0,0.0,,0.0,,0.0,0.0
CC(C)[C@H]1CC[C@@H](C)CC1=O,154.253,2.6477000000000013,0.0,0.0,0.0,0.0,0.0,0.0,0.0,0.0,0.0,0.0,0.0,0.0
O=C(O)CS,92.119,0.0008000000000000229,0.0,0.0,0.0,0.0,0.0,0.0,0.0,0.0,0.0,0.0,0.0,0.0
COC1CCC=CO1,114.14399999999999,1.283,0.0,0.0,0.0,0.0,0.0,,0.0,0.0,0.0,0.0,0.0,
CC(CO)(CO)C(=O)O,134.131,-0.9381000000000002,0.0,0.0,0.0,0.0,0.0,0.0,0.0,0.0,0.0,0.0,0.0,0.0
OCCOCCOCCOCCOCCO,238.27999999999994,-0.9625999999999986,0.0,0.0,0.0,0.0,0.0,0.0,0.0,0.0,0.0,0.0,0.0,0.0
COC(=O)c1cccnc1,137.138,0.8681999999999999,0.0,0.0,0.0,0.0,0.0,0.0,0.0,0.0,0.0,0.0,0.0,0.0
CC1=C2N=C(C=C3N=C(C(C)=C4N([Co+]C[C@H]5O[C@@H](n6cnc7c(N)ncnc76)[C@H](O)[C@@H]5O)C(C(CC(N)=O)C4(C)CCC(=O)NCC(C)OP(=O)([O-])O[C@@H]4[C@@H](CO)O[C@H](n5cnc6cc(C)c(C)cc65)[C@@H]4O)C4(C)N=C1C(CCC(N)=O)C4(C)CC(N)=O)C(CCC(N)=O)C3(C)C)C(CCC(N)=O)C2(C)CC(N)=O,1579.608,1.7007400000000006,0.0,0.0,0.0,0.0,0.0,0.0,,,,,0.0,0.0
CC(C)C[C@@H]1NC(=O)[C@H](CCCN)NC(=O)[C@H](C(C)C)NC(=O)[C@@H]2CCCN2C(=O)[C@@H](Cc2ccccc2)NC(=O)[C@H](CC(C)C)NC(=O)[C@H](CCCN)NC(=O)[C@H](C(C)C)NC(=O)[C@@H]2CCCN2C(=O)[C@@H](Cc2ccccc2)NC1=O,1141.4699999999996,1.227799999999997,0.0,,,,,0.0,1.0,,,,1.0,1.0
CNCc1ccccc1,121.18299999999995,1.406,0.0,0.0,0.0,0.0,0.0,0.0,0.0,0.0,0.0,0.0,0.0,0.0
CN(C)CCC[C@@]1(c2ccc(F)cc2)OCc2cc(C#N)ccc21,324.39900000000006,3.812980000000003,0.0,0.0,0.0,0.0,0.0,0.0,0.0,,0.0,0.0,,0.0
C[C@H]1[C@H]2CC[C@H]3[C@@H]4CC=C5C[C@@H](N(C)C)CC[C@]5(C)[C@H]4CC[C@]23CN1C,356.5980000000001,4.809600000000005,,,,,,,,0.0,,0.0,,
CC(C)CC(=O)OCc1ccccc1,192.258,2.775900000000001,0.0,0.0,0.0,0.0,0.0,0.0,0.0,0.0,0.0,0.0,0.0,0.0
CC(C)(O)Cc1ccccc1,150.221,2.0,0.0,0.0,0.0,0.0,0.0,0.0,0.0,0.0,0.0,0.0,0.0,0.0
CCC(=O)OC/C=C/c1ccccc1,190.24200000000002,2.6530000000000014,0.0,0.0,0.0,0.0,1.0,0.0,0.0,1.0,0.0,0.0,0.0,0.0
NC(=O)Cn1c(=O)cc(CCN2CCN(c3nccc4sccc34)CC2)c2ccc(F)cc21,465.55400000000014,2.6003,0.0,0.0,,0.0,,0.0,0.0,,0.0,0.0,,0.0
CCCC(=O)OCCc1ccccc1,192.258,2.572400000000001,0.0,0.0,0.0,0.0,0.0,0.0,0.0,0.0,0.0,0.0,0.0,0.0
O=C(C=Cc1ccccc1)OCCc1ccccc1,252.313,3.4857000000000022,0.0,0.0,0.0,,1.0,0.0,0.0,0.0,1.0,0.0,,0.0
COc1ccc(S(=O)(=O)N2C(=O)[C@@](c3ccccc3OC)(N3C[C@H](O)C[C@H]3C(=O)N(C)C)c3cc(Cl)ccc32)c(OC)c1,630.1190000000003,2.8683000000000014,0.0,0.0,,,,0.0,,,0.0,0.0,0.0,0.0
O=C(Oc1ccc(Br)cc1)N1CCN2CCC1CC2,325.20600000000013,2.727900000000001,0.0,0.0,0.0,,0.0,0.0,0.0,0.0,0.0,0.0,,0.0
CC(C)C(=O)OCC=Cc1ccccc1,204.269,2.899000000000002,0.0,0.0,0.0,0.0,0.0,0.0,0.0,0.0,0.0,0.0,0.0,0.0
CCCCC1CCC(=O)O1,142.19799999999998,1.8822,0.0,0.0,0.0,0.0,0.0,0.0,0.0,0.0,0.0,0.0,0.0,0.0
NCCS,77.15199999999999,-0.12509999999999988,0.0,0.0,0.0,0.0,0.0,0.0,0.0,0.0,0.0,0.0,0.0,0.0
NS(=O)(=O)c1cc2c(cc1Cl)NC(C1CC3C=CC1C3)NS2(=O)=O,389.8860000000001,1.2295000000000003,0.0,0.0,0.0,0.0,0.0,0.0,0.0,0.0,0.0,0.0,0.0,0.0
N[C@@H]1CONC1=O,102.09299999999999,-1.6249000000000007,0.0,0.0,0.0,,0.0,0.0,0.0,0.0,0.0,0.0,0.0,0.0
CN1CCC(=C2c3ccccc3C=Cc3ccccc32)CC1,287.4060000000001,4.697900000000004,0.0,0.0,0.0,0.0,0.0,0.0,0.0,0.0,0.0,0.0,,0.0
O=C(OC1CN2CCC1CC2)c1ccccc1,231.29500000000002,1.9376000000000004,0.0,0.0,0.0,0.0,0.0,0.0,0.0,,0.0,,0.0,0.0
Cc1ccc2c(c1)C1CN(C)CCC1N2,202.301,2.20822,0.0,0.0,0.0,0.0,0.0,0.0,0.0,0.0,0.0,0.0,0.0,0.0
COc1ccccc1Oc1c(NS(=O)(=O)c2ccc(C(C)(C)C)cc2)nc(-c2ncccn2)nc1OCCO,551.6250000000002,4.203900000000004,0.0,,0.0,0.0,0.0,0.0,,,0.0,0.0,0.0,0.0
O=C1CCCCC1CN1CCCCC1,195.30599999999995,2.2316000000000003,0.0,0.0,0.0,0.0,0.0,0.0,0.0,,0.0,,0.0,0.0
CC1=CC(=O)/C(=C(/C)[O-])C(=O)O1,167.14,-0.34960000000000013,0.0,0.0,0.0,0.0,,0.0,0.0,0.0,0.0,0.0,0.0,0.0
Nc1ccc([As](=O)([O-])O)cc1,216.048,-1.8021999999999996,0.0,0.0,0.0,0.0,0.0,0.0,0.0,0.0,0.0,0.0,0.0,0.0
CCCCCCCc1ccc(O)cc1,192.30200000000002,3.9051000000000027,0.0,0.0,0.0,,1.0,0.0,0.0,0.0,0.0,,1.0,0.0
O[C@H]1CO[C@@H]2[C@H](O)CO[C@H]12,146.142,-1.4942000000000004,0.0,0.0,0.0,0.0,0.0,0.0,0.0,0.0,0.0,0.0,0.0,0.0
Fc1ccc(C2(Cn3cncn3)OC2c2ccccc2Cl)cc1,329.76200000000006,3.7376000000000023,0.0,0.0,,1.0,0.0,0.0,,0.0,0.0,0.0,,0.0
O[C@H](CBr)[C@@H](O)[C@H](O)[C@H](O)CBr,307.966,-0.7802000000000002,0.0,0.0,0.0,0.0,0.0,0.0,0.0,0.0,0.0,0.0,0.0,0.0
Cc1cccc([N+](=O)[O-])c1C(=O)O,181.147,1.60142,,0.0,0.0,0.0,0.0,0.0,0.0,0.0,0.0,0.0,0.0,0.0
CC(=O)Nc1c(I)c(NC(C)=O)c(I)c(C(=O)[O-])c1I,612.9070000000002,1.7806999999999997,0.0,0.0,0.0,0.0,1.0,0.0,0.0,0.0,0.0,0.0,0.0,0.0
Cc1ccc(N)cc1[N+](=O)[O-],152.15300000000002,1.48542,0.0,0.0,,0.0,0.0,0.0,0.0,0.0,0.0,0.0,0.0,0.0
OC[C@H]1OC(O)[C@H](O)[C@@H](O)[C@@H]1O,180.156,-3.2214000000000005,0.0,0.0,0.0,0.0,0.0,0.0,0.0,0.0,0.0,0.0,0.0,0.0
Cc1c(C(=O)O)cccc1[N+](=O)[O-],181.14699999999996,1.6014199999999998,0.0,0.0,0.0,0.0,0.0,0.0,0.0,0.0,0.0,1.0,0.0,0.0
CC1=Nc2ccc(Cl)cc2S(=O)(=O)N1,230.676,1.6818,0.0,0.0,0.0,0.0,0.0,0.0,0.0,0.0,0.0,0.0,0.0,0.0
NC[C@@H]1CC[C@@H](N)[C@@H](O[C@@H]2[C@@H](N)C[C@@H](N)[C@H](O[C@H]3O[C@H](CO)[C@@H](O)[C@H](N)[C@H]3O)[C@H]2O)O1,451.52100000000013,-5.266599999999998,1.0,0.0,0.0,0.0,1.0,0.0,0.0,,0.0,,0.0,0.0
CCOCCn1c(N2CCCN(C)CC2)nc2ccccc21,302.422,2.2146999999999997,0.0,0.0,0.0,0.0,0.0,0.0,0.0,0.0,0.0,0.0,0.0,0.0
NS(=O)(=O)c1cc(-c2nnn[nH]2)c(NCc2cccs2)cc1Cl,370.8470000000001,1.8410999999999997,0.0,0.0,0.0,0.0,0.0,0.0,0.0,1.0,0.0,0.0,,0.0
COc1cc2c(cc1OC)CC(=O)N(CCCN(C)C[C@H]1Cc3cc(OC)c(OC)cc31)CC2,468.59400000000034,3.3100000000000023,0.0,0.0,0.0,0.0,0.0,0.0,0.0,,0.0,,0.0,0.0
CCOC(=O)[C@H](CCc1ccccc1)N[C@@H](C)C(=O)N1C(=O)N(C)C[C@H]1C(=O)O,405.45100000000025,0.8762000000000008,0.0,0.0,0.0,0.0,0.0,0.0,0.0,0.0,0.0,0.0,0.0,0.0
CC1(C)C[C@@H]1C(=O)N/C(=C\CCCCSC[C@H](N)C(=O)O)C(=O)[O-],357.45200000000006,0.09790000000000193,0.0,0.0,0.0,0.0,0.0,0.0,0.0,,0.0,,0.0,0.0
CCOC(=O)[C@H](CCc1ccccc1)N[C@H]1CS[C@H](c2cccs2)CN(CC(=O)O)C1=O,476.6200000000003,2.9719000000000007,0.0,0.0,0.0,0.0,0.0,0.0,,0.0,0.0,0.0,0.0,0.0
CCCCC/C=C\CCC(=O)N[C@H]1[C@H](Oc2c3cc4cc2Oc2ccc(cc2Cl)[C@@H](O[C@@H]2O[C@H](CO)[C@@H](O)[C@H](O)[C@H]2NC(C)=O)[C@@H]2NC(=O)[C@H](NC(=O)[C@@H]4NC(=O)[C@H]4NC(=O)[C@@H](Cc5ccc(c(Cl)c5)O3)NC(=O)[C@@H](N)c3ccc(O)c(c3)Oc3cc(O)cc4c3)c3ccc(O)c(c3)-c3c(O[C@H]4O[C@H](CO)[C@@H](O)[C@H](O)[C@@H]4O)cc(O)cc3[C@H](C(=O)O)NC2=O)O[C@H](CO)[C@@H](O)[C@@H]1O,1877.6640000000011,0.9396000000000104,0.0,0.0,0.0,0.0,0.0,0.0,0.0,,0.0,,,0.0
S=C(NC1CCCCC1)NC1CCCCC1,240.41599999999994,3.1159000000000017,0.0,0.0,0.0,,,0.0,0.0,,0.0,1.0,1.0,0.0
CCCN(CCC)c1c([N+](=O)[O-])cc(S(C)(=O)=O)cc1[N+](=O)[O-],345.37700000000007,2.5329000000000006,0.0,0.0,0.0,,,0.0,0.0,,0.0,0.0,0.0,0.0
CCCCCCCCCCCCN1CCCC1=O,253.42999999999992,4.529700000000004,0.0,0.0,1.0,,,,,,0.0,,,
CCCCCCCCN(C)CCCCCCCC,255.48999999999992,5.639200000000006,0.0,0.0,0.0,0.0,0.0,0.0,0.0,0.0,0.0,0.0,0.0,0.0
CNC(=O)C(c1ccccc1)c1ccccc1,225.291,2.5645000000000007,0.0,0.0,,0.0,0.0,0.0,0.0,0.0,0.0,0.0,0.0,0.0
CCOC(=O)N1CCC(=O)CC1,171.19599999999997,0.8078,,,,,,,,0.0,,0.0,,
CC(Oc1cccc(Cl)c1)C(=O)O,200.62099999999998,2.1918999999999995,0.0,0.0,0.0,0.0,0.0,0.0,0.0,0.0,0.0,0.0,0.0,0.0
O=Cc1ccc(F)c(Br)c1,203.01,2.4007000000000005,0.0,0.0,0.0,0.0,0.0,0.0,0.0,0.0,0.0,0.0,0.0,0.0
O=C(O)c1cccc(/C=C2/C[C@H]3[C@H](C[C@@H](O)[C@@H]3/C=C/[C@@H](O)C3CCCCC3)O2)c1,398.49900000000025,4.009000000000003,0.0,,0.0,0.0,0.0,0.0,1.0,,0.0,,,0.0
O=C(O)c1ccccc1S,154.18999999999997,1.6735,0.0,0.0,0.0,0.0,0.0,0.0,0.0,,0.0,0.0,0.0,0.0
C=COCCOCCOC=C,158.197,1.3232,0.0,0.0,0.0,0.0,0.0,0.0,0.0,0.0,0.0,0.0,0.0,0.0
CS(=O)(=O)NC(=O)CCC/C=C\C[C@H]1C(=O)C[C@@H](O)[C@@H]1/C=C/[C@H](O)COc1ccccc1,465.56800000000015,1.7409999999999992,0.0,0.0,0.0,0.0,0.0,0.0,0.0,,0.0,,0.0,0.0
OCC(O)COc1ccc(Cl)cc1,202.63700000000003,1.072,0.0,0.0,0.0,0.0,0.0,0.0,0.0,,0.0,,0.0,0.0
CN(C)CCCNCCC#N,155.245,0.44137999999999994,0.0,0.0,0.0,0.0,0.0,0.0,0.0,0.0,0.0,0.0,0.0,0.0
O=P(O)(O)Oc1ccccc1,174.092,1.1581,0.0,0.0,0.0,0.0,0.0,0.0,0.0,,0.0,0.0,0.0,0.0
CN(C1CCCCC1)S(=O)(=O)c1ccccc1N,268.382,2.222,0.0,0.0,0.0,0.0,,,0.0,0.0,0.0,0.0,,0.0
C=CC(=O)OCCOCCOCC,188.22299999999996,0.7686999999999999,0.0,0.0,0.0,0.0,0.0,0.0,0.0,1.0,0.0,,0.0,0.0
C=C(C)[C@H]1Cc2c(ccc3c2O[C@@H]2COc4cc(OC)c(OC)cc4[C@@H]2C3=O)O1,394.4230000000001,3.7033000000000023,0.0,0.0,0.0,,,0.0,,1.0,0.0,0.0,,1.0
N=C1C=CC(=C(c2ccc(N)cc2)c2ccc(N)cc2)C=C1,287.366,3.7986700000000013,0.0,,0.0,,,,,1.0,,1.0,1.0,1.0
Cc1cc(C(=C2C=CC(=N)C=C2)c2ccc(N)cc2)ccc1N,301.39300000000003,4.107090000000001,0.0,0.0,0.0,,0.0,0.0,0.0,,0.0,0.0,1.0,0.0
CO[C@H]1C=CO[C@@]2(C)Oc3c(C)c(O)c4c(O)c(c(/C=N/N5CCN(C)CC5)c(O)c4c3C2=O)NC(=O)C(C)=CC=C[C@H](C)[C@H](O)[C@@H](C)[C@@H](O)[C@@H](C)[C@H](OC(C)=O)[C@@H]1C,822.9530000000003,4.335420000000004,0.0,0.0,0.0,0.0,0.0,0.0,0.0,0.0,0.0,0.0,1.0,0.0
CC/N=c1/cc2oc3cc(NCC)c(C)cc3c(-c3ccccc3C(=O)OCC)c-2cc1C,442.5590000000002,6.350540000000006,0.0,,,1.0,,0.0,,1.0,0.0,1.0,,1.0
CCCCCCCCCCCCCCCC(=O)OC/C=C(C)/C=C/C=C(C)/C=C/C1=C(C)CCCC1(C)C,524.8740000000004,11.542499999999986,0.0,0.0,0.0,0.0,0.0,0.0,0.0,1.0,0.0,0.0,0.0,0.0
CC(=O)OC/C=C(C)/C=C/C=C(C)/C=C/C1=C(C)CCCC1(C)C,328.4960000000002,6.081100000000006,0.0,0.0,0.0,0.0,0.0,1.0,0.0,1.0,0.0,1.0,0.0,0.0
CO[Si](C)(OC)OC,136.22299999999998,0.49429999999999985,0.0,0.0,0.0,0.0,0.0,0.0,0.0,0.0,0.0,0.0,,0.0
O=C1Nc2ccccc2C1=O,147.13299999999995,0.8213999999999999,0.0,0.0,1.0,0.0,0.0,0.0,0.0,1.0,0.0,0.0,,0.0
CCN(CC)C1CCCCC1,155.28499999999997,2.6609000000000007,0.0,0.0,0.0,0.0,0.0,0.0,0.0,0.0,0.0,0.0,0.0,0.0
c1ccc2ncccc2c1,129.16199999999998,2.2348,0.0,0.0,0.0,0.0,0.0,0.0,0.0,0.0,0.0,0.0,0.0,0.0
CCC(=O)c1c(O)cc(O)cc1O,182.17499999999998,1.3961,0.0,0.0,1.0,0.0,0.0,0.0,0.0,0.0,0.0,0.0,1.0,0.0
O=[N+]([O-])c1ccccc1O,139.10999999999999,1.3003999999999998,0.0,0.0,0.0,0.0,0.0,0.0,0.0,0.0,0.0,0.0,0.0,0.0
Oc1cccc2ccccc12,144.17299999999997,2.5454000000000008,0.0,0.0,1.0,0.0,0.0,0.0,0.0,1.0,0.0,0.0,1.0,0.0
O=NN1CCCCC1,114.14800000000001,1.1537,0.0,0.0,0.0,0.0,0.0,0.0,0.0,0.0,0.0,0.0,0.0,0.0
O=c1c2ccccc2oc2ccccc12,196.20499999999998,2.946200000000001,0.0,0.0,,,1.0,0.0,0.0,0.0,0.0,0.0,0.0,0.0
Cc1ccccc1N=O,121.139,2.392920000000001,0.0,0.0,,0.0,,0.0,0.0,,0.0,0.0,0.0,0.0
O=C(O)CN(CC(=O)O)CC1=CC2C(=CC1=O)Oc1cc(O)c(CN(CC(=O)O)CC(=O)O)cc1C21OC(=O)c2ccccc21,622.5390000000003,0.6502000000000019,0.0,,0.0,0.0,,0.0,,,0.0,,,0.0
CN(C)P(=O)(N(C)C)N(C)C,179.204,0.7792999999999999,0.0,0.0,0.0,0.0,0.0,0.0,0.0,0.0,0.0,0.0,0.0,0.0
CCCCCC(N)=O,115.176,1.052,0.0,0.0,0.0,0.0,0.0,0.0,0.0,0.0,0.0,0.0,0.0,0.0
CCCCCCOc1cc(C)c(O)c(C)c1C,236.35499999999996,4.276560000000004,0.0,0.0,1.0,,0.0,0.0,0.0,,0.0,,1.0,0.0
Oc1c(Cl)cc(Cl)c(Cl)c1Cc1c(O)c(Cl)cc(Cl)c1Cl,406.90700000000004,6.609000000000001,0.0,0.0,0.0,,,0.0,1.0,,0.0,1.0,1.0,1.0
CCCCCCC(O)CCCCCCCCCCC(=O)OC,314.50999999999993,5.3917000000000055,0.0,0.0,,0.0,0.0,0.0,0.0,0.0,0.0,0.0,0.0,0.0
CCCCOCCOCCOC(=O)CCCCC(=O)OCCOCCOCCCC,434.57000000000033,3.299800000000002,0.0,0.0,0.0,0.0,0.0,0.0,0.0,0.0,0.0,0.0,0.0,0.0
CC(C)OC(=S)[S-],135.233,1.2432,0.0,0.0,0.0,,,0.0,,0.0,0.0,1.0,,0.0
CCc1cccc(CC)c1N(COC)C(=O)CCl,269.77199999999993,2.9871000000000016,0.0,0.0,0.0,,0.0,0.0,,1.0,0.0,,,
CNC(=O)ON=C(C)SC,162.214,1.0388,0.0,0.0,0.0,0.0,0.0,0.0,0.0,0.0,0.0,0.0,0.0,0.0
COc1ccc([C@@H]2CC(=O)c3c(O)cc(O[C@@H]4O[C@H](CO[C@@H]5O[C@@H](C)[C@H](O)[C@@H](O)[C@H]5O)[C@@H](O)[C@H](O)[C@H]4O)cc3O2)cc1O,610.5650000000002,-1.1566,0.0,0.0,0.0,0.0,0.0,0.0,0.0,,0.0,,0.0,0.0
Cc1ccc([N+](=O)[O-])cc1,137.138,1.90322,0.0,0.0,0.0,0.0,0.0,0.0,0.0,0.0,0.0,0.0,0.0,0.0
O=S(=O)([O-])CCN1CCN(CCO)CC1,237.30099999999993,-1.8584999999999972,0.0,0.0,0.0,0.0,0.0,0.0,0.0,0.0,0.0,0.0,0.0,0.0
Cc1c(C2(c3cc(Br)c(O)c(Br)c3C)OS(=O)(=O)c3ccccc32)cc(Br)c(O)c1Br,698.0210000000002,6.775440000000005,0.0,0.0,0.0,,,0.0,0.0,,,0.0,,0.0
N=C(N)c1ccc(OCCCCCOc2ccc(C(=N)N)cc2)cc1.O=S(=O)(O)CCO.O=S(=O)(O)CCO,592.6930000000001,0.615840000000003,0.0,0.0,0.0,1.0,,0.0,0.0,1.0,,0.0,1.0,0.0
C[C@]12C/C(=C/O)C(=O)C[C@@H]1CC[C@@H]1[C@@H]2CC[C@@]2(C)[C@H]1CC[C@]2(C)O,332.4840000000001,4.401000000000005,1.0,1.0,0.0,,1.0,1.0,,1.0,0.0,1.0,,
O=C(CCCCCCC(=O)Nc1ccccc1)NO,264.32500000000005,2.4711,0.0,,0.0,,,0.0,0.0,,1.0,0.0,0.0,1.0
CCCOC(OCCC)OCCC,190.28299999999996,2.5498000000000003,0.0,0.0,0.0,0.0,0.0,0.0,0.0,0.0,0.0,0.0,0.0,0.0
COC(=O)CCCCC(=O)O,160.169,0.8043999999999998,0.0,0.0,0.0,0.0,0.0,0.0,0.0,0.0,0.0,0.0,,0.0
Nc1cc[nH]c(=O)n1,111.104,-0.6479000000000001,0.0,0.0,0.0,0.0,0.0,0.0,0.0,0.0,0.0,0.0,0.0,0.0
CC[N+](CC)(CC)CC,130.255,1.8827999999999998,0.0,0.0,0.0,0.0,0.0,0.0,0.0,0.0,0.0,0.0,0.0,0.0
CCOC(=O)CC(=O)CCl,164.588,0.7475,0.0,1.0,0.0,,0.0,0.0,1.0,0.0,1.0,,,
C=C(C)C(=O)OCCCCCCOC(=O)C(=C)C,254.3259999999999,2.785400000000001,0.0,0.0,0.0,1.0,0.0,0.0,0.0,0.0,0.0,0.0,0.0,0.0
CNCCc1ccccn1,136.19799999999995,0.8434999999999999,,,,,,,,,,0.0,,
C[C@H](C(=O)[O-])c1cccc(Oc2ccccc2)c1.C[C@H](C(=O)[O-])c1cccc(Oc2ccccc2)c1,482.5320000000002,4.6646000000000045,0.0,0.0,0.0,0.0,0.0,0.0,1.0,0.0,0.0,0.0,0.0,0.0
CCSc1ccc2c(c1)N(CCCN1CCN(C)CC1)c1ccccc1S2.O=C(O)CC(O)C(=O)O.O=C(O)CC(O)C(=O)O,667.8030000000005,2.852,0.0,0.0,,0.0,0.0,0.0,0.0,,0.0,,,0.0
NC(=O)c1cc[n+](CC2=C(C(=O)[O-])N3C(=O)[C@@H](NC(=O)[C@H](c4ccccc4)S(=O)(=O)[O-])[C@@H]3SC2)cc1,531.5480000000002,-2.236599999999993,0.0,0.0,0.0,0.0,0.0,0.0,0.0,,0.0,,0.0,0.0
CNC[C@H](O)[C@@H](O)[C@@H](O)[C@H](O)CO.Cc1c(Nc2ncccc2C(=O)O)cccc1C(F)(F)F,491.46300000000014,0.4923200000000007,0.0,,,,,0.0,0.0,0.0,0.0,0.0,1.0,0.0
Cc1cc(C2CCCCC2)n(O)c(=O)c1.NCCO,268.35699999999997,1.3791199999999995,,,,,,,,,,1.0,,
CCCCC[C@H](O)/C=C/[C@H]1[C@H](O)C[C@H](O)[C@@H]1C/C=C\CCCC(=O)O.COC(N)(CO)CO,475.62300000000033,1.315300000000001,0.0,,,0.0,,,0.0,,0.0,,0.0,0.0
CC1(C)S[C@@H]2[C@H](NC(=O)[C@@H](NC(=O)N3CCNC3=O)c3ccccc3)C(=O)N2[C@H]1C(=O)[O-],460.4920000000002,-1.2404999999999977,0.0,0.0,0.0,0.0,0.0,0.0,0.0,,0.0,,0.0,0.0
C[C@H](N)[C@H](O)c1cccc(O)c1,167.20799999999997,0.7728000000000002,,,,,,,,0.0,,0.0,,
c1cc(OCC2CO2)cc(OCC2CO2)c1,222.23999999999995,1.2417999999999998,0.0,0.0,0.0,,,0.0,,1.0,0.0,,0.0,1.0
O=C1CCc2ccccc2O1,148.16099999999997,1.5382,0.0,0.0,0.0,0.0,0.0,0.0,0.0,0.0,0.0,0.0,0.0,0.0
CC1(C)OC(=O)NC1=O,129.115,0.03139999999999993,0.0,0.0,0.0,0.0,1.0,0.0,0.0,0.0,0.0,0.0,0.0,0.0
CNC(=O)CSP(=S)(OC)OC,229.26299999999998,0.9828999999999999,0.0,0.0,0.0,0.0,0.0,0.0,0.0,0.0,0.0,0.0,0.0,0.0
Oc1c(Cl)cc(Cl)cc1Sc1cc(Cl)cc(Cl)c1O,356.057,5.862600000000001,0.0,,0.0,,,0.0,,,0.0,1.0,1.0,1.0
BrC(Br)C(Br)(Br)Br,424.54999999999995,3.9408000000000003,0.0,0.0,,,0.0,0.0,0.0,,0.0,,0.0,1.0
NS(=O)(=O)c1cc2c(cc1C(F)(F)F)NCNS2(=O)=O,331.29699999999997,0.014100000000000557,0.0,0.0,0.0,0.0,0.0,0.0,0.0,0.0,0.0,0.0,0.0,0.0
Clc1ccc(C(Cl)(Cl)Cl)c(Cl)c1,264.366,4.8201,0.0,0.0,0.0,,0.0,0.0,0.0,,0.0,0.0,,0.0
CCCCNc1ccc(C(=O)OCCN(C)C)cc1,264.3689999999999,2.617000000000001,0.0,0.0,,,0.0,0.0,0.0,0.0,0.0,0.0,0.0,0.0
CCCCOc1ccc(C(=O)CCN2CCCCC2)cc1,289.4189999999999,3.9242000000000035,0.0,0.0,0.0,,1.0,0.0,0.0,1.0,,,0.0,0.0
COC(=O)C1CCC(C(=O)OC)CC1,200.23399999999995,1.1387999999999998,0.0,0.0,0.0,0.0,0.0,0.0,0.0,0.0,0.0,0.0,0.0,0.0
CNC(=O)Oc1c(C(C)(C)C)cc(C)cc1C(C)(C)C,277.408,4.308220000000004,0.0,0.0,0.0,,0.0,0.0,0.0,0.0,0.0,0.0,,0.0
CCC(C)(CN(C)C)OC(=O)c1ccccc1,235.327,2.5737000000000005,0.0,0.0,0.0,0.0,1.0,0.0,0.0,0.0,0.0,0.0,0.0,0.0
CCCCCCCC/C=C\CCCCCCCC(=O)N(CCO)CCO,369.5900000000001,4.837100000000006,0.0,,0.0,,,0.0,,,0.0,,,0.0
CCCCCCCCCCCCCCCC[N+](C)(C)CCN(Cc1ccc(OC)cc1)c1ncccn1,511.81900000000024,8.049500000000009,0.0,0.0,0.0,,0.0,0.0,0.0,,0.0,,,0.0
CCCOc1cc(N)ccc1C(=O)OCCN(CC)CC,294.39500000000004,2.5562000000000005,0.0,0.0,,0.0,0.0,0.0,0.0,,0.0,,,0.0
O=C(Nc1ccccc1)OCC(CN1CCCCC1)OC(=O)Nc1ccccc1,397.475,4.338300000000004,0.0,0.0,0.0,0.0,0.0,0.0,,,0.0,0.0,0.0,0.0
C#C[C@]1(O)CC[C@H]2[C@@H]3CCC4=CC(=O)CC[C@@H]4[C@H]3CC[C@@]21CC,312.4530000000001,3.8826000000000036,1.0,1.0,0.0,0.0,1.0,1.0,0.0,,0.0,0.0,0.0,0.0
O=[N+]([O-])c1ccccc1[O-],138.10199999999998,0.6683999999999999,0.0,0.0,0.0,0.0,0.0,0.0,0.0,0.0,0.0,0.0,0.0,0.0
CCOC(=O)CBr,167.002,0.9444,0.0,0.0,,0.0,0.0,0.0,0.0,,0.0,0.0,0.0,0.0
NCC(O)c1cccc(O)c1,153.18099999999998,0.3842999999999999,0.0,0.0,0.0,0.0,0.0,0.0,0.0,,0.0,,0.0,0.0
Oc1cc(Cl)c(Cl)c(Cl)c1,197.448,3.3524000000000003,0.0,,0.0,,,,,,0.0,1.0,1.0,
CC(O)[C@H]1CC[C@H]2[C@@H]3CC[C@@H]4C[C@@H](O)CC[C@]4(C)[C@H]3CC[C@]12C,320.5170000000001,4.387000000000004,0.0,0.0,0.0,0.0,1.0,1.0,0.0,,0.0,,0.0,0.0
C=CCn1c(=O)n([C@@H]2O[C@H](CO)[C@@H](O)[C@H]2O)c2nc(N)[nH]c(=O)c21,339.3080000000001,-2.7339999999999995,0.0,0.0,0.0,0.0,0.0,0.0,0.0,0.0,0.0,0.0,0.0,0.0
CC1=C[C@H](O)CC(C)(C)[C@H]1/C=C/C(C)=C/C=C/C(C)=C/C=C\C=C(C)\C=C\C=C(C)\C=C\C1=C(C)C[C@@H](O)CC1(C)C,568.8860000000002,10.403299999999993,0.0,0.0,0.0,0.0,,0.0,,,0.0,,,1.0
CC(C)(Cc1c[nH]c2ccccc12)NCC(O)COc1ccccc1C#N,363.4610000000001,3.3901800000000017,0.0,0.0,1.0,,0.0,0.0,,0.0,0.0,0.0,,0.0
CCOc1cc(-c2nccc3cc(OC)c(OC)cc23)cc(OCC)c1OCC,397.47100000000023,5.115100000000005,0.0,0.0,1.0,,,0.0,0.0,,,,0.0,0.0
CC(=O)O[C@]1(C(C)=O)CC[C@H]2[C@@H]3CCC4=CC(=O)CC[C@]4(C)[C@@]3(F)[C@@H](O)C[C@@]21C,406.4940000000002,3.472100000000003,1.0,,,,1.0,,0.0,,0.0,,0.0,0.0
Cc1nc(-c2ccc(Cl)cc2)oc1COC(C)(C)C(=O)O,309.749,3.683220000000002,0.0,0.0,0.0,0.0,1.0,0.0,1.0,0.0,0.0,0.0,0.0,0.0
CN1CCC(OC(=O)C(Oc2ccc(Cl)cc2)Oc2ccc(Cl)cc2)CC1,410.29700000000014,4.414700000000003,0.0,0.0,0.0,0.0,0.0,0.0,0.0,,0.0,,,0.0
N[Pt]1(N)OC(=O)C2(CCC2)C(=O)O1,369.2340000000002,-1.012000000000001,0.0,0.0,0.0,0.0,0.0,0.0,0.0,1.0,0.0,0.0,,0.0
CCC1Nc2cc(Cl)c(S(N)(=O)=O)cc2S(=O)(=O)N1,325.799,0.4273,0.0,0.0,0.0,0.0,0.0,0.0,0.0,0.0,0.0,0.0,0.0,0.0
CCCC(=O)OCCC(C)C,158.24099999999999,2.375800000000001,0.0,0.0,0.0,0.0,0.0,0.0,0.0,0.0,0.0,0.0,0.0,0.0
Cc1ccccc1NC(=N)NC(=N)N,191.23800000000003,0.8247599999999999,0.0,,0.0,0.0,0.0,0.0,0.0,0.0,0.0,0.0,,0.0
C1=Cc2ccccc2C1,116.16299999999997,2.2559000000000005,0.0,0.0,1.0,0.0,,0.0,0.0,0.0,0.0,0.0,,0.0
O=C(O)C(=O)Cc1c[nH]c2ccccc12,203.197,1.3641,0.0,0.0,1.0,0.0,0.0,0.0,0.0,1.0,0.0,0.0,1.0,0.0
O=[Se](O)O,128.97299999999998,-1.6136000000000001,0.0,0.0,,,,0.0,,1.0,,0.0,1.0,1.0
NC(N)=[Se],123.017,-1.8403,0.0,0.0,0.0,,0.0,0.0,0.0,0.0,0.0,0.0,0.0,0.0
CCc1oc2ccccc2c1C(=O)c1cc(Br)c(O)c(Br)c1,424.088,5.456800000000003,0.0,0.0,0.0,0.0,0.0,0.0,1.0,,0.0,,1.0,1.0
CCCC(=NOCC)C1=C(O)CC(CC(C)SCC)CC1=O,327.4900000000001,4.501900000000004,0.0,0.0,0.0,0.0,0.0,0.0,0.0,0.0,0.0,0.0,0.0,0.0
O=C([O-])[C@H](O)[C@H](O)[C@@H](O)[C@H](O)[C@H](O)CO,225.173,-5.466899999999995,0.0,0.0,0.0,0.0,0.0,0.0,0.0,0.0,0.0,0.0,0.0,0.0
CC(C)CCCCCCCCCCCCCCC(=O)O,284.4839999999999,6.188400000000006,0.0,0.0,0.0,,0.0,0.0,1.0,,0.0,,0.0,0.0
CCOP(=O)(OCC)Oc1ccc([N+](=O)[O-])cc1,275.197,3.154700000000002,0.0,0.0,0.0,1.0,0.0,0.0,0.0,,0.0,0.0,0.0,0.0
CCOS(=O)(=O)OCC,154.18699999999998,0.30420000000000014,0.0,0.0,0.0,0.0,0.0,0.0,0.0,0.0,0.0,0.0,0.0,0.0
COS(=O)(=O)[O-].Cn1c(-c2ccccc2)cc(-c2ccccc2)[n+]1C,360.43500000000006,2.2766,0.0,0.0,0.0,,,0.0,0.0,1.0,0.0,0.0,0.0,0.0
O=C(NC(=O)c1c(F)cccc1F)Nc1ccc(Cl)cc1,310.687,3.5801000000000016,0.0,0.0,1.0,,1.0,0.0,0.0,0.0,0.0,0.0,0.0,0.0
Cc1ccc(NC=O)c(C)c1,149.193,1.8717399999999997,0.0,0.0,0.0,0.0,0.0,0.0,0.0,0.0,0.0,0.0,,0.0
Cc1ccc(C=O)s1,126.18,1.86902,0.0,0.0,0.0,,0.0,0.0,0.0,,0.0,,0.0,0.0
CC1(C)C2CCC3(C2)[C@H]1C(=O)CCC3(C)C,220.35599999999997,3.818000000000003,0.0,0.0,0.0,,0.0,0.0,0.0,0.0,0.0,0.0,0.0,0.0
CC(=O)c1ccc2c(c1)CCCC2,174.2429999999999,2.7680000000000016,0.0,0.0,0.0,,,,0.0,0.0,0.0,0.0,0.0,0.0
C=CC(=O)CCCCC,126.199,2.3218000000000005,0.0,0.0,0.0,0.0,0.0,0.0,0.0,0.0,0.0,0.0,0.0,0.0
CC(=O)CCc1ccc2c(c1)OCO2,192.21399999999997,1.9368999999999998,0.0,0.0,0.0,0.0,0.0,0.0,0.0,0.0,0.0,0.0,0.0,0.0
C=CC(C)(CCC=C(C)C)OC(=O)CC(C)C,238.37099999999995,4.2668000000000035,0.0,0.0,0.0,0.0,0.0,0.0,0.0,0.0,0.0,0.0,0.0,0.0
CNC(C)=O,73.095,-0.24770000000000003,0.0,0.0,0.0,0.0,0.0,0.0,0.0,0.0,0.0,0.0,0.0,0.0
COc1ccc(CCC(C)=O)cc1,178.231,2.2168,0.0,0.0,0.0,0.0,0.0,0.0,0.0,0.0,0.0,0.0,0.0,0.0
Cc1ccc2c(c1)OCC(=O)CO2,178.18699999999998,1.3353199999999998,0.0,0.0,0.0,,,0.0,0.0,0.0,0.0,0.0,0.0,0.0
CCCC1CCCC(=O)O1,142.198,1.8822,0.0,0.0,0.0,,0.0,0.0,1.0,0.0,0.0,0.0,0.0,0.0
CCOc1ccccc1OCC1CNCCO1,237.29899999999992,1.4525,,,,,,,,0.0,,0.0,,
COc1ccc2cc(C=O)ccc2c1,186.20999999999998,2.6609000000000007,,,,,,,,0.0,,0.0,,
CCN(CC)CC(=O)Nc1c(C)cccc1C(=O)OC,278.35200000000003,2.0619199999999998,,,,,,,,0.0,,0.0,,
O=C(NCC1CN(c2ccc(N3CCOCC3=O)cc2)C(=O)O1)c1ccc(Cl)s1,435.8890000000001,2.5199000000000007,,,,,,,,0.0,,0.0,,
CC(=O)N(CC(=O)N(C)C)c1ccccc1,220.27200000000002,1.1277,,,,,,,,0.0,,0.0,,
O=C(O)C1CCC1,100.11700000000002,0.8711,,,,,,,,0.0,,0.0,,
CCNC(=O)[C@@H]1CCCN1C(=O)[C@H](CCCNC(=N)N)NC(=O)[C@H](CC(C)C)NC(=O)CNC(=O)[C@H](Cc1ccc(O)cc1)NC(=O)[C@H](CO)NC(=O)[C@H](Cc1c[nH]c2ccccc12)NC(=O)[C@H](Cc1cnc[nH]1)NC(=O)[C@@H]1CCC(=O)N1,1153.313,-2.6431300000000126,,,,,,,,0.0,,0.0,,
CC(Cc1ccccc1)N(C)Cc1ccco1,229.32299999999995,3.3426000000000027,,,,,,,,0.0,,0.0,,
CCCOc1ccc2c(c1)CC[C@@H]1[C@@H]2CC[C@]2(C)C(OC)CC[C@@H]12,328.49600000000004,5.346500000000006,,,,,,,,0.0,,0.0,,
O=C(CCCCl)c1ccc(F)cc1,200.64000000000001,3.027400000000001,,,,,,,,0.0,,0.0,,
C[C@]12C[C@H](O)[C@@]3(F)[C@@H](CCC4=CC(=O)C=C[C@@]43C)[C@@H]1C[C@@H](O)[C@]2(O)C(=O)CO,394.43900000000014,0.6204999999999998,1.0,1.0,0.0,,1.0,0.0,0.0,0.0,0.0,0.0,0.0,0.0
Cn1sccc1=O,115.15699999999998,0.4468,0.0,0.0,0.0,,,0.0,0.0,,0.0,,,0.0
CNC(=O)Oc1ccccc1C1OCCO1,223.22799999999995,1.4502,0.0,0.0,,0.0,0.0,0.0,0.0,0.0,0.0,0.0,,0.0
CC(=O)[C@@]1(O)CC[C@H]2[C@@H]3CCC4=CC(=O)CC[C@]4(C)[C@H]3CC[C@@]21C,330.4680000000001,3.8384000000000027,1.0,1.0,0.0,0.0,1.0,1.0,0.0,,0.0,0.0,0.0,0.0
CCCc1c(OCCCOc2ccc(OCC(=O)O)cc2)ccc(C(C)=O)c1O,402.4430000000001,3.858600000000003,0.0,,0.0,,0.0,0.0,1.0,,0.0,0.0,0.0,
C=C(C)C(=O)OCC(O)COc1ccc(C(C)(C)c2ccc(OCC(O)COC(=O)C(=C)C)cc2)cc1,512.5990000000004,3.730500000000003,0.0,0.0,,,,0.0,,,,,1.0,
C=C(C)CS(=O)(=O)[O-],135.164,0.10770000000000013,0.0,0.0,0.0,0.0,0.0,0.0,0.0,0.0,0.0,0.0,0.0,0.0
NC(=O)Cc1cccc(C(=O)c2ccccc2)c1N,254.289,1.5276,0.0,0.0,,0.0,0.0,0.0,0.0,0.0,0.0,0.0,0.0,0.0
C[Si](NC1CCCCC1)(NC1CCCCC1)NC1CCCCC1,337.62800000000016,4.322000000000004,0.0,0.0,0.0,0.0,0.0,0.0,0.0,0.0,0.0,0.0,0.0,0.0
CCCCOC(=O)CCS,162.254,1.6496,0.0,0.0,0.0,,,0.0,0.0,0.0,0.0,0.0,,0.0
CCCCCCCCOCCCN,187.32699999999997,2.7123,0.0,0.0,0.0,0.0,,0.0,0.0,,0.0,0.0,,0.0
CC(C)OP(=O)(CP(=O)(OC(C)C)OC(C)C)OC(C)C,344.3250000000001,5.0301000000000045,0.0,0.0,0.0,0.0,0.0,0.0,0.0,0.0,0.0,0.0,,0.0
O=Cc1ccc(Cl)c([N+](=O)[O-])c1,185.56599999999997,2.0606999999999998,0.0,0.0,0.0,,,0.0,0.0,1.0,0.0,,0.0,0.0
Nc1nc(=S)[nH][nH]1,116.149,0.04948999999999998,0.0,0.0,0.0,0.0,0.0,0.0,0.0,0.0,0.0,0.0,0.0,0.0
C=CC(=O)NCOCC(C)C,157.213,0.9186999999999999,0.0,0.0,0.0,0.0,0.0,0.0,0.0,,0.0,0.0,0.0,0.0
CC1=Nc2ccc3ccccc3c2C1(C)C,209.29199999999994,4.2234000000000025,0.0,0.0,,,,0.0,0.0,0.0,0.0,1.0,1.0,0.0
CC(C)(C)NC(=O)[C@H]1CC[C@H]2[C@@H]3CC=C4C=C(C(=O)O)CC[C@]4(C)[C@H]3CC[C@]12C,399.5750000000003,5.101000000000004,0.0,0.0,0.0,0.0,0.0,0.0,,,0.0,,,0.0
CC(C)(C)C1CCC(CC2=C(O)C(=O)c3ccccc3C2=O)CC1,326.43600000000015,5.120300000000005,,,,,,,,1.0,,0.0,,
CC(NC(CCc1ccccc1)C(=O)O)C(=O)N1C(=O)N(C)CC1C(=O)O,377.39700000000016,0.39770000000000055,,,,,,,,0.0,,0.0,,
Cc1coc2ccccc2c1=O,160.17199999999997,2.10142,,,,,,,,0.0,,0.0,,
O=C(O)c1cn(C2CC2)c2cc(Cl)c(F)cc2c1=O,281.67,2.8271000000000015,,,,,,,,0.0,,0.0,,
CC(C)c1cc2c(cc1S(=O)(=O)O)[C@@]1(C)CCC[C@@](C)(C(=O)[O-])[C@@H]1CC2,379.49800000000016,2.8169000000000013,,,,,,,,0.0,,0.0,,
Cc1nc2n(c(=O)c1CCN1CCC(C(=O)c3ccc(F)cc3)CC1)CCS2,401.5070000000002,2.9339200000000014,,,,,,,,,,0.0,,
O=C(O)c1ccc(OCCN2CCCCC2)cc1,249.30999999999992,2.2495000000000003,,,,,,,,0.0,,0.0,,
COC(=O)c1cc(Cl)ccc1NS(=O)(=O)C(F)(F)F,317.672,2.3880999999999997,,,,,,,,0.0,,0.0,,
O=C1CC(c2ccc(Cl)cc2)CC(=O)N1,223.659,1.8601999999999999,,,,,,,,0.0,,0.0,,
COc1ccc2c(c1)c(CC(=O)OC/C=C(\C)CC/C=C(\C)CCC=C(C)C)c(C)n2C(=O)c1ccc(Cl)cc1,562.1500000000003,8.805120000000002,,,,,,,,,,0.0,,
O=[N+]([O-])c1cccc(C(F)(F)F)c1,191.10799999999995,2.613600000000001,0.0,0.0,0.0,0.0,0.0,0.0,0.0,0.0,0.0,0.0,0.0,0.0
CCCCCCCCC,128.259,3.7569000000000026,0.0,0.0,0.0,0.0,0.0,0.0,0.0,0.0,0.0,0.0,0.0,0.0
Cc1ccccc1[N+](=O)[O-],137.138,1.9032200000000001,0.0,0.0,0.0,1.0,0.0,0.0,0.0,0.0,0.0,0.0,0.0,0.0
O=[N+]([O-])c1ccccc1C(F)(F)F,191.10799999999995,2.613600000000001,0.0,0.0,0.0,0.0,0.0,0.0,0.0,0.0,0.0,0.0,0.0,0.0
CCOC(=O)N(C)N=O,132.119,0.7561,0.0,0.0,0.0,0.0,0.0,0.0,0.0,0.0,0.0,0.0,0.0,0.0
C#C[C@@]1(O)CC[C@H]2[C@@H]3CCC4=CCCC[C@@H]4[C@H]3CC[C@@]21C,284.443,4.313500000000004,1.0,1.0,0.0,0.0,1.0,1.0,0.0,1.0,0.0,,1.0,0.0
CC(=O)Nc1ccc2c(c1)Cc1cc(NC(C)=O)ccc1-2,280.327,3.1746000000000008,0.0,0.0,0.0,0.0,1.0,0.0,0.0,0.0,0.0,0.0,0.0,0.0
O=C1NCCN1CCO,130.14700000000002,-0.9961000000000002,0.0,0.0,0.0,0.0,0.0,0.0,0.0,0.0,0.0,0.0,0.0,0.0
CNCCS(=O)(=O)[O-],138.16799999999998,-1.2489999999999999,0.0,0.0,0.0,0.0,0.0,0.0,0.0,0.0,0.0,0.0,0.0,0.0
CCc1cc(C(C)(C)C)c(O)c(C(C)(C)C)c1,234.38299999999998,4.549600000000004,0.0,0.0,0.0,,0.0,0.0,0.0,,0.0,0.0,,0.0
COc1cc(NC(=O)CC(C)=O)c(OC)cc1Cl,271.7,2.2748,0.0,0.0,1.0,,0.0,0.0,0.0,,0.0,0.0,0.0,0.0
CCO[Si](CCCCl)(OCC)OCC,240.80299999999994,2.6637000000000013,0.0,0.0,0.0,0.0,0.0,0.0,0.0,0.0,0.0,0.0,1.0,0.0
Oc1c(Br)c(Br)c(Br)c(Br)c1Br,488.593,5.204700000000001,0.0,0.0,1.0,,,0.0,,,0.0,,1.0,
O=C(Nc1ccccc1-c1ccc(Cl)cc1)c1cccnc1Cl,343.21299999999997,5.307700000000002,0.0,0.0,0.0,0.0,0.0,0.0,0.0,0.0,0.0,0.0,,0.0
CCCCCCCCCCCC(C)=O,198.34999999999997,4.496300000000004,0.0,0.0,0.0,0.0,1.0,,0.0,0.0,0.0,0.0,0.0,0.0
OC[C@H]1O[C@](O)(CO)[C@@H](O)[C@@H]1O,180.156,-3.2197999999999998,0.0,0.0,0.0,0.0,0.0,0.0,0.0,0.0,0.0,0.0,0.0,0.0
Clc1ccc(Cn2c(CN3CCCC3)nc3ccccc32)cc1,325.84299999999996,4.333800000000003,0.0,0.0,0.0,0.0,0.0,0.0,0.0,0.0,0.0,1.0,0.0,0.0
O=C1CCc2cc(OCCCCc3nnnn3C3CCCCC3)ccc2N1,369.4690000000002,3.4647000000000014,0.0,0.0,0.0,0.0,0.0,0.0,0.0,1.0,0.0,0.0,0.0,0.0
Oc1cc(O)c2c(c1)O[C@H](c1ccc(O)c(O)c1)[C@H](O)C2,290.271,1.5460999999999998,0.0,0.0,0.0,0.0,0.0,0.0,0.0,,0.0,0.0,,0.0
c1ccc(C2CC2)c(OCC2=NCCN2)c1,216.28399999999996,1.9444999999999995,0.0,0.0,0.0,0.0,0.0,0.0,0.0,0.0,0.0,0.0,0.0,0.0
Clc1cccc(N2CCNCC2)c1,196.68099999999998,1.7495999999999998,0.0,0.0,0.0,0.0,0.0,0.0,0.0,0.0,0.0,0.0,0.0,0.0
NC(Cc1ccc(Cl)cc1)C(=O)O,199.637,1.2944000000000002,0.0,0.0,0.0,0.0,0.0,0.0,0.0,0.0,0.0,0.0,0.0,0.0
Nc1ccc2c(c1)C(=O)c1ccccc1C2=O,223.231,2.0442,0.0,0.0,1.0,,1.0,0.0,0.0,1.0,1.0,0.0,1.0,0.0
Cc1cc(N=Nc2ccccc2C)ccc1N,225.29500000000002,4.301040000000003,0.0,0.0,1.0,,1.0,,,1.0,1.0,0.0,,
Nc1cc([N+](=O)[O-])ccc1O,154.125,0.8825999999999998,0.0,0.0,1.0,,0.0,0.0,0.0,1.0,0.0,0.0,1.0,0.0
Nc1ccc([N+](=O)[O-])cc1O,154.125,0.8825999999999998,0.0,0.0,1.0,0.0,0.0,0.0,,1.0,0.0,0.0,1.0,0.0
Nc1ncc([N+](=O)[O-])s1,145.143,0.6335,0.0,0.0,1.0,0.0,1.0,0.0,0.0,0.0,0.0,0.0,1.0,0.0
Nc1ccc(O)c([N+](=O)[O-])c1,154.125,0.8825999999999998,0.0,0.0,,0.0,0.0,0.0,0.0,1.0,0.0,0.0,1.0,0.0
Nc1nc(-c2ccc([N+](=O)[O-])cc2)cs1,221.24099999999999,2.3005000000000004,0.0,0.0,,,1.0,0.0,0.0,,0.0,0.0,1.0,0.0
O=C(NN1CCCC1)NS(=O)(=O)c1ccc(Cl)cc1,303.771,1.3386999999999998,0.0,0.0,0.0,0.0,0.0,0.0,0.0,0.0,0.0,0.0,0.0,0.0
C=CC[N+]1([C@H]2C[C@H]3[C@@H]4CC[C@H]5C[C@H](OC(C)=O)[C@@H](N6CCCCC6)C[C@]5(C)[C@H]4CC[C@]3(C)[C@H]2OC(=O)CC)CCCCC1,597.9050000000001,6.912200000000008,0.0,0.0,0.0,0.0,0.0,0.0,0.0,0.0,0.0,0.0,,0.0
CCOC(=O)CCC(=O)OCC,174.19599999999997,0.8927999999999999,0.0,0.0,0.0,0.0,0.0,0.0,0.0,0.0,0.0,0.0,0.0,0.0
O=[N+]([O-])c1nccn1CO[C@@H](CO)[C@H](O)CO,247.207,-1.5205000000000002,0.0,0.0,0.0,0.0,0.0,0.0,0.0,0.0,0.0,0.0,0.0,0.0
CC[C@H]1C[C@H]2[C@@H]3CCC4=CC(=O)CC[C@@H]4[C@H]3CC[C@]2(C)[C@H]1O,302.45799999999997,4.125200000000004,1.0,1.0,0.0,0.0,1.0,0.0,0.0,,0.0,0.0,0.0,0.0
CCCCCC1Nc2cc(C(F)(F)F)c(S(N)(=O)=O)cc2S(=O)(=O)N1,401.4320000000001,1.9629999999999999,0.0,0.0,0.0,0.0,0.0,0.0,0.0,0.0,0.0,0.0,0.0,0.0
CO/N=C(/C(=O)N[C@@H]1C(=O)N2C(C(=O)O)=C(Cn3nnc(C)n3)CS[C@H]12)c1csc(N)n1,479.50400000000013,-1.1904799999999973,0.0,0.0,0.0,0.0,0.0,0.0,0.0,0.0,0.0,0.0,0.0,0.0
Cc1cccc(N(C)C(=S)Oc2ccc3c(c2)CCC3)c1,297.4230000000001,4.283820000000003,0.0,0.0,0.0,0.0,0.0,0.0,0.0,1.0,0.0,0.0,0.0,0.0
CC(=O)OCC(=O)Nc1cc(C#N)cc(NC(=O)COC(C)=O)c1Cl,367.7450000000001,1.2148799999999997,0.0,0.0,0.0,0.0,0.0,0.0,0.0,0.0,0.0,0.0,0.0,0.0
O=C(O)CCCC[P+](c1ccccc1)(c1ccccc1)c1ccccc1,363.4170000000001,4.235400000000004,,,,,,,,0.0,,0.0,,
COCCCN1CCC(NC(=O)c2cc(Cl)c(N)c3c2OCC3)CC1,367.8770000000003,2.0877999999999997,,,,,,,,0.0,,0.0,,
C[C@](N)(Cc1ccc(O)c(O)c1)C(=O)O.C[C@](N)(Cc1ccc(O)c(O)c1)C(=O)O,422.43400000000014,0.8845999999999996,0.0,0.0,0.0,0.0,0.0,0.0,0.0,0.0,0.0,0.0,0.0,0.0
Cc1ccc2cc3c(ccc4ccccc43)c3c2c1CC3,268.359,5.553220000000004,0.0,0.0,1.0,,,,,1.0,0.0,,1.0,0.0
Cc1ccc(O)c(O)c1,124.13899999999998,1.4062199999999996,0.0,,1.0,,0.0,1.0,0.0,1.0,0.0,,,0.0
Cc1cc(Cc2ccc(N)c(C)c2)ccc1N,226.32299999999998,3.0586400000000014,0.0,0.0,,0.0,0.0,0.0,0.0,0.0,0.0,0.0,0.0,0.0
FC(F)(F)C(Cl)(Cl)Cl,187.37500000000003,2.9189,0.0,0.0,0.0,0.0,0.0,0.0,0.0,0.0,0.0,0.0,0.0,0.0
N#CCC(=O)O,85.06199999999998,-0.015320000000000056,0.0,0.0,0.0,0.0,0.0,0.0,0.0,0.0,0.0,0.0,0.0,0.0
CCSCC,90.191,1.7593999999999999,0.0,0.0,0.0,0.0,0.0,0.0,0.0,0.0,0.0,,0.0,0.0
CN(C)c1ccc(Cc2ccc(N(C)C)cc2)cc1,254.377,3.4094000000000024,0.0,0.0,1.0,0.0,0.0,0.0,0.0,0.0,0.0,0.0,0.0,0.0
ClCCl,84.93299999999999,1.4215,0.0,0.0,0.0,0.0,0.0,0.0,0.0,0.0,0.0,0.0,0.0,0.0
FC(F)(F)c1ccc(Cl)c(Cl)c1,215.00099999999998,4.012200000000001,0.0,0.0,0.0,0.0,0.0,0.0,0.0,0.0,0.0,0.0,0.0,0.0
O=C=Nc1cccc(C(F)(F)F)c1,187.11999999999995,2.6727000000000007,0.0,0.0,1.0,1.0,0.0,0.0,0.0,,0.0,0.0,1.0,0.0
CC[C@@H](CO)NC(=O)[C@@H]1C=C2c3cccc4c3c(cn4C)C[C@H]2N(C)C1,353.4660000000001,1.9351,0.0,0.0,1.0,0.0,0.0,0.0,0.0,0.0,0.0,0.0,0.0,0.0
C[C@H]1C[C@H]2[C@@H]3CC[C@](O)(C(=O)CO)[C@@]3(C)C[C@H](O)[C@@H]2[C@@]2(C)C=CC(=O)C=C12,374.4770000000001,1.8036,1.0,1.0,0.0,,0.0,0.0,0.0,0.0,0.0,0.0,0.0,0.0
CC(=O)OCC(=O)[C@@]1(O)CC[C@H]2[C@@H]3C[C@H](C)C4=CC(=O)C=C[C@]4(C)[C@H]3[C@@H](O)C[C@@]21C,416.5140000000002,2.3744000000000005,1.0,1.0,0.0,,1.0,0.0,0.0,,0.0,,0.0,0.0
C[C@H]1C[C@H]2[C@@H]3CC[C@](O)(C(=O)COC(=O)CCC(=O)[O-])[C@@]3(C)C[C@H](O)[C@@H]2[C@@]2(C)C=CC(=O)C=C12,473.5420000000002,0.8845999999999998,1.0,1.0,0.0,,,0.0,0.0,,0.0,,0.0,0.0
C=CCOC(=O)C(=C)C,126.15499999999999,1.2917,0.0,0.0,0.0,0.0,0.0,0.0,0.0,0.0,0.0,0.0,0.0,0.0
OCC(Br)CBr,217.88799999999998,1.1371,,,0.0,0.0,0.0,0.0,0.0,0.0,0.0,0.0,0.0,0.0
Nc1ccc(Cl)c(Cl)c1,162.019,2.5756000000000006,0.0,0.0,1.0,0.0,0.0,0.0,0.0,0.0,0.0,0.0,0.0,0.0
NCCCC(=O)O,103.12099999999998,-0.19009999999999977,0.0,0.0,0.0,0.0,0.0,0.0,0.0,,0.0,,0.0,0.0
Nc1ccccc1Cl,127.574,1.9222,0.0,0.0,0.0,0.0,0.0,0.0,0.0,0.0,0.0,0.0,0.0,0.0
CCC(C)C=O,86.13399999999999,1.2314,0.0,0.0,0.0,0.0,0.0,0.0,0.0,0.0,0.0,0.0,0.0,0.0
O=C1Cc2cc(Cl)ccc2N1,167.595,1.8345999999999998,,,,,,,,1.0,,0.0,,
FC(F)(F)c1ccc(Cl)cc1,180.55599999999998,3.3588000000000013,0.0,0.0,0.0,0.0,0.0,0.0,0.0,0.0,0.0,0.0,0.0,0.0
C[Si](C)(C)Cl,108.64399999999999,2.0601,0.0,0.0,0.0,0.0,0.0,0.0,0.0,1.0,0.0,0.0,0.0,0.0
CCC(Cl)C(Cl)C(Cl)CC(Cl)C(Cl)C(C)Cl,348.956,5.450800000000004,0.0,0.0,0.0,0.0,,0.0,0.0,,0.0,0.0,1.0,0.0
C=Cc1ccc(C=C)cc1,130.19,2.9726000000000017,0.0,0.0,0.0,0.0,0.0,0.0,0.0,0.0,0.0,0.0,0.0,0.0
Nc1ccc([As](=O)(O)O)cc1,217.056,-1.1702000000000004,0.0,0.0,0.0,0.0,0.0,0.0,0.0,0.0,0.0,0.0,0.0,0.0
O=[N+]([O-])C(Cl)(Cl)Cl,164.37500000000003,1.5908,0.0,0.0,0.0,0.0,0.0,0.0,0.0,0.0,0.0,0.0,0.0,0.0
Clc1ccc(Sc2cc(Cl)c(Cl)cc2Cl)cc1,324.05899999999997,6.451400000000001,0.0,0.0,0.0,0.0,0.0,0.0,0.0,0.0,0.0,0.0,1.0,0.0
Cc1ccc(C)c2ccccc12,156.228,3.456640000000002,0.0,0.0,0.0,0.0,,0.0,0.0,0.0,0.0,0.0,0.0,0.0
O=S(=O)(Oc1ccc(Cl)cc1)c1ccc(Cl)cc1,303.166,3.7611000000000017,0.0,0.0,,0.0,0.0,0.0,0.0,0.0,0.0,0.0,1.0,0.0
Cc1nnc2n1-c1sc(CCc3ccc(CC(C)C)cc3)cc1C(c1ccccc1Cl)=NC2C,489.0880000000002,7.1863200000000065,0.0,,0.0,1.0,,0.0,,1.0,0.0,,1.0,
CCC(=O)[O-].CCC(=O)[O-],146.142,-1.7073999999999987,0.0,0.0,0.0,,,,0.0,0.0,0.0,0.0,0.0,0.0
COC(=O)c1cc(C(=O)OC)cc(S(=O)(=O)[O-])c1,273.242,0.16390000000000005,0.0,0.0,0.0,0.0,0.0,0.0,0.0,0.0,0.0,0.0,0.0,0.0
O=C([O-])CCl,93.489,-1.0249000000000001,0.0,0.0,0.0,0.0,0.0,0.0,0.0,0.0,0.0,0.0,0.0,0.0
CC(C)C(OC(=O)c1ccccc1)C(C)(C)COC(=O)c1ccccc1,354.4460000000001,4.751200000000004,0.0,0.0,0.0,1.0,1.0,1.0,0.0,0.0,0.0,0.0,,0.0
OCCCO,76.095,-0.6389,0.0,0.0,0.0,0.0,0.0,0.0,0.0,0.0,0.0,0.0,0.0,0.0
O=C(CC(=O)c1ccccc1)c1ccccc1,224.25900000000001,3.1423000000000014,0.0,0.0,1.0,,1.0,0.0,0.0,1.0,1.0,0.0,1.0,0.0
CC(C)(C)c1cc(O)c(C(C)(C)C)cc1O,222.32799999999997,3.692800000000003,0.0,0.0,0.0,,,0.0,,1.0,0.0,0.0,1.0,
COC(=O)[C@H](c1ccccc1Cl)N1CCc2sccc2C1,321.829,3.6739000000000024,0.0,0.0,0.0,0.0,1.0,1.0,0.0,0.0,0.0,0.0,0.0,0.0
CC(C)CCCCOC(=O)c1ccccc1C(=O)OCCCCC(C)C,362.5100000000002,5.652800000000006,0.0,0.0,0.0,0.0,0.0,0.0,0.0,0.0,0.0,0.0,0.0,0.0
Cc1ncc(CO)c(C=O)c1O,167.164,0.40041999999999983,0.0,0.0,0.0,0.0,0.0,0.0,0.0,,0.0,0.0,0.0,0.0
NS(=O)(=O)Cc1noc2ccccc12,212.23000000000002,0.6163,0.0,0.0,0.0,0.0,0.0,0.0,0.0,0.0,0.0,0.0,0.0,0.0
CNC1=Nc2ccc(Cl)cc2C(c2ccccc2)=[N+]([O-])C1,299.761,2.950700000000001,0.0,0.0,0.0,0.0,0.0,0.0,0.0,,0.0,,0.0,0.0
O=C1Nc2ccc(Cl)cc2[C@@](C#CC2CC2)(C(F)(F)F)O1,315.67799999999994,4.073100000000001,0.0,0.0,0.0,,,0.0,0.0,1.0,0.0,1.0,1.0,
O=C(NC(=O)c1cc(F)c(F)cc1Cl)Nc1cc(F)ccc1N1CCC(C(=O)O)CC1,455.8200000000003,4.020200000000003,0.0,0.0,0.0,0.0,0.0,0.0,0.0,0.0,0.0,0.0,0.0,0.0
CCOC(=O)O[C@H](C)OC(=O)c1ccc2c(c1)cc(C(=O)NC1CCN(C(C)C)CC1)n2Cc1cc(-c2ccc(Cl)s2)on1,643.1620000000004,6.338000000000007,0.0,,0.0,,,,,,,,,
COc1ccc(C(=O)Nc2nc3ccccc3c(NCc3ccccc3)c2C#N)cc1,408.4610000000002,4.979480000000003,0.0,0.0,1.0,,,0.0,,,0.0,0.0,1.0,
O=C(O)c1ccccc1-n1cc(C(=O)O)c(=O)c2cc(Nc3c(F)cc(F)cc3Cl)c(Cl)cc21,505.26000000000016,5.715700000000002,0.0,0.0,0.0,0.0,0.0,0.0,0.0,0.0,0.0,0.0,0.0,0.0
CC[C@H](NC(=O)c1cc(F)ccc1[N-]S(=O)(=O)c1cccc2cccnc12)c1ccccc1,462.5260000000002,5.649100000000005,0.0,0.0,0.0,,0.0,0.0,0.0,,0.0,,1.0,
NCc1cccc(C2CCN(C(=O)c3ccc(C#Cc4ccccc4F)o3)CC2)c1,402.4690000000001,4.297000000000004,0.0,,0.0,,,0.0,0.0,1.0,0.0,,0.0,
CCN(Cc1cccnc1)C(=O)c1cccc(Cl)c1[C@]1(C)C(=O)N(Cc2ccc(OC)cc2OC)c2ccc(Cl)cc21,604.5340000000003,6.920700000000007,0.0,,,,,,,,0.0,1.0,1.0,
CC(C)(C)C(=O)CCc1ccc(Cl)cc1,224.73100000000002,3.887800000000003,0.0,0.0,0.0,0.0,0.0,0.0,0.0,0.0,0.0,0.0,0.0,0.0
CCCCCC(C)OC(=O)COc1ccc(Cl)c2cccnc12,335.8310000000001,4.779000000000004,0.0,,0.0,1.0,0.0,0.0,0.0,0.0,0.0,,0.0,0.0
Cc1nc(C)c(Cl)c(O)c1Cl,192.045,2.7108400000000015,0.0,0.0,0.0,0.0,0.0,0.0,0.0,0.0,0.0,0.0,0.0,0.0
CC(C)=CCCC(C)CC=O,154.25300000000001,2.9579000000000013,0.0,0.0,0.0,0.0,0.0,0.0,0.0,0.0,0.0,0.0,,0.0
O=c1oc2ccccc2c(O)c1C1CCCc2ccccc21,292.33399999999995,3.9668000000000028,0.0,0.0,0.0,0.0,0.0,0.0,1.0,,0.0,0.0,1.0,0.0
COCC(C)OC(C)=O,132.159,0.5844,1.0,1.0,,0.0,,,0.0,,0.0,0.0,0.0,0.0
Cc1cc(C)cc(C)c1,120.19499999999998,2.611860000000001,1.0,0.0,0.0,0.0,0.0,0.0,0.0,0.0,0.0,0.0,0.0,0.0
Cc1cccc(N)c1,107.156,1.5772199999999998,0.0,0.0,1.0,0.0,0.0,0.0,0.0,0.0,0.0,0.0,0.0,0.0
COC(=O)C1=C(C)NC(C)=C(C(=O)OCCN2CCN(C(c3ccccc3)c3ccccc3)CC2)C1c1cccc([N+](=O)[O-])c1,610.7110000000002,4.953000000000005,0.0,0.0,0.0,,,0.0,,,,0.0,1.0,
Clc1nc(Cl)nc(Cl)n1,184.413,1.8318000000000003,0.0,0.0,0.0,0.0,,0.0,0.0,0.0,0.0,0.0,0.0,0.0
CC(C)Cc1ccc(CC(=O)O)cc1,192.25799999999998,2.5122,,,,,,,,0.0,,0.0,,
C#C[C@]1(O)CC[C@H]2[C@@H]3CCC4=CCCC[C@@H]4[C@H]3C(=C)C[C@@]21CC,310.48100000000005,4.869700000000004,1.0,1.0,0.0,0.0,1.0,1.0,0.0,,0.0,,1.0,
C[C@H]1O[C@@H](O[C@H]2[C@@H](O)C[C@H](O[C@H]3CC[C@]4(C)[C@H]5C[C@@H](O)[C@]6(C)[C@@H](C7=CC(=O)OC7)CC[C@]6(O)[C@@H]5CC[C@@H]4C3)O[C@@H]2C)C[C@H](O)[C@@H]1O[C@H]1C[C@H](O)[C@H](O[C@@H]2O[C@H](CO)[C@@H](O)[C@H](O)[C@H]2O)[C@@H](C)O1,943.0900000000006,0.04230000000000783,,,0.0,,,0.0,,,,0.0,1.0,
CC(=O)OCC(=O)[C@H]1CC[C@H]2[C@@H]3CCC4=CC(=O)CC[C@]4(C)[C@H]3CC[C@]12C,372.5050000000002,4.266700000000004,1.0,1.0,0.0,0.0,1.0,0.0,0.0,0.0,0.0,0.0,0.0,0.0
CC(C)Nc1cccnc1N1CCN(C(=O)c2cc3cc(NS(C)(=O)=O)ccc3[nH]2)CC1,456.5720000000002,2.7171000000000003,0.0,0.0,0.0,0.0,0.0,0.0,0.0,,0.0,0.0,,0.0
COc1cc2c(Nc3ccc(Br)cc3F)ncnc2cc1OCC1CCN(C)CC1,475.36200000000036,5.004200000000005,,,,,,,,0.0,,0.0,,
CCNC(=O)[C@@H]1CCCN1C(=O)[C@H](CCCNC(=N)N)NC(=O)[C@H](CC(C)C)NC(=O)[C@@H](Cc1c[nH]c2ccccc12)NC(=O)[C@H](Cc1ccc(O)cc1)NC(=O)[C@H](CO)NC(=O)[C@H](Cc1c[nH]c2ccccc12)NC(=O)[C@H](Cc1c[nH]cn1)NC(=O)[C@@H]1CCC(=O)N1,1282.4750000000004,-0.5505300000000035,0.0,,,,,,,,,,,
CCCCCCCCCCCCCCCCCCCCCC(=O)Nc1ccn([C@@H]2O[C@H](CO)[C@@H](O)[C@@H]2O)c(=O)n1,565.7960000000002,5.615200000000007,0.0,0.0,0.0,0.0,0.0,0.0,0.0,,0.0,,0.0,1.0
O=C(O)CCn1c2c(c3ccccc31)C[C@H](NS(=O)(=O)c1ccc(F)cc1)CC2,416.4740000000002,3.0909000000000013,,,,,,,,,,0.0,,
COc1ccc2[nH]c(S(=O)Cc3ncc(C)c(OC)c3C)nc2n1,346.4120000000001,2.29474,0.0,0.0,1.0,0.0,0.0,,0.0,1.0,0.0,0.0,0.0,0.0
COc1cc(C)c(Cc2cnc(N)nc2N)cc1OC,274.324,1.55742,0.0,0.0,0.0,0.0,0.0,0.0,0.0,0.0,0.0,0.0,0.0,0.0
Oc1ccc(C(O)CNCCCCCCNCC(O)c2ccc(O)c(O)c2)cc1O,420.50600000000003,2.0156000000000005,0.0,0.0,0.0,0.0,0.0,0.0,0.0,,0.0,0.0,,0.0
CC[C@H]1OC(=O)C[C@@H](O)[C@H](C)[C@@H](O[C@@H]2O[C@H](C)[C@@H](O)[C@H](N(C)C)[C@H]2O)[C@@H](CCN2C[C@@H](C)C[C@@H](C)C2)C[C@@H](C)C(=O)C=CC(C)=C[C@@H]1CO[C@@H]1O[C@H](C)[C@@H](O)[C@@H](OC)[C@H]1OC,869.1470000000002,3.341400000000009,,0.0,0.0,0.0,0.0,0.0,0.0,,0.0,,0.0,0.0
O=C([O-])[C@H]1/C(=C/CO)O[C@@H]2CC(=O)N21,198.15399999999997,-2.430299999999999,0.0,,0.0,0.0,0.0,0.0,0.0,,0.0,,0.0,
CCC1CCC(=O)O1,114.14399999999999,1.1019999999999999,0.0,0.0,0.0,0.0,1.0,0.0,0.0,0.0,0.0,0.0,0.0,0.0
C=CC(C)(CCC=C(C)C)OC(=O)C=Cc1ccccc1,284.399,4.934100000000004,0.0,0.0,0.0,,1.0,0.0,0.0,,0.0,1.0,,0.0
C/C=C/C(=O)Oc1c(CCCCCC(C)C)cc([N+](=O)[O-])cc1[N+](=O)[O-],364.3980000000001,4.743400000000005,0.0,,0.0,,,,,,,,1.0,
O=C(O)CCCCCCCCCC(=O)O,216.27699999999996,2.6665,0.0,,0.0,0.0,0.0,0.0,0.0,0.0,0.0,0.0,,0.0
CC(C)[C@H]1CC[C@H](C(=O)N[C@H](Cc2ccccc2)C(=O)O)CC1,317.42900000000014,3.2609000000000012,0.0,0.0,0.0,,0.0,0.0,0.0,0.0,0.0,0.0,0.0,0.0
COc1ccc2cc([C@H](C)C(=O)O)ccc2c1,230.26299999999998,3.036500000000001,0.0,0.0,0.0,0.0,0.0,0.0,0.0,0.0,0.0,0.0,0.0,0.0
Nc1cc(N2CCCCC2)nc(N)[n+]1[O-],209.25300000000001,-0.13029999999999975,0.0,0.0,0.0,0.0,0.0,0.0,0.0,0.0,0.0,0.0,0.0,0.0
CC[C@H](C)C(=O)O[C@H]1CCC=C2C=C[C@H](C)[C@H](CC[C@@H]3C[C@@H](O)CC(=O)O3)[C@H]21,390.52000000000015,3.949500000000003,0.0,0.0,0.0,1.0,0.0,0.0,0.0,,0.0,,0.0,0.0
CC(=O)O[C@]1(C(C)=O)CC[C@H]2[C@@H]3C=C(C)C4=CC(=O)CC[C@]4(C)[C@H]3CC[C@@]21C,384.51600000000025,4.575300000000005,1.0,,0.0,,0.0,0.0,0.0,1.0,0.0,0.0,,0.0
COC(=O)Nc1nc2cc(C(=O)c3ccccc3)ccc2[nH]1,295.298,2.972200000000001,0.0,,1.0,0.0,0.0,,,1.0,1.0,0.0,1.0,1.0
C[C@@H]1OC(=O)C[C@H](O)C[C@H](O)C[C@H](O)CC[C@@H](O)[C@H](O)C[C@]2(O)C[C@H](O)[C@@H](C(=O)O)C(C[C@@H](O[C@H]3O[C@@H](C)[C@H](O)[C@@H](N)[C@H]3O)C=CC=CC=CC=CCCC=CC=C[C@H](C)[C@@H](O)[C@H]1C)O2,926.1070000000002,0.9357000000000073,0.0,0.0,0.0,0.0,0.0,0.0,0.0,,0.0,,0.0,0.0
COc1cc(OC)c(C(=O)CCCN2CCCC2)c(OC)c1,307.39,2.7711000000000015,0.0,0.0,0.0,0.0,0.0,0.0,0.0,0.0,0.0,0.0,0.0,0.0
OCCSc1ccccc1,154.23399999999998,1.771,0.0,0.0,0.0,0.0,0.0,0.0,0.0,0.0,0.0,0.0,0.0,0.0
CC(C)c1cccc(C(C)C)c1N1C(=O)c2ccc(O)cc2C1=O,323.392,4.439600000000004,0.0,,0.0,1.0,1.0,1.0,,,0.0,,1.0,1.0
O=C1Cc2ccccc2N1c1c(Cl)cccc1Cl,278.138,4.214200000000003,0.0,0.0,0.0,,1.0,1.0,0.0,1.0,0.0,0.0,,0.0
CCCCCSCCCCC,174.35299999999998,4.100000000000004,0.0,0.0,0.0,0.0,0.0,0.0,0.0,0.0,0.0,0.0,0.0,0.0
C=CC(=O)OCC(COC(=O)C=C)(COC(=O)C=C)COC(=O)C=C,352.33900000000017,0.8895999999999997,0.0,,,,,1.0,1.0,,1.0,,,
CSc1c(Cl)c(Cl)c(Cl)c(Cl)c1Cl,296.433,5.6755,0.0,0.0,0.0,0.0,0.0,0.0,0.0,,0.0,0.0,,0.0
CC(S)C(C)S,122.258,1.6229999999999998,0.0,0.0,0.0,0.0,0.0,0.0,0.0,0.0,0.0,0.0,0.0,0.0
O=C(Nc1ccccc1)N(Cc1ccc(Cl)cc1)C1CCCC1,328.84300000000013,5.3167000000000035,0.0,0.0,1.0,0.0,0.0,0.0,,,,0.0,1.0,
CCCC(Cn1cncn1)c1ccc(Cl)cc1Cl,284.19,4.168800000000003,0.0,0.0,,1.0,,0.0,,1.0,,0.0,,
CC(=O)c1ccc[nH]1,109.12799999999997,1.2173,0.0,0.0,0.0,,0.0,0.0,0.0,0.0,0.0,0.0,0.0,0.0
CC(=O)c1cnccn1,122.12699999999998,0.6792,0.0,0.0,0.0,0.0,0.0,0.0,0.0,0.0,0.0,0.0,0.0,0.0
CCCCCC/C=C/C=O,140.22599999999997,2.711900000000001,0.0,0.0,0.0,0.0,0.0,0.0,0.0,0.0,0.0,0.0,0.0,0.0
COC(=O)c1ccccc1OC,166.17599999999996,1.4818,0.0,0.0,0.0,0.0,0.0,0.0,0.0,0.0,0.0,0.0,0.0,0.0
CCc1ccc(C=O)cc1,134.17799999999997,2.0615,0.0,0.0,0.0,0.0,0.0,0.0,0.0,0.0,0.0,0.0,0.0,0.0
CC(C)(C)C1CCCCC1=O,154.253,2.791800000000001,0.0,0.0,0.0,0.0,0.0,0.0,0.0,0.0,0.0,0.0,0.0,0.0
CCOP(=S)(OCC)SCSc1cc(Cl)ccc1Cl,377.32000000000005,6.073700000000003,0.0,0.0,0.0,0.0,,0.0,0.0,0.0,0.0,0.0,0.0,0.0
CCCC(=O)OC,102.13299999999998,0.9595,0.0,0.0,0.0,0.0,0.0,0.0,0.0,0.0,0.0,0.0,0.0,0.0
CC(CN(CCN(CC(C)OCCO)CC(C)OCCO)CC(C)OCCO)OCCO,468.63200000000035,-0.8199999999999936,0.0,0.0,0.0,0.0,0.0,0.0,0.0,1.0,0.0,0.0,0.0,0.0
CNC(=O)c1ccccc1Sc1ccc2c(/C=C/c3ccccn3)n[nH]c2c1,386.48,4.639100000000004,,,,,,,,1.0,,0.0,,
CCN(CC)CCCN(c1ccccc1)C1Cc2ccccc2C1,322.4960000000001,4.392300000000004,0.0,,,,,0.0,,0.0,,0.0,,
CO.COc1cc(Nc2c(C#N)cnc3cc(OCCCN4CCN(C)CC4)c(OC)cc23)c(Cl)cc1Cl,562.4980000000004,4.798880000000004,0.0,,,,,,,,,,1.0,1.0
COC(=O)C1=C(C)NC(C)=C(C(=O)O[C@@H]2CCCN(Cc3ccccc3)C2)[C@@H]1c1cccc([N+](=O)[O-])c1,505.5710000000002,4.2104000000000035,0.0,0.0,,,0.0,0.0,,,0.0,0.0,1.0,0.0
COCCCOc1cc(C[C@@H](C[C@H](N)[C@@H](O)C[C@H](C(=O)NCC(C)(C)C(N)=O)C(C)C)C(C)C)ccc1OC,551.7690000000003,3.2935000000000043,0.0,0.0,0.0,0.0,0.0,0.0,0.0,0.0,0.0,0.0,0.0,0.0
CC(=O)Nc1ccc(S(=O)(=O)Nc2cc(C)on2)cc1,295.32,1.7422199999999999,0.0,0.0,0.0,0.0,0.0,0.0,0.0,0.0,0.0,0.0,0.0,0.0
C[C@@H](O[C@H]1OCCN(CC2=NC(=O)N=N2)[C@H]1C1CCC(F)CC1)c1cc(C(F)(F)F)cc(C(F)(F)F)c1,538.4640000000002,6.341300000000006,0.0,0.0,0.0,,,0.0,0.0,0.0,0.0,,,
CCCN(CCC)C(=O)Cc1c(-c2ccc(Cl)cc2)nc2ccc(Cl)cn12,404.34100000000007,5.4992000000000045,0.0,0.0,,0.0,0.0,0.0,0.0,,0.0,0.0,,0.0
CC1(C)N=C(N)N=C(N)N1c1ccc(Cl)cc1,251.72100000000003,1.5255000000000003,0.0,0.0,,0.0,,0.0,,,0.0,,0.0,
NC(=O)COCCN1CCN(C(c2ccccc2)c2ccc(Cl)cc2)CC1,387.9110000000002,2.5489000000000015,0.0,0.0,0.0,0.0,0.0,0.0,0.0,0.0,0.0,0.0,,0.0
CCNc1nc(Cl)nc(NCC)n1,201.661,1.3885999999999998,0.0,0.0,0.0,0.0,0.0,0.0,0.0,0.0,0.0,0.0,0.0,0.0
CCN(CC)CCOc1ccc(-c2nc3cc(Cl)ccc3s2)cc1,360.91,5.337300000000004,0.0,,1.0,,,0.0,,,,,,
C=C1CC[C@H](O)C/C1=C/C=C1\CCC[C@@]2(C)[C@H]1CC[C@@H]2[C@H](C)CC[C@@H](O)C(C)(C)O,416.6460000000002,5.704700000000007,0.0,0.0,0.0,0.0,,0.0,,,0.0,,1.0,
O=[Se]=O,110.95799999999998,-0.6184000000000001,0.0,,0.0,0.0,,0.0,0.0,1.0,,0.0,,1.0
Oc1ccc2c(c1)OCO2,138.12199999999999,1.1208999999999998,1.0,1.0,0.0,,,,,0.0,0.0,0.0,0.0,0.0
CN1C(=O)CCS(=O)(=O)C1c1ccc(Cl)cc1,273.741,1.6155000000000002,0.0,0.0,0.0,0.0,0.0,0.0,0.0,0.0,0.0,0.0,0.0,0.0
S=C(SSSSSSC(=S)N1CCCCC1)N1CCCCC1,448.8420000000005,6.502200000000005,0.0,0.0,,,0.0,0.0,,,1.0,1.0,,0.0
ClC/C=C\CCl,124.998,2.0202,0.0,0.0,0.0,0.0,0.0,0.0,0.0,,0.0,0.0,0.0,0.0
CCc1ncnc2cc(OC)c(OC)cc12,218.25599999999997,2.2093999999999996,0.0,0.0,0.0,0.0,0.0,0.0,0.0,,0.0,,0.0,0.0
CC(C)(C)C(=O)C(=O)O,130.143,0.6861999999999999,0.0,0.0,0.0,0.0,0.0,0.0,0.0,0.0,0.0,0.0,0.0,0.0
Cc1c(N)cccc1N,122.17099999999998,1.1594200000000001,0.0,0.0,1.0,0.0,0.0,0.0,0.0,0.0,0.0,0.0,1.0,0.0
CCOC(=O)NC(O)C(Cl)(Cl)Cl,236.482,1.4211,0.0,0.0,0.0,0.0,0.0,0.0,0.0,0.0,0.0,0.0,0.0,0.0
CC(=O)[C@@]1(O)CC[C@H]2[C@@H]3C=C(Cl)C4=CC(=O)CC[C@]4(C)[C@H]3CC[C@@]21C,362.89700000000016,4.180900000000004,1.0,1.0,0.0,,1.0,0.0,0.0,,0.0,,,0.0
O=NN1CCCCCC1,128.175,1.5438,0.0,0.0,0.0,0.0,0.0,0.0,0.0,0.0,0.0,0.0,0.0,0.0
O=S(=O)(O)c1ccccc1,158.178,0.9333000000000001,0.0,0.0,0.0,0.0,0.0,0.0,0.0,0.0,0.0,0.0,0.0,0.0
CC[C@@H](C)CCCCC(=O)N[C@H](CCN)C(=O)N[C@@H](C(=O)N[C@H](CCN)C(=O)N[C@@H]1CCNC(=O)C([C@@H](C)O)NC(=O)[C@@H](CCN)NC(=O)[C@@H](CCN)NC(=O)[C@@H](CC(C)C)NC(=O)[C@@H](Cc2ccccc2)NC(=O)[C@@H](CCN)NC1=O)[C@@H](C)O,1203.499,-5.244800000000006,0.0,0.0,0.0,0.0,0.0,0.0,0.0,,0.0,,0.0,0.0
NCCc1cc(O)c(O)cc1O,169.17999999999998,0.3045999999999998,,,,,,,,,,0.0,,
NC(=O)c1cc([N+](=O)[O-])cc([N+](=O)[O-])c1,211.13299999999998,0.6018999999999999,0.0,0.0,0.0,0.0,,0.0,0.0,1.0,0.0,0.0,0.0,0.0
COc1cccc(OC)c1C(=O)N[C@@H]1C(=O)N2[C@@H](C(=O)[O-])C(C)(C)S[C@H]12,379.41400000000016,-0.3855999999999993,0.0,0.0,0.0,0.0,1.0,0.0,0.0,1.0,0.0,0.0,0.0,0.0
OC[C@H]1O[C@](O)(CO)[C@@H](O)[C@@H]1O[C@@H]1O[C@H](CO)[C@H](O)[C@H](O)[C@H]1O,342.297,-5.395599999999993,0.0,0.0,0.0,0.0,0.0,0.0,0.0,0.0,0.0,0.0,0.0,0.0
O=[N+]([O-])O[C@H]1CO[C@H]2[C@@H]1OC[C@H]2O[N+](=O)[O-],236.13599999999997,-1.0622000000000003,0.0,0.0,0.0,0.0,,0.0,0.0,0.0,0.0,0.0,0.0,0.0
CC(C(=O)O)c1ccc(N2Cc3ccccc3C2=O)cc1,281.311,3.0351000000000017,0.0,,,1.0,1.0,,0.0,,1.0,,0.0,0.0
Oc1cc2c(cc1O)[C@H]1c3ccc(O)c(O)c3OC[C@@]1(O)C2,302.2820000000001,1.3204999999999993,0.0,,0.0,,,0.0,0.0,0.0,0.0,,0.0,0.0
ClC1=C(Cl)C2(Cl)C3C(Cl)C=CC3C1(Cl)C2(Cl)Cl,373.321,5.241500000000001,0.0,0.0,0.0,,0.0,0.0,0.0,1.0,0.0,,1.0,
COC1=CC(=O)O[C@@H](/C=C/c2ccc3c(c2)OCO3)C1,274.27200000000005,2.2743,0.0,,1.0,,,0.0,0.0,,0.0,0.0,,0.0
COC1=CC(=O)C[C@@H](C)[C@]12Oc1c(Cl)c(OC)cc(OC)c1C2=O,352.7700000000001,2.8103000000000007,0.0,0.0,0.0,1.0,0.0,0.0,1.0,,1.0,0.0,0.0,1.0
CCN(Cc1cccc(S(=O)(=O)[O-])c1)c1ccc(C(=C2C=CC(=[N+](CC)Cc3cccc(S(=O)(=O)[O-])c3)C=C2)c2ccc(O)cc2S(=O)(=O)[O-])cc1,762.8840000000004,4.732500000000006,0.0,0.0,0.0,,,0.0,0.0,0.0,0.0,0.0,,0.0
COC(=O)CS,106.146,0.08919999999999989,0.0,0.0,0.0,0.0,0.0,0.0,0.0,0.0,0.0,0.0,0.0,
CCCN1CCCC[C@H]1C(=O)Nc1c(C)cccc1C,274.408,3.5064400000000013,0.0,0.0,0.0,0.0,0.0,0.0,0.0,0.0,0.0,0.0,,0.0
O=C([O-])C(F)(F)C(F)(F)C(F)(F)C(F)(F)C(F)(F)C(F)(F)C(F)(F)F,413.0559999999999,3.1103999999999994,0.0,0.0,0.0,,0.0,0.0,0.0,1.0,0.0,0.0,0.0,0.0
O=S(=O)([O-])C(F)(F)C(F)(F)C(F)(F)C(F)(F)C(F)(F)C(F)(F)F,399.1039999999999,3.2279,0.0,0.0,0.0,0.0,0.0,0.0,0.0,0.0,0.0,0.0,,0.0
CC1(C)[C@H]2CC[C@](C)(C2)[C@H]1O,154.25300000000001,2.1935000000000007,0.0,0.0,0.0,0.0,0.0,0.0,0.0,0.0,0.0,0.0,0.0,0.0
CC(C)c1c(C(=O)Nc2ccccc2)c(-c2ccccc2)c(-c2ccc(F)cc2)n1CC[C@@H](O)C[C@@H](O)CC(=O)[O-].CC(C)c1c(C(=O)Nc2ccccc2)c(-c2ccccc2)c(-c2ccc(F)cc2)n1CC[C@@H](O)C[C@@H](O)CC(=O)[O-],1115.284,9.9578,0.0,0.0,0.0,1.0,1.0,0.0,0.0,,0.0,0.0,,0.0
CCOC(=O)C(C)C(C)=O,144.16999999999996,0.7746,0.0,0.0,0.0,0.0,0.0,0.0,0.0,0.0,0.0,0.0,0.0,0.0
ClCC(Br)CBr,236.33399999999997,2.3836000000000004,0.0,0.0,0.0,0.0,0.0,0.0,0.0,0.0,0.0,0.0,,0.0
c1ccc2c(c1)Oc1ccccc1O2,184.194,3.584600000000002,0.0,0.0,0.0,0.0,0.0,0.0,0.0,0.0,0.0,0.0,0.0,0.0
BrCCBr,187.862,1.7762,0.0,0.0,0.0,0.0,0.0,0.0,0.0,0.0,0.0,0.0,0.0,0.0
CCCCCCCCCCCOC(=O)c1ccccc1C(=O)OCCCCCCCCCCC,474.7260000000005,9.061800000000002,0.0,0.0,0.0,0.0,1.0,0.0,0.0,0.0,0.0,0.0,0.0,0.0
C=Cc1ccccc1C=C,130.18999999999997,2.9726000000000017,0.0,0.0,0.0,0.0,0.0,0.0,0.0,0.0,0.0,0.0,0.0,0.0
CCCCCCCCC/C=C/CC1CC(=O)OC1=O,266.381,4.163100000000004,0.0,0.0,0.0,0.0,0.0,0.0,,1.0,0.0,0.0,0.0,0.0
NCCCN1CCN(CCCN)CC1,200.32999999999993,-0.6983999999999977,0.0,0.0,0.0,0.0,0.0,0.0,0.0,0.0,0.0,0.0,0.0,0.0
C=CC(C)(O)CCC=C(C)CCC=C(C)C,222.37199999999996,4.396300000000004,0.0,0.0,0.0,,0.0,0.0,0.0,0.0,0.0,0.0,1.0,0.0
CCCCCCCCCCCCOCCO,230.39199999999994,3.916200000000003,0.0,0.0,0.0,,0.0,0.0,0.0,0.0,0.0,1.0,0.0,0.0
CCCCCCCCCC(CC)c1ccc(S(=O)(=O)[O-])cc1,325.4940000000001,5.225000000000005,0.0,0.0,0.0,0.0,0.0,0.0,0.0,1.0,0.0,0.0,0.0,0.0
Cc1cc2c(C(C)C)c(O)c(O)c(C=O)c2c(O)c1-c1c(C)cc2c(C(C)C)c(O)c(O)c(C=O)c2c1O,518.5620000000004,6.382240000000009,0.0,,0.0,,,0.0,0.0,,1.0,,1.0,
CN(C(=O)CN(CCO)CC(=O)N(C)C(C)(C)Cc1ccccc1)C(C)(C)Cc1ccccc1,467.6540000000002,3.2401000000000018,0.0,0.0,0.0,0.0,0.0,0.0,0.0,0.0,0.0,0.0,,0.0
c1ccc(COCc2ccccc2)cc1,198.26500000000001,3.403400000000002,0.0,0.0,0.0,0.0,0.0,0.0,0.0,0.0,0.0,0.0,0.0,0.0
COc1ccccc1OCC(O)CO,198.21799999999996,0.4272000000000001,0.0,0.0,0.0,0.0,0.0,0.0,0.0,0.0,0.0,0.0,0.0,0.0
CCCCCc1cc(O)cc(O)c1,180.24699999999999,2.8305000000000016,0.0,0.0,1.0,,0.0,0.0,0.0,1.0,0.0,0.0,1.0,
CCCCCCCC/C=C\CCCCCCCC(=O)OC,296.49499999999995,6.1969000000000065,0.0,0.0,0.0,0.0,,,0.0,0.0,0.0,0.0,0.0,0.0
O=C(O)C(=O)O,90.03399999999999,-0.8443999999999998,0.0,0.0,0.0,0.0,,0.0,0.0,0.0,0.0,0.0,0.0,0.0
O=C(O)c1cc(O)nc(O)n1,156.097,-0.4140000000000001,0.0,0.0,0.0,0.0,0.0,0.0,0.0,0.0,0.0,0.0,0.0,0.0
Cc1ccccc1C(OCCN(C)C)c1ccccc1,269.388,3.662620000000003,0.0,0.0,0.0,0.0,0.0,0.0,0.0,,0.0,0.0,,0.0
O=C1O[C@H](CO)[C@@H](O)[C@H](O)[C@H]1O,178.14000000000001,-3.0132000000000008,0.0,0.0,0.0,0.0,0.0,0.0,0.0,0.0,0.0,0.0,0.0,0.0
CN(C)Cc1cc(CN(C)C)c(O)c(CN(C)C)c1,265.40099999999995,1.577,0.0,0.0,0.0,0.0,0.0,0.0,0.0,,0.0,0.0,0.0,0.0
IC(I)=C(I)I,531.6379999999999,3.8529999999999998,0.0,,,,,0.0,,,,,1.0,1.0
O=P([O-])([O-])OP(=O)([O-])[O-],173.941,-3.3396000000000003,0.0,0.0,,0.0,1.0,0.0,0.0,,0.0,,0.0,0.0
CC(C)NC[C@@H](O)COc1cccc2ccccc12,259.34900000000005,2.5775000000000006,0.0,0.0,,0.0,0.0,0.0,0.0,0.0,0.0,0.0,,0.0
CC(=O)OCC(=O)[C@@]12OC(C)(C)O[C@@H]1C[C@H]1[C@@H]3C[C@H](F)C4=CC(=O)C=C[C@]4(C)[C@@]3(F)[C@@H](O)C[C@@]12C,494.53100000000023,2.9376000000000015,1.0,0.0,,,,,0.0,0.0,,0.0,0.0,0.0
CC(=O)OCC(=O)[C@@]1(O)CC[C@H]2[C@@H]3CCC4=CC(=O)C=C[C@]4(C)[C@@]3(F)[C@@H](O)C[C@@]21C,420.47700000000015,2.2205000000000004,1.0,1.0,,,0.0,0.0,0.0,0.0,0.0,0.0,0.0,0.0
CNC(=O)ON=C(CSC)C(C)(C)C,218.32199999999997,2.1075,0.0,0.0,0.0,0.0,0.0,0.0,0.0,0.0,0.0,0.0,,0.0
O=c1nn[nH]c2ccccc12,147.13699999999997,0.31809999999999966,0.0,0.0,0.0,0.0,0.0,0.0,0.0,0.0,0.0,0.0,0.0,0.0
Nc1ccc2cc(S(=O)(=O)O)cc(O)c2c1,239.252,1.3743,0.0,0.0,1.0,0.0,0.0,0.0,0.0,0.0,0.0,0.0,0.0,0.0
CCOC(=O)COc1cc(-n2ncc(C(F)(F)F)c(C)c2=O)c(F)cc1Cl,408.7350000000001,3.294120000000002,0.0,0.0,0.0,0.0,0.0,0.0,0.0,0.0,0.0,0.0,0.0,0.0
CCCCOC(=O)C(C)Oc1ccc(Oc2ccc(C(F)(F)F)cn2)cc1,383.366,5.003300000000005,0.0,0.0,0.0,1.0,0.0,0.0,0.0,0.0,0.0,0.0,0.0,0.0
COc1nn(C(=O)[N-]S(=O)(=O)c2ccccc2OC(F)(F)F)c(=O)n1C,395.2950000000001,1.2197,0.0,0.0,0.0,0.0,0.0,0.0,0.0,0.0,0.0,0.0,0.0,0.0
CCCCCOC(=O)c1ccccc1C(=O)OCCCCC,306.4020000000001,4.380600000000004,0.0,0.0,0.0,0.0,0.0,0.0,0.0,0.0,0.0,0.0,0.0,0.0
CCCOC(=O)c1ccccc1C(=O)OCCC,250.29399999999993,2.8202000000000016,0.0,0.0,0.0,0.0,0.0,0.0,0.0,0.0,0.0,0.0,0.0,0.0
CCc1ccc(C(=O)NN(C(=O)c2cc(C)cc(C)c2)C(C)(C)C)cc1,352.47800000000007,4.451540000000004,0.0,0.0,0.0,0.0,0.0,0.0,0.0,1.0,0.0,0.0,,0.0
c1nc[n-]n1,68.059,-0.5662,0.0,0.0,1.0,0.0,0.0,,0.0,0.0,0.0,0.0,0.0,0.0
CCCCCCCCS,146.299,3.276700000000003,,0.0,0.0,,0.0,0.0,0.0,0.0,0.0,0.0,0.0,0.0
N#CCCSCCC#N,140.21099999999998,1.54696,0.0,0.0,0.0,0.0,,0.0,0.0,0.0,0.0,0.0,0.0,0.0
CCOC(=O)C1=C[C@]2(CC)CCCN3CCc4c(n1c1ccccc41)[C@@H]32,350.462,4.148300000000003,0.0,0.0,0.0,0.0,0.0,0.0,0.0,0.0,0.0,0.0,,0.0
Cc1nnc2n1-c1ccc(Cl)cc1C(c1ccccc1Cl)=NC2,343.21700000000004,4.233520000000002,0.0,0.0,0.0,0.0,,0.0,0.0,,0.0,,0.0,0.0
CCOc1ccc2c3c1O[C@H]1[C@@H](O)C=C[C@H]4[C@@H](C2)N(C)CC[C@]314,313.3970000000001,1.8911999999999998,0.0,0.0,0.0,0.0,0.0,0.0,0.0,,0.0,,0.0,0.0
CC(=O)Oc1ccc2c3c1O[C@H]1[C@@H](OC(C)=O)C=C[C@H]4[C@@H](C2)N(C)CC[C@]314,369.41700000000014,1.9886,0.0,0.0,0.0,0.0,0.0,0.0,0.0,,0.0,,0.0,0.0
CCC(=O)O[C@]1(c2ccccc2)CCN(C)C[C@H]1C,261.36499999999995,2.806700000000001,0.0,0.0,0.0,0.0,0.0,0.0,0.0,,0.0,,0.0,0.0
CC(C)Cn1cnc2c1c(=O)n(C)c(=O)n2C,236.27499999999998,0.08969999999999989,0.0,0.0,0.0,0.0,0.0,0.0,0.0,0.0,0.0,0.0,0.0,0.0
Brc1c2ccccc2c(Br)c2ccccc12,336.02600000000007,5.518000000000002,0.0,,0.0,0.0,0.0,,1.0,1.0,0.0,1.0,,1.0
Cc1nc2ccccc2c(=O)o1,161.15999999999994,1.49642,0.0,0.0,,,0.0,0.0,0.0,0.0,0.0,0.0,0.0,0.0
CCn1cc[n+](C)c1.COS(=O)(=O)[O-],222.266,-0.5744999999999996,0.0,0.0,0.0,0.0,0.0,0.0,0.0,0.0,0.0,0.0,,0.0
CCOC(=O)c1ccc(I)cc1,276.073,2.4679,,0.0,0.0,,0.0,0.0,0.0,0.0,0.0,0.0,0.0,0.0
C/C=C(\C)C=O,84.11799999999998,1.1515,0.0,0.0,0.0,0.0,0.0,0.0,0.0,0.0,0.0,0.0,0.0,0.0
CN(C)c1ccc(CCO)cc1,165.236,1.2873999999999999,0.0,0.0,,0.0,0.0,0.0,0.0,0.0,0.0,0.0,0.0,0.0
O=C1c2ccccc2-c2ccccc21,180.206,2.8980000000000015,0.0,0.0,0.0,0.0,0.0,0.0,0.0,0.0,0.0,0.0,,0.0
CNC(=O)Oc1ccccc1C(C)C,193.24599999999998,2.528200000000001,0.0,0.0,0.0,0.0,0.0,0.0,0.0,0.0,0.0,0.0,0.0,0.0
CC(C)c1ccc(NC(=O)N(C)C)cc1,206.289,2.903500000000001,0.0,0.0,1.0,,,0.0,0.0,0.0,0.0,0.0,0.0,0.0
Cc1ccc(C(C)C)cc1O,150.221,2.8240200000000013,0.0,0.0,0.0,0.0,0.0,0.0,0.0,0.0,0.0,0.0,,0.0
CCOCCOCCOCCO,178.22799999999998,0.04839999999999983,0.0,0.0,0.0,0.0,0.0,0.0,0.0,0.0,0.0,0.0,0.0,0.0
CC(Cl)C(Cl)Cl,147.43200000000002,2.4174000000000007,0.0,0.0,0.0,0.0,0.0,0.0,0.0,0.0,0.0,0.0,0.0,0.0
CCN(CC)CC,101.193,1.3481,0.0,0.0,0.0,0.0,0.0,0.0,0.0,0.0,0.0,0.0,0.0,0.0
CCCCCCCCCCCCCCCC/C=C/C1CC(=O)OC1=O,350.54300000000006,6.503700000000007,0.0,0.0,0.0,0.0,0.0,0.0,0.0,,0.0,0.0,,0.0
C#CC(C)(O)CC(C)C,126.19899999999997,1.4167,,0.0,0.0,0.0,0.0,0.0,0.0,0.0,0.0,0.0,0.0,0.0
CC(=O)Nc1ccc(C)cc1,149.19299999999998,1.95342,,0.0,0.0,0.0,,0.0,0.0,0.0,0.0,0.0,,0.0
CCOP(=S)(OCC)SCn1nnc2ccccc2c1=O,345.3860000000001,2.779700000000001,0.0,0.0,,,,,0.0,1.0,0.0,0.0,,0.0
CC(C)Nc1nc(N)nc(Cl)n1,187.63400000000001,0.9275,0.0,0.0,0.0,0.0,0.0,0.0,0.0,0.0,0.0,0.0,0.0,0.0
CCNc1nc(N)nc(Cl)n1,173.60700000000003,0.5389999999999999,0.0,0.0,0.0,0.0,0.0,0.0,0.0,0.0,0.0,0.0,0.0,0.0
CCNc1nc(NC(C)C)nc(OC)n1,211.26899999999998,1.1322999999999996,0.0,0.0,,0.0,0.0,0.0,0.0,0.0,0.0,0.0,,0.0
O=C1CCCCCCCCCCCCCC1,224.38799999999992,5.030500000000004,0.0,0.0,0.0,,0.0,0.0,0.0,0.0,0.0,0.0,1.0,0.0
CCC(=O)C=Cc1ccc(OC)cc1,190.24199999999996,2.687500000000001,0.0,0.0,0.0,0.0,0.0,0.0,0.0,0.0,0.0,0.0,0.0,0.0
CC(C)(Cl)[N+](=O)[O-],123.539,1.2379999999999998,0.0,0.0,0.0,0.0,0.0,0.0,0.0,0.0,0.0,0.0,,0.0
O=[N+]([O-])c1cc(C(F)(F)F)ccc1Cl,225.553,3.2670000000000003,0.0,0.0,0.0,0.0,0.0,0.0,0.0,0.0,0.0,0.0,0.0,0.0
CC1=C(O)C(=O)CO1,114.1,0.37520000000000003,0.0,0.0,0.0,0.0,0.0,0.0,0.0,,0.0,0.0,,0.0
C=CC(=C)CCCC(C)(C)OC(C)=O,196.29,3.2406000000000024,0.0,0.0,0.0,0.0,0.0,0.0,0.0,0.0,0.0,0.0,0.0,0.0
C=CC(C)(O)CC/C=C(\C)CC,168.27999999999997,3.0599000000000016,0.0,0.0,0.0,0.0,0.0,0.0,0.0,0.0,0.0,0.0,0.0,0.0
CCC(=O)Oc1ccc(/C(CC)=C(\CC)c2ccc(OC(=O)CC)cc2)cc1,380.4840000000001,6.048200000000006,0.0,0.0,0.0,,1.0,1.0,0.0,,0.0,,1.0,1.0
CC(C)C1CCC(O)CC1,142.24199999999996,2.1935000000000002,0.0,0.0,0.0,0.0,,0.0,0.0,0.0,0.0,0.0,0.0,0.0
COc1cc(Cl)c(OC)cc1Cl,207.056,3.010600000000002,0.0,0.0,,0.0,0.0,0.0,0.0,0.0,0.0,0.0,,0.0
CC(C)CC=C(C=O)c1ccccc1,188.27,3.315000000000002,0.0,0.0,0.0,0.0,1.0,0.0,0.0,0.0,0.0,0.0,1.0,0.0
Clc1cccc2ccccc12,162.61899999999997,3.4932000000000016,0.0,0.0,0.0,0.0,1.0,0.0,0.0,0.0,0.0,0.0,0.0,0.0
CCC(Cl)[N+](=O)[O-],123.53899999999999,1.2379999999999998,0.0,0.0,,0.0,0.0,0.0,0.0,0.0,0.0,0.0,0.0,0.0
Sc1ccccc1Cl,144.62599999999998,2.6287000000000003,,,,,,,,0.0,,0.0,,
CCS(=O)(=O)c1ccc(OC)c(C(=O)OC)c1,258.29499999999996,1.2754,,,,,,,,0.0,,0.0,,
ClCc1cccc(Cl)c1,161.03099999999998,3.078800000000001,,,,,,,,0.0,,0.0,,
CCOC(=O)CN1CCCC1=O,171.19599999999997,0.17190000000000016,,,,,,,,0.0,,0.0,,
C/C(=C1\CCOC(=O)S1)N(C=O)Cc1cnc(C)nc1N,308.36300000000006,1.83062,,,,,,,,0.0,,0.0,,
CCCC(CCC)(C(=O)OCC)C(=O)OCC,244.33099999999993,2.699200000000001,,,,,,,,0.0,,0.0,,
Cc1cnc(NS(=O)(=O)c2ccc(N)cc2)nc1,264.31,1.1680199999999998,,,,,,,,0.0,,0.0,,
C=C(C)C(=O)OCC(O)CO,160.16899999999998,-0.5411000000000001,,,,,,,,0.0,,0.0,,
N#CSCC(=O)[O-],116.121,-1.04942,,,,,,,,0.0,,0.0,,
CCC(C(=O)O)c1ccc(N2Cc3ccccc3C2=O)cc1,295.33799999999997,3.425200000000002,,,,,,,,0.0,,0.0,,
CC(=O)OCC(C)OC(C)=O,160.16899999999998,0.5010999999999999,0.0,0.0,0.0,0.0,0.0,0.0,0.0,0.0,0.0,0.0,0.0,0.0
CC(C)CCCC(C)CC=O,156.269,3.0378000000000016,0.0,0.0,0.0,0.0,0.0,0.0,0.0,0.0,0.0,0.0,0.0,0.0
CC(C)(C)c1cccc(O)c1,150.22099999999998,2.689700000000001,0.0,0.0,0.0,0.0,0.0,0.0,0.0,0.0,0.0,0.0,1.0,0.0
CC1=CCC(O)(C(C)C)CC1,154.25299999999996,2.5037000000000003,0.0,0.0,0.0,0.0,,0.0,0.0,0.0,0.0,0.0,0.0,0.0
C=C(C)C(=O)[O-],85.08199999999998,-0.6876,0.0,0.0,0.0,0.0,0.0,0.0,0.0,0.0,0.0,0.0,0.0,0.0
CC(CCO)CCc1ccccc1,178.275,2.6377000000000006,0.0,0.0,0.0,0.0,0.0,0.0,0.0,0.0,0.0,0.0,0.0,0.0
CCOC(=O)C(C#N)=C(c1ccccc1)c1ccccc1,277.32300000000004,3.5751800000000022,0.0,0.0,0.0,0.0,1.0,1.0,0.0,0.0,0.0,0.0,,0.0
COc1ccc(C(=O)CC(=O)c2ccc(C(C)(C)C)cc2)cc1,310.393,4.448400000000004,0.0,0.0,,,0.0,,0.0,0.0,0.0,0.0,,0.0
C=CCCCCCCCCC(=O)OCC,212.33299999999997,3.8563000000000027,0.0,0.0,0.0,0.0,0.0,0.0,0.0,0.0,0.0,0.0,0.0,0.0
CCN(CC)CC(=O)OCC(=O)[C@@]1(O)CC[C@H]2[C@@H]3CCC4=CC(=O)CC[C@]4(C)[C@H]3[C@@H](O)C[C@@]21C,475.6260000000004,2.6742999999999997,,,,,,,,0.0,,0.0,,
CCO[C@H]1O[C@@H]2OC3(C)CC[C@H]4[C@H](C)CC[C@@H]([C@H]1C)[C@]42OO3,312.406,3.230900000000002,,,,,,,,0.0,,0.0,,
Fc1cc(Br)ccc1CBr,267.923,3.483100000000001,,,,,,,,0.0,,0.0,,
O=c1[nH]c(=O)n([C@H]2O[C@H](CO)[C@@H](O)[C@@H]2O)cc1/C=C\Br,349.137,-1.4862999999999988,,,,,,,,0.0,,0.0,,
CC(C)=CCNc1ncnc2c1ncn2[C@@H]1O[C@H](CO)[C@@H](O)[C@H]1O,335.3640000000001,-0.18410000000000037,,,,,,,,1.0,,0.0,,
CCCC(=O)O[C@]1(C(=O)CC)CC[C@H]2[C@@H]3CCC4=CC(=O)CC[C@]4(C)[C@H]3[C@@H](O)C[C@@]21C,430.5850000000002,4.5503000000000045,,,,,,,,0.0,,0.0,,
COc1ccc(/C(C)=C/C(=O)O)c(OC)c1,222.23999999999998,2.1917,,,,,,,,0.0,,0.0,,
CCOC(=O)C(O)c1ccccc1,180.203,1.2831000000000001,,,,,,,,0.0,,0.0,,
CC(CC(C#N)(c1ccccc1)C(C)C)N(C)C,244.382,3.444180000000002,,,,,,,,0.0,,0.0,,
O=C1NC(=O)c2cc([N+](=O)[O-])ccc21,192.13,0.47839999999999994,0.0,0.0,0.0,0.0,0.0,0.0,0.0,1.0,0.0,0.0,0.0,0.0
O=C1OC(=O)c2cc([N+](=O)[O-])ccc21,193.11399999999998,0.9054,0.0,0.0,0.0,0.0,0.0,0.0,0.0,0.0,0.0,0.0,0.0,0.0
O=c1[nH][nH]c(=O)c2cc([N+](=O)[O-])ccc12,207.14499999999998,0.12459999999999949,0.0,0.0,0.0,0.0,0.0,0.0,0.0,0.0,0.0,0.0,,0.0
Nc1ccc([N+](=O)[O-])c(N)c1,153.141,0.7592000000000001,0.0,0.0,,0.0,,0.0,0.0,0.0,0.0,0.0,,0.0
O=[N+]([O-])c1ccc(NCCO)c(OCCO)c1,242.23099999999997,0.37009999999999993,0.0,0.0,0.0,,0.0,0.0,0.0,0.0,0.0,0.0,0.0,0.0
O=S(=O)([O-])c1ccc(/N=N/c2c(O)ccc3cc(S(=O)(=O)[O-])ccc23)cc1,406.3970000000001,2.769000000000001,0.0,0.0,0.0,0.0,0.0,0.0,0.0,0.0,0.0,0.0,,0.0
CC(/C=C/C=C(\C)C(=O)O[C@@H]1O[C@H](CO[C@@H]2O[C@H](CO)[C@@H](O)[C@H](O)[C@H]2O)[C@@H](O)[C@H](O)[C@H]1O)=C\C=C\C=C(C)\C=C\C=C(/C)C(=O)O[C@@H]1O[C@H](CO[C@@H]2O[C@H](CO)[C@@H](O)[C@H](O)[C@H]2O)[C@@H](O)[C@H](O)[C@H]1O,976.9720000000004,-5.225199999999981,0.0,0.0,0.0,0.0,1.0,0.0,0.0,,0.0,,0.0,0.0
O=C([O-])c1[nH]n(-c2ccc(S(=O)(=O)[O-])cc2)c(=O)c1/N=N/c1ccc(S(=O)(=O)[O-])cc1,465.4010000000002,-0.24730000000000008,0.0,0.0,0.0,0.0,0.0,0.0,0.0,0.0,0.0,0.0,0.0,0.0
CCN(CC)CCCl,135.638,1.567,0.0,0.0,0.0,0.0,0.0,0.0,0.0,1.0,1.0,0.0,,
COC(=O)c1ccc2cc(C(=O)OC)ccc2c1,244.24599999999998,2.4130000000000003,0.0,0.0,,,0.0,0.0,0.0,0.0,0.0,,0.0,0.0
Cc1cccc[n+]1[O-],109.128,0.62842,0.0,0.0,0.0,0.0,0.0,0.0,0.0,0.0,0.0,0.0,,0.0
CC[N+](CC)(CC(=O)Nc1c(C)cccc1C)Cc1ccccc1.O=C([O-])c1ccccc1,446.5910000000001,4.348840000000004,0.0,0.0,0.0,0.0,0.0,0.0,0.0,0.0,0.0,0.0,,0.0
CCC(C)C1CCCCC1=O,154.253,2.791800000000001,0.0,0.0,0.0,0.0,0.0,0.0,0.0,0.0,0.0,0.0,0.0,0.0
NC1CCN(c2cccc(Cl)n2)CC1,211.69599999999994,1.6624999999999999,0.0,0.0,0.0,0.0,0.0,0.0,0.0,0.0,0.0,0.0,0.0,0.0
C#CCC(Cc1cnc2nc(N)nc(N)c2n1)c1ccc(C(=O)N[C@@H](CCC(=O)O)C(=O)O)cc1,477.4810000000002,0.9816000000000005,0.0,0.0,,0.0,0.0,0.0,,,,,0.0,1.0
C/C=C1\NC(=O)[C@H]2CSSCCC=C[C@H](CC(=O)N[C@H](C(C)C)C(=O)N2)OC(=O)[C@H](C(C)C)NC1=O,540.7080000000002,1.4296000000000009,0.0,,,1.0,,1.0,1.0,,1.0,,0.0,1.0
CC1CCC(CO)CC1,128.21499999999997,1.805,0.0,0.0,0.0,0.0,0.0,0.0,0.0,0.0,0.0,0.0,0.0,0.0
CCS(=O)(=O)C(C)(C)S(=O)(=O)CC,228.33499999999998,0.5919000000000003,0.0,0.0,0.0,0.0,0.0,0.0,0.0,0.0,0.0,0.0,0.0,0.0
NCCCC[C@H](NC(=O)[C@@H]1CCCN1C(=O)[C@@H]1CSSC[C@H](N)C(=O)N[C@@H](Cc2ccc(O)cc2)C(=O)N[C@@H](Cc2ccccc2)C(=O)N[C@@H](CCC(N)=O)C(=O)N[C@@H](CC(N)=O)C(=O)N1)C(=O)NCC(N)=O,1056.2389999999998,-4.329100000000012,0.0,0.0,0.0,0.0,0.0,0.0,0.0,,0.0,,0.0,0.0
CC(=O)SC[C@@H](C)C(=O)N1CCC[C@H]1C(=O)N[C@@H](Cc1ccccc1)C(=O)O,406.5040000000001,1.7052999999999994,0.0,0.0,0.0,0.0,0.0,0.0,0.0,0.0,0.0,0.0,0.0,0.0
CCC(C)(C)OC(=O)N[C@@H](Cc1c[nH]c2ccccc12)C(=O)N[C@@H](CCSC)C(=O)N[C@@H](CC(=O)O)C(=O)N[C@@H](Cc1ccccc1)C(N)=O,710.8540000000002,2.404000000000004,0.0,0.0,0.0,0.0,0.0,0.0,0.0,,0.0,,0.0,0.0
Nc1c2c(nc3ccccc13)CCCC2O,214.26799999999994,2.1867000000000005,0.0,0.0,0.0,0.0,0.0,0.0,0.0,0.0,0.0,0.0,0.0,0.0
N=C(N)NC(=O)Cc1c(Cl)cccc1Cl,246.097,1.5455700000000003,0.0,0.0,0.0,0.0,0.0,0.0,0.0,0.0,0.0,0.0,0.0,0.0
O=c1c2ccccc2[se]n1-c1ccccc1,274.181,2.0477,0.0,0.0,,,,0.0,0.0,,0.0,,1.0,0.0
O=C(O)CN(CCOCCOCCN(CC(=O)O)CC(=O)O)CC(=O)O,380.35000000000014,-2.037999999999993,,,,,,,,0.0,,0.0,,
O=C1NCN(c2ccccc2)C12CCN(CCCC(c1ccc(F)cc1)c1ccc(F)cc1)CC2,475.58300000000014,5.305400000000005,0.0,0.0,0.0,0.0,,0.0,0.0,,,,,
Cc1nc2c([nH]1)c(=O)n(C)c(=O)n2Cc1ccco1,260.253,0.37301999999999924,0.0,0.0,,,0.0,0.0,0.0,0.0,0.0,0.0,0.0,0.0
ClC1=C(Cl)[C@]2(Cl)[C@H]3[C@H](C4C=C[C@H]3C4)C1(Cl)C2(Cl)Cl,364.914,5.270200000000002,0.0,0.0,0.0,0.0,0.0,0.0,0.0,0.0,0.0,0.0,1.0,
NC(=O)NC1NC(=O)NC1=O,158.117,-2.1798,1.0,0.0,0.0,0.0,0.0,0.0,0.0,0.0,0.0,0.0,0.0,0.0
C=CCO,58.08,0.1647,0.0,0.0,0.0,0.0,0.0,0.0,0.0,0.0,0.0,0.0,0.0,0.0
C=CCCl,76.526,1.4112,0.0,0.0,0.0,0.0,1.0,,0.0,0.0,0.0,0.0,0.0,0.0
C=CCOCC1CO1,114.14399999999999,0.5878,0.0,0.0,0.0,0.0,0.0,0.0,0.0,0.0,0.0,0.0,0.0,0.0
C=CCN=C=S,99.15799999999999,1.2752,0.0,0.0,0.0,0.0,0.0,0.0,0.0,0.0,0.0,0.0,0.0,0.0
C=CCOC(=O)CC(C)C,142.19799999999998,1.7617,0.0,0.0,0.0,0.0,0.0,0.0,0.0,0.0,0.0,0.0,0.0,0.0
[S-]c1nc2ccccc2s1,166.24999999999997,2.2020999999999997,0.0,0.0,1.0,,0.0,0.0,1.0,,0.0,1.0,1.0,0.0
CCCCNCC,101.19299999999998,1.396,0.0,0.0,0.0,0.0,0.0,0.0,0.0,0.0,0.0,0.0,0.0,0.0
Cc1[nH]c(=O)c(C#N)cc1-c1ccncc1,211.22400000000002,1.617,0.0,0.0,0.0,0.0,0.0,0.0,0.0,0.0,0.0,0.0,0.0,0.0
CN1CCN2c3ncccc3Cc3ccccc3C2C1,265.36,2.4789000000000003,0.0,0.0,0.0,0.0,0.0,0.0,0.0,,0.0,,0.0,0.0
CC#C[C@]1(O)CC[C@H]2[C@@H]3CCC4=CC(=O)CCC4=C3[C@@H](c3ccc(N(C)C)cc3)C[C@@]21C,429.6040000000001,5.406500000000006,1.0,0.0,0.0,,,0.0,,1.0,,0.0,1.0,1.0
Cc1cccc2cccnc12,143.18899999999996,2.5432200000000007,0.0,0.0,0.0,0.0,0.0,0.0,0.0,0.0,0.0,0.0,0.0,0.0
O=S([O-])CO,95.09899999999999,-1.1846999999999999,0.0,0.0,0.0,0.0,,0.0,0.0,0.0,0.0,0.0,0.0,0.0
Cc1ccc2ncccc2c1,143.189,2.5432200000000007,0.0,0.0,0.0,0.0,0.0,0.0,0.0,0.0,0.0,0.0,0.0,0.0
COC(=O)C(c1ccccc1)C1CCCCN1,233.31099999999995,2.0852999999999997,0.0,0.0,0.0,0.0,0.0,0.0,0.0,0.0,0.0,0.0,0.0,0.0
NC(=O)CS(=O)C(c1ccccc1)c1ccccc1,273.357,2.01,0.0,0.0,0.0,0.0,0.0,0.0,0.0,0.0,0.0,0.0,0.0,0.0
CCSC(=O)Cl,124.592,2.0983,,,0.0,0.0,,0.0,0.0,1.0,0.0,0.0,0.0,0.0
Oc1ccc(Cl)cc1,128.558,2.0456,0.0,0.0,0.0,0.0,0.0,0.0,0.0,0.0,0.0,0.0,1.0,0.0
Cc1ccc(N)cc1,107.156,1.5772199999999998,0.0,0.0,1.0,0.0,1.0,0.0,0.0,0.0,0.0,0.0,0.0,0.0
C=CC(=O)OCC(C)C,128.17099999999996,1.3716,0.0,0.0,0.0,0.0,0.0,0.0,0.0,0.0,0.0,0.0,0.0,0.0
CCCBr,122.993,1.7913000000000001,0.0,0.0,0.0,0.0,0.0,0.0,0.0,0.0,0.0,0.0,0.0,0.0
OCCCl,80.51400000000001,0.21749999999999997,0.0,0.0,0.0,0.0,0.0,0.0,0.0,0.0,0.0,0.0,0.0,0.0
CCC#N,55.07999999999999,0.91998,0.0,0.0,0.0,0.0,0.0,0.0,0.0,0.0,0.0,0.0,0.0,0.0
CCc1cc(Cc2cc(CC)cc(C(C)(C)C)c2O)c(O)c(C(C)(C)C)c1,368.5610000000001,6.408400000000008,0.0,,0.0,,,,,,,,1.0,
CCCC(C)C1(CC)C(=O)N=C([S-])NC1=O,241.336,1.3782999999999999,0.0,0.0,0.0,0.0,0.0,0.0,0.0,0.0,0.0,0.0,0.0,0.0
CCC(=O)OCCc1ccccc1,178.23100000000002,2.1822999999999997,0.0,0.0,0.0,,0.0,0.0,0.0,,0.0,0.0,0.0,0.0
CC1(C)C(=O)NC(=O)N1CO,158.15699999999998,-0.7334,0.0,0.0,0.0,0.0,,0.0,0.0,0.0,0.0,0.0,0.0,0.0
C#C[C@]1(OC(C)=O)CC[C@H]2[C@@H]3CCC4=C[C@@H](OC(C)=O)CC[C@@H]4[C@H]3CC[C@@]21C,384.51600000000025,4.425900000000004,1.0,1.0,0.0,1.0,1.0,1.0,0.0,1.0,0.0,0.0,1.0,1.0
CCc1cccc2c3c([nH]c12)C(CC)(CC(=O)O)OCC3,287.35900000000004,3.383000000000002,0.0,0.0,0.0,0.0,0.0,0.0,0.0,1.0,0.0,0.0,0.0,0.0
CCN(CC)CCOc1ccc(C(=C(Cl)c2ccccc2)c2ccccc2)cc1.O=C(O)CC(O)(CC(=O)O)C(=O)O,598.0920000000003,5.314100000000005,0.0,,0.0,1.0,,0.0,,,0.0,,,
CCOC(=O)C(C)(C)Oc1ccc(Cl)cc1,242.702,3.060500000000001,0.0,0.0,0.0,0.0,1.0,0.0,0.0,0.0,0.0,0.0,0.0,0.0
O=C(O)CC(O)(CC(=O)O)C(=O)O,192.123,-1.2484999999999995,0.0,0.0,0.0,0.0,0.0,0.0,0.0,0.0,0.0,0.0,0.0,0.0
CC(C)(Oc1ccc(C2CC2(Cl)Cl)cc1)C(=O)O,289.158,3.589800000000003,0.0,0.0,0.0,0.0,0.0,0.0,1.0,0.0,0.0,0.0,0.0,0.0
Nc1ccccc1C(=O)OCC=Cc1ccccc1,253.30100000000002,3.139000000000002,0.0,0.0,1.0,,,0.0,0.0,,0.0,,,0.0
CCCCCCCCCCCC[N+](C)(C)CC(=O)[O-],271.44499999999994,2.733600000000001,0.0,0.0,0.0,0.0,0.0,0.0,0.0,,0.0,0.0,0.0,0.0
CCCCCCCCC(CO)CCCCCC,242.44699999999992,5.315900000000005,0.0,0.0,0.0,0.0,0.0,0.0,0.0,0.0,0.0,0.0,0.0,0.0
Cc1c(Cl)cccc1[N+](=O)[O-],171.58299999999997,2.5566200000000006,0.0,0.0,0.0,0.0,0.0,0.0,0.0,0.0,0.0,0.0,0.0,0.0
C=CCOCC(O)CCl,150.605,0.7887,0.0,0.0,,0.0,0.0,0.0,0.0,,0.0,0.0,0.0,0.0
CCOC(=O)c1nc(C(Cl)(Cl)Cl)n(-c2ccc(Cl)cc2Cl)n1,403.4800000000001,4.5775000000000015,0.0,,0.0,,,0.0,,,0.0,,,1.0
Nc1cc([N+](=O)[O-])ccc1C(=O)O,182.135,0.8752,0.0,0.0,1.0,0.0,1.0,0.0,0.0,1.0,0.0,0.0,1.0,0.0
CCC(C(=O)NC(N)=O)c1ccccc1,206.24500000000003,1.3751000000000002,0.0,0.0,0.0,0.0,0.0,0.0,0.0,0.0,0.0,0.0,0.0,0.0
O=c1ssc(Cl)c1Cl,187.072,2.4766000000000004,0.0,0.0,0.0,,0.0,,,1.0,0.0,1.0,,
O=C(O)c1cc(/N=N/c2ccc([N+](=O)[O-])cc2)ccc1O,287.23100000000005,3.414000000000001,,,,,1.0,0.0,,1.0,1.0,0.0,,0.0
CCN1C(=CC=Cc2ccc3ccccc3[n+]2CC)C=Cc2ccccc21,353.48900000000003,5.597600000000004,0.0,,,,,0.0,0.0,1.0,,,1.0,1.0
N=C(N)NN=C(C=Cc1ccc([N+](=O)[O-])o1)C=Cc1ccc([N+](=O)[O-])o1,360.2860000000001,2.25467,0.0,,,,,1.0,1.0,1.0,1.0,1.0,1.0,1.0
CCCCCCCCOC(=O)CCCCCCCCC(=O)OCCCCCCCC,426.68200000000036,7.91460000000001,0.0,0.0,0.0,0.0,0.0,0.0,0.0,0.0,0.0,0.0,0.0,0.0
O=C([O-])CC(O)C(=O)[O-],132.07099999999997,-3.7628,,,,,,,,0.0,,0.0,,
O=C(OCCCCCCOC(=O)c1ccccc1)c1ccccc1,326.39200000000005,4.260800000000003,0.0,0.0,0.0,0.0,1.0,0.0,0.0,0.0,0.0,1.0,0.0,0.0
NC(=O)N(O)[C@@H]1COc2cc(OCc3ccccc3)ccc21,300.314,2.4690000000000003,0.0,0.0,,,,0.0,0.0,,1.0,0.0,,0.0
CC(=O)c1ccc2c(c1)[C@H](NC(=O)c1ccc(F)cc1)[C@@H](O)C(C)(C)O2,357.3810000000001,3.0313000000000017,0.0,0.0,0.0,0.0,0.0,0.0,0.0,0.0,0.0,0.0,0.0,0.0
CCc1cc(SCc2sc(-c3ccc(C(F)(F)F)cc3)nc2CN2CCN(c3ccc(OC)cc3)CC2)ccc1OCC(=O)O,657.7800000000001,7.477800000000009,0.0,0.0,0.0,,,1.0,1.0,,,,1.0,
CCCCN1C(=O)[C@@H]([C@H](O)C2CCCCC2)NC(=O)C12CCN(Cc1ccc(Oc3ccc(C(=O)O)cc3)cc1)CC2,577.7220000000002,4.580000000000004,0.0,,0.0,0.0,,0.0,,1.0,0.0,0.0,,1.0
Cc1oc(-c2ccccc2)nc1CCOc1ccc(C[C@H](Nc2ccccc2C(=O)c2ccccc2)C(=O)O)cc1,546.6230000000003,6.610320000000006,0.0,,0.0,,,0.0,1.0,,,,,
CNS(=O)(=O)c1cc(C(=O)N2CCC(CCN3C4CCC3CC(n3c(C)nc5ccccc53)C4)(c3cccc(F)c3)CC2)c(Cl)cc1F,696.2640000000001,6.616620000000007,0.0,0.0,0.0,,,0.0,,1.0,0.0,0.0,,0.0
N#Cc1ccc(N(CC(N)=O)CC(F)(F)F)cc1C(F)(F)F,325.21199999999993,2.4310800000000006,1.0,1.0,0.0,,0.0,0.0,1.0,0.0,0.0,0.0,,0.0
CCN(C(=O)c1cc(C)cc(OC[C@H](C)Nc2ccncc2)c1)C(C)C,355.482,4.139920000000003,0.0,0.0,0.0,0.0,0.0,0.0,0.0,0.0,0.0,,0.0,0.0
O=C(NCCCN1CCOCC1)c1ccc(Cl)cc1,282.771,1.7921,0.0,0.0,0.0,,0.0,0.0,0.0,0.0,0.0,0.0,0.0,0.0
CSCC[C@H](NC(=O)[C@H](Cc1ccc(OS(=O)(=O)O)cc1)NC(=O)[C@@H](N)CC(=O)O)C(=O)NCC(=O)N[C@@H](Cc1c[nH]c2ccccc12)C(=O)N[C@@H](CCSC)C(=O)N[C@@H](CC(=O)O)C(=O)N[C@@H](Cc1ccccc1)C(N)=O,1143.29,-1.3294000000000055,0.0,0.0,0.0,0.0,1.0,1.0,0.0,,0.0,,0.0,0.0
C[C@]12CC[C@H]3[C@@H](CCC4=CC(=O)CC[C@@]43C)[C@@H]1CC[C@H]2O,288.431,3.879200000000003,1.0,1.0,0.0,,1.0,1.0,0.0,,0.0,,0.0,0.0
O=[N+]([O-])c1ccc(C=NO)o1,156.09699999999998,0.9959,,,,,,,,1.0,,0.0,,
Cc1ccc(O)c2ncccc12,159.18800000000002,2.2488200000000003,0.0,0.0,0.0,,,0.0,,1.0,0.0,1.0,0.0,1.0
CC(O)C(=O)O.CCCCCCCCCCCCCCNCCO,347.5400000000001,3.7212000000000027,0.0,0.0,,,1.0,0.0,0.0,,0.0,0.0,,0.0
CNCCCC1c2ccccc2C=Cc2ccccc21,263.384,4.301900000000003,0.0,0.0,0.0,0.0,0.0,0.0,0.0,0.0,0.0,0.0,,0.0
O=C(Nc1ccc(C(=O)O)c(O)c1)c1ccccc1,257.245,2.3427,0.0,0.0,0.0,0.0,0.0,0.0,0.0,0.0,0.0,0.0,0.0,0.0
COc1ccccc1OC(=O)Oc1ccccc1OC,274.272,3.281600000000002,0.0,0.0,0.0,0.0,0.0,0.0,0.0,0.0,0.0,0.0,0.0,0.0
O=C(/C=C/c1ccccc1)NCCO,191.23,0.8083,,,,,,,,0.0,,0.0,,
CC(=O)CCC=C(C)CC/C=C(\C)CC/C=C(\C)CCC=C(C)C,330.5560000000001,7.501300000000008,0.0,0.0,0.0,0.0,0.0,0.0,0.0,,0.0,0.0,0.0,0.0
O=C(Nc1ccc(O)cc1)c1ccccc1O,229.23499999999999,2.3501000000000007,0.0,,1.0,,1.0,0.0,0.0,,1.0,,1.0,0.0
CC(C)(C)C1(CCc2ccc(Cl)cc2)CO1,238.75799999999998,4.087700000000003,0.0,0.0,0.0,0.0,0.0,0.0,0.0,0.0,0.0,0.0,,0.0
O=P([O-])(O)C(Sc1ccc(Cl)cc1)P(=O)([O-])O,316.5950000000001,0.8070999999999995,0.0,0.0,0.0,0.0,0.0,0.0,0.0,,0.0,,0.0,0.0
CCCCCCCC/C=C\CCCCCCCC(=O)N(C)CC(=O)O,353.547,5.566900000000005,0.0,0.0,0.0,0.0,0.0,,1.0,,0.0,,0.0,
CCc1ccccc1N,121.18299999999998,1.8312,0.0,0.0,0.0,0.0,0.0,0.0,0.0,0.0,0.0,0.0,,0.0
CCCCCCCCCCCCCCCC(=O)OCCC1CCN(CCCN2c3ccccc3Sc3ccc(S(=O)(=O)N(C)C)cc32)CC1,714.095,10.056299999999998,0.0,0.0,0.0,0.0,0.0,0.0,0.0,,0.0,,0.0,0.0
CS(=O)(=O)Nc1cc2occ(NC=O)c(=O)c2cc1Oc1ccccc1,374.37400000000014,2.5251,0.0,0.0,0.0,0.0,0.0,0.0,0.0,,0.0,,0.0,0.0
NNc1nncc2ccccc12,160.17999999999998,0.9153999999999998,0.0,0.0,1.0,,1.0,,0.0,1.0,0.0,1.0,0.0,0.0
CC(C)=CCC/C(C)=C/CC/C(C)=C/CC/C(C)=C/CC1=C(C)C(=O)c2ccccc2C1=O,444.6590000000002,8.917900000000001,0.0,0.0,1.0,0.0,0.0,0.0,0.0,,0.0,,0.0,0.0
CC(=O)OCCN(CCOC(C)=O)c1ccc(/N=N/c2ccc([N+](=O)[O-])cc2C#N)cc1,439.42800000000017,3.8144800000000023,0.0,0.0,1.0,0.0,0.0,,,1.0,0.0,0.0,1.0,0.0
CCCCCCCCCCCCCCN(CCO)CCO,301.515,3.974100000000003,0.0,,0.0,,0.0,0.0,,0.0,,,,
CC(=O)[C@H]1CC[C@H]2[C@@H]3CC[C@H]4C[C@H](O)CC[C@]4(C)[C@H]3CC[C@]12C,318.5010000000001,4.595200000000005,0.0,1.0,0.0,0.0,1.0,1.0,0.0,,0.0,,0.0,0.0
CCN(CC)CCC(=O)N1c2ccccc2Sc2ccc(C(F)(F)F)cc21,394.4620000000001,5.566600000000005,0.0,0.0,,0.0,,0.0,0.0,,0.0,,,0.0
CCCOC(=O)c1cc(O)c(O)c(O)c1,212.201,1.3701999999999999,0.0,0.0,1.0,0.0,1.0,1.0,0.0,1.0,0.0,0.0,1.0,0.0
Oc1ccccc1C=NCc1ccccc1,211.264,3.011300000000001,,,,,,,,0.0,,0.0,,
CC(O)CO,76.095,-0.6405000000000001,0.0,0.0,0.0,0.0,0.0,0.0,0.0,0.0,0.0,0.0,0.0,0.0
Brc1ccc(Oc2ccc(Br)cc2Br)c(Br)c1,485.795,6.528900000000002,0.0,0.0,,,1.0,0.0,0.0,0.0,0.0,0.0,1.0,0.0
O=C1CCC(c2ccccc2)(C2CCN(Cc3ccccc3)CC2)C(=O)N1,362.47300000000007,3.273200000000001,0.0,0.0,0.0,0.0,0.0,0.0,0.0,,0.0,,0.0,0.0
CCCc1cc(=O)[nH]c(=S)[nH]1,170.237,1.38499,0.0,0.0,0.0,0.0,1.0,0.0,0.0,0.0,0.0,0.0,0.0,0.0
CCc1cnc(C(=O)O)c(C(=O)O)c1,195.17399999999998,1.0404,0.0,0.0,0.0,0.0,0.0,0.0,0.0,0.0,0.0,0.0,0.0,0.0
C/C(Cl)=C/CCl,124.998,2.3678,,0.0,0.0,,,0.0,0.0,,0.0,0.0,0.0,0.0
CCO[Si](CCC#N)(OCC)OCC,217.34099999999995,1.94848,0.0,0.0,0.0,0.0,0.0,0.0,0.0,0.0,0.0,0.0,0.0,0.0
CCO[Si](CCCN)(OCC)OCC,221.37299999999993,1.3835999999999997,0.0,0.0,0.0,0.0,0.0,0.0,0.0,0.0,0.0,0.0,0.0,0.0
FC(F)(F)c1ccccc1,146.111,2.705400000000001,0.0,0.0,0.0,0.0,0.0,0.0,0.0,0.0,0.0,0.0,0.0,0.0
c1ccc2scnc2c1,135.191,2.2962999999999996,0.0,0.0,1.0,0.0,0.0,0.0,0.0,0.0,0.0,0.0,0.0,0.0
c1ccc2c(c1)ccc1ncccc12,179.22199999999998,3.388000000000001,0.0,0.0,1.0,0.0,0.0,,0.0,,0.0,0.0,,1.0
CC(=O)OC(C(=O)c1ccccc1)c1ccccc1,254.28500000000003,3.173700000000002,0.0,0.0,0.0,0.0,,0.0,0.0,0.0,0.0,0.0,0.0,0.0
CN(C)C/C=C(/c1ccc(Br)cc1)c1cccnc1,317.22999999999996,3.8374000000000024,0.0,0.0,0.0,0.0,0.0,0.0,0.0,0.0,0.0,0.0,,0.0
CI.CN1[C@H]2CC[C@@H]1CC(OC(=O)c1c[nH]c3ccccc13)C2,426.2980000000002,4.001100000000003,0.0,0.0,,0.0,0.0,0.0,0.0,,0.0,,0.0,0.0
c1cc(CN2CCCCC2)cc(OCCCNc2nc3ccccc3s2)c1,381.545,5.163200000000005,,,,,,,,0.0,,0.0,,
O=C(CCCN1CCC(O)(c2cccc(C(F)(F)F)c2)CC1)c1ccc(F)cc1,409.4230000000002,4.791000000000004,0.0,0.0,0.0,0.0,,0.0,,0.0,,0.0,,0.0
Cc1[nH]c(=O)c(C#N)cc1-c1ccc2nccn2c1,250.26100000000002,1.8697,0.0,0.0,0.0,0.0,0.0,0.0,0.0,0.0,0.0,0.0,0.0,0.0
O=C(O)c1cc(O)c(O)c(O)c1,170.11999999999998,0.5015999999999998,0.0,0.0,0.0,0.0,0.0,0.0,0.0,1.0,0.0,0.0,0.0,0.0
Cc1ccc(C)c(OCCCC(C)(C)C(=O)O)c1,250.33799999999997,3.573240000000002,0.0,0.0,0.0,0.0,0.0,0.0,0.0,0.0,0.0,0.0,0.0,0.0
CN(C)c1ccc(C(=C2C=CC(=[N+](C)C)C=C2)c2ccc(N(C)C)cc2)cc1,372.53600000000006,4.4596000000000044,0.0,1.0,1.0,1.0,,1.0,1.0,1.0,0.0,1.0,1.0,
CC(=O)OC/C=C(\C)CCC=C(C)C,196.29,3.242200000000002,0.0,0.0,0.0,0.0,0.0,0.0,0.0,0.0,0.0,0.0,0.0,0.0
C=C1C[C@]23C[C@@]1(O)CC[C@H]2[C@@]12C=C[C@H](O)[C@@](C)(C(=O)O1)[C@H]2[C@@H]3C(=O)O,346.3790000000001,1.0271000000000001,0.0,0.0,0.0,0.0,0.0,0.0,0.0,0.0,0.0,0.0,0.0,0.0
BrCCCCBr,215.916,2.556400000000001,0.0,0.0,0.0,0.0,0.0,0.0,0.0,1.0,0.0,0.0,0.0,0.0
OC[C@H]1O[C@H](O[C@H]2O[C@H](CO)[C@@H](O)[C@H](O)[C@H]2O)[C@H](O)[C@@H](O)[C@@H]1O,342.297,-5.397199999999993,0.0,0.0,0.0,0.0,0.0,0.0,0.0,0.0,0.0,0.0,0.0,0.0
O=C(Cc1ccccc1)OCCc1ccccc1,240.30199999999996,3.0150000000000015,0.0,0.0,0.0,0.0,0.0,0.0,0.0,0.0,0.0,0.0,0.0,0.0
CC(=O)CCc1ccc(O)cc1,164.204,1.9138,0.0,0.0,0.0,0.0,0.0,0.0,0.0,0.0,0.0,0.0,0.0,0.0
CC(C)CCCC(C)CCO,158.285,2.831200000000002,0.0,0.0,0.0,0.0,,0.0,0.0,0.0,0.0,0.0,0.0,0.0
NNC(=O)CCCCC(=O)NN,174.204,-1.473399999999999,0.0,0.0,1.0,0.0,0.0,0.0,0.0,0.0,0.0,0.0,,0.0
O=C1CCCC(=O)O1,114.1,0.24009999999999998,0.0,0.0,0.0,0.0,0.0,0.0,0.0,,0.0,0.0,0.0,0.0
CCCCCCCCCC(=O)OCC,200.32199999999997,3.6902000000000026,0.0,0.0,0.0,0.0,,0.0,0.0,0.0,0.0,0.0,0.0,0.0
CCn1cc[n+](C)c1.O=S(=O)([O-])C(F)(F)F,260.23699999999997,0.3839,0.0,0.0,0.0,0.0,0.0,0.0,0.0,0.0,0.0,0.0,0.0,0.0
CCn1cc[n+](C)c1.N#CN=C=[N-],177.211,0.5432799999999998,0.0,0.0,0.0,0.0,0.0,0.0,0.0,0.0,0.0,0.0,0.0,0.0
CCn1cc[n+](C)c1.O=S(=O)([N-]S(=O)(=O)C(F)(F)F)C(F)(F)F,391.31499999999994,1.3917999999999997,0.0,0.0,0.0,0.0,0.0,0.0,0.0,0.0,0.0,0.0,,0.0
O=C(O)c1ccccc1O.OCCN(CCO)CCO,287.312,-0.6443000000000003,0.0,0.0,0.0,0.0,0.0,0.0,0.0,0.0,0.0,0.0,0.0,0.0
CCCC[N+]1(C)CCCC1.O=S(=O)([N-]S(=O)(=O)C(F)(F)F)C(F)(F)F,422.413,3.0862000000000016,0.0,0.0,0.0,0.0,0.0,0.0,0.0,0.0,0.0,0.0,,0.0
COP(=O)([O-])OC.Cn1cc[n+](C)c1,222.181,-0.40280000000000027,0.0,0.0,0.0,0.0,0.0,0.0,0.0,0.0,0.0,0.0,0.0,0.0
O=S(=O)([O-])OOS(=O)(=O)[O-],192.12599999999998,-2.1449999999999996,0.0,0.0,0.0,0.0,1.0,0.0,0.0,0.0,0.0,0.0,0.0,0.0
O=[N+]([O-])[O-].[K+],101.102,-3.2351,0.0,0.0,0.0,0.0,0.0,0.0,0.0,0.0,0.0,0.0,0.0,0.0
CCCNCCC,101.193,1.396,0.0,0.0,0.0,0.0,,,0.0,0.0,0.0,0.0,0.0,0.0
CCC(O)OC(O)CC,134.17499999999998,0.4598,0.0,0.0,0.0,0.0,0.0,0.0,0.0,0.0,0.0,0.0,0.0,0.0
Nc1nc(F)nc2c1ncn2[C@@H]1O[C@H](CO)[C@@H](O)[C@@H]1O,285.235,-1.8409000000000002,0.0,0.0,0.0,0.0,0.0,0.0,0.0,1.0,0.0,0.0,0.0,1.0
O=C(Nc1ccccc1)Nc1ccccc1,212.25199999999998,3.3306000000000013,0.0,0.0,1.0,,1.0,0.0,0.0,,0.0,0.0,1.0,0.0
OC1(c2ccc(Cl)c(C(F)(F)F)c2)CCN(CCCC(c2ccc(F)cc2)c2ccc(F)cc2)CC1,523.9730000000002,7.532700000000006,0.0,,,,,,,,,,1.0,
OCCN1CCN(CC/C=C2/c3ccccc3Sc3ccc(C(F)(F)F)cc32)CC1,434.52700000000016,4.601700000000005,0.0,0.0,0.0,,0.0,0.0,,,0.0,0.0,,0.0
CC(CC(C(N)=O)(c1ccccc1)c1ccccc1)N(C)C,296.4140000000001,2.7982000000000014,,,,,,,,0.0,,0.0,,
O=C(C1CCCCC1)N1CC(=O)N2CCCc3ccccc3C2C1,326.44000000000005,2.9250000000000016,,,,,,,,,,0.0,,
CN1Cc2cc(C(=O)N3CCC(C4CCNCC4)CC3)ccc2N[C@@H](CC(=O)O)C1=O,428.5330000000002,1.7655999999999998,,,,,,,,,,0.0,,
COCCOc1cccc(S(=O)(=O)[N-]c2ncccn2)c1,308.339,1.8959,,,,,,,,0.0,,0.0,,
Oc1ccccc1-c1nnco1,162.148,1.4422,,,,,,,,0.0,,0.0,,
C1CN2CCC1CC2,111.18799999999999,1.1021,,,,,,,,0.0,,0.0,,
CCN(CC)CCN,116.20800000000001,0.28690000000000004,,,,,,,,0.0,,0.0,,
CCCCCCn1c(=O)c2c(ncn2C)n(C)c1=O,264.329,1.014,,,,,,,,0.0,,0.0,,
CS(=O)(=O)O,96.107,-0.49599999999999983,0.0,0.0,0.0,0.0,0.0,0.0,0.0,0.0,0.0,0.0,0.0,0.0
C[Si](C)(C)C,88.22599999999998,1.9544,0.0,0.0,0.0,0.0,0.0,0.0,0.0,0.0,0.0,0.0,0.0,0.0
CC1(c2ccc(Oc3ccccc3)cc2)OC(=O)N(Nc2ccccc2)C1=O,374.3960000000001,4.700000000000003,0.0,0.0,0.0,,,,,1.0,0.0,,1.0,
Nc1nc(=O)c2nc(CNc3ccc(C(=O)N[C@@H](CCC(=O)O)C(=O)O)cc3)cnc2[nH]1,441.40400000000017,-0.04479999999999945,0.0,0.0,0.0,0.0,1.0,0.0,0.0,0.0,0.0,0.0,0.0,0.0
CCOC(=O)Cc1cccc2ccccc12,214.264,2.945400000000001,0.0,0.0,0.0,0.0,0.0,0.0,0.0,0.0,0.0,0.0,,0.0
BrCC1CO1,136.976,0.7801,0.0,0.0,0.0,0.0,0.0,0.0,0.0,0.0,0.0,0.0,,0.0
O=C([O-])c1ccccc1-c1c2cc(Br)c(=O)c(Br)c-2oc2c(Br)c([O-])c(Br)cc12,645.879,5.051900000000001,0.0,,0.0,0.0,0.0,0.0,,,0.0,0.0,,0.0
CCOC1Oc2ccc(OS(C)(=O)=O)cc2C1(C)C,286.34900000000005,2.0576,0.0,0.0,,0.0,,,0.0,1.0,0.0,0.0,0.0,0.0
CCOc1cc(C(C)(C)C)ccc1C1COC(c2c(F)cccc2F)=N1,359.416,5.1791000000000045,0.0,0.0,1.0,,,0.0,,1.0,0.0,,,0.0
Cc1cc(Cl)ccc1O,142.585,2.3540200000000007,0.0,0.0,0.0,0.0,0.0,0.0,0.0,0.0,0.0,0.0,1.0,0.0
Cc1cc(O)c2c(c1)C(=O)c1cc(O)cc(O)c1C2=O,270.24,1.8872199999999997,0.0,,1.0,,1.0,1.0,0.0,1.0,0.0,0.0,1.0,1.0
COC(=O)C1=C(C)NC(C)=C(C(=O)OC(C)C)C1c1cccc2nonc12,371.3930000000001,2.5822000000000003,0.0,0.0,,0.0,0.0,0.0,0.0,0.0,0.0,0.0,0.0,0.0
Cl[Zn]Cl,136.296,1.3765,0.0,0.0,0.0,0.0,0.0,0.0,0.0,0.0,0.0,0.0,0.0,0.0
Cc1cc(C(=O)NNCc2ccccc2)no1,231.25500000000002,1.4176199999999997,0.0,0.0,,,1.0,0.0,0.0,,0.0,,0.0,0.0
CC(C)COC(=O)c1ccc(N)cc1,193.24599999999998,2.0816,0.0,0.0,,0.0,1.0,,0.0,0.0,,0.0,0.0,0.0
O=[N+]([O-])O[C@@H]1CO[C@@H]2[C@@H](O)CO[C@H]12,191.13899999999998,-1.2782000000000002,0.0,0.0,0.0,0.0,0.0,0.0,0.0,,0.0,,0.0,0.0
CC(C)[N+](C)(CCC(C(N)=O)(c1ccccc1)c1ccccc1)C(C)C,353.5300000000001,4.111500000000003,0.0,0.0,0.0,0.0,0.0,0.0,0.0,0.0,0.0,0.0,0.0,0.0
O=c1n(Cl)c(=O)n(Cl)c(=O)n1Cl,232.41,-0.8226,0.0,0.0,0.0,0.0,0.0,0.0,0.0,0.0,0.0,0.0,0.0,0.0
Nc1ccc2c(O)cc(S(=O)(=O)O)cc2c1,239.25199999999998,1.3743,0.0,0.0,0.0,,,0.0,,,0.0,0.0,1.0,1.0
Cc1cc(S(=O)(=O)O)c(N)cc1Cl,221.665,1.47732,0.0,0.0,0.0,0.0,0.0,0.0,0.0,0.0,0.0,0.0,0.0,0.0
Cc1ccc(N)c(S(=O)(=O)O)c1,187.22000000000003,0.82392,0.0,0.0,0.0,0.0,0.0,0.0,0.0,0.0,0.0,0.0,0.0,0.0
CC(C)(C)c1ccccc1O,150.22099999999998,2.6897000000000015,0.0,0.0,0.0,0.0,0.0,0.0,0.0,0.0,0.0,0.0,1.0,0.0
Cc1ccc(C(C)(C)C)c(O)c1,164.24800000000002,2.998120000000001,0.0,0.0,0.0,,0.0,0.0,0.0,0.0,0.0,0.0,1.0,0.0
Cc1cc(N)c(S(=O)(=O)O)cc1Cl,221.66500000000002,1.4773200000000002,0.0,0.0,,0.0,0.0,,0.0,0.0,0.0,0.0,0.0,0.0
C[C@]12CC[C@H]3[C@@H](CC[C@H]4C[C@@H]5S[C@@H]5C[C@@]43C)[C@@H]1CC[C@@H]2O,306.51500000000004,4.483900000000005,1.0,1.0,0.0,,1.0,1.0,0.0,,0.0,,,0.0
Cc1c(NC(=O)c2cccnc2)c(=O)n(-c2ccccc2)n1C,308.341,2.1317199999999996,0.0,0.0,0.0,0.0,0.0,0.0,0.0,0.0,0.0,0.0,0.0,0.0
C[C@@H]1C[C@H]2[C@@H]3C[C@H](F)C4=CC(=O)C=C[C@]4(C)[C@@]3(F)[C@@H](O)C[C@]2(C)[C@@]1(O)C(=O)CO,410.4570000000002,1.8436999999999997,1.0,1.0,0.0,,0.0,0.0,0.0,0.0,,0.0,0.0,0.0
O=C(CCCN1CCC(n2c(=O)[nH]c3ccccc32)CC1)c1ccc(F)cc1,381.4510000000002,3.7687000000000026,0.0,0.0,1.0,0.0,0.0,0.0,0.0,,0.0,0.0,0.0,0.0
O=C(CCCN1CCN(c2ccccn2)CC1)c1ccc(F)cc1,327.403,3.0058000000000016,0.0,0.0,0.0,0.0,0.0,0.0,0.0,,0.0,0.0,0.0,0.0
CCCCCCCCCCCCCCCCOS(=O)(=O)[O-],321.503,4.944500000000004,0.0,0.0,0.0,0.0,0.0,0.0,0.0,0.0,0.0,0.0,,0.0
CCCCOc1ccc(CC(=O)NO)cc1,223.272,1.9134,0.0,0.0,0.0,0.0,,0.0,0.0,0.0,0.0,0.0,0.0,0.0
ClC/C=C/CCl,124.998,2.0202,,,0.0,,0.0,0.0,0.0,1.0,0.0,0.0,0.0,0.0
CCCCc1c(C)nc(NCC)nc1OS(=O)(=O)N(C)C,316.4270000000001,1.74462,0.0,,1.0,,,0.0,0.0,1.0,0.0,0.0,,0.0
CC(Cl)Cl,98.96000000000001,1.81,0.0,0.0,0.0,0.0,,0.0,0.0,,0.0,0.0,0.0,0.0
Clc1ccccc1Cl,147.00399999999996,2.9934000000000003,0.0,0.0,0.0,0.0,0.0,0.0,0.0,0.0,0.0,0.0,0.0,0.0
Clc1ccc(Cl)cc1,147.00400000000002,2.993400000000001,0.0,0.0,0.0,0.0,0.0,0.0,0.0,0.0,0.0,0.0,0.0,0.0
Nc1ccc(-c2ccc(N)c(Cl)c2)cc1Cl,253.13199999999998,3.8248000000000015,1.0,0.0,1.0,1.0,1.0,1.0,0.0,1.0,1.0,,,1.0
ClCCCl,98.96000000000001,1.464,0.0,0.0,0.0,0.0,0.0,0.0,0.0,0.0,0.0,0.0,0.0,0.0
Oc1ccc(Cl)cc1Cl,163.003,2.699,0.0,0.0,0.0,0.0,0.0,0.0,0.0,0.0,0.0,0.0,1.0,0.0
CCCCOC(=O)CCC(=O)OCCCC,230.30399999999992,2.4532000000000007,0.0,0.0,0.0,0.0,1.0,0.0,0.0,0.0,0.0,0.0,0.0,0.0
c1ccc2c(c1)oc1ccccc12,168.195,3.586000000000001,0.0,0.0,0.0,0.0,0.0,0.0,0.0,0.0,0.0,0.0,0.0,0.0
NCCN1CCNCC1,129.207,-1.1496999999999988,0.0,0.0,0.0,0.0,0.0,0.0,0.0,0.0,0.0,0.0,0.0,0.0
CCC(=O)[O-],73.071,-0.8537000000000001,0.0,0.0,0.0,0.0,0.0,0.0,0.0,0.0,0.0,0.0,0.0,0.0
CCN(CC)C(=O)c1cccc(C)c1,191.274,2.4770200000000004,0.0,0.0,0.0,0.0,1.0,1.0,0.0,0.0,0.0,0.0,0.0,0.0
Nc1ccc(C(=O)Oc2ccccc2)c(O)c1,229.23500000000004,2.1936,0.0,0.0,,,1.0,1.0,0.0,0.0,1.0,0.0,,
COCCCN,89.13800000000002,-0.01839999999999986,0.0,0.0,0.0,0.0,0.0,0.0,0.0,0.0,0.0,0.0,0.0,0.0
CC1(C)C(C=C(Cl)Cl)C1C(=O)OCc1cccc(Oc2ccccc2)c1,391.2940000000001,6.113300000000004,0.0,0.0,0.0,0.0,0.0,0.0,0.0,0.0,0.0,0.0,0.0,0.0
COc1nc(C)nc(NC(=O)NS(=O)(=O)c2ccccc2OCCCl)n1,401.83200000000016,1.3166199999999995,0.0,0.0,0.0,0.0,,0.0,0.0,0.0,0.0,0.0,0.0,0.0
CC(C)N(C(=O)SCC(Cl)=C(Cl)Cl)C(C)C,304.6700000000001,4.843900000000003,0.0,0.0,0.0,0.0,0.0,0.0,0.0,0.0,0.0,0.0,0.0,0.0
Brc1ccc(Br)c(Br)c1,314.80199999999996,3.974100000000001,0.0,0.0,0.0,0.0,0.0,0.0,0.0,0.0,0.0,0.0,,0.0
CCCCN(CCCC)CCCCCCN(CCCC)CCCC,340.6400000000001,6.3512000000000075,0.0,0.0,0.0,0.0,0.0,0.0,0.0,0.0,0.0,0.0,0.0,0.0
CC(COCC(C)OC(=O)c1ccccc1)OC(=O)c1ccccc1,342.3910000000001,3.4940000000000024,0.0,0.0,0.0,0.0,1.0,0.0,0.0,0.0,0.0,0.0,0.0,0.0
CCCCCCCCCC(CC)c1ccc(S(=O)(=O)O)cc1,326.50200000000007,5.567600000000005,0.0,0.0,0.0,0.0,0.0,0.0,,1.0,0.0,,,
CC(C)CCCCCCCOC(=O)CCCCC(=O)OCCCCCCCC(C)C,426.6820000000003,7.62640000000001,0.0,0.0,0.0,0.0,,0.0,0.0,0.0,0.0,0.0,0.0,0.0
CC(C)(C)CC(C)(C)c1ccccc1O,206.329,4.106000000000004,0.0,,0.0,,1.0,1.0,,0.0,0.0,,1.0,
CCCCCCCCCCCCc1ccccc1O,262.43699999999995,5.855600000000006,0.0,0.0,0.0,,1.0,1.0,1.0,,,,1.0,
CCCCCCCC[Si](OCC)(OCC)OCC,276.493,4.395300000000004,,0.0,0.0,,,,0.0,0.0,0.0,0.0,0.0,0.0
CCCCC(CC)CO[N+](=O)[O-],175.22799999999998,2.4111000000000002,0.0,0.0,,0.0,0.0,0.0,0.0,0.0,0.0,0.0,0.0,0.0
NC(=S)NC(N)=S,135.217,-0.9367999999999999,0.0,0.0,0.0,0.0,0.0,0.0,0.0,0.0,0.0,1.0,0.0,0.0
N#C/N=C1\SCCN1Cc1ccc(Cl)nc1,252.73000000000002,2.1208799999999997,0.0,0.0,0.0,,0.0,0.0,0.0,0.0,0.0,0.0,0.0,0.0
CN1COCN(Cc2cnc(Cl)s2)C1=N[N+](=O)[O-],291.72,1.0231999999999997,0.0,0.0,0.0,0.0,0.0,0.0,0.0,0.0,0.0,0.0,,0.0
CC1=CC(=O)CC(C)(C)C1(O)/C=C/C(C)=C\C(=O)O,264.32099999999997,2.2499,0.0,0.0,0.0,0.0,0.0,0.0,0.0,0.0,0.0,0.0,0.0,0.0
CC1=CC(=O)[N-]S(=O)(=O)O1,162.146,0.06550000000000006,0.0,0.0,0.0,0.0,0.0,0.0,0.0,0.0,0.0,0.0,0.0,0.0
CCOC(C)OCC,118.176,1.4054,0.0,0.0,0.0,0.0,0.0,0.0,0.0,0.0,0.0,0.0,0.0,0.0
CC1(C)C(C(=O)OC(C#N)c2cccc(Oc3ccccc3)c2)C1(C)C,349.43000000000006,5.268980000000004,0.0,0.0,0.0,1.0,,0.0,0.0,,0.0,0.0,,0.0
COC(=O)c1c(Cl)c(Cl)c(C(=O)OC)c(Cl)c1Cl,331.966,3.873400000000001,0.0,0.0,1.0,0.0,0.0,0.0,0.0,0.0,0.0,0.0,0.0,0.0
CC(Cl)(Cl)C(=O)[O-],141.96099999999998,-0.06990000000000007,0.0,0.0,0.0,0.0,0.0,0.0,0.0,0.0,0.0,0.0,0.0,0.0
C=CC(O)CCCCC,128.215,2.1136,0.0,0.0,0.0,0.0,0.0,0.0,0.0,0.0,0.0,0.0,,0.0
C[Sn](Cl)(Cl)Cl,240.10500000000002,2.2715000000000005,0.0,0.0,0.0,0.0,0.0,0.0,0.0,0.0,0.0,0.0,0.0,0.0
C=CCS(=O)(=O)[O-],121.13699999999997,-0.2823999999999999,0.0,0.0,0.0,0.0,0.0,0.0,0.0,0.0,0.0,0.0,0.0,0.0
CCCC(C)c1ccccc1O,164.248,3.295800000000002,0.0,0.0,0.0,,,0.0,0.0,0.0,0.0,0.0,1.0,0.0
CC(C)CCOCc1ccccc1,178.275,3.2493000000000025,0.0,0.0,0.0,0.0,0.0,0.0,0.0,0.0,0.0,0.0,0.0,0.0
Cc1cc([N+](=O)[O-])cc([N+](=O)[O-])c1O,198.134,1.5170199999999998,0.0,,0.0,,,0.0,,1.0,,0.0,1.0,1.0
O=C1O[Pt]2(N[C@@H]3CCCC[C@H]3N2)OC1=O,395.2720000000002,-0.5957000000000008,0.0,0.0,0.0,0.0,0.0,0.0,0.0,,0.0,,0.0,1.0
C[C@]12CC[C@H]3C(=CCc4cc(O)ccc43)[C@@H]1CCC2=O,268.356,3.7375000000000025,1.0,,,,1.0,1.0,,,0.0,0.0,1.0,0.0
CC(=O)[C@@]1(O)CC[C@H]2[C@@H]3C[C@H](C)C4=CC(=O)C=C[C@]4(C)[C@@]3(F)[C@@H](O)C[C@@]21C,376.46800000000013,2.923300000000001,1.0,1.0,0.0,,0.0,0.0,0.0,0.0,0.0,0.0,,0.0
CC1(C)O[C@@H]2C[C@H]3[C@@H]4C[C@H](F)C5=CC(=O)CC[C@]5(C)[C@H]4[C@@H](O)C[C@]3(C)[C@]2(C(=O)CO)O1,436.5200000000002,2.498700000000001,1.0,0.0,0.0,,0.0,,0.0,0.0,0.0,0.0,0.0,0.0
CCCCCCC1CCOC1=O,170.25199999999998,2.5199000000000007,0.0,0.0,0.0,0.0,0.0,0.0,0.0,0.0,0.0,0.0,0.0,0.0
C[C@H](CCC(=O)NCC(=O)O)[C@H]1CC[C@H]2[C@H]3[C@H](C[C@H](O)[C@@]21C)[C@@]1(C)CC[C@@H](O)C[C@H]1C[C@H]3O,465.63100000000026,2.5648999999999993,0.0,0.0,0.0,,1.0,0.0,0.0,0.0,0.0,0.0,0.0,0.0
CCC(C)(C)C1CCC(=O)CC1,168.27999999999994,3.1819000000000015,0.0,0.0,0.0,0.0,,0.0,0.0,0.0,0.0,0.0,0.0,0.0
O=P([O-])(O)OP(=O)([O-])O,175.957,-2.0756,0.0,0.0,0.0,0.0,0.0,0.0,0.0,0.0,0.0,0.0,0.0,0.0
C=CCCCCCCCCOC(C)=O,198.30599999999998,3.4662000000000024,0.0,0.0,0.0,0.0,0.0,0.0,0.0,0.0,0.0,0.0,0.0,0.0
Cc1ccccc1C#N,117.151,1.8667,0.0,0.0,0.0,0.0,0.0,0.0,0.0,0.0,0.0,0.0,,0.0
CCCCCCCCCOC(C)=O,186.295,3.3001000000000023,0.0,0.0,0.0,0.0,0.0,0.0,0.0,0.0,0.0,0.0,0.0,0.0
Cc1c(N)cccc1C(F)(F)F,175.15299999999993,2.59602,,,,,,,,0.0,,0.0,,
O=Cc1cc2ccccc2o1,146.14499999999995,2.2453000000000003,0.0,0.0,0.0,0.0,0.0,0.0,0.0,0.0,0.0,0.0,0.0,0.0
CC(=O)c1c(C)cc(C(C)(C)C)cc1C,204.31299999999996,3.8035400000000026,0.0,0.0,0.0,0.0,0.0,0.0,0.0,0.0,0.0,0.0,0.0,0.0
CCOC(=O)N1CCC(n2c(=O)[nH]c3cc(Cl)ccc32)CC1,323.78000000000014,2.7764000000000006,,,,,,,,1.0,,0.0,,
CCOC(=O)N1CCC(Nc2ccc(Cl)cc2N)CC1,297.7860000000001,2.955000000000001,,,,,,,,1.0,,,,
CCCS(=O)c1ccc2[nH]c(NC(=O)OC)nc2c1,281.337,2.2588,,,,,,,,0.0,,0.0,,
N#Cc1cc(NC(=O)C(=O)O)c(Cl)c(NC(=O)C(=O)O)c1,311.63700000000006,0.25787999999999983,,,,,,,,0.0,,0.0,,
CC(C)(C)c1nnc(NS(=O)(=O)c2ccc(N)cc2)s1,312.42,2.2186000000000003,,,,,,,,0.0,,0.0,,
ClCCCN1CCN(c2cccc(Cl)c2)CC1,273.2070000000001,3.0909000000000013,,,,,,,,1.0,,0.0,,
COC(=O)C=C(C)CCC=C(C)C,182.263,2.852100000000001,0.0,0.0,0.0,0.0,0.0,0.0,0.0,0.0,0.0,0.0,0.0,0.0
CC(=O)OCC=C(C)C,128.171,1.5157,0.0,0.0,0.0,0.0,0.0,0.0,0.0,0.0,0.0,0.0,0.0,0.0
CCN(CC#N)c1cccc(C)c1,174.24699999999999,2.3449,0.0,0.0,0.0,0.0,0.0,0.0,0.0,0.0,0.0,0.0,0.0,0.0
Oc1cccc2cccnc12.Oc1cccc2cccnc12,290.322,3.8808000000000016,0.0,0.0,,,0.0,1.0,,1.0,0.0,1.0,,1.0
N[C@@H](Cc1c[nH]c2ccc(O)cc12)C(=O)O,220.22799999999998,0.8279000000000003,0.0,0.0,1.0,0.0,0.0,0.0,0.0,0.0,0.0,0.0,,0.0
CC(=O)OC(C)(C)C,116.16,1.3479999999999999,0.0,0.0,0.0,0.0,0.0,0.0,0.0,0.0,0.0,0.0,0.0,0.0
NC(=O)NO,76.05499999999999,-0.9561000000000002,0.0,0.0,0.0,0.0,0.0,0.0,0.0,0.0,0.0,0.0,0.0,0.0
COC(=O)OC,90.078,0.3992,0.0,0.0,0.0,0.0,0.0,0.0,0.0,0.0,0.0,0.0,0.0,0.0
CC1CCCNC1,99.177,1.0059,0.0,0.0,0.0,0.0,0.0,0.0,0.0,0.0,0.0,,0.0,0.0
CCc1ccc(C)cc1,120.19499999999996,2.5574200000000005,0.0,0.0,0.0,0.0,0.0,0.0,0.0,0.0,0.0,0.0,,0.0
O=C(O)CNC(=O)c1ccc([N+](=O)[O-])cc1,224.172,0.40920000000000006,0.0,0.0,0.0,0.0,1.0,0.0,0.0,0.0,0.0,0.0,0.0,0.0
CCCCCC[N+](=O)[O-],131.175,1.8434,,,0.0,0.0,,0.0,0.0,0.0,0.0,0.0,0.0,0.0
O=[N+]([O-])CCO,91.066,-0.7446000000000002,0.0,0.0,0.0,0.0,0.0,0.0,0.0,,0.0,0.0,0.0,0.0
CN(CCCl)CCCl,156.056,1.3958,0.0,0.0,,,,0.0,,1.0,1.0,0.0,,1.0
C=C(Cl)Cl,96.944,1.9352,0.0,0.0,0.0,0.0,0.0,0.0,0.0,0.0,0.0,0.0,0.0,0.0
N=C(N)S(=O)O,108.12199999999999,-0.8984299999999998,0.0,0.0,0.0,0.0,0.0,0.0,0.0,0.0,0.0,0.0,0.0,0.0
O=C(O)c1nc(Cl)ccc1Cl,192.00100000000003,2.0866,0.0,0.0,1.0,0.0,0.0,0.0,0.0,0.0,0.0,0.0,0.0,0.0
Cc1ccc(N)nc1,108.14400000000002,0.9722199999999999,0.0,0.0,0.0,0.0,0.0,0.0,0.0,0.0,0.0,0.0,0.0,0.0
Cc1ccc(C(C)c2ccc(C)c(C)c2)cc1C,238.374,5.072080000000004,0.0,0.0,0.0,,0.0,0.0,0.0,0.0,0.0,0.0,0.0,0.0
C=COC(C)=O,86.08999999999999,0.693,0.0,0.0,0.0,0.0,0.0,0.0,0.0,0.0,0.0,0.0,,0.0
C=Cc1cccc(C)c1,118.17899999999997,2.638020000000001,0.0,0.0,0.0,0.0,0.0,0.0,0.0,0.0,0.0,0.0,0.0,0.0
C=CC1CC=CCC1,108.18399999999998,2.5287000000000006,0.0,0.0,0.0,0.0,0.0,0.0,0.0,0.0,0.0,0.0,,0.0
COP(=O)(OC)OC,140.075,1.0337,0.0,0.0,0.0,0.0,0.0,0.0,0.0,0.0,0.0,0.0,0.0,0.0
CC(C)(C)c1ccc(CCOc2ncnc3ccccc23)cc1,306.409,4.5488000000000035,0.0,0.0,0.0,0.0,0.0,0.0,0.0,0.0,0.0,0.0,0.0,0.0
O=C(NC(=O)c1c(F)cccc1F)Nc1cc(Cl)c(OC(F)(F)C(F)C(F)(F)F)cc1Cl,511.15200000000004,6.105500000000001,0.0,0.0,0.0,0.0,0.0,0.0,0.0,0.0,0.0,0.0,1.0,0.0
O=C(NC(=O)c1ccccc1Cl)Nc1ccc(OC(F)(F)F)cc1,358.70300000000003,4.200500000000002,0.0,0.0,1.0,,0.0,0.0,0.0,0.0,0.0,0.0,0.0,0.0
O=C(O)c1ccc(-n2nc(-c3ccccc3O)nc2-c2ccccc2O)cc1,373.3680000000001,3.710700000000001,0.0,0.0,0.0,,,0.0,,,0.0,0.0,,0.0
CO[C@@]12CC[C@@]3(C[C@@H]1[C@](C)(O)C(C)(C)C)[C@H]1Cc4ccc(O)c5c4[C@@]3(CCN1CC1CC1)[C@H]2O5,467.6500000000003,4.413800000000004,0.0,0.0,0.0,,,0.0,,,0.0,1.0,,
COc1ccc2c3c1O[C@H]1[C@@H](O)C=C[C@H]4[C@@H](C2)NCC[C@]314,285.34300000000013,1.1588999999999998,0.0,0.0,0.0,0.0,0.0,0.0,0.0,,0.0,,0.0,0.0
Cc1ccc(C)c(C)c1,120.195,2.611860000000001,0.0,0.0,0.0,0.0,0.0,0.0,0.0,0.0,0.0,0.0,0.0,0.0
CCC(C)(O)CCC=C(C)C,156.26899999999998,2.8938000000000015,0.0,0.0,0.0,0.0,,0.0,0.0,0.0,0.0,0.0,0.0,0.0
O=P(O)(O)OC(Cn1cncn1)(Cn1cncn1)c1ccc(F)cc1F,386.25500000000005,0.8527999999999999,0.0,0.0,0.0,0.0,0.0,0.0,0.0,,0.0,,0.0,0.0
C[C@H]1[C@@H]2Cc3ccc(O)cc3[C@@]1(C)CCN2C.C[C@H]1[C@@H]2Cc3ccc(O)cc3[C@@]1(C)CCN2C,462.6780000000002,5.092400000000005,0.0,0.0,,0.0,0.0,0.0,0.0,0.0,0.0,0.0,0.0,0.0
C[C@@H]1[C@H]2Cc3ccc(O)cc3[C@]1(C)CCN2C,231.33899999999994,2.5462000000000007,0.0,0.0,0.0,0.0,,0.0,,,0.0,,0.0,0.0
CC(=O)OC(C)(C)Cc1ccccc1,192.25800000000004,2.570800000000001,0.0,0.0,0.0,0.0,0.0,0.0,0.0,0.0,0.0,0.0,0.0,0.0
CC(=O)NCCO,103.121,-0.8852,0.0,0.0,0.0,0.0,1.0,0.0,0.0,0.0,0.0,0.0,0.0,0.0
CCCC(=O)O[C@]1(C(=O)COC(=O)CC)CC[C@H]2[C@@H]3CCC4=CC(=O)CC[C@]4(C)[C@H]3[C@@H](O)C[C@@]21C,488.6210000000003,4.093500000000003,1.0,1.0,0.0,,,0.0,0.0,0.0,0.0,0.0,0.0,0.0
CCNc1nc(NC(C)C(C)C)nc(SC)n1,255.391,2.4817,0.0,0.0,,0.0,0.0,0.0,0.0,0.0,0.0,0.0,1.0,0.0
CON(C)C(=O)Nc1ccc(Cl)c(Cl)c1,249.09699999999998,3.0185000000000013,0.0,0.0,1.0,,0.0,0.0,0.0,,0.0,0.0,1.0,0.0
CCCCOCCOC(=O)CCCCCCCCC(=O)OCCOCCCC,402.57200000000023,4.827000000000004,0.0,0.0,0.0,0.0,0.0,0.0,0.0,0.0,0.0,,,0.0
O=C1c2c(O)ccc(O)c2C(=O)c2c(NCCNCCO)ccc(NCCNCCO)c21,444.4880000000002,-0.13919999999999944,0.0,,,,0.0,,0.0,,1.0,,0.0,1.0
COc1nc(C)nc(Cl)c1NC1=NCCN1,241.68200000000002,0.8181199999999997,0.0,0.0,1.0,,0.0,0.0,0.0,0.0,0.0,0.0,0.0,0.0
CCOC(=O)[N-]c1c[n+](N2CCOCC2)no1,242.23499999999993,0.09200000000000008,0.0,0.0,0.0,0.0,0.0,0.0,0.0,0.0,0.0,0.0,0.0,0.0
COc1ccccc1N1CCN(CC(O)COc2cccc3ccccc23)CC1,392.4990000000001,3.410300000000002,0.0,0.0,1.0,0.0,0.0,0.0,,,0.0,0.0,,0.0
CC12CC3CC(C)(C1)CC(N)(C3)C2,179.307,2.6941000000000006,0.0,0.0,0.0,0.0,0.0,0.0,0.0,0.0,0.0,0.0,0.0,0.0
CNCCC(Oc1ccccc1OC)c1ccccc1,271.35999999999996,3.424800000000002,0.0,0.0,0.0,0.0,0.0,0.0,0.0,0.0,0.0,0.0,0.0,0.0
C[C@@H](Cc1ccc(O)c(O)c1)[C@H](C)Cc1ccc(O)c(O)c1,302.37,3.5664000000000033,0.0,0.0,0.0,,0.0,0.0,,,0.0,,1.0,0.0
Cc1ncc(CNC(=O)N(CCCl)N=O)c(N)n1,272.69599999999997,0.7990200000000001,0.0,0.0,0.0,0.0,0.0,0.0,0.0,0.0,0.0,0.0,0.0,0.0
Cc1c(N)c(=O)n(-c2ccccc2)n1C,203.245,1.0666200000000003,0.0,0.0,0.0,0.0,0.0,0.0,0.0,0.0,0.0,0.0,0.0,0.0
O=C(O)[C@H](O)[C@@H](O)[C@H](O[C@@H]1O[C@H](CO)[C@H](O)[C@H](O)[C@H]1O)[C@H](O)CO,358.29600000000005,-5.668899999999993,,,,,,,,0.0,,0.0,,
CN1CCCN=C1/C=C/c1cccs1,206.31400000000002,2.4953000000000003,,,,,,,,1.0,,0.0,,
CN(C)CCN(Cc1ccc(Cl)cc1)c1ccccn1,289.81,3.3032000000000012,0.0,0.0,0.0,0.0,0.0,0.0,0.0,0.0,0.0,0.0,0.0,0.0
C[C@H](CN1CCCC1)C(=O)c1ccc(C(F)(F)F)cc1,285.30899999999997,3.6200000000000028,0.0,0.0,0.0,,0.0,0.0,0.0,1.0,0.0,0.0,0.0,0.0
Cc1nccn1CC1CCc2c(c3ccccc3n2C)C1=O,293.37000000000006,3.1285200000000017,0.0,0.0,0.0,0.0,0.0,0.0,0.0,0.0,0.0,0.0,0.0,0.0
CCCCC1C(=O)NC(=O)N(C2CCCCC2)C1=O,266.34099999999995,2.2039,0.0,0.0,0.0,0.0,0.0,0.0,0.0,0.0,0.0,0.0,0.0,0.0
O=C1CC[C@H](C(=O)N2CCCCC2)N1,196.24999999999997,0.2774999999999999,0.0,0.0,0.0,0.0,0.0,0.0,0.0,0.0,0.0,0.0,0.0,0.0
C=CC[C@]1(O)CC[C@H]2[C@@H]3CCC4=CC(=O)CCC4=C3C=C[C@@]21C,310.43699999999995,4.275600000000004,1.0,1.0,,0.0,1.0,1.0,0.0,,0.0,0.0,0.0,0.0
C=CCc1ccccc1O,134.17799999999997,2.1207000000000007,0.0,0.0,0.0,0.0,0.0,0.0,0.0,0.0,0.0,0.0,,0.0
N#Cc1cc(Br)c(O)c(Br)c1,276.91499999999996,2.78888,1.0,,1.0,0.0,,0.0,,,,0.0,,1.0
N#Cc1cc(I)c(O)c(I)c1,370.91499999999996,2.4730799999999995,0.0,,0.0,1.0,,,,,,0.0,,1.0
Oc1ccc(/N=N/c2ccccc2)cc1,198.22500000000005,3.8076000000000025,0.0,0.0,1.0,,1.0,1.0,,1.0,1.0,0.0,1.0,
C=C(C)C(=O)OCCCCCCCCCCCC,254.41399999999987,5.026600000000005,0.0,0.0,0.0,0.0,0.0,0.0,0.0,0.0,0.0,0.0,0.0,0.0
CCCCCCCCCCCCCCCC(=O)OC(C)C,298.51099999999997,6.419300000000007,0.0,0.0,0.0,0.0,0.0,0.0,0.0,0.0,0.0,0.0,0.0,0.0
NCCCCCCNCCCCCCN,215.38499999999993,1.6141999999999994,0.0,0.0,0.0,0.0,0.0,0.0,0.0,0.0,0.0,0.0,0.0,0.0
COc1c(C)c2c(c(O)c1C/C=C(\C)CCC(=O)OCCN1CCOCC1)C(=O)OC2,433.5010000000003,2.52402,0.0,,,,1.0,,,1.0,0.0,0.0,0.0,1.0
CC(C)(C)NCC(O)COc1cccc2c1C[C@H](O)[C@H](O)C2,309.406,0.6347999999999998,0.0,0.0,0.0,0.0,0.0,0.0,0.0,0.0,0.0,0.0,0.0,0.0
Oc1ccc2c3c1O[C@H]1[C@@H](O)CC[C@@]4(O)[C@@H](C2)N(CC2CCC2)CC[C@]314,357.4500000000003,1.7072999999999998,,0.0,0.0,,0.0,0.0,0.0,,0.0,,0.0,0.0
C=C1CC[C@@]2(O)[C@H]3Cc4ccc(O)c5c4[C@@]2(CCN3CC2CC2)[C@H]1O5,339.4350000000001,2.512500000000001,0.0,0.0,0.0,0.0,1.0,0.0,0.0,0.0,0.0,0.0,0.0,0.0
C=C(C)C(=O)OCCOc1ccccc1,206.241,2.1847000000000003,0.0,0.0,0.0,,1.0,0.0,0.0,0.0,0.0,1.0,0.0,0.0
C=CCN1CC[C@]23c4c5ccc(O)c4O[C@H]2C(=O)CC[C@@]3(O)[C@H]1C5,327.3800000000001,1.3014,0.0,0.0,0.0,0.0,0.0,0.0,0.0,0.0,0.0,0.0,0.0,0.0
CC(CC(C)C)=NO,115.176,1.8825999999999998,0.0,0.0,0.0,0.0,0.0,0.0,0.0,0.0,0.0,0.0,0.0,0.0
COc1ccc(COC(C)=O)cc1,180.203,1.7583,0.0,0.0,0.0,0.0,0.0,0.0,0.0,0.0,0.0,0.0,0.0,0.0
CC(C)(O)C(=O)c1ccc(OCCO)cc1,224.25599999999997,1.0112999999999999,0.0,0.0,0.0,0.0,0.0,0.0,0.0,0.0,0.0,0.0,0.0,0.0
C=CC(=O)OCCC#N,125.127,0.62928,0.0,0.0,0.0,,0.0,0.0,1.0,1.0,0.0,,0.0,0.0
O=C1CCCCCCCCCCCC(=O)OCCO1,270.3689999999999,3.377500000000002,0.0,,0.0,,0.0,0.0,0.0,0.0,0.0,0.0,0.0,0.0
OCCN1CCNCC1,130.191,-1.116099999999999,0.0,0.0,0.0,0.0,0.0,0.0,0.0,0.0,0.0,,0.0,0.0
CC(C)(O)CCc1ccccc1,164.24800000000002,2.3901000000000003,0.0,0.0,0.0,0.0,0.0,0.0,0.0,0.0,0.0,0.0,0.0,0.0
CCCCc1ccc(N)cc1,149.237,2.6114000000000006,0.0,0.0,0.0,,,0.0,0.0,0.0,0.0,0.0,0.0,0.0
CCCCCCCCCc1ccc(O)cc1,220.35600000000002,4.685300000000005,0.0,0.0,0.0,,1.0,0.0,0.0,,0.0,0.0,,0.0
CN(C)Cc1ccccc1,135.20999999999998,1.7482,0.0,0.0,0.0,0.0,0.0,0.0,0.0,0.0,0.0,0.0,0.0,0.0
CO[Si](CCCNCCC[Si](OC)(OC)OC)(OC)OC,341.5530000000001,1.112400000000001,0.0,0.0,0.0,0.0,0.0,0.0,0.0,0.0,0.0,0.0,0.0,0.0
Cc1ccccc1OP(=O)(Oc1ccccc1C)Oc1ccccc1C,368.36900000000014,6.256760000000005,0.0,,1.0,1.0,1.0,0.0,0.0,1.0,0.0,,,0.0
c1coc(CNc2[nH]cnc3ncnc2-3)c1,215.216,1.5095999999999996,0.0,0.0,0.0,0.0,,0.0,0.0,0.0,0.0,0.0,,0.0
Cc1c(C)c2c(c(C)c1OC(=O)CCC(=O)O)CC[C@@](C)(CCC[C@H](C)CCC[C@H](C)CCCC(C)C)O2,530.7900000000005,8.904860000000003,0.0,0.0,0.0,0.0,0.0,0.0,0.0,,0.0,,,0.0
O=C(Oc1ccccc1)c1cccc(C(=O)Oc2ccccc2)c1,318.328,4.125000000000003,0.0,,1.0,,1.0,0.0,0.0,0.0,,0.0,0.0,0.0
Cc1c(N=C=O)cccc1N=C=O,174.15899999999996,1.9296200000000001,0.0,0.0,0.0,0.0,0.0,0.0,0.0,0.0,0.0,0.0,0.0,0.0
O=C1CCCCC1,98.14500000000001,1.5196,0.0,0.0,0.0,0.0,0.0,0.0,0.0,0.0,0.0,0.0,0.0,0.0
OC[C@H]1O[C@@H]2O[C@@H]3[C@@H](CO)O[C@H](O[C@@H]4[C@@H](CO)O[C@H](O[C@@H]5[C@@H](CO)O[C@H](O[C@@H]6[C@@H](CO)O[C@H](O[C@@H]7[C@@H](CO)O[C@H](O[C@@H]8[C@@H](CO)O[C@H](O[C@H]1[C@H](O)[C@H]2O)[C@H](O)[C@H]8O)[C@H](O)[C@H]7O)[C@H](O)[C@H]6O)[C@H](O)[C@H]5O)[C@H](O)[C@H]4O)[C@H](O)[C@H]3O,1134.9870000000014,-15.23060000000003,0.0,0.0,0.0,0.0,0.0,0.0,0.0,0.0,0.0,0.0,0.0,0.0
O=C1c2ccccc2C(=O)c2c(O)ccc(O)c21,240.21399999999997,1.8732000000000002,0.0,0.0,1.0,,0.0,0.0,0.0,1.0,0.0,0.0,1.0,0.0
CCCCCCCCCCO[C@@H]1O[C@H](CO)[C@@H](O)[C@H](O)[C@H]1O,320.426,0.9435999999999996,0.0,0.0,0.0,0.0,0.0,0.0,0.0,,0.0,0.0,0.0,0.0
C=C(C)C1CCC(C)(O)CC1,154.25299999999996,2.503700000000001,0.0,0.0,0.0,0.0,0.0,0.0,0.0,0.0,0.0,0.0,0.0,0.0
C=C[Si](OCC)(OCC)OCC,190.31499999999994,1.7599999999999998,0.0,0.0,0.0,0.0,0.0,0.0,0.0,0.0,0.0,0.0,,0.0
c1csc(-c2ccc(-c3cccs3)s2)c1,248.39700000000002,5.2051000000000025,1.0,1.0,1.0,,1.0,,1.0,1.0,1.0,1.0,,1.0
O=NN([O-])c1ccccc1,137.11799999999997,1.6722000000000001,0.0,0.0,1.0,,1.0,0.0,0.0,,0.0,0.0,0.0,0.0
O=S(=O)([O-])NC1CCCCC1,178.23299999999995,0.3688999999999998,0.0,0.0,0.0,0.0,0.0,0.0,0.0,0.0,0.0,0.0,,0.0
N#CNC(=N)N,84.08200000000001,-1.0494500000000002,0.0,0.0,0.0,0.0,0.0,0.0,0.0,0.0,0.0,0.0,0.0,0.0
N=c1ccn2c(n1)O[C@H]1[C@H](O)[C@@H](CO)O[C@H]12,225.204,-1.62583,0.0,0.0,0.0,0.0,0.0,0.0,0.0,0.0,0.0,0.0,0.0,1.0
CC(CO)c1ccccc1,136.194,1.7824,0.0,0.0,0.0,0.0,,0.0,0.0,0.0,0.0,0.0,0.0,0.0
Nc1ccc2c(c1)Cc1ccccc1-2,181.23800000000003,2.8400000000000016,1.0,,1.0,,1.0,,0.0,,1.0,0.0,,0.0
CCCCCCCCCCCC[N+](C)(C)CCCS(=O)(=O)[O-],335.554,3.919000000000003,0.0,0.0,0.0,0.0,0.0,0.0,0.0,0.0,0.0,0.0,0.0,0.0
OCc1c2ccccc2cc2ccccc12,208.26,3.4853000000000014,0.0,0.0,,,1.0,0.0,,,0.0,0.0,1.0,0.0
S=c1nccc[nH]1,112.15699999999998,1.13919,0.0,0.0,0.0,0.0,1.0,,0.0,,0.0,0.0,0.0,0.0
CCn1cc[n+](C)c1.F[B-](F)(F)F,197.97199999999998,1.6324999999999998,0.0,0.0,0.0,0.0,,0.0,0.0,0.0,0.0,0.0,0.0,0.0
CC(=O)C(=O)CC(C)C,128.17099999999996,1.1906,0.0,0.0,0.0,0.0,1.0,0.0,0.0,0.0,0.0,0.0,0.0,0.0
CCCC[n+]1ccccc1C,150.24499999999995,2.0826200000000004,0.0,0.0,0.0,0.0,0.0,0.0,0.0,1.0,0.0,0.0,0.0,0.0
CC(C)(C)NCC(O)COc1ccccc1OCC1CCCO1,323.4330000000001,2.3722000000000003,,,,,,,,0.0,,0.0,,
CCCCN(CC)C(=O)SCCC,203.35099999999997,3.3716000000000026,0.0,0.0,0.0,0.0,0.0,0.0,0.0,0.0,0.0,0.0,0.0,0.0
CC(C)NCC(O)COc1cccc2ccccc12,259.34900000000005,2.5775000000000006,0.0,0.0,0.0,0.0,1.0,0.0,0.0,0.0,0.0,0.0,,0.0
CC(CN1CC(=O)NC(=O)C1)N1CC(=O)NC(=O)C1,268.27299999999997,-2.708299999999996,,0.0,0.0,0.0,0.0,0.0,0.0,0.0,0.0,0.0,0.0,1.0
Cc1ncc([C@@H](CCCCCCc2ccc3c(n2)NCCC3)CC(=O)O)cn1,382.5080000000002,4.289620000000002,0.0,,0.0,0.0,0.0,0.0,0.0,,0.0,0.0,0.0,0.0
CC(C)(O)c1cnn2c(-c3ccc(F)c(-c4c(F)cccc4C#N)c3)cnc2n1,391.3810000000001,3.835580000000003,0.0,,,1.0,0.0,0.0,,,0.0,0.0,1.0,0.0
CCCCc1ccc2c(n1)[C@@H](c1ccc(OC)cc1C[C@H](C)C(=O)[O-])[C@H](C(=O)[O-])[C@H]2c1ccc2c(c1)OCO2,529.5890000000003,2.7335000000000003,0.0,0.0,0.0,0.0,0.0,0.0,0.0,0.0,0.0,0.0,0.0,0.0
CCOc1cccc(-n2cc(C(=O)N3CCN(c4cc(C(=O)[O-])c5ccccc5c4)CC3)nc2-c2ccc(C)cc2)c1,559.6460000000003,4.725520000000005,0.0,0.0,0.0,0.0,0.0,,,1.0,,0.0,1.0,
Fc1ccccc1[C@@H](F)CO[C@H]1CC[C@H](Nc2[nH]cnc3nncc2-3)CC1,373.40700000000015,3.8941000000000017,0.0,,,,,0.0,,,,0.0,1.0,0.0
CO[C@@H]1COCC[C@@H]1[NH2+][C@@H]1CC[C@@](C(=O)N2CCc3ncc(C(F)(F)F)cc3C2)(C(C)C)C1.O=C([O-])CCC(=O)O,587.6360000000001,1.1484000000000023,0.0,0.0,0.0,0.0,,0.0,0.0,0.0,0.0,0.0,0.0,0.0
OC12N=C(c3ccccc3)SC1Cc1cc(Cl)ccc12,301.798,3.6034000000000024,0.0,0.0,1.0,,1.0,0.0,0.0,1.0,0.0,0.0,1.0,0.0
CN(C)C(=O)NC1(c2ccccc2)CCN(CC[C@@]2(c3ccc(F)c(F)c3)CN(C(=O)c3ccccc3)CCO2)CC1,576.688,4.985300000000005,0.0,0.0,0.0,0.0,0.0,0.0,,0.0,0.0,0.0,,0.0
Cc1cccc(C)c1NC1=NCCCS1,220.34099999999998,3.2082400000000018,0.0,0.0,0.0,0.0,0.0,0.0,0.0,0.0,0.0,0.0,0.0,0.0
CN1[C@H]2CC[C@@H]1C[C@H](OC(=O)C(CO)c1ccccc1)C2,289.37500000000006,1.9308999999999996,1.0,0.0,0.0,0.0,0.0,0.0,0.0,0.0,0.0,0.0,0.0,0.0
Cl[Ni]Cl,129.599,1.3765,0.0,0.0,0.0,,0.0,0.0,0.0,0.0,0.0,,0.0,0.0
C[C@@H](CN1CC(=O)NC(=O)C1)N1CC(=O)NC(=O)C1,268.27299999999997,-2.708299999999996,,,,,,,,0.0,,0.0,,
CCNc1nc(Cl)nc(NC(C)C)n1,215.68800000000002,1.7770999999999997,0.0,0.0,0.0,0.0,0.0,0.0,0.0,0.0,0.0,0.0,0.0,0.0
O=S(=O)(O)c1ccc(O)cc1,174.177,0.6389,0.0,0.0,,0.0,,,0.0,0.0,0.0,0.0,1.0,0.0
CCCCNC(=N)NC(=N)N,157.22099999999998,-0.20605999999999913,,,,,,,,1.0,,0.0,,
O=C(CCN1CCN2CCCC2C1)N1c2ccccc2Sc2ccc(Cl)cc21,413.9740000000001,4.639400000000004,0.0,0.0,0.0,0.0,0.0,0.0,0.0,,0.0,0.0,,0.0
COc1ccc(CCN2CCC(Nc3nc4ccccc4n3Cc3ccc(F)cc3)CC2)cc1,458.58100000000024,5.351300000000005,0.0,0.0,,,,0.0,,,,0.0,,
NC(=O)NS(=O)(=O)c1ccc(N)cc1,215.234,-0.3742000000000003,1.0,1.0,0.0,,,0.0,0.0,0.0,0.0,0.0,,0.0
CCN(CC)CCNC(=O)COc1ccc(Cl)cc1,284.78700000000003,2.1768,0.0,0.0,0.0,0.0,0.0,0.0,0.0,0.0,0.0,0.0,0.0,0.0
COc1ccc(CN2CCN(C(c3ccc(F)cc3)c3ccc(F)cc3)CC2)c(OC)c1OC,468.54400000000027,4.897800000000005,1.0,0.0,0.0,0.0,0.0,0.0,,0.0,,0.0,,
CC(C)(C)NCC(O)COc1ccc(NC(=O)NC2CCCCC2)cc1,363.50200000000024,3.268600000000002,0.0,0.0,,,,0.0,0.0,0.0,0.0,0.0,,0.0
CCOC(=O)C1=C(C)NC(C)=C(C(=O)OCC)C1c1ccccc1/C=C/C(=O)OC(C)(C)C,455.5510000000002,4.402500000000004,0.0,,1.0,1.0,,1.0,1.0,1.0,,1.0,,1.0
N#C/C(=C1\SCC(c2ccccc2Cl)S1)n1ccnc1,319.84200000000004,4.407480000000002,,0.0,1.0,1.0,0.0,0.0,0.0,0.0,0.0,0.0,0.0,0.0
Nc1ncn([C@@H]2O[C@H](CO)[C@@H](O)[C@H]2O)c(=O)n1,244.207,-3.1679999999999997,0.0,0.0,0.0,,0.0,0.0,,1.0,0.0,0.0,0.0,1.0
CCP(CC)(CC)=[Au]S[C@H]1O[C@@H](COC(C)=O)[C@H](OC(C)=O)[C@@H](OC(C)=O)[C@@H]1OC(C)=O,678.4910000000002,2.7925000000000004,0.0,,,,,1.0,,,1.0,,,
CN(C)c1ccc(C(=N)c2ccc(N(C)C)cc2)cc1,267.376,3.234770000000002,0.0,0.0,1.0,,,0.0,0.0,0.0,0.0,0.0,1.0,1.0
CCOP(=S)(Cl)OCC,188.61599999999999,2.5227000000000004,0.0,0.0,0.0,,0.0,0.0,0.0,0.0,0.0,,,0.0
COP(=S)(Cl)OC,160.56199999999998,1.7425,0.0,0.0,0.0,0.0,0.0,0.0,0.0,0.0,0.0,0.0,0.0,0.0
CO[Si](CCCOCC1CO1)(OC)OC,236.33999999999997,0.6699999999999997,0.0,0.0,0.0,0.0,0.0,0.0,0.0,0.0,0.0,0.0,0.0,0.0
C=CCc1cc(S(=O)(=O)c2ccc(O)c(CC=C)c2)ccc1O,330.40500000000003,3.387600000000002,0.0,,1.0,1.0,,0.0,,,0.0,0.0,1.0,0.0
CCCCCCOC(=O)C(C)CC,186.295,3.1560000000000015,0.0,0.0,0.0,0.0,0.0,0.0,0.0,0.0,0.0,0.0,0.0,0.0
Cc1ccc(S(=O)(=O)Oc2ccc(N=Nc3ccc(-c4ccc(N=Nc5c(O)ccc6cc(S(=O)(=O)[O-])cc(S(=O)(=O)[O-])c56)c(C)c4)cc3C)cc2)cc1,784.8500000000001,8.544360000000006,0.0,0.0,0.0,,,0.0,0.0,,0.0,0.0,,0.0
[Cr+2].c1cc[cH-]c1.c1cc[cH-]c1,182.186,2.8085000000000013,0.0,0.0,0.0,0.0,0.0,0.0,0.0,0.0,0.0,0.0,0.0,0.0
CCOC(=O)[C@H](CCc1ccccc1)N[C@@H](C)C(=O)N1Cc2ccccc2C[C@H]1C(=O)O,438.5240000000003,2.5671,0.0,0.0,1.0,0.0,0.0,0.0,0.0,0.0,0.0,0.0,0.0,0.0
CC1=CCC(C(C)C)C=C1,136.238,3.1648000000000023,0.0,0.0,0.0,0.0,0.0,0.0,0.0,,0.0,0.0,0.0,0.0
Cn1cc(C(=O)[C@@H]2CCc3[nH]cnc3C2)c2ccccc21,279.343,2.8892000000000015,0.0,0.0,0.0,0.0,0.0,0.0,0.0,0.0,0.0,,0.0,0.0
ON=C1C=CC(=NO)C=C1,138.126,0.7727999999999999,0.0,0.0,1.0,,0.0,0.0,0.0,1.0,0.0,0.0,1.0,0.0
C[C@@H]1[C@@H]2Cc3ccc(O)cc3[C@@]1(C)CCN2CCc1ccccc1,321.46399999999994,4.159100000000004,0.0,0.0,1.0,0.0,,0.0,,,0.0,,0.0,0.0
CC(C)CCCCCCc1ccc(O)cc1,220.35600000000002,4.541200000000005,0.0,0.0,0.0,,1.0,1.0,0.0,0.0,0.0,,1.0,
c1coc(-c2nc3ccccc3[nH]2)c1,184.198,2.8228999999999997,0.0,0.0,1.0,,1.0,,0.0,0.0,1.0,0.0,,0.0
O=C1OCCN1/N=C/c1ccc([N+](=O)[O-])o1,225.16,0.9739,0.0,,,,1.0,1.0,0.0,1.0,0.0,0.0,0.0,0.0
Cl[Sb](Cl)Cl,228.11900000000003,1.6877,0.0,,0.0,0.0,0.0,0.0,,1.0,0.0,1.0,1.0,1.0
CCn1cc(C(=O)O)c(=O)c2cc3c(cc21)OCO3,261.23299999999995,1.4483000000000001,0.0,0.0,0.0,0.0,0.0,0.0,0.0,0.0,0.0,0.0,0.0,0.0
CC(C)NNC(=O)c1ccncc1,179.223,0.7243999999999996,0.0,0.0,,0.0,1.0,1.0,0.0,0.0,0.0,0.0,0.0,0.0
O=[N+]([O-])c1ccc(Nc2ccc(Nc3ccccc3)c(S(=O)(=O)[O-])c2)c([N+](=O)[O-])c1,429.3900000000002,3.894300000000002,0.0,0.0,0.0,0.0,0.0,0.0,0.0,0.0,0.0,0.0,,0.0
COc1ccc2[nH]c(S(=O)Cc3ncc(C)c(OC)c3C)nc2c1,345.4240000000001,2.8997400000000013,0.0,0.0,1.0,0.0,,0.0,0.0,1.0,0.0,0.0,0.0,0.0
COCC(C)N,89.13800000000002,-0.019999999999999685,0.0,0.0,0.0,0.0,0.0,0.0,0.0,0.0,0.0,0.0,0.0,0.0
O=S(=O)([O-])c1cc(S(=O)(=O)[O-])c2c(/N=N/c3ccccc3)c(O)ccc2c1,406.39700000000005,2.769000000000002,0.0,0.0,0.0,0.0,0.0,0.0,0.0,0.0,0.0,0.0,,0.0
COc1cc(/C=C/C(=O)O[C@H]2CC[C@]34C[C@]35CC[C@]3(C)[C@@H]([C@H](C)CCC=C(C)C)CC[C@@]3(C)[C@@H]5CC[C@H]4C2(C)C)ccc1O,602.9000000000003,10.147399999999994,0.0,1.0,0.0,0.0,0.0,1.0,1.0,0.0,1.0,0.0,0.0,1.0
O=C1Nc2ccc(Cl)cc2C(c2ccccc2)=NC1O,286.718,2.4479,1.0,0.0,0.0,0.0,1.0,0.0,0.0,0.0,0.0,0.0,0.0,0.0
CNC(=O)ON=C(SC)C(=O)N(C)C,219.266,0.10709999999999997,0.0,0.0,0.0,0.0,1.0,0.0,0.0,0.0,0.0,0.0,0.0,0.0
COc1ccc(CO)cc1,138.166,1.1874999999999998,0.0,0.0,0.0,0.0,0.0,0.0,0.0,0.0,0.0,0.0,0.0,0.0
Cc1ccc2c(c1)[C@]13CCCC[C@@H]1[C@H](C2)N(C)CC3,255.40499999999994,3.683220000000002,0.0,0.0,,0.0,0.0,0.0,0.0,,0.0,,0.0,0.0
O=c1[nH]c(=O)n([C@H]2C[C@H](O)[C@@H](CO)O2)cc1Br,307.1,-1.0602,0.0,0.0,0.0,,,0.0,0.0,0.0,0.0,0.0,0.0,0.0
CN(C)Cc1ccccc1O,151.20899999999997,1.4538,0.0,0.0,0.0,0.0,0.0,0.0,0.0,0.0,0.0,0.0,0.0,0.0
CC(=O)N(CC(O)CO)c1c(I)c(C(=O)NCCO)c(I)c(C(=O)NCC(O)CO)c1I,791.1150000000001,-0.9884,0.0,0.0,0.0,0.0,1.0,0.0,0.0,1.0,0.0,0.0,0.0,0.0
CC(C)(C(=O)O)c1ccc(C(O)CCCN2CCC(C(O)(c3ccccc3)c3ccccc3)CC2)cc1,501.66700000000014,5.510500000000006,0.0,0.0,0.0,0.0,0.0,0.0,0.0,,0.0,0.0,0.0,0.0
COc1ncc(F)c2nc(S(=O)(=O)Nc3c(F)cccc3F)nn12,359.28900000000004,1.3509999999999995,0.0,0.0,0.0,0.0,0.0,0.0,0.0,0.0,0.0,0.0,0.0,0.0
CCOC(=O)Nc1ccc2c(c1)N(C(=O)CN(C)C)c1ccccc1CC2,367.4490000000001,3.579900000000002,0.0,0.0,0.0,0.0,0.0,0.0,,,0.0,,,0.0
CCN(CCO)CCn1c(Cc2ccccc2)nc2c1c(=O)n(C)c(=O)n2C,385.4680000000002,0.3387000000000002,0.0,0.0,0.0,0.0,0.0,0.0,0.0,0.0,0.0,0.0,0.0,0.0
C=CC1(C)CC(OC(=O)CO)C2(C)C(C)CCC3(CCC(=O)C32)C(C)C1O,378.5090000000001,2.8852000000000015,0.0,0.0,0.0,0.0,0.0,0.0,0.0,,0.0,,0.0,0.0
C=C1CC2C3CCC4=CC(=O)C=C[C@]4(C)[C@@]3(F)[C@@H](O)C[C@]2(C)[C@@]1(O)C(=O)COC(C)=O,432.4880000000003,2.3866000000000005,1.0,1.0,0.0,,,0.0,0.0,,0.0,,0.0,0.0
CCCCCCCCCCCCCC[P+](CCCCCC)(CCCCCC)CCCCCC,483.8700000000006,12.44599999999998,0.0,,,,,,,,,,1.0,
CCCCCCn1cc[n+](C)c1,167.27599999999998,1.8929,0.0,0.0,0.0,0.0,,0.0,0.0,1.0,0.0,0.0,,
CCCn1cc[n+](C)c1.O=S(=O)([N-]S(=O)(=O)C(F)(F)F)C(F)(F)F,405.342,1.7819000000000003,0.0,0.0,0.0,0.0,0.0,0.0,0.0,0.0,0.0,0.0,,0.0
CCCCCCCCn1cc[n+](C)c1.O=S(=O)([O-])C(F)(F)F,344.39900000000006,2.7245000000000017,0.0,,,1.0,,,0.0,1.0,,0.0,1.0,
Clc1cc(Cl)cc(Cl)c1,181.449,3.6468000000000007,0.0,0.0,0.0,0.0,0.0,0.0,0.0,0.0,0.0,0.0,0.0,0.0
Clc1cccc(Cl)c1Cl,181.44899999999998,3.6468000000000007,0.0,0.0,0.0,0.0,0.0,0.0,0.0,0.0,0.0,0.0,0.0,0.0
O=C(CCl)c1ccc(Cl)cc1Cl,223.486,3.414900000000001,0.0,0.0,0.0,,0.0,0.0,,1.0,1.0,1.0,1.0,1.0
C=CC1=C(C(=O)O)N2C(=O)[C@@H](NC(=O)/C(=N/OCC(=O)O)c3csc(N)n3)[C@H]2SC1,453.45800000000014,-0.5447999999999991,0.0,0.0,0.0,0.0,0.0,0.0,0.0,,0.0,,0.0,0.0
N[C@@H](C(=O)N[C@@H]1C(=O)N2C(C(=O)O)=C(CSc3c[nH]nn3)CS[C@H]12)c1ccc(O)cc1,462.5130000000001,0.041000000000000425,0.0,0.0,0.0,0.0,0.0,0.0,0.0,,0.0,,0.0,0.0
Cc1nnc(SCC2=C(C(=O)O)N3C(=O)[C@@H](NC(=O)Cn4cnnn4)[C@H]3SC2)s1,454.5190000000002,-0.6360799999999995,0.0,0.0,0.0,0.0,0.0,0.0,0.0,1.0,0.0,0.0,0.0,0.0
NS(=O)(=O)c1cc(C(=O)O)cc(N2CCCC2)c1Oc1ccccc1,362.40700000000004,2.4247000000000005,1.0,0.0,0.0,,0.0,0.0,0.0,0.0,0.0,0.0,0.0,0.0
O=c1[nH]sc2cc(Cl)ccc12,185.635,2.2429999999999994,,,,,,,,,,1.0,,
CC(=O)c1ccc2c(c1)N(CCCN1CCC(CCO)CC1)c1ccccc1S2,410.5830000000001,4.976400000000005,0.0,0.0,0.0,0.0,0.0,0.0,0.0,0.0,0.0,0.0,0.0,0.0
CC[N+]1(C)CCCC(OC(=O)C(O)(c2ccccc2)c2ccccc2)C1,354.4700000000001,3.0946000000000016,,,,,,,,0.0,,0.0,,
CN1CCN(CC(=O)N2c3ccccc3C(=O)Nc3cccnc32)CC1,351.41000000000014,1.5593999999999992,0.0,0.0,0.0,0.0,0.0,0.0,0.0,0.0,0.0,0.0,0.0,0.0
O=C(CCBr)N1CCN(C(=O)CCBr)CC1,356.058,1.2272,,,,,,,,1.0,,0.0,,
CCCc1ccc(O)cc1,136.19399999999996,2.3447000000000005,0.0,0.0,0.0,0.0,,0.0,0.0,0.0,0.0,0.0,1.0,0.0
CCC(CO)(CO)CO,134.17499999999998,-0.6403000000000001,0.0,0.0,0.0,0.0,0.0,0.0,0.0,0.0,0.0,0.0,0.0,0.0
CCC(C)N,73.13900000000001,0.7436,0.0,0.0,0.0,0.0,0.0,0.0,0.0,0.0,0.0,0.0,0.0,0.0
Cc1cccc(Nc2ncccc2C(=O)O)c1C,242.27800000000002,3.1402400000000013,0.0,0.0,1.0,,,0.0,0.0,,0.0,,0.0,0.0
Cc1cccc(C)c1Nc1ncccc1C(=O)O,242.27800000000002,3.1402400000000004,0.0,,1.0,,,0.0,0.0,,1.0,,1.0,
O=C(NCCO[N+](=O)[O-])c1cccnc1,211.17700000000002,0.01969999999999983,0.0,0.0,0.0,0.0,0.0,0.0,0.0,0.0,0.0,0.0,0.0,0.0
Cc1cccc(C(C)c2c[nH]cn2)c1C,200.28500000000003,3.1783400000000013,0.0,0.0,1.0,1.0,0.0,0.0,0.0,,0.0,,0.0,0.0
CCOc1ccccc1O[C@H](c1ccccc1)[C@H]1CNCCO1,313.39700000000005,3.1938000000000004,0.0,0.0,0.0,0.0,0.0,0.0,0.0,0.0,0.0,0.0,,0.0
COC(C)(C)OC,104.14899999999999,1.0152999999999999,0.0,0.0,0.0,0.0,0.0,0.0,0.0,0.0,0.0,0.0,0.0,0.0
CC(CO)(CO)CO,120.148,-1.0304,0.0,0.0,0.0,0.0,,0.0,0.0,0.0,0.0,0.0,0.0,0.0
CCCCCCOc1ccc(N)cc1,193.29,3.227900000000001,0.0,0.0,1.0,,1.0,0.0,,0.0,1.0,0.0,,
O=C(NCCc1c[nH]c2ccccc12)c1cccnc1,265.31600000000003,2.5354,0.0,0.0,1.0,1.0,0.0,0.0,0.0,0.0,0.0,0.0,0.0,0.0
CC[n+]1c(-c2ccccc2)c2cc(N)ccc2c2ccc(N)cc21,314.41200000000003,4.131800000000002,0.0,1.0,1.0,1.0,0.0,,0.0,1.0,,0.0,1.0,1.0
CN(C)c1nc(N(C)C)nc(N(C)C)n1,210.285,0.0696000000000001,0.0,0.0,0.0,0.0,0.0,0.0,0.0,0.0,0.0,0.0,0.0,0.0
Nc1ccc(-c2ccc(F)cc2)cc1,187.217,3.0749000000000013,0.0,0.0,1.0,,1.0,0.0,0.0,,,0.0,,0.0
CCC[N+](=O)[O-],89.09399999999998,0.6731,0.0,0.0,0.0,0.0,0.0,0.0,0.0,0.0,0.0,0.0,0.0,0.0
CC(C)[N+](=O)[O-],89.094,0.6715,0.0,0.0,0.0,0.0,0.0,0.0,0.0,0.0,0.0,0.0,0.0,0.0
O=C(O)CC[N+](=O)[O-],119.07600000000001,-0.26219999999999977,0.0,0.0,0.0,0.0,0.0,0.0,0.0,0.0,0.0,0.0,0.0,0.0
O=[N+]([O-])c1ccc2ccc3cccc4ccc1c2c34,247.253,4.492200000000002,0.0,0.0,,0.0,0.0,1.0,,1.0,,,1.0,
C=CCN(C1=NCCN1)c1c(Cl)cccc1Cl,270.163,2.945000000000001,0.0,0.0,0.0,0.0,1.0,0.0,0.0,,0.0,,0.0,0.0
Oc1ncnc2[nH]ncc12,136.114,0.058499999999999885,0.0,0.0,0.0,0.0,0.0,0.0,0.0,0.0,0.0,0.0,0.0,0.0
C=CC[C@]1(O)CC[C@H]2[C@@H]3CCC4=CCCC[C@@H]4[C@H]3CC[C@@]21C,300.48600000000005,5.2564000000000055,1.0,0.0,0.0,0.0,1.0,1.0,0.0,,0.0,,1.0,0.0
CC(=O)[C@H]1CC[C@H]2[C@@H]3CC[C@H]4C[C@H](O)CC[C@]4(C)[C@H]3C(=O)C[C@]12C,332.4840000000001,3.774200000000003,0.0,0.0,,0.0,0.0,0.0,0.0,0.0,0.0,0.0,0.0,0.0
C=C(CC)C(=O)c1ccc(OCC(=O)O)c(Cl)c1Cl,303.14099999999996,3.6057000000000023,0.0,0.0,0.0,,0.0,1.0,,1.0,0.0,1.0,0.0,1.0
CN(C)CCCOC1(Cc2ccccc2)CCCCCC1,289.4630000000001,4.2904000000000035,,,,,,,,0.0,,0.0,,
Clc1cc(Cl)c(Cl)c(Cl)c1,215.894,4.3002,1.0,,0.0,0.0,,0.0,0.0,0.0,0.0,0.0,0.0,0.0
CCCOC/C(=N\c1ccc(Cl)cc1C(F)(F)F)n1ccnc1,345.752,4.560200000000004,0.0,,0.0,1.0,,,1.0,1.0,0.0,,,
CC1CS(=O)(=O)CCN1N=Cc1ccc([N+](=O)[O-])o1,287.297,0.6406000000000001,0.0,0.0,0.0,0.0,0.0,0.0,0.0,,0.0,,0.0,0.0
C[C@H](NCCc1ccc(O)cc1)[C@H](O)c1ccc(O)cc1,287.35900000000004,2.3520000000000003,0.0,0.0,0.0,0.0,0.0,0.0,0.0,,0.0,,0.0,0.0
Cc1cccc(CN2CCN(C(c3ccccc3)c3ccc(Cl)cc3)CC2)c1,390.9580000000002,5.555620000000006,0.0,0.0,0.0,0.0,0.0,0.0,0.0,1.0,0.0,0.0,0.0,0.0
CC[C@@H](CO)NCCN[C@@H](CC)CO,204.314,-0.292599999999999,0.0,0.0,0.0,0.0,0.0,0.0,0.0,0.0,0.0,0.0,0.0,0.0
N=C(N)NCC1COC2(CCCCC2)O1.N=C(N)NCC1COC2(CCCCC2)O1,426.5620000000003,1.0905400000000027,0.0,0.0,0.0,0.0,0.0,0.0,0.0,,0.0,,0.0,0.0
CCN(CC)C(C)CN1c2ccccc2Sc2ccccc21,312.482,5.019600000000005,0.0,0.0,0.0,0.0,0.0,0.0,0.0,0.0,0.0,0.0,0.0,0.0
Cc1cc2c(cc1S(N)(=O)=O)S(=O)(=O)CCC2,275.35100000000006,0.36232000000000025,0.0,0.0,0.0,0.0,0.0,0.0,0.0,0.0,0.0,0.0,0.0,0.0
CC(C)(C)NCC(O)c1cc(O)cc(O)c1.CC(C)(C)NCC(O)c1cc(O)cc(O)c1,450.5760000000002,3.0386000000000006,0.0,0.0,0.0,0.0,0.0,0.0,0.0,0.0,0.0,0.0,0.0,0.0
CC(C=O)Cc1ccc(C(C)(C)C)cc1,204.313,3.361600000000002,0.0,0.0,0.0,,0.0,0.0,0.0,0.0,0.0,0.0,,0.0
CC(C)c1c(CN(C)C(C)Cc2ccccc2)n(C)n(-c2ccccc2)c1=O,377.5320000000001,4.362400000000004,0.0,0.0,0.0,0.0,0.0,0.0,0.0,,0.0,0.0,0.0,0.0
O=C(Cn1ccnc1[N+](=O)[O-])NCCO,214.18099999999998,-1.1002,0.0,0.0,0.0,0.0,0.0,0.0,0.0,0.0,0.0,0.0,,0.0
NCC(CC(=O)O)c1ccc(Cl)cc1,213.664,1.857,0.0,0.0,0.0,0.0,0.0,0.0,0.0,0.0,0.0,0.0,0.0,0.0
CCCCN(CC)c1c([N+](=O)[O-])cc(C(F)(F)F)cc1[N+](=O)[O-],335.28200000000004,4.148200000000004,0.0,0.0,0.0,0.0,0.0,0.0,0.0,0.0,0.0,0.0,1.0,0.0
CCCCC(O)(Cn1cncn1)c1ccc(Cl)cc1Cl,314.216,3.6629000000000023,0.0,0.0,0.0,,,0.0,,,0.0,,1.0,
Nc1ccc(/N=N/c2ccc(-c3ccc(/N=N/c4c(S(=O)(=O)[O-])cc5cc(S(=O)(=O)[O-])c(/N=N/c6ccccc6)c(O)c5c4N)cc3)cc2)c(N)c1,735.7640000000001,8.013400000000006,0.0,0.0,1.0,,0.0,0.0,,0.0,0.0,0.0,1.0,0.0
O=[Bi]Cl,260.432,0.18989999999999996,0.0,0.0,,,,0.0,0.0,0.0,0.0,0.0,0.0,0.0
CC(C)(c1ccc(O)cc1)c1ccc(O)cc1,228.291,3.423700000000002,0.0,0.0,,0.0,1.0,1.0,,1.0,0.0,0.0,1.0,0.0
CCCCCCCC/C=C\CCCCCCCC(=O)OCCOC(=O)CCCCCCC/C=C\CCCCCCCC,590.9740000000002,12.147799999999984,0.0,0.0,,0.0,1.0,0.0,0.0,0.0,0.0,0.0,,0.0
CCCCCCCC/C=C\CCCCCCCCOCCO,312.538,6.032800000000007,0.0,,0.0,,,,,1.0,0.0,,1.0,
CCCCCCCC/C=C\CCCCCCCC(=O)OCCO,326.521,5.559400000000006,0.0,0.0,0.0,,0.0,0.0,0.0,,0.0,1.0,0.0,0.0
O=C1C=CC(=O)N1c1ccc(Cc2ccc(N3C(=O)C=CC3=O)cc2)cc1,358.35300000000007,2.1361999999999997,0.0,,0.0,,,,,,,1.0,,1.0
Oc1c(I)cc(I)c2cccnc12,396.95300000000003,3.1496000000000013,0.0,0.0,1.0,0.0,0.0,0.0,0.0,0.0,0.0,0.0,0.0,1.0
NS(=O)(=O)c1ccc(N2CCCCS2(=O)=O)cc1,290.36599999999993,0.2639999999999998,,,,,,,,0.0,,0.0,,
CC(=O)N(CC(O)CO)c1c(I)c(C(=O)NCC(O)CO)c(I)c(C(=O)NCC(O)CO)c1I,821.1410000000001,-1.6274999999999986,0.0,0.0,0.0,0.0,0.0,0.0,0.0,0.0,0.0,0.0,,0.0
CC1=C(CC(=O)O)c2cc(F)ccc2/C1=C\c1ccc(S(C)=O)cc1,356.41800000000006,4.365500000000003,0.0,0.0,1.0,0.0,0.0,0.0,0.0,1.0,0.0,0.0,0.0,0.0
O=S([O-])CNc1ccc(S(=O)(=O)c2ccc(NCS(=O)[O-])cc2)cc1,402.47500000000014,1.0163999999999997,0.0,0.0,0.0,0.0,0.0,0.0,0.0,,0.0,,0.0,0.0
Nc1ccc(S(N)(=O)=O)cc1,172.20900000000003,-0.08380000000000004,0.0,0.0,0.0,1.0,0.0,0.0,0.0,0.0,0.0,0.0,0.0,0.0
O=C1OC(c2ccc(O)c(S(=O)(=O)[O-])c2)(c2ccc(O)c(S(=O)(=O)[O-])c2)c2c(Br)c(Br)c(Br)c(Br)c21,792.024,4.418300000000002,0.0,0.0,0.0,0.0,0.0,0.0,0.0,1.0,0.0,0.0,0.0,0.0
CC(=O)N(c1onc(C)c1C)S(=O)(=O)c1ccc(N)cc1,309.34700000000004,1.6154400000000002,,,,,,,,0.0,,0.0,,
CCC(Cc1c(I)cc(I)c(N)c1I)C(=O)O,570.9340000000001,3.7359000000000018,0.0,0.0,0.0,0.0,0.0,1.0,0.0,,0.0,0.0,0.0,0.0
C[C@H](O)C(=O)Nc1c(I)c(C(=O)NC(CO)CO)c(I)c(C(=O)NC(CO)CO)c1I,777.0880000000001,-1.0143000000000004,1.0,0.0,0.0,,0.0,0.0,0.0,0.0,0.0,0.0,0.0,0.0
CCOC(=O)Oc1c(OC)cc(C(=O)O[C@@H]2C[C@@H]3CN4CCc5c([nH]c6cc(OC)ccc56)[C@H]4C[C@@H]3[C@H](C(=O)OC)[C@H]2OC)cc1OC,666.7240000000003,4.697800000000004,0.0,,,0.0,0.0,0.0,,,,,,0.0
CNS(=O)(=O)Cc1ccc2[nH]cc(CCN(C)C)c2c1,295.408,1.3211999999999997,0.0,0.0,0.0,0.0,0.0,0.0,0.0,0.0,0.0,0.0,,0.0
O=C([O-])CCC(=O)OC[C@@H](NC(=O)C(Cl)Cl)[C@H](O)c1ccc([N+](=O)[O-])cc1,422.1970000000001,-0.00999999999999901,0.0,0.0,0.0,0.0,0.0,0.0,0.0,0.0,0.0,0.0,0.0,0.0
CC1=CC2C3CC(C=C3C)C2C1,160.26,3.1648000000000023,0.0,0.0,0.0,0.0,0.0,0.0,0.0,1.0,0.0,0.0,0.0,0.0
Nc1ccc2cc3ccc(N)cc3nc2c1.Nc1ccc2cc3ccc(N)cc3nc2c1,418.50400000000013,5.104800000000003,0.0,,1.0,1.0,1.0,,,,,0.0,1.0,1.0
C/C(=C\C(C)CC(C)CC(C)C)C1CC(=O)OC1=O,266.381,3.730800000000002,0.0,0.0,,0.0,0.0,0.0,0.0,1.0,0.0,0.0,0.0,0.0
O=C(O)C(F)(F)C(F)(F)C(F)(F)C(F)(F)C(F)(F)C(F)(F)F,364.05699999999996,3.8098,0.0,0.0,0.0,0.0,0.0,0.0,0.0,1.0,0.0,0.0,,0.0
[Br-].[Na+],102.89399999999999,-5.992,0.0,0.0,0.0,0.0,0.0,0.0,0.0,0.0,0.0,0.0,0.0,0.0
COc1cc2c(c(OC)c1OC)-c1ccc(OC)c(=O)cc1[C@@H](NC(C)=O)CC2,399.4430000000002,2.871600000000001,0.0,,0.0,0.0,0.0,0.0,,1.0,1.0,0.0,1.0,0.0
CC(CO)(CO)[N+](=O)[O-],135.119,-0.9936,0.0,0.0,0.0,0.0,,0.0,0.0,0.0,0.0,0.0,0.0,0.0
CCC(C)(C)O,88.14999999999998,1.1673,0.0,0.0,0.0,0.0,0.0,0.0,0.0,0.0,0.0,0.0,,0.0
[Co+2].c1cc[cH-]c1.c1cc[cH-]c1,189.123,2.8085000000000013,0.0,0.0,0.0,0.0,0.0,0.0,0.0,1.0,0.0,0.0,,0.0
CC(C)Oc1ccccc1O,152.19299999999998,2.1794000000000007,0.0,0.0,0.0,0.0,0.0,0.0,0.0,0.0,0.0,0.0,0.0,0.0
Cc1ccc2c(c1)C(=O)c1ccccc1C2=O,222.243,2.7704200000000005,1.0,0.0,1.0,,1.0,0.0,0.0,1.0,1.0,0.0,1.0,0.0
CC12CCC(CC1=O)C2(C)C,152.237,2.401700000000001,0.0,0.0,0.0,0.0,0.0,0.0,0.0,0.0,0.0,0.0,0.0,0.0
COC(OC)C(C)c1ccccc1,180.247,2.4090000000000007,0.0,0.0,0.0,0.0,0.0,0.0,0.0,0.0,0.0,0.0,0.0,0.0
SC1CCCC1,102.20200000000001,1.8587999999999998,0.0,0.0,0.0,0.0,,0.0,0.0,0.0,0.0,0.0,0.0,0.0
O=C1[N-]S(=O)(=O)c2ccccc21.O=C1[N-]S(=O)(=O)c2ccccc21,364.3600000000001,1.8056,0.0,0.0,0.0,0.0,0.0,0.0,0.0,0.0,0.0,0.0,0.0,0.0
COc1cc(C)ccc1O,138.166,1.70922,0.0,0.0,0.0,0.0,0.0,,0.0,0.0,0.0,0.0,0.0,0.0
O=C1OC(=O)C2C3C=CC(C3)C12,164.15999999999997,0.5080999999999999,0.0,0.0,0.0,0.0,0.0,0.0,0.0,0.0,0.0,0.0,0.0,0.0
CC(CC=O)CC(C)(C)C,142.242,2.6477000000000013,0.0,0.0,0.0,,0.0,0.0,0.0,0.0,0.0,0.0,0.0,0.0
CC1(C)OC[C@@H]2O[C@@]3(C(=O)O)OC(C)(C)O[C@H]3[C@@H]2O1,274.269,0.46909999999999985,0.0,0.0,0.0,0.0,0.0,0.0,0.0,0.0,0.0,0.0,0.0,0.0
C1CCN(CN2CCCCC2)CC1,182.31099999999995,1.9157,0.0,0.0,0.0,0.0,0.0,0.0,0.0,0.0,0.0,0.0,0.0,0.0
CCCCCCCCCCCCCCCCCCOS(=O)(=O)[O-],349.55699999999996,5.724700000000006,0.0,0.0,0.0,,0.0,0.0,0.0,,0.0,,0.0,
Clc1ccc2[nH]nnc2c1,153.572,1.6112999999999995,0.0,0.0,0.0,0.0,0.0,,,0.0,0.0,,0.0,0.0
NC(=O)c1ccccc1[N+](=O)[O-],166.13599999999994,0.6937,0.0,0.0,0.0,0.0,0.0,0.0,0.0,,0.0,0.0,,0.0
NC(=O)c1cccc([N+](=O)[O-])c1,166.13599999999997,0.6937,0.0,0.0,0.0,,0.0,0.0,0.0,0.0,0.0,0.0,0.0,0.0
O=C(O)c1cccc([N+](=O)[O-])c1,167.11999999999998,1.293,0.0,0.0,0.0,0.0,0.0,0.0,0.0,0.0,0.0,0.0,0.0,0.0
O=C(O)c1ccccc1[N+](=O)[O-],167.11999999999995,1.293,0.0,0.0,0.0,0.0,0.0,0.0,0.0,0.0,0.0,0.0,0.0,0.0
CN(C)c1ccc(C(c2ccccc2)c2ccc(N(C)C)cc2)cc1,330.4750000000001,4.998800000000005,0.0,0.0,0.0,,0.0,0.0,0.0,0.0,0.0,0.0,1.0,0.0
COc1cc(C=CC(=O)N2CCN(CC(=O)N3CCCC3)CC2)cc(OC)c1OC,417.50600000000026,1.4922000000000002,0.0,0.0,0.0,0.0,0.0,0.0,0.0,,0.0,,0.0,0.0
Nc1cccc(S(=O)(=O)O)c1,173.193,0.5155000000000001,0.0,0.0,0.0,0.0,0.0,0.0,0.0,0.0,0.0,0.0,,0.0
CCN(CC)C(=O)Nc1ccc(OCC(O)CNC(C)(C)C)c(C(C)=O)c1,379.5010000000002,2.8907000000000007,0.0,0.0,0.0,0.0,0.0,0.0,0.0,0.0,0.0,0.0,0.0,0.0
CCCCCCCCCCOc1cc2c(O)c(C(=O)OCC)cnc2cc1OCC,417.5460000000002,6.035300000000007,0.0,0.0,0.0,0.0,0.0,0.0,0.0,0.0,0.0,0.0,0.0,0.0
CC(C)OC(=O)Nc1ccc2[nH]c(-c3cscn3)nc2c1,302.35900000000004,3.643300000000001,0.0,,1.0,,1.0,0.0,0.0,,1.0,,,1.0
CC1(C)CCC(C)(C)c2cc(NC(=O)c3ccc(C(=O)O)cc3)ccc21,351.4460000000001,4.986100000000004,0.0,0.0,,1.0,,,,0.0,0.0,0.0,1.0,
CO[C@@H]1[C@@H](O[C@@H]2O[C@H](C)[C@@H](O[C@H]3C[C@@](C)(O)[C@@H](OC(=O)CC(C)C)[C@H](C)O3)[C@H](N(C)C)[C@H]2O)[C@@H](CC=O)C[C@@H](C)C(=O)C=CC2OC2C[C@@H](C)OC(=O)C[C@H]1OC(C)=O,841.9890000000001,2.4328000000000074,0.0,,0.0,0.0,,0.0,,,,,0.0,
CC[C@H]1NC(=O)[C@@H](NC(=O)c2ncccc2O)C(C)OC(=O)[C@H](c2ccccc2)NC(=O)C2CC(=O)CCN2C(=O)[C@H](Cc2ccccc2)N(C)C(=O)[C@@H]2CCCN2C1=O,823.9039999999998,1.2040000000000048,0.0,0.0,0.0,0.0,0.0,0.0,0.0,,0.0,,0.0,0.0
Cc1nc(NS(=O)(=O)c2ccc(N)cc2)nc(C)c1Br,357.233,2.2389400000000004,0.0,0.0,0.0,0.0,0.0,0.0,0.0,,0.0,,0.0,0.0
CCCCCCCCCCCCCOP(=O)(O)O,280.3449999999999,4.406700000000005,0.0,0.0,0.0,,0.0,0.0,,,0.0,,,
COc1ccc2cccc(CCNC(C)=O)c2c1,243.30599999999995,2.527,,,,,,,,0.0,,0.0,,
O=C([O-])c1ccccc1C(=O)O,165.12399999999997,-0.2517000000000001,0.0,0.0,0.0,0.0,0.0,0.0,0.0,0.0,0.0,0.0,0.0,0.0
N#C/C=C/C#N,78.07400000000001,0.5897599999999998,0.0,1.0,0.0,,0.0,1.0,,1.0,1.0,,,0.0
C=C1CC[C@H](O)C/C1=C/C=C1\CCC[C@@]2(C)[C@H]1CC[C@@H]2[C@H](C)CCCC(C)C,384.6480000000002,7.619000000000008,0.0,0.0,0.0,,0.0,0.0,,1.0,0.0,1.0,0.0,
Cc1ccc(Nc2ccc(O)c3c2C(=O)c2ccccc2C3=O)cc1,329.3550000000001,4.219620000000003,0.0,0.0,1.0,0.0,0.0,0.0,0.0,1.0,0.0,0.0,0.0,0.0
COc1ccc(C(O)(c2cncnc2)C2CC2)cc1,256.305,2.1311,0.0,0.0,0.0,0.0,0.0,0.0,0.0,0.0,0.0,0.0,,0.0
CCCC(=O)Nc1ncnc2c1ncn2[C@@H]1O[C@@H]2COP(=O)(O)O[C@H]2[C@H]1OC(=O)CCC,469.3910000000003,1.6899999999999993,0.0,0.0,0.0,0.0,0.0,0.0,0.0,,0.0,,0.0,0.0
CC(C)NC(C)C,101.19299999999998,1.3927999999999998,0.0,0.0,0.0,,0.0,0.0,0.0,0.0,0.0,0.0,0.0,0.0
CC(C)N=C=NC(C)C,126.20299999999999,1.9771,0.0,0.0,0.0,0.0,,,0.0,0.0,0.0,0.0,0.0,0.0
CC(C)CC(=O)CC(C)C,142.242,2.6477000000000013,0.0,0.0,0.0,0.0,1.0,0.0,0.0,0.0,0.0,0.0,0.0,0.0
CC(C)(C)CCCCCCOC(=O)c1ccccc1C(=O)OCCCCCCC(C)(C)C,446.6720000000004,7.993400000000009,,0.0,0.0,0.0,0.0,0.0,0.0,,0.0,0.0,0.0,0.0
CC(=O)C=Cc1ccco1,136.14999999999998,1.8818,0.0,0.0,0.0,0.0,0.0,0.0,0.0,0.0,0.0,0.0,0.0,0.0
COc1cc(CC(C)N)cc2c1OCO2,209.24499999999998,1.3135999999999999,0.0,0.0,0.0,0.0,0.0,0.0,0.0,0.0,0.0,0.0,0.0,0.0
CC(Cc1ccc2c(c1)OCO2)NO,195.21799999999996,1.3251,0.0,0.0,0.0,0.0,0.0,0.0,0.0,0.0,0.0,0.0,0.0,0.0
CCc1cc(OC)c(C[C@H](C)N)cc1OC,223.31599999999997,2.1559,0.0,0.0,0.0,0.0,0.0,0.0,0.0,,0.0,0.0,0.0,0.0
CCc1cc(OC)c(C[C@@H](C)N)cc1OC,223.31599999999997,2.1559,0.0,0.0,0.0,0.0,0.0,0.0,,,0.0,,,0.0
COc1ccc(OC)c(CC(C)N)c1,195.26199999999997,1.5935,0.0,0.0,0.0,0.0,0.0,0.0,0.0,0.0,0.0,0.0,0.0,0.0
CC1(C)C2CC[C@]3(C)[C@H](C(=O)C=C4[C@@H]5C[C@@](C)(C(=O)O)CC[C@]5(C)CC[C@]43C)[C@@]2(C)CC[C@@H]1O[C@H]1O[C@H](C(=O)[O-])[C@@H](O)[C@H](O)[C@H]1O[C@@H]1O[C@H](C(=O)O)[C@@H](O)[C@H](O)[C@H]1O,821.934000000001,0.9109000000000047,0.0,0.0,0.0,0.0,1.0,0.0,0.0,,0.0,,0.0,0.0
COc1cc(C[C@@H](C)N)c(OC)cc1C,209.289,1.90192,0.0,0.0,0.0,0.0,,,0.0,,0.0,0.0,0.0,0.0
O=C(NC(O)C(Cl)(Cl)Cl)NC(O)C(Cl)(Cl)Cl,354.832,1.6627999999999998,0.0,0.0,0.0,0.0,0.0,0.0,0.0,0.0,0.0,0.0,0.0,0.0
CCNC(C)Cc1ccc2c(c1)OCO2,207.27299999999997,1.9558,0.0,0.0,,0.0,0.0,0.0,,0.0,0.0,0.0,0.0,0.0
CNC(C)Cc1ccc2c(c1)OCO2,193.24599999999995,1.5656999999999999,0.0,0.0,0.0,0.0,0.0,0.0,0.0,0.0,0.0,1.0,0.0,0.0
CC=Cc1ccc(OC)cc1,148.20499999999998,2.728300000000001,0.0,0.0,0.0,0.0,0.0,0.0,0.0,0.0,0.0,0.0,0.0,0.0
C/C=C/c1ccc(OC)cc1,148.20499999999998,2.728300000000001,0.0,0.0,0.0,0.0,0.0,0.0,0.0,0.0,0.0,0.0,0.0,0.0
CCC1(CCC(C)C)C(=O)NC(=O)NC1=O,226.27599999999998,1.1849999999999998,0.0,0.0,0.0,0.0,0.0,0.0,0.0,0.0,0.0,0.0,0.0,0.0
CC[C@@H](N)CO,89.13799999999999,-0.2840000000000001,0.0,0.0,0.0,0.0,0.0,0.0,0.0,0.0,0.0,0.0,,0.0
OC[C@@H](O)[C@H]1O[C@@H]2O[C@H](C(Cl)(Cl)Cl)O[C@@H]2[C@H]1O,309.52900000000005,-0.46290000000000026,0.0,0.0,0.0,0.0,0.0,0.0,0.0,0.0,0.0,0.0,0.0,0.0
CC=C(CC)C(=O)NC(N)=O,156.18499999999997,0.5376000000000003,0.0,0.0,0.0,0.0,1.0,0.0,0.0,,0.0,,0.0,0.0
C[C@H]1C[C@H](O)c2ccsc2S1(=O)=O,218.29899999999998,1.3474000000000002,,,,,,,,0.0,,0.0,,
NNCCc1ccccc1,136.19799999999998,0.6923999999999992,1.0,0.0,1.0,,1.0,0.0,0.0,1.0,0.0,0.0,0.0,0.0
c1ccc(OCC2CO2)cc1,150.177,1.4641999999999997,0.0,0.0,0.0,0.0,0.0,0.0,0.0,0.0,0.0,0.0,,0.0
NNc1ccccc1,108.14399999999998,0.9722000000000002,0.0,0.0,1.0,0.0,0.0,0.0,,1.0,0.0,0.0,1.0,0.0
CNC[C@H](O)c1cccc(O)c1,167.20799999999997,0.645,0.0,0.0,0.0,0.0,0.0,0.0,0.0,0.0,0.0,0.0,0.0,0.0
CC(O)CN(CC(C)O)CC(C)O,191.271,-0.5691999999999999,0.0,0.0,0.0,0.0,1.0,0.0,0.0,0.0,0.0,0.0,0.0,0.0
NC(Cc1c[nH]c2ccccc12)C(=O)O,204.22899999999998,1.1223000000000003,0.0,,1.0,0.0,0.0,0.0,0.0,0.0,0.0,0.0,0.0,0.0
N[C@@H](Cc1c[nH]c2ccccc12)C(=O)O,204.22899999999998,1.1223000000000003,0.0,0.0,1.0,0.0,0.0,0.0,0.0,0.0,0.0,0.0,0.0,0.0
C=CC(=O)OCC(C)O,130.143,0.09639999999999987,0.0,0.0,0.0,,0.0,,1.0,1.0,0.0,0.0,0.0,0.0
COC1=CC(=O)O[C@@H](/C=C/c2ccccc2)C1,230.263,2.5456000000000003,0.0,0.0,0.0,,1.0,0.0,0.0,,0.0,0.0,0.0,0.0
Nc1cc(S(=O)(=O)O)ccc1S(=O)(=O)O,253.257,-0.23779999999999984,0.0,0.0,0.0,0.0,0.0,0.0,0.0,0.0,0.0,0.0,0.0,0.0
COc1ccc(N)c([N+](=O)[O-])c1,168.15200000000002,1.1855999999999998,0.0,0.0,,0.0,0.0,0.0,0.0,0.0,0.0,0.0,0.0,0.0
CC(C)=CCCC(C)C=O,140.226,2.567800000000001,0.0,0.0,0.0,0.0,0.0,0.0,0.0,0.0,0.0,0.0,,0.0
CN1C(=O)CN=C(c2ccccc2)c2cc([N+](=O)[O-])ccc21,295.29800000000006,2.4086000000000007,1.0,0.0,,,,0.0,0.0,0.0,1.0,0.0,,0.0
C=CCOC(=O)CCC1CCCCC1,196.28999999999994,3.076100000000002,0.0,0.0,0.0,0.0,0.0,0.0,0.0,0.0,0.0,0.0,0.0,0.0
Cc1cn([C@H]2C=C[C@@H](CO)O2)c(=O)[nH]c1=O,224.21599999999998,-0.7090799999999999,0.0,0.0,0.0,0.0,0.0,0.0,0.0,0.0,0.0,0.0,0.0,0.0
CC(C)CCOC(=O)CC(C)C,172.26799999999997,2.6218000000000012,0.0,0.0,0.0,0.0,0.0,0.0,0.0,0.0,0.0,0.0,0.0,0.0
CC1=CC[C@H](CC=O)C1(C)C,152.237,2.567800000000001,0.0,0.0,0.0,0.0,0.0,0.0,0.0,0.0,0.0,0.0,0.0,0.0
O=C(CCNNC(=O)c1ccncc1)NCc1ccccc1,298.346,1.0224999999999989,0.0,0.0,,0.0,0.0,0.0,0.0,0.0,0.0,0.0,0.0,0.0
COC(=O)C1=C(C)NC(C)=C(C(=O)OCCN(C)Cc2ccccc2)C1c1cccc([N+](=O)[O-])c1,479.5330000000002,3.677800000000002,0.0,0.0,,,,0.0,,,,1.0,1.0,0.0
C(=NC1CCCCC1)=NC1CCCCC1,206.33299999999997,3.825700000000003,0.0,0.0,0.0,1.0,1.0,0.0,,,0.0,0.0,1.0,
CC(C)(C)CC(C)(C)c1ccc(OCCOCC[N+](C)(C)Cc2ccccc2)cc1,412.6380000000001,6.072400000000007,0.0,,0.0,,,0.0,0.0,1.0,,,1.0,
OCc1cccnc1,109.12799999999999,0.5739,0.0,0.0,0.0,0.0,0.0,0.0,0.0,0.0,0.0,0.0,0.0,0.0
O=C(OCC(COC(=O)c1cccnc1)(COC(=O)c1cccnc1)COC(=O)c1cccnc1)c1cccnc1,556.5310000000003,2.9808000000000012,0.0,0.0,0.0,0.0,0.0,0.0,0.0,0.0,0.0,0.0,0.0,0.0
CCOC(=O)C1=C(COCCN)NC(C)=C(C(=O)OC)C1c1ccccc1Cl.O=S(=O)(O)c1ccccc1,567.0600000000002,3.199600000000002,0.0,1.0,0.0,1.0,0.0,,1.0,,0.0,,,1.0
CC(C=O)Cc1ccc2c(c1)OCO2,192.21399999999997,1.7928,0.0,0.0,,0.0,0.0,0.0,0.0,0.0,0.0,0.0,0.0,0.0
CCCCN(CCCC)C(=O)N(CCCC)CCCC,284.48799999999994,4.910800000000005,0.0,0.0,0.0,,1.0,0.0,0.0,0.0,0.0,0.0,,0.0
OC1OCCOC1O,120.10399999999998,-1.33,0.0,0.0,0.0,0.0,0.0,0.0,0.0,0.0,0.0,0.0,0.0,0.0
CC(C)(COC(=O)c1ccccc1)COC(=O)c1ccccc1,312.365,3.726600000000003,0.0,0.0,0.0,0.0,1.0,0.0,0.0,0.0,0.0,0.0,0.0,0.0
C[C@H](N)C(=O)N[C@@H](C)C(=O)N[C@@]1(C)[C@@H]2CN(c3nc4c(cc3F)c(=O)c(C(=O)O)cn4-c3ccc(F)cc3F)C[C@@H]21,572.5440000000002,1.294000000000001,,,,,,,,1.0,,0.0,,
Clc1ccc(C(c2ccc(Cl)cc2)C(Cl)Cl)cc1,320.04600000000005,5.929000000000002,0.0,0.0,0.0,,,0.0,0.0,,0.0,,1.0,
Clc1ccc(C(c2ccccc2Cl)C(Cl)Cl)cc1,320.04600000000005,5.929000000000002,0.0,0.0,0.0,0.0,1.0,1.0,0.0,0.0,0.0,0.0,1.0,
Nc1ccc(S(=O)(=O)c2ccc(N)cc2)cc1,248.30700000000002,1.6838000000000002,0.0,0.0,0.0,0.0,0.0,0.0,0.0,0.0,0.0,0.0,0.0,0.0
CN(C)NC(=O)CCC(=O)O,160.173,-0.556,0.0,0.0,0.0,0.0,1.0,0.0,0.0,0.0,0.0,0.0,0.0,0.0
Clc1ccc(C(c2ccc(Cl)cc2)C(Cl)(Cl)Cl)cc1,354.491,6.495500000000002,0.0,0.0,0.0,0.0,1.0,1.0,0.0,0.0,0.0,0.0,1.0,
ClC(Cl)=C(c1ccc(Cl)cc1)c1ccc(Cl)cc1,318.0300000000001,6.187900000000003,0.0,0.0,0.0,0.0,,0.0,0.0,1.0,0.0,0.0,1.0,
C[C@]12CC[C@H]3[C@@H](CC=C4C[C@@H](O)CC[C@@]43C)[C@@H]1CCC2=O,288.43100000000004,3.8792000000000026,0.0,0.0,0.0,,1.0,1.0,0.0,,0.0,0.0,0.0,0.0
CC(=O)OCC(=O)[C@@]12N=C(C)O[C@@H]1C[C@H]1[C@@H]3CCC4=CC(=O)C=C[C@]4(C)[C@H]3[C@@H](O)C[C@@]12C,441.5240000000002,2.5632,1.0,0.0,,,1.0,0.0,0.0,,,0.0,0.0,0.0
O=C1NC(=O)[C@@H]2CC=CC[C@H]12,151.16499999999996,0.22519999999999984,0.0,0.0,0.0,0.0,0.0,0.0,0.0,0.0,0.0,0.0,0.0,0.0
OCCCCC(O)CO,134.175,-0.4977999999999999,0.0,0.0,0.0,,0.0,0.0,0.0,0.0,0.0,0.0,0.0,0.0
Nc1ccc(O)c(C(=O)O)c1,153.137,0.6726000000000001,0.0,0.0,0.0,0.0,1.0,0.0,0.0,0.0,0.0,0.0,0.0,0.0
CCCCCCCCOS(=O)(=O)[O-],209.287,1.8237,0.0,0.0,0.0,0.0,0.0,0.0,0.0,0.0,0.0,0.0,0.0,0.0
CN[C@H]1C[C@@H](N)[C@H](O)[C@@H](O[C@@H]2O[C@H](CO)[C@H](O)[C@@H]3OC4(O[C@H]23)O[C@H](C(N)CO)[C@H](O)[C@H](O)[C@H]4O)[C@@H]1O,527.5240000000002,-7.2705999999999955,0.0,0.0,0.0,0.0,0.0,0.0,0.0,,0.0,,,0.0
CCCCCCCCCCOS(=O)(=O)[O-],237.34099999999998,2.603900000000001,0.0,0.0,0.0,0.0,0.0,0.0,0.0,,0.0,0.0,0.0,0.0
Cc1cccn2c(=O)c(-c3nnn[n-]3)cnc12,227.20700000000002,-0.1878800000000005,0.0,0.0,0.0,0.0,0.0,0.0,0.0,0.0,0.0,0.0,,0.0
Nc1ncnc(Nc2ccccc2)n1,187.20600000000002,1.1974,0.0,0.0,0.0,,,0.0,0.0,,0.0,0.0,0.0,0.0
CCC(=O)OC(OP(=O)(CCCCc1ccccc1)CC(=O)N1C[C@H](C2CCCCC2)C[C@H]1C(=O)[O-])C(C)C,562.6640000000003,4.786600000000004,0.0,0.0,0.0,0.0,0.0,0.0,,,0.0,,0.0,0.0
C[C@]12CC[C@H]3[C@@H](CCC4=C(Cl)C(=O)CC[C@@]43C)[C@@H]1CC[C@@H]2O,322.87600000000003,4.445700000000004,1.0,1.0,0.0,,1.0,1.0,,,0.0,,,0.0
COc1cc(C(=S)N2CCOCC2)cc(OC)c1OC,297.376,1.7201,0.0,0.0,0.0,0.0,0.0,0.0,0.0,0.0,0.0,0.0,0.0,0.0
CC(=O)O[C@H]1CC[C@H]2[C@@H]3CCC4=CC(=O)CCC4=C3C=C[C@]12C,312.409,3.900100000000003,1.0,1.0,0.0,0.0,1.0,1.0,0.0,,0.0,,0.0,0.0
CCOc1ccc(NC(=S)Nc2ccc(OCC)cc2)cc1,316.426,4.292900000000003,0.0,0.0,0.0,0.0,0.0,0.0,0.0,,0.0,,1.0,0.0
COC(=O)C1=C(C#N)NC(C)=C(C(=O)OC(C)C)C1c1cccc([N+](=O)[O-])c1,385.3760000000001,2.4578800000000003,0.0,0.0,0.0,,0.0,0.0,,,0.0,,,0.0
O=C1CC[C@@H](C(=O)N2CSC[C@H]2C(=O)O)N1,244.272,-0.7488999999999997,,0.0,0.0,0.0,0.0,0.0,0.0,,0.0,,0.0,0.0
CCCCCCCCCC(=O)O[C@H]1CC[C@H]2[C@@H]3CCC4=CC(=O)CC[C@]4(C)[C@H]3CC[C@]12C,442.68400000000037,7.570800000000009,1.0,1.0,0.0,,1.0,1.0,0.0,,0.0,,0.0,0.0
CCOc1ccccc1OCCN[C@H](C)Cc1ccc(OC)c(S(N)(=O)=O)c1,408.5200000000001,2.3409000000000004,1.0,1.0,0.0,0.0,0.0,0.0,0.0,,0.0,0.0,1.0,0.0
COc1cccc(OC)c1C(=O)O,182.17499999999998,1.402,0.0,0.0,0.0,0.0,0.0,0.0,0.0,0.0,0.0,0.0,0.0,0.0
CCCCP(CCCC)CCCC,202.32199999999995,4.868600000000004,0.0,0.0,0.0,0.0,0.0,0.0,0.0,0.0,0.0,0.0,,0.0
COc1ccc2cc(S(=O)(=O)N[C@H](CC(=O)N[C@H](Cc3ccc(CN4[C@@H](C)CCC[C@H]4C)cc3)C(=O)N(C)C(C)C)c3ccc4c(c3)OCO4)ccc2c1,756.9660000000001,6.3440000000000065,0.0,0.0,0.0,,,,,,,0.0,1.0,
CO/N=C(/C(=O)N[C@@H]1C(=O)N2C(C(=O)[O-])=C(COC(C)=O)CS[C@H]12)c1csc(N)n1,454.4660000000001,-1.9571999999999958,0.0,0.0,0.0,0.0,0.0,0.0,0.0,,0.0,,0.0,0.0
CCOC(=N)CC(=O)OCC,159.18499999999997,0.95337,0.0,0.0,0.0,0.0,0.0,0.0,0.0,0.0,0.0,0.0,0.0,0.0
C=C1[C@@H](n2cnc3c(=O)[nH]c(N)nc32)C[C@H](O)[C@H]1CO,277.284,-0.827800000000001,0.0,0.0,0.0,0.0,0.0,0.0,0.0,,0.0,,0.0,0.0
C[C@@H]1CC(=O)NN=C1c1ccc(NN=C(C#N)C#N)cc1,280.291,1.3617599999999999,0.0,,,,,0.0,,0.0,0.0,0.0,,1.0
Nc1nc(NC2CC2)c2ncn([C@@H]3C=C[C@@H](CO)C3)c2n1,286.33900000000006,1.0922999999999998,0.0,0.0,1.0,,1.0,0.0,0.0,,1.0,,0.0,0.0
CNCC[C@H](Oc1cccc2ccccc12)c1cccs1,297.423,4.630900000000003,0.0,0.0,,,,0.0,,,,,,
C#CCOC(C(=O)OCCN(C)C)(c1ccccc1)c1ccccc1,337.41900000000004,2.6848,0.0,0.0,0.0,0.0,0.0,0.0,0.0,0.0,0.0,0.0,0.0,0.0
N[C@@H](CSCCCO)C(=O)O,179.241,-0.48610000000000025,,,,,,,,0.0,,0.0,,
O=C(O)C(=O)Cc1ccccc1,164.16,0.8828,0.0,,0.0,0.0,0.0,0.0,0.0,1.0,0.0,,0.0,0.0
CCOC(=O)C(SP(=S)(OC)OC)c1ccccc1,320.37199999999996,3.5413000000000023,0.0,0.0,1.0,0.0,,0.0,0.0,0.0,0.0,0.0,,0.0
CCOP(=O)(N=C1SCCS1)OCC,255.30099999999996,3.0035000000000016,0.0,0.0,0.0,0.0,0.0,0.0,0.0,0.0,0.0,0.0,0.0,0.0
O=C1[C@H]2CCCC[C@H]2C(=O)N1CCCCN1CCN(c2nsc3ccccc23)CC1,426.5860000000001,3.373700000000002,0.0,0.0,,,0.0,0.0,0.0,1.0,0.0,0.0,,0.0
O=C([O-])C[C@H](O)CC(O)/C=C/c1c(C2CC2)nc2ccccc2c1-c1ccc(F)cc1.O=C([O-])C[C@H](O)C[C@H](O)/C=C/c1c(C2CC2)nc2ccccc2c1-c1ccc(F)cc1,840.92,6.3668000000000085,0.0,,0.0,1.0,0.0,,0.0,,0.0,,,0.0
CC(=O)S[C@H](C(=O)N[C@H]1Cc2ccccc2[C@H]2CCC[C@@H](C(=O)O)N2C1=O)C(C)C,432.54200000000026,2.5386000000000006,0.0,0.0,0.0,0.0,0.0,0.0,0.0,0.0,0.0,0.0,0.0,0.0
CCc1c(C(=O)NN2CCCCC2)nn(-c2ccc(Cl)cc2Cl)c1-c1ccc(Br)cc1,522.2740000000002,6.301700000000005,0.0,,0.0,1.0,1.0,0.0,,1.0,0.0,0.0,1.0,
Brc1cccc(-c2ccccc2)c1,233.108,4.116100000000002,,0.0,0.0,,,0.0,0.0,0.0,0.0,0.0,,0.0
Brc1ccccc1-c1ccccc1,233.108,4.116100000000002,0.0,0.0,0.0,0.0,0.0,0.0,0.0,0.0,0.0,0.0,0.0,0.0
CCCC(=O)OCOC(=O)C1=C(C)NC(C)=C(C(=O)OC)C1c1cccc(Cl)c1Cl,456.3220000000001,4.245200000000003,,,,,,,,0.0,,0.0,,
Cc1onc(-c2ccccc2)c1C(=O)Cl,221.64299999999997,3.029020000000002,,,,,,,,0.0,,0.0,,
COc1cc(OC)nc(O[C@H](C(=O)O)C(OC)(c2ccccc2)c2ccccc2)n1,410.42600000000004,2.9160000000000013,,,,,,,,0.0,,,,
CC(Cc1ccccc1)NCCCCl,211.73599999999993,2.836100000000001,,,,,,,,0.0,,0.0,,
COC[C@@H](NC(C)=O)C(=O)NCc1ccccc1,250.298,0.4539000000000007,,,,,,,,,,0.0,,
Brc1ccccc1,157.01,2.4491000000000005,0.0,0.0,0.0,0.0,0.0,0.0,0.0,0.0,0.0,0.0,0.0,0.0
CNC(=O)c1c(I)c(NC(C)=O)c(I)c(C(=O)[O-])c1I,612.9070000000002,1.1819,,,,,,,,0.0,,0.0,,
OCCN(CCO)c1nc(N2CCCCC2)c2nc(N(CCO)CCO)nc(N3CCCCC3)c2n1,504.6360000000004,-0.017599999999997396,0.0,,0.0,,,,0.0,,,,,1.0
CC(C)(Oc1ccc(Cl)cc1)C(=O)O,214.648,2.582,0.0,0.0,0.0,0.0,0.0,0.0,0.0,0.0,0.0,0.0,0.0,0.0
Cc1cc(C(C#N)c2ccc(Cl)cc2)c(Cl)cc1NC(=O)c1cc(I)cc(I)c1O,663.0800000000002,7.124400000000003,0.0,0.0,0.0,,,0.0,0.0,,,,1.0,1.0
CC=CC(=O)N(CC)c1ccccc1C,203.28500000000003,2.9240200000000014,0.0,0.0,0.0,0.0,0.0,0.0,0.0,0.0,0.0,0.0,0.0,0.0
Cc1c(O)c(=O)ccn1C,139.154,0.39931999999999984,0.0,0.0,,0.0,0.0,0.0,0.0,,0.0,,0.0,0.0
COc1cc(C(=O)NC2CCN(C)CC2)ccc1Nc1ncc2c(n1)N(C1CCCC1)CC(F)(F)C(=O)N2C,543.6190000000001,3.4135000000000018,0.0,,0.0,,,0.0,0.0,,1.0,0.0,,
O=C(O)c1cccc(N(Cc2cccnc2)c2ccc(OC(F)F)c(OC(F)F)c2)c1,436.36100000000005,5.320900000000003,0.0,,0.0,0.0,0.0,0.0,,,0.0,0.0,,0.0
Cc1cc(F)ccc1-c1cc(N2CC[C@@H](O)[C@H]2CO)ncc1N(C)C(=O)C(C)(C)c1cc(C(F)(F)F)cc(C(F)(F)F)c1,613.5740000000003,6.106220000000007,0.0,0.0,0.0,,,,,1.0,,,,
O=C(CCCCCCCCc1cccnc1)N1CCC(C=C(c2ccccc2)c2ccccc2)CC1,480.69600000000025,7.725300000000009,0.0,0.0,0.0,,,,,,0.0,1.0,,
Cn1c(=O)cc(Oc2ccc(F)cc2F)c2cnc(NCC(C)(C)O)nc21,376.3630000000001,2.5818000000000008,0.0,0.0,0.0,0.0,,0.0,,1.0,0.0,0.0,,0.0
CS(=O)(=O)c1ccc([C@@H](CC2CCCC2)C(=O)Nc2cnccn2)cc1Cl,407.923,3.8361000000000027,0.0,0.0,0.0,,,0.0,,1.0,0.0,0.0,,0.0
CCCN(C1CCN(C(=O)C2CCNCC2)CC1)[C@@H]1CCc2ccc(OC)cc2C1,413.60600000000017,3.2551000000000014,0.0,0.0,0.0,,1.0,0.0,0.0,,0.0,0.0,0.0,
CC(C)CC(O)Cc1ccccc1,178.275,2.6361000000000008,0.0,0.0,0.0,0.0,,0.0,0.0,0.0,0.0,0.0,0.0,0.0
CC1(C)SC(C)(C)SC(C)(C)S1,222.444,4.407900000000004,0.0,0.0,0.0,0.0,0.0,0.0,0.0,0.0,0.0,0.0,0.0,0.0
CC(=O)OC(c1ccccc1)C(Cl)(Cl)Cl,267.539,3.6610000000000023,0.0,0.0,0.0,0.0,,0.0,0.0,0.0,0.0,0.0,1.0,0.0
C/C=C\c1ccc(OCC)c(O)c1,178.231,2.8240000000000007,0.0,0.0,,0.0,0.0,0.0,0.0,0.0,0.0,0.0,,0.0
CO[C@H]1C[C@@H]2CC[C@@H](C)[C@@](O)(O2)C(=O)C(=O)N2CCCC[C@H]2C(=O)O[C@H]([C@H](C)C[C@@H]2CC[C@@H](OCCO)[C@H](OC)C2)CC(=O)[C@H](C)C=C(C)[C@@H](O)[C@@H](OC)C(=O)[C@H](C)C[C@H](C)C=CC=CC=C1C,958.2400000000001,6.197200000000008,0.0,,0.0,1.0,0.0,,,,,,1.0,
O=C(O)CSCC(=O)NC1CCSC1=O,249.313,-0.047499999999999876,0.0,0.0,0.0,0.0,0.0,0.0,0.0,0.0,0.0,0.0,0.0,0.0
CCCCCCCCCCCCCCCC(=O)O[C@@H]1[C@@H](O)[C@@H](O)[C@@H]([C@H](NC(=O)[C@@H]2C[C@@H](CCC)CN2C)[C@H](C)Cl)O[C@@H]1SC,663.4060000000002,6.421700000000006,0.0,0.0,0.0,0.0,0.0,0.0,0.0,,0.0,,0.0,0.0
CC(C)=CCOc1c2occc2cc2ccc(=O)oc12,270.28400000000005,3.8842000000000025,0.0,0.0,1.0,,0.0,0.0,0.0,,0.0,0.0,0.0,0.0
CCOC(=O)COc1ccc2c(=O)cc(-c3ccccc3)oc2c1,324.33200000000005,3.401900000000002,0.0,0.0,0.0,0.0,0.0,0.0,0.0,,0.0,,,0.0
NC[C@H]1O[C@H](O[C@@H]2[C@@H](N)C[C@@H](N)[C@H](O[C@H]3O[C@H](CO)[C@@H](O)[C@H](N)[C@H]3O)[C@H]2O)[C@H](N)[C@@H](O)[C@@H]1O,483.5190000000001,-7.325000000000001,,,,,,,,0.0,,0.0,,
N=C(N)NCCCCNC(=N)N,172.23600000000002,-1.2672599999999985,0.0,0.0,0.0,0.0,1.0,1.0,0.0,,0.0,,0.0,0.0
CCN(CC)N(O)N=O.CCNCC,206.29,1.2316,0.0,0.0,0.0,0.0,,0.0,0.0,,0.0,,0.0,0.0
O=C(O)[C@@H](O)[C@H](O)[C@H](O)[C@@H](O)C(=O)O,210.138,-3.4008000000000007,0.0,0.0,0.0,0.0,0.0,0.0,0.0,0.0,0.0,0.0,0.0,0.0
COc1cc([C@@H]2c3cc4c(cc3[C@@H](O)[C@H]3COC(=O)[C@H]23)OCO4)cc(OC)c1O,400.3830000000002,2.1062,0.0,,1.0,0.0,0.0,,,,1.0,,1.0,1.0
C[n+]1ccn(Cc2ccccc2)c1,173.239,1.3609,0.0,0.0,0.0,0.0,,0.0,0.0,,0.0,0.0,0.0,0.0
C=CCn1cc[n+](C)c1,123.17899999999997,0.4985999999999998,0.0,0.0,0.0,0.0,0.0,0.0,0.0,0.0,0.0,0.0,0.0,0.0
CCCCCCCC[N+](C)(CCCCCCCC)CCCCCCCC.O=S(=O)([N-]S(=O)(=O)C(F)(F)F)C(F)(F)F,648.8610000000006,9.5738,0.0,0.0,,,,,,0.0,,,,
Cc1ccc(-c2cc(C(F)(F)F)nn2-c2ccc(S(N)(=O)=O)cc2)cc1,381.3790000000001,3.5139200000000006,0.0,0.0,0.0,,1.0,1.0,0.0,1.0,0.0,0.0,,0.0
CON=C(C(=O)N[C@@H]1C(=O)N2C(C(=O)O)=C(COC(N)=O)CS[C@H]12)c1ccco1,424.39100000000013,-0.5359999999999987,0.0,0.0,0.0,0.0,1.0,1.0,0.0,,0.0,,0.0,0.0
CCCCCC(=O)O,116.15999999999998,1.6513,0.0,0.0,0.0,0.0,0.0,0.0,0.0,0.0,0.0,0.0,0.0,0.0
O=C(O)CCCCC(=O)O,146.14200000000002,0.716,0.0,0.0,0.0,0.0,0.0,0.0,0.0,0.0,0.0,0.0,0.0,0.0
CCCCCC=O,100.16099999999999,1.7656,0.0,0.0,0.0,0.0,0.0,0.0,0.0,0.0,0.0,0.0,0.0,0.0
CCCCCC/C=C/CCCCCCCC(=O)O,254.4139999999999,5.328300000000005,0.0,0.0,0.0,0.0,1.0,0.0,0.0,0.0,0.0,0.0,0.0,0.0
CCCCCCCCCCCCCCCC(=O)O,256.4299999999999,5.552300000000005,0.0,0.0,0.0,0.0,1.0,1.0,0.0,0.0,0.0,0.0,0.0,0.0
O=C(C(Cl)(Cl)Cl)C(Cl)(Cl)Cl,264.75,3.2958999999999996,0.0,0.0,0.0,0.0,0.0,0.0,0.0,0.0,0.0,0.0,0.0,0.0
CCCCCCC(=O)O,130.187,2.0414,0.0,0.0,0.0,0.0,0.0,0.0,0.0,0.0,0.0,0.0,0.0,0.0
CCCC(=O)CC,100.16099999999999,1.7656,0.0,0.0,0.0,0.0,1.0,0.0,0.0,0.0,0.0,0.0,0.0,0.0
CC(C)C#N,69.107,1.16598,0.0,0.0,0.0,0.0,0.0,0.0,0.0,1.0,0.0,0.0,0.0,0.0
CCOC(=O)c1ccccc1N,165.19199999999998,1.4455,0.0,0.0,0.0,0.0,0.0,0.0,0.0,0.0,0.0,0.0,0.0,0.0
CCNc1ccccc1,121.18299999999995,2.1184,0.0,0.0,0.0,0.0,0.0,0.0,0.0,0.0,0.0,0.0,0.0,0.0
Nc1nc2c(ncn2COCCO)c(=O)[nH]1,225.20799999999997,-1.3318000000000003,0.0,0.0,0.0,0.0,0.0,0.0,0.0,0.0,0.0,0.0,0.0,0.0
Nc1ncnc2[nH]cnc12,135.13,-0.0648999999999999,0.0,0.0,0.0,,0.0,0.0,0.0,0.0,0.0,1.0,0.0,0.0
Cc1ccc(/C(=C\CN2CCCC2)c2cccc(/C=C/C(=O)O)n2)cc1,348.446,4.015320000000003,0.0,0.0,0.0,0.0,0.0,0.0,0.0,,0.0,,,0.0
Nc1ncnc2c1ncn2[C@@H]1O[C@H](CO)[C@@H](O)[C@H]1O,267.245,-1.9800000000000006,0.0,0.0,0.0,0.0,0.0,0.0,0.0,0.0,0.0,0.0,0.0,0.0
Nc1ncnc2c1ncn2[C@@H]1O[C@H](COP(=O)(O)OP(=O)(O)OP(=O)(O)O)[C@@H](O)[C@H]1O,507.1820000000001,-1.629000000000001,0.0,0.0,,,0.0,0.0,0.0,,0.0,,,
N#Cc1ccc(C2CCCc3cncn32)cc1,223.279,2.680480000000001,0.0,0.0,0.0,1.0,0.0,0.0,0.0,0.0,0.0,0.0,,0.0
CN(C)c1ccc(N=NS(=O)(=O)[O-])cc1,228.253,1.2965,0.0,,1.0,0.0,0.0,0.0,0.0,1.0,0.0,0.0,1.0,0.0
CC[N+](=O)[O-],75.067,0.2829999999999999,0.0,0.0,0.0,0.0,0.0,0.0,0.0,0.0,0.0,0.0,0.0,0.0
O=C(O)c1ccc([N+](=O)[O-])cc1,167.12,1.293,0.0,0.0,0.0,0.0,0.0,0.0,0.0,0.0,0.0,0.0,0.0,0.0
CCCC[N+](=O)[O-],103.12099999999998,1.0632000000000001,0.0,0.0,0.0,0.0,0.0,0.0,0.0,0.0,0.0,0.0,0.0,0.0
O=[N+]([O-])c1ccccc1,123.11099999999996,1.5948,0.0,0.0,0.0,0.0,0.0,0.0,0.0,0.0,0.0,0.0,0.0,0.0
O=[N+]([O-])c1ccc2[nH]cnc2c1,163.13599999999997,1.4710999999999999,0.0,0.0,0.0,0.0,0.0,0.0,0.0,0.0,0.0,0.0,1.0,0.0
COc1ccccc1[N+](=O)[O-],153.13699999999997,1.6033999999999997,0.0,0.0,0.0,0.0,0.0,0.0,0.0,0.0,0.0,0.0,0.0,0.0
CNC(=O)O/N=C/C(C)(C)S(C)=O,206.26699999999997,0.48529999999999984,0.0,0.0,0.0,0.0,0.0,0.0,0.0,0.0,0.0,0.0,0.0,0.0
O=[N+]([O-])c1ccc2c3c(cccc13)CC2,199.20899999999997,2.8466000000000005,0.0,0.0,1.0,0.0,0.0,0.0,0.0,,0.0,0.0,1.0,0.0
Nc1ccc([N+](=O)[O-])cc1,138.126,1.177,0.0,0.0,0.0,,0.0,0.0,,0.0,0.0,0.0,0.0,0.0
Cc1nc(N(C)C)nc(OC(=O)N(C)C)c1C,238.29099999999997,1.2198399999999998,0.0,0.0,0.0,0.0,0.0,0.0,0.0,0.0,0.0,0.0,0.0,0.0
CCCCc1ccc2[nH]c(NC(=O)OC)nc2c1,247.29799999999997,3.083800000000001,1.0,,1.0,,1.0,,0.0,,1.0,,1.0,1.0
Clc1ccc(C(OCCN2CCCCC2)c2ccccc2)cc1,329.8709999999999,4.931900000000004,0.0,0.0,0.0,0.0,0.0,0.0,0.0,,0.0,0.0,,0.0
NC(CO)C(=O)NNCc1ccc(O)c(O)c1O,257.246,-1.7562,,,,,,,,0.0,,0.0,,
C=CC[N@@+]12CC[C@@]34c5ccccc5N5C=C6[C@H]7C[C@H]8[C@@]9(CC[N@@+]8(CC=C)C/C7=C/CO)c7ccccc7N(C=C([C@@H](C[C@@H]31)/C(=C\CO)C2)[C@H]54)[C@@H]69,666.9100000000002,5.475600000000007,0.0,0.0,0.0,0.0,0.0,0.0,0.0,,0.0,,0.0,0.0
CCc1c(C)[nH]c2c1C(=O)C(CN1CCOCC1)CC2,276.38,1.96282,0.0,0.0,,0.0,0.0,0.0,0.0,0.0,0.0,0.0,0.0,0.0
CCN(CC)c1cc(C)nc2ncnn12,205.265,1.2789199999999998,0.0,0.0,0.0,0.0,0.0,0.0,0.0,0.0,0.0,0.0,0.0,0.0
CC(Cc1ccc(O)cc1)NCC(O)c1cc(O)cc(O)c1,303.358,2.0576,0.0,0.0,0.0,0.0,,0.0,0.0,0.0,0.0,0.0,0.0,0.0
CC(C)C1CCC(Cc2ccc(Cl)cc2)C1(O)Cn1cncn1,333.86300000000006,3.587500000000002,0.0,0.0,,1.0,,0.0,,,0.0,,,
CCOP(=S)(OCC)Oc1nc(Cl)n(C(C)C)n1,313.747,3.1887000000000016,0.0,0.0,1.0,0.0,0.0,0.0,0.0,0.0,0.0,0.0,0.0,0.0
COC(=O)c1ccc(I)cc1S(=O)(=O)[N-]C(=O)Nc1nc(C)nc(OC)n1,506.25800000000027,1.8743199999999998,0.0,0.0,,0.0,0.0,0.0,0.0,0.0,0.0,0.0,0.0,0.0
II,253.808,1.7714,0.0,0.0,,,0.0,0.0,0.0,,0.0,,,0.0
Oc1c(Br)cc(Br)cc1Br,330.801,3.6797000000000004,0.0,0.0,0.0,0.0,0.0,0.0,0.0,1.0,0.0,0.0,1.0,1.0
CCOC(=O)c1ccccc1O,166.176,1.5688999999999997,0.0,0.0,0.0,0.0,0.0,0.0,0.0,0.0,0.0,0.0,0.0,0.0
O=C(Oc1ccccc1)c1ccccc1O,214.21999999999997,2.611400000000001,1.0,0.0,0.0,0.0,0.0,0.0,0.0,0.0,0.0,1.0,0.0,0.0
CCCCCCCCOC(=O)c1ccccc1C(=O)OCCCCCCCC,390.56400000000036,6.721200000000008,0.0,0.0,0.0,0.0,0.0,0.0,0.0,0.0,0.0,0.0,0.0,0.0
CCOP(=S)(OCC)Oc1ccc(S(C)=O)cc1,308.36100000000005,3.1003000000000016,0.0,0.0,1.0,0.0,0.0,0.0,0.0,0.0,0.0,0.0,0.0,0.0
O=P(Oc1ccccc1)(Oc1ccccc1)Oc1ccccc1,326.288,5.331500000000003,0.0,0.0,,0.0,1.0,0.0,0.0,1.0,0.0,0.0,1.0,0.0
Cc1ccc(S(=O)(=O)[O-])cc1.[Na+],194.187,-2.0968799999999987,0.0,0.0,0.0,0.0,0.0,0.0,0.0,0.0,0.0,0.0,0.0,0.0
CC1C=[C-]C=C1.[C-]#[O+].[C-]#[O+].[C-]#[O+].[Mn+],218.08999999999997,1.43666,0.0,0.0,0.0,0.0,0.0,0.0,0.0,,0.0,0.0,0.0,0.0
O=C1C[C@@H]2OCC=C3CN4CC[C@]56c7ccccc7N1[C@H]5[C@H]2[C@H]3C[C@H]46,334.41900000000004,2.0925000000000002,0.0,0.0,0.0,0.0,0.0,0.0,0.0,,0.0,,0.0,0.0
C[N+](C)(C)CCOC(=O)CCC(=O)OCC[N+](C)(C)C,290.404,0.2654000000000025,0.0,0.0,0.0,0.0,0.0,0.0,0.0,0.0,0.0,0.0,0.0,0.0
O=C(O)CCC(=O)O,118.088,-0.06420000000000009,0.0,0.0,0.0,0.0,0.0,0.0,0.0,0.0,0.0,0.0,0.0,0.0
CC1(C)[C@H](C(=O)O)N2C(=O)C[C@H]2S1(=O)=O,233.24499999999998,-0.794999999999999,0.0,0.0,0.0,0.0,0.0,0.0,,,0.0,0.0,0.0,
COc1cc(NS(=O)(=O)c2ccc(N)cc2)nc(OC)n1,310.3350000000001,0.8768,0.0,0.0,0.0,0.0,0.0,0.0,0.0,0.0,0.0,0.0,0.0,0.0
CCn1ccc(NS(=O)(=O)c2ccc(N)cc2)nc1=O,294.336,0.6462000000000001,,,,,,,,,,0.0,,
N=C(N)NS(=O)(=O)c1ccc(N)cc1,214.25,-0.5594299999999999,0.0,0.0,0.0,0.0,0.0,0.0,0.0,0.0,0.0,0.0,0.0,0.0
COc1ncnc(NS(=O)(=O)c2ccc(N)cc2)c1OC,310.33500000000004,0.8768,0.0,0.0,0.0,0.0,0.0,0.0,0.0,0.0,0.0,0.0,0.0,0.0
CCCCC(CC)COC(=O)CS,204.33499999999998,2.675800000000001,0.0,0.0,0.0,0.0,0.0,0.0,0.0,0.0,0.0,0.0,0.0,0.0
C=CC(=O)[O-],71.05499999999999,-1.0777,0.0,0.0,0.0,0.0,0.0,0.0,0.0,,0.0,0.0,,0.0
C=C(C)C(=O)O[C@@H]1C[C@H]2CC[C@]1(C)C2(C)C,222.32799999999992,3.320500000000002,0.0,0.0,0.0,0.0,0.0,0.0,0.0,0.0,0.0,0.0,0.0,0.0
C=CC[N+](C)(C)CC=C,126.22299999999998,1.4347999999999999,0.0,0.0,0.0,0.0,0.0,0.0,0.0,0.0,0.0,0.0,0.0,0.0
CCOC(=O)/C=C(C)/C=C/C[C@@H](C)CCCC(C)C,266.42499999999995,4.904500000000005,0.0,0.0,0.0,0.0,0.0,0.0,0.0,,0.0,1.0,,
COC(C)(C)CCC[C@H](C)C/C=C/C(C)=C/C(=O)OC(C)C,310.47800000000007,5.062000000000006,0.0,0.0,0.0,0.0,,0.0,0.0,,0.0,1.0,,0.0
CCCCCCCCS(=O)(=O)Cl,212.742,2.9155000000000015,0.0,0.0,0.0,0.0,0.0,0.0,0.0,1.0,0.0,0.0,0.0,0.0
Cn1nnc2c(C(N)=O)ncn2c1=O,194.154,-2.078099999999999,0.0,0.0,,0.0,0.0,0.0,0.0,0.0,0.0,0.0,0.0,0.0
O=C([O-])C(Cl)(Cl)Cl,162.37900000000002,0.10649999999999982,0.0,0.0,0.0,0.0,0.0,0.0,0.0,0.0,0.0,0.0,0.0,0.0
Cc1cc(C)c(C2=C(OC(=O)CC(C)(C)C)C3(CCCC3)OC2=O)c(C)c1,370.4890000000002,5.171960000000005,0.0,0.0,0.0,0.0,0.0,0.0,,,0.0,0.0,,
CCC(C)(C)C(=O)OC1=C(c2cc(Cl)cc(Cl)c2)C(=O)OC12CCCCC2,411.3250000000003,5.943600000000005,0.0,,,,1.0,0.0,1.0,1.0,0.0,0.0,1.0,1.0
CCCCCCCCCCC1CO1,184.32299999999998,3.916000000000003,0.0,0.0,0.0,0.0,0.0,0.0,0.0,0.0,0.0,0.0,0.0,0.0
CCC(CC)C(=O)O,116.15999999999998,1.5072,0.0,0.0,0.0,0.0,0.0,0.0,0.0,0.0,0.0,0.0,0.0,0.0
CCC(CO)(CO)[N+](=O)[O-],149.146,-0.6034999999999999,0.0,0.0,0.0,0.0,0.0,0.0,0.0,0.0,0.0,0.0,0.0,0.0
CCC(CC)CO,102.17699999999999,1.4149,0.0,,0.0,0.0,0.0,0.0,0.0,0.0,0.0,0.0,0.0,0.0
Cc1cc(Br)ccc1NC(=O)CCl,262.534,2.93482,0.0,,1.0,,,0.0,,1.0,,1.0,,1.0
C=C(C)[C@@H]1CC=C(C)C(=O)C1,150.22099999999998,2.4879000000000007,0.0,0.0,0.0,0.0,0.0,0.0,0.0,0.0,0.0,0.0,0.0,0.0
O=C(CCl)NCO,123.539,-0.7088000000000001,0.0,0.0,0.0,0.0,0.0,0.0,0.0,1.0,0.0,0.0,0.0,0.0
O=C(O)COc1ccccc1/C=N/NC(=O)c1ccncc1,299.286,1.3089000000000002,0.0,0.0,,0.0,0.0,0.0,0.0,,0.0,,0.0,0.0
NCCC[C@H](N)CC(=O)N[C@H]1CNC(=O)[C@H]([C@H]2C[C@H](O)N=C(N)N2)NC(=O)/C(=C/NC(N)=O)NC(=O)[C@H](CO)NC(=O)[C@H](CO)NC1=O,685.7000000000002,-8.882800000000016,0.0,0.0,0.0,0.0,0.0,0.0,0.0,,0.0,,0.0,0.0
O=C(CN1CCN(Cc2ccc3c(c2)OCO3)CC1)N1c2ccccc2Sc2ccccc21,459.57100000000014,4.362400000000004,0.0,0.0,1.0,0.0,0.0,0.0,,,0.0,0.0,0.0,0.0
O=[N+]([O-])c1cccc(S(=O)(=O)NCCNS(=O)(=O)c2cccc([N+](=O)[O-])c2)c1,430.42000000000013,0.7597999999999994,0.0,0.0,0.0,0.0,0.0,0.0,0.0,1.0,0.0,0.0,,0.0
CCN(CC)CCOC(=O)C(C)(c1ccccc1)c1ccccc1,325.45200000000006,3.877600000000003,0.0,0.0,0.0,0.0,0.0,0.0,0.0,0.0,0.0,0.0,,0.0
OC(C#CCN1CCCC1)(c1ccccc1)c1ccccc1,291.394,3.021700000000002,0.0,0.0,,0.0,0.0,0.0,0.0,0.0,0.0,0.0,,0.0
O=C1NC(=O)[C@H]2[C@@H]1[C@@H]1C=C[C@H]2C1,163.17599999999996,0.08109999999999973,0.0,0.0,0.0,0.0,0.0,0.0,0.0,,0.0,,0.0,0.0
CCCOC(=O)c1ccc(N)cc1,179.21899999999997,1.8356,0.0,0.0,,0.0,,0.0,0.0,0.0,0.0,0.0,0.0,0.0
CCCOC(=O)c1cncn1C(C)c1ccccc1,258.321,3.0592000000000015,,,,,,,,0.0,,0.0,,
SCCCCCCCCS,178.366,3.1866000000000025,0.0,0.0,0.0,0.0,0.0,0.0,0.0,,0.0,0.0,0.0,0.0
C#CC1(O)CC[C@H]2[C@@H]3CCC4=CC(=O)CC[C@@H]4[C@H]3CC[C@@]21CC,312.4530000000001,3.8826000000000036,1.0,1.0,0.0,1.0,1.0,1.0,,1.0,0.0,0.0,,0.0
c1csc(SSc2cccs2)c1,230.40400000000002,4.609000000000002,0.0,0.0,0.0,,1.0,0.0,,0.0,0.0,1.0,0.0,0.0
Nc1ccc2c(c1)CN1C(=O)c3ccccc3C1=N2,249.27300000000002,2.3165000000000004,,,,,,,,0.0,,0.0,,
COc1cc(S(N)(=O)=O)cc(C(=O)O)c1OC,261.255,0.04939999999999961,,,,,,,,0.0,,0.0,,
CC(=O)N1CCN(c2ccc(O)cc2)CC1,220.272,1.0607,,,,,,,,1.0,,0.0,,
CCc1ccc(C2CCNCC2)cc1,189.30199999999996,2.716000000000001,,,,,,,,0.0,,0.0,,
COc1ccccc1N1CCN(CC(O)COc2cc(OC)c(OC)c(OC)c2)CC1,432.5170000000002,2.2829000000000006,,,,,,,,0.0,,0.0,,
CCN(CC)c1ccc(C(=C2C=CC(=[N+](CC)CC)C=C2)c2cc(S(=O)(=O)[O-])ccc2S(=O)(=O)[O-])cc1,543.6870000000001,3.7622000000000035,,,,,,,,0.0,,0.0,,
CN1CCN(N)CC1,115.18,-0.8924999999999987,,,,,,,,0.0,,0.0,,
Nc1nc(=O)n([C@@H]2O[C@H](CO)[C@@H](O)[C@@H]2F)cc1I,371.106,-0.9811999999999996,,,,,,,,0.0,,0.0,,
CC(=O)OC(C)C,102.133,0.9579,0.0,0.0,0.0,,,0.0,0.0,0.0,0.0,0.0,0.0,0.0
C=CC(C)(O)CCCC(C)CCCC(C)CCCC(C)C,296.53899999999993,6.362500000000007,0.0,0.0,0.0,0.0,0.0,0.0,0.0,0.0,0.0,0.0,0.0,0.0
CCCCCCCCCCCCCCN(C)C,241.46299999999994,5.249100000000005,0.0,0.0,0.0,0.0,0.0,0.0,0.0,0.0,0.0,0.0,0.0,0.0
CCCCCCCCCCCCCCO,214.39299999999994,4.679800000000005,0.0,0.0,0.0,0.0,0.0,0.0,0.0,0.0,0.0,0.0,0.0,0.0
CCCCCCCCCCCCCCCCN(C)C,269.51699999999994,6.029300000000006,0.0,0.0,0.0,0.0,0.0,0.0,0.0,0.0,0.0,0.0,0.0,0.0
OCCOCCOCCOCCO,194.22699999999998,-0.979199999999999,0.0,0.0,0.0,0.0,0.0,0.0,1.0,0.0,0.0,0.0,0.0,0.0
CCCCCCOCCOCCO,190.28299999999996,1.5922,0.0,0.0,0.0,0.0,0.0,0.0,0.0,0.0,0.0,0.0,0.0,0.0
CC(C)CC(C)CC(O)CC(C)C,186.33899999999997,3.4657000000000027,0.0,0.0,0.0,0.0,0.0,0.0,0.0,0.0,0.0,0.0,0.0,0.0
OCCN1CCN(CCO)CC1,174.24399999999997,-1.411399999999998,0.0,0.0,0.0,0.0,0.0,0.0,0.0,0.0,0.0,0.0,0.0,0.0
CCCCCC(C=O)=Cc1ccccc1,202.297,3.8492000000000033,0.0,0.0,0.0,0.0,1.0,0.0,0.0,0.0,0.0,0.0,0.0,0.0
O=C1CCCC1,84.11800000000001,1.1295,0.0,0.0,0.0,0.0,0.0,0.0,0.0,0.0,0.0,0.0,0.0,0.0
O=C(OCc1ccccc1)c1ccccc1,212.248,3.0436000000000014,0.0,0.0,0.0,0.0,0.0,0.0,0.0,0.0,0.0,0.0,0.0,0.0
COc1ccc(C)cc1[N+](=O)[O-],167.16399999999996,1.9118199999999999,0.0,0.0,0.0,0.0,0.0,0.0,0.0,0.0,0.0,0.0,0.0,0.0
CCC(N)(CO)CO,119.16399999999997,-0.9215000000000002,0.0,0.0,0.0,0.0,0.0,0.0,0.0,0.0,0.0,0.0,0.0,0.0
COC(=O)C1=C(C)NC(C)=C(C(=O)OC)C1c1ccccc1[N+](=O)[O-],346.33900000000006,2.1756,0.0,0.0,1.0,1.0,0.0,0.0,0.0,0.0,0.0,0.0,0.0,0.0
O=C1c2ccccc2C(=O)C1(O)O,178.14299999999997,-0.2535,0.0,0.0,1.0,,0.0,0.0,,,0.0,0.0,1.0,1.0
O=C(Cl)C(Cl)(Cl)Cl,181.833,2.122,0.0,0.0,0.0,0.0,0.0,0.0,0.0,0.0,0.0,0.0,0.0,0.0
CCC/C=C/C=C/C(=O)O[C@H]1/C(=C/C(=O)OC)C[C@H]2C[C@H]([C@@H](C)O)OC(=O)C[C@H](O)C[C@@H]3C[C@H](OC(C)=O)C(C)(C)[C@](O)(C[C@@H]4C/C(=C/C(=O)OC)C[C@H](C=CC(C)(C)[C@]1(O)O2)O4)O3,905.044,4.279900000000004,0.0,,0.0,0.0,,,0.0,,,,1.0,
Oc1ccc([Hg]Cl)cc1,329.148,1.2538,0.0,,0.0,,,1.0,1.0,,1.0,,,1.0
COC(COC(N)=O)C1=C(N2CC2)C(=O)C(C)=C(N2CC2)C1=O,321.3330000000001,-0.592199999999999,0.0,,,,,0.0,,,0.0,,0.0,1.0
CC1C(=O)CC2C3(C)CCC2(C(C)C(=O)O)C(=O)C13,264.32099999999997,1.9176,0.0,0.0,0.0,0.0,0.0,0.0,0.0,,0.0,,0.0,0.0
COC(=O)CC(=O)C(C)(C)C,158.19699999999997,1.1647,0.0,0.0,0.0,0.0,0.0,0.0,0.0,0.0,0.0,0.0,0.0,0.0
COC(=O)c1cc(Cl)cc(Cl)c1,205.04000000000002,2.780000000000001,0.0,0.0,0.0,0.0,0.0,0.0,0.0,0.0,0.0,0.0,0.0,0.0
COC(=O)C(Br)CBr,245.89799999999997,1.3177999999999999,0.0,0.0,0.0,,0.0,0.0,,,,0.0,0.0,0.0
COC(=O)Cc1cccc2ccccc12,200.237,2.555300000000001,0.0,0.0,0.0,0.0,0.0,0.0,0.0,0.0,0.0,0.0,0.0,0.0
Cc1cccc(NC(=S)N(C)C)c1,194.303,2.25342,0.0,0.0,,0.0,0.0,0.0,0.0,,0.0,,,0.0
Nc1cccc(N)n1,109.13200000000002,0.24599999999999989,0.0,0.0,1.0,0.0,0.0,0.0,0.0,0.0,0.0,0.0,1.0,0.0
Nc1ncnc2c1ncn2[C@@H]1O[C@@H]2COP(=O)(O)O[C@H]2[C@H]1O,329.209,-0.8174000000000006,0.0,0.0,0.0,0.0,0.0,0.0,0.0,0.0,0.0,0.0,0.0,0.0
CCCCCCCCCCCC[N+](C)(C)Cc1ccccc1,304.542,6.183900000000007,0.0,,0.0,1.0,,0.0,,,,,1.0,
CC(C)(CO)[C@@H](O)C(=O)NCCC(=O)[O-].CC(C)(CO)[C@@H](O)C(=O)NCCC(=O)[O-],436.4580000000002,-4.755999999999991,1.0,1.0,0.0,,0.0,0.0,0.0,,0.0,,0.0,0.0
Nc1nc(=O)n([C@@H]2CS[C@H](CO)O2)cc1F,247.25099999999998,-0.4550000000000003,0.0,0.0,0.0,0.0,0.0,0.0,0.0,,0.0,,0.0,0.0
NCCCC[C@H](NC(=O)[C@@H]1CCCN1C(=O)[C@@H]1CSSC[C@H](NC(=O)CNC(=O)CNC(=O)CN)C(=O)N[C@@H](Cc2ccc(O)cc2)C(=O)N[C@@H](Cc2ccccc2)C(=O)N[C@@H](CCC(N)=O)C(=O)N[C@@H](CC(N)=O)C(=O)N1)C(=O)NCC(N)=O,1227.3950000000002,-6.980500000000019,0.0,0.0,0.0,0.0,0.0,0.0,0.0,,0.0,,0.0,0.0
C[C@]12CC[C@@H]3c4ccc(OC(=O)N(CCCl)CCCl)cc4CC[C@H]3[C@@H]1CC[C@@H]2OP(=O)([O-])[O-],518.3740000000003,4.035000000000003,1.0,,0.0,0.0,1.0,1.0,0.0,,0.0,,0.0,1.0
NC1(c2ccc(-c3nc4ccn5c(=O)[nH]nc5c4cc3-c3ccccc3)cc2)CCC1,407.4770000000002,4.242700000000003,0.0,,0.0,0.0,0.0,,0.0,0.0,0.0,0.0,1.0,
Cc1nnc(C(C)C)n1C1C[C@H]2CC[C@H](C1)N2CC[C@H](NC(=O)C1CCC(F)(F)CC1)c1ccccc1,513.6770000000002,5.950920000000006,0.0,0.0,0.0,0.0,0.0,0.0,0.0,,0.0,,0.0,0.0
COc1cc2c(c(OC)c1OC)-c1c(cc3c(c1OC)OCO3)C[C@@H](C)[C@](C)(O)C2,416.47000000000025,3.602400000000002,0.0,0.0,1.0,0.0,0.0,0.0,0.0,,0.0,,0.0,0.0
Cn1cnc2c(F)c(Nc3ccc(Br)cc3Cl)c(C(=O)NOCCO)cc21,457.68700000000024,3.5256000000000016,0.0,0.0,,,1.0,1.0,0.0,,0.0,0.0,0.0,0.0
O=C(NOCC1CC1)c1ccc(F)c(F)c1Nc1ccc(I)cc1Cl,478.664,5.0378000000000025,0.0,0.0,0.0,,,0.0,0.0,,,,1.0,1.0
CCCCCCCCCCCCCCCCCCOP(=O)([O-])OC1CC[N+](C)(C)CC1,461.6680000000002,6.988300000000008,0.0,0.0,0.0,0.0,0.0,0.0,0.0,,0.0,,0.0,0.0
COc1cc2c(N3CCN(C(=O)Nc4ccc(OC(C)C)cc4)CC3)ncnc2cc1OCCCN1CCCCC1,562.7150000000001,5.034500000000005,0.0,,,,0.0,,0.0,1.0,,0.0,,1.0
ClC=C(Cl)Cl,131.389,2.5017000000000005,0.0,0.0,0.0,0.0,0.0,0.0,0.0,0.0,0.0,0.0,,0.0
ClCC(Cl)Cl,133.405,2.0289,0.0,0.0,0.0,0.0,,0.0,0.0,,0.0,0.0,0.0,0.0
CC(Cl)(Cl)Cl,133.405,2.376500000000001,0.0,0.0,0.0,0.0,0.0,0.0,0.0,0.0,0.0,0.0,0.0,0.0
Oc1c(Cl)cc(Cl)cc1Cl,197.44799999999998,3.3523999999999994,0.0,0.0,,0.0,0.0,0.0,0.0,1.0,0.0,0.0,1.0,0.0
CC(Oc1cc(Cl)c(Cl)cc1Cl)C(=O)O,269.51099999999997,3.4987000000000013,0.0,0.0,0.0,0.0,0.0,0.0,1.0,0.0,0.0,0.0,,0.0
FC(Cl)(Cl)Cl,137.368,2.2836,1.0,1.0,0.0,0.0,0.0,0.0,0.0,0.0,0.0,0.0,,0.0
O=C1c2ccccc2C(=O)N1SC(Cl)(Cl)Cl,296.562,3.2585000000000006,0.0,0.0,0.0,,,0.0,0.0,1.0,0.0,,1.0,1.0
O=C(O)COc1cc(Cl)c(Cl)cc1Cl,255.48399999999998,3.1102000000000007,0.0,0.0,0.0,0.0,0.0,0.0,0.0,1.0,0.0,0.0,,0.0
COP(=O)(OC)C(O)C(Cl)(Cl)Cl,257.437,2.1609000000000003,0.0,,0.0,0.0,0.0,0.0,0.0,1.0,0.0,0.0,0.0,0.0
CC(=O)OCC(=O)[C@@]1(OC(C)=O)[C@@H](C)C[C@H]2[C@@H]3C[C@H](F)C4=CC(=O)C=C[C@]4(C)[C@@]3(F)[C@@H](O)C[C@@]21C,494.53100000000023,2.9853000000000014,1.0,1.0,,,,0.0,0.0,0.0,0.0,0.0,1.0,0.0
CN(C)C1CCCCC1,127.23100000000001,1.8806999999999998,0.0,0.0,0.0,0.0,,0.0,0.0,0.0,0.0,0.0,,0.0
O=C(Cl)c1ccccc1,140.569,2.0656,0.0,0.0,0.0,0.0,0.0,0.0,0.0,0.0,0.0,0.0,0.0,0.0
C[C@@H](N)C(=O)O,89.09399999999998,-0.5817999999999999,,,,,,,,0.0,,,,
CCOP(=S)(OCC)SC(CCl)N1C(=O)c2ccccc2C1=O,393.85400000000016,3.878200000000003,0.0,0.0,1.0,0.0,1.0,1.0,0.0,1.0,0.0,0.0,,
CCOP(=O)(OCC)Oc1cc(C)nc(C(C)C)n1,288.28400000000005,3.468320000000002,0.0,0.0,0.0,0.0,0.0,0.0,0.0,,0.0,0.0,0.0,0.0
CCOc1ccc(NC(=O)OC(C)C)cc1OCC,267.325,3.440900000000002,0.0,0.0,,0.0,0.0,0.0,0.0,0.0,0.0,0.0,0.0,0.0
CCCCCCCCS(=O)C(C)Cc1ccc2c(c1)OCO2,324.4860000000001,4.455500000000004,0.0,0.0,1.0,,,0.0,,1.0,0.0,,0.0,
CC(=O)c1ccccn1,121.13899999999997,1.2842,0.0,0.0,0.0,0.0,0.0,0.0,0.0,0.0,0.0,0.0,0.0,0.0
CCCCOCCOCCOCc1cc2c(cc1CCC)OCO2,338.44400000000013,3.7177000000000024,0.0,0.0,1.0,0.0,0.0,0.0,0.0,0.0,0.0,0.0,,0.0
C1CCNCC1,85.15,0.7599,0.0,0.0,0.0,0.0,,,0.0,0.0,0.0,0.0,0.0,0.0
CC[C@@H]1C(=O)OC[C@@H]1Cc1cncn1C,208.261,1.1618000000000002,0.0,0.0,0.0,0.0,0.0,0.0,0.0,0.0,0.0,0.0,0.0,0.0
C[C@@H]1CC=CC=CC=CC=C[C@H](O[C@@H]2O[C@H](C)[C@@H](O)[C@H](N)[C@@H]2O)C[C@@H]2O[C@](O)(C[C@@H](O)C[C@H]3O[C@@H]3C=CC(=O)O1)C[C@H](O)[C@H]2C(=O)O,665.7330000000004,0.11970000000000325,0.0,0.0,0.0,0.0,0.0,0.0,0.0,,0.0,,0.0,0.0
Nc1c(Cl)c(Cl)nc(C(=O)O)c1Cl,241.46099999999998,2.3222,0.0,0.0,1.0,0.0,0.0,0.0,0.0,0.0,0.0,0.0,0.0,0.0
C=C(C)C(=O)OCCO,130.143,0.09800000000000003,0.0,0.0,0.0,0.0,0.0,0.0,0.0,0.0,0.0,0.0,0.0,0.0
C=CC(=O)OCCO,116.11599999999999,-0.2921000000000001,0.0,0.0,0.0,0.0,1.0,0.0,0.0,1.0,0.0,0.0,0.0,0.0
O=P(c1ccccc1)(c1ccccc1)c1ccccc1,278.291,3.3260000000000014,0.0,0.0,0.0,0.0,0.0,0.0,0.0,0.0,0.0,0.0,0.0,0.0
CCOP(=S)(OCC)SCSc1ccc(Cl)cc1,342.875,5.420300000000004,0.0,0.0,1.0,0.0,1.0,0.0,0.0,0.0,0.0,,0.0,0.0
Oc1ccc(Oc2ccccc2)cc1,186.21,3.1845000000000017,0.0,0.0,0.0,,1.0,1.0,,1.0,0.0,0.0,1.0,
C#CC(O)CCCCC,126.19900000000001,1.5608,0.0,0.0,0.0,0.0,0.0,0.0,0.0,0.0,0.0,0.0,,0.0
CC(C)(C)NC(=O)[C@@H]1C[C@@H]2CCCC[C@@H]2CN1C[C@@H](O)[C@H](Cc1ccccc1)NC(=O)[C@H](CC(N)=O)NC(=O)c1ccc2ccccc2n1,670.855,3.092400000000003,0.0,0.0,0.0,,,0.0,,,,,1.0,
C[Si](C)=O,74.15499999999999,0.6679999999999999,0.0,0.0,0.0,0.0,0.0,0.0,0.0,0.0,0.0,0.0,,0.0
CCOc1cc([N+](=O)[O-])c(OCC)cc1N1CCOCC1,296.32300000000004,2.2287999999999997,0.0,0.0,,1.0,0.0,0.0,0.0,0.0,0.0,0.0,,0.0
O=S(=O)([O-])c1cccc(S(=O)(=O)[O-])c1,236.22599999999997,-0.5051999999999995,0.0,0.0,0.0,0.0,0.0,0.0,0.0,,0.0,,0.0,0.0
CN(C)CCOCCN(C)CCO,190.28699999999998,-0.5112999999999988,0.0,0.0,0.0,0.0,0.0,0.0,0.0,0.0,0.0,0.0,0.0,0.0
O=C([O-])c1cccc([N+](=O)[O-])c1,166.11199999999997,-0.04170000000000018,0.0,0.0,0.0,0.0,0.0,0.0,0.0,0.0,0.0,0.0,0.0,0.0
O=C1NC(=O)c2cccc3cccc1c23,197.19299999999998,1.7234,0.0,0.0,1.0,0.0,0.0,0.0,0.0,1.0,0.0,0.0,1.0,
CCOC(=O)C1=NN(c2ccccc2)C(=O)C1,232.239,1.3424,0.0,,0.0,0.0,0.0,0.0,1.0,0.0,0.0,0.0,,0.0
C=C[Si]1(C)O[Si](C)(C=C)O[Si](C)(C=C)O[Si](C)(C=C)O1,344.66400000000004,3.255200000000002,0.0,0.0,0.0,0.0,0.0,0.0,0.0,0.0,0.0,1.0,0.0,0.0
CCCCOC(=O)CCC(C)=O,172.22399999999996,1.6989,0.0,0.0,0.0,0.0,0.0,0.0,0.0,0.0,0.0,0.0,0.0,0.0
c1ccc(CNc2ncnc3c2ncn3C2CCCCO2)cc1,309.37300000000005,3.137500000000001,0.0,0.0,1.0,,1.0,0.0,0.0,0.0,1.0,0.0,0.0,0.0
Cc1ccc(N)c([N+](=O)[O-])c1,152.15300000000002,1.48542,0.0,0.0,0.0,0.0,1.0,0.0,0.0,0.0,0.0,0.0,0.0,0.0
ClCC=CCCl,124.998,2.0202,0.0,0.0,0.0,,0.0,0.0,0.0,,0.0,0.0,0.0,0.0
Cc1ccc([N+](=O)[O-])c(N)c1,152.153,1.48542,0.0,0.0,0.0,0.0,0.0,0.0,0.0,0.0,0.0,,0.0,0.0
CNc1ccc([N+](=O)[O-])cc1,152.15300000000002,1.6364999999999998,,,,,1.0,0.0,0.0,0.0,0.0,,0.0,0.0
Nc1ccc(/N=N/c2ccc(N)cc2)cc1,212.25600000000003,3.266400000000001,,0.0,,,0.0,0.0,,1.0,1.0,0.0,1.0,0.0
CC1=CCC2CC1C2(C)C,136.238,2.9987000000000013,0.0,0.0,0.0,0.0,0.0,0.0,0.0,0.0,0.0,0.0,0.0,0.0
CC(=O)NNC(C)=O,116.11999999999999,-0.8264,0.0,0.0,0.0,0.0,0.0,0.0,0.0,0.0,0.0,0.0,,0.0
C=CCOC(=O)c1ccccc1C(=O)OCC=C,246.26199999999994,2.3722000000000003,0.0,0.0,0.0,1.0,0.0,0.0,0.0,0.0,0.0,0.0,0.0,0.0
Oc1cccc(O)c1O,126.11099999999998,0.8033999999999997,0.0,0.0,1.0,0.0,1.0,1.0,0.0,0.0,0.0,0.0,1.0,1.0
S=C1NCCN1,102.162,-0.5359000000000003,0.0,0.0,0.0,0.0,0.0,0.0,0.0,1.0,0.0,0.0,0.0,0.0
O=[N+]([O-])c1ccc2c(c1)Cc1ccccc1-2,211.21999999999997,3.1660000000000013,0.0,0.0,1.0,,1.0,0.0,0.0,1.0,0.0,0.0,1.0,0.0
COC(=O)c1cc(Cl)ccc1OC,200.621,2.1352,,,,,,,,0.0,,0.0,,
CCCCC(CC)COC(=O)CCCCC(=O)OCC(CC)CCCC,370.5740000000002,6.066000000000007,0.0,0.0,0.0,0.0,0.0,0.0,0.0,0.0,0.0,0.0,,0.0
O=c1c(-c2ccccc2)c1-c1ccccc1,206.24399999999997,3.256400000000002,0.0,,0.0,,0.0,0.0,1.0,,,,1.0,1.0
O=C(OCc1ccccc1)c1cccnc1,213.236,2.4386,0.0,0.0,0.0,0.0,0.0,0.0,0.0,,0.0,,,0.0
O=C1CN(N=Cc2ccc([N+](=O)[O-])o2)C(=O)N1,238.15899999999996,0.07349999999999995,0.0,,0.0,,0.0,0.0,,1.0,0.0,0.0,1.0,0.0
O=C(O)c1ccc[n+]([O-])c1,139.10999999999999,0.01819999999999994,,,,,,,,0.0,,0.0,,
OC1OC[C@@H](O)[C@H](O)[C@@H]1O,150.13,-2.5823000000000005,0.0,0.0,0.0,0.0,0.0,0.0,0.0,,0.0,,0.0,0.0
NC(=O)CCCCC1CCSS1,205.348,2.1857999999999995,0.0,0.0,0.0,0.0,1.0,1.0,0.0,0.0,0.0,0.0,0.0,0.0
CCOC(=O)CC#N,113.116,0.46318,0.0,0.0,0.0,0.0,0.0,0.0,0.0,0.0,0.0,0.0,0.0,0.0
CCCC(C)CO,102.17699999999999,1.4149,,0.0,,0.0,0.0,0.0,0.0,0.0,0.0,0.0,0.0,0.0
CCOC(=O)CCl,122.551,0.7883,0.0,0.0,0.0,0.0,0.0,0.0,0.0,,0.0,0.0,0.0,0.0
COC(=O)CC(C)=O,116.116,0.13849999999999985,0.0,0.0,0.0,0.0,0.0,0.0,0.0,0.0,0.0,0.0,0.0,0.0
COc1ccc(C)cc1,122.16699999999997,2.0036199999999997,0.0,0.0,0.0,0.0,0.0,0.0,0.0,0.0,0.0,0.0,,0.0
CCc1ccc(CC)cc1,134.22199999999998,2.811400000000001,0.0,0.0,0.0,0.0,0.0,0.0,0.0,0.0,0.0,0.0,0.0,0.0
OCC1CCC(CO)CC1,144.21399999999997,0.7773999999999999,0.0,0.0,0.0,0.0,0.0,0.0,0.0,0.0,0.0,0.0,0.0,0.0
C=C(C)C(=O)OCCN(CC)CC,185.26699999999997,1.4475,0.0,0.0,0.0,0.0,0.0,0.0,0.0,0.0,0.0,0.0,0.0,0.0
CCN(CC)CCOCCOC(=O)C(CC)(CC)c1ccccc1.O=C(O)CC(O)(CC(=O)O)C(=O)O,527.6110000000002,2.3975000000000004,0.0,0.0,0.0,0.0,1.0,1.0,0.0,,0.0,,,0.0
O=P([O-])([O-])OC[C@@]1(O)O[C@H](COP(=O)([O-])O)[C@@H](O)[C@@H]1O,337.09000000000003,-4.881799999999997,0.0,0.0,0.0,0.0,1.0,,0.0,,0.0,,0.0,0.0
CN1CCN(c2c(F)cc3c(=O)c(C(=O)O)cn4c3c2OCN4C)CC1,362.3610000000002,0.5083000000000002,0.0,0.0,0.0,0.0,1.0,0.0,0.0,0.0,0.0,0.0,,0.0
NC1CCCCC1.NC1CCCCC1.O=P(O)(O)OC[C@H](O)CO,370.4270000000001,1.0044999999999993,0.0,0.0,0.0,0.0,0.0,0.0,0.0,,0.0,,0.0,0.0
O=c1[nH]c(=O)n([C@H]2C[C@H](O)[C@@H](CO)O2)cc1C(F)(F)F,296.20099999999996,-0.8039000000000001,0.0,0.0,0.0,0.0,,0.0,,,0.0,,0.0,1.0
CCC(=O)O.CCC(=O)O.O=C(Nc1cccc(C2=NCCN2)c1)Nc1cccc(C2=NCCN2)c1,496.56800000000027,2.9922000000000013,0.0,0.0,0.0,0.0,,0.0,0.0,0.0,0.0,0.0,0.0,0.0
O=S(=O)([O-])CC(S)CS,187.287,-0.24019999999999986,0.0,0.0,0.0,0.0,0.0,0.0,0.0,,0.0,,0.0,0.0
CCCCCCCCCCCCCC[N+](C)(C)Cc1ccccc1,332.59599999999995,6.964100000000008,0.0,,0.0,,,0.0,0.0,,,0.0,1.0,
CCC(CC)Nc1c([N+](=O)[O-])cc(C)c(C)c1[N+](=O)[O-],281.312,3.720340000000003,0.0,0.0,0.0,1.0,1.0,0.0,0.0,0.0,0.0,0.0,1.0,0.0
Brc1ccc(Oc2cc(Br)c(Br)cc2Br)c(Br)c1,564.691,7.291400000000002,0.0,0.0,1.0,0.0,1.0,0.0,0.0,0.0,0.0,0.0,1.0,0.0
Clc1cc(Cl)c(Cl)c(Cl)c1Cl,250.339,4.9536,0.0,0.0,0.0,0.0,0.0,0.0,0.0,0.0,0.0,0.0,0.0,0.0
CCOc1cc(Oc2ccc(C(F)(F)F)cc2Cl)ccc1[N+](=O)[O-],361.70300000000003,5.458000000000003,0.0,0.0,0.0,0.0,,0.0,0.0,1.0,0.0,0.0,,0.0
CC(C)(C)C(O)C(Cc1ccc(Cl)cc1)n1cncn1,293.798,3.122300000000001,0.0,0.0,0.0,0.0,,0.0,0.0,0.0,0.0,0.0,0.0,0.0
O=C(O)c1ccccc1OP(=O)(O)O,218.10099999999997,0.8562999999999998,0.0,0.0,0.0,0.0,0.0,0.0,0.0,0.0,0.0,0.0,0.0,0.0
COc1c2c(cc3c1OCO3)CCN(C)C2,221.25599999999991,1.4118,0.0,0.0,0.0,0.0,0.0,0.0,0.0,0.0,0.0,0.0,,0.0
CCCCOc1cc(C(=O)OCCN(CC)CC)ccc1N,308.42199999999997,2.946300000000001,0.0,0.0,1.0,0.0,0.0,0.0,0.0,,0.0,0.0,0.0,0.0
CN(C)CCOC(=O)C(c1ccccc1)C1(O)CCCC1,291.39100000000013,2.1801000000000004,0.0,0.0,0.0,0.0,0.0,0.0,0.0,0.0,0.0,0.0,0.0,0.0
CC(C)CC(NC(=O)CNC(=O)[C@H](Cc1ccc(O)cc1)NC(=O)[C@@H](CO)NC(=O)[C@@H](Cc1c[nH]c2ccccc12)NC(=O)[C@@H](Cc1c[nH]cn1)NC(=O)[C@H]1CCC(=O)N1)C(=O)N[C@H](CCCNC(=N)N)C(=O)N1CCC[C@@H]1C(=O)NCC(N)=O,1182.311,-4.177730000000016,0.0,0.0,0.0,0.0,0.0,0.0,0.0,0.0,0.0,0.0,0.0,0.0
C[C@]12CC[C@H]3[C@H]([C@@H]1[C@@H]1C[C@@H]1[C@@]21CCC(=O)O1)[C@H]1C[C@H]1C1=CC(=O)CC[C@@]13C,366.50100000000015,4.305900000000004,1.0,1.0,0.0,0.0,,0.0,,,0.0,0.0,,0.0
NC(=O)OCCCc1ccccc1,179.21900000000002,1.7145000000000001,0.0,0.0,0.0,0.0,0.0,0.0,0.0,0.0,0.0,0.0,0.0,0.0
C[C@H]1CNc2c(cccc2S(=O)(=O)N[C@@H](CCCNC(=N)N)C(=O)N2CC[C@@H](C)C[C@@H]2C(=O)O)C1,508.6450000000003,0.9125700000000025,0.0,0.0,0.0,0.0,0.0,0.0,0.0,0.0,0.0,0.0,,0.0
CC(C)NCC(O)c1cc(O)cc(O)c1.CC(C)NCC(O)c1cc(O)cc(O)c1,422.5220000000001,2.258399999999999,,,,,,,,0.0,,0.0,,
COC(=O)c1ccccc1C(=O)c1ccc(OCCN2CCCCC2)cc1,367.44500000000016,3.568900000000003,1.0,0.0,0.0,0.0,0.0,0.0,0.0,0.0,0.0,0.0,0.0,0.0
C[C@@H]1C[C@H]2[C@@H]3C[C@H](F)C4=CC(=O)C(Cl)=C[C@]4(C)[C@@]3(F)[C@@H](O)C[C@]2(C)[C@@]1(O)C(=O)CO,444.9020000000002,2.4102,1.0,1.0,0.0,,0.0,0.0,0.0,0.0,0.0,0.0,,0.0
CC(C)OC(=O)C(C(=O)OC(C)C)=C1SC=CS1,288.39,3.0524000000000013,0.0,0.0,,0.0,0.0,0.0,0.0,,0.0,0.0,1.0,0.0
CN[C@@H]1[C@@H](O)[C@@H](O[C@@H]2[C@@H](O)[C@H](O[C@H]3O[C@H](CN)[C@@H](O)[C@H](O)[C@H]3O)[C@@H](N)C[C@H]2NC(=O)C(O)CN)OC[C@]1(C)O,569.6090000000002,-7.5244000000000115,1.0,0.0,0.0,,0.0,0.0,0.0,,0.0,,0.0,0.0
Cc1ccnc2c1NC(=O)c1cccnc1N2C1CC1,266.30400000000003,2.6512200000000004,0.0,0.0,0.0,0.0,0.0,0.0,0.0,0.0,0.0,0.0,0.0,0.0
Cc1cc(-n2c(=O)[nH]c(=O)n(C)c2=O)ccc1Oc1ccc(S(=O)(=O)C(F)(F)F)cc1,457.3860000000001,1.6187200000000004,0.0,,0.0,0.0,,0.0,,,0.0,,0.0,0.0
CCOC(=O)[C@H](CCc1ccccc1)N[C@H]1CCCN2CCC[C@@H](C(=O)O)N2C1=O,417.5060000000003,1.5955,0.0,0.0,0.0,0.0,0.0,0.0,0.0,,0.0,,0.0,0.0
CC(=O)Nc1c(I)c(NC(C)=O)c(I)c(C(=O)O)c1I,613.9150000000002,3.1154,0.0,0.0,0.0,0.0,0.0,0.0,0.0,0.0,0.0,0.0,0.0,0.0
CCOC(=O)NCCC[Si](OCC)(OCC)OCC,293.43600000000004,2.1710000000000003,0.0,0.0,0.0,0.0,0.0,0.0,0.0,0.0,0.0,0.0,0.0,0.0
CCO[Si](CC(C)C)(OCC)OCC,220.38499999999993,2.690800000000001,0.0,0.0,0.0,0.0,0.0,0.0,,0.0,0.0,0.0,1.0,0.0
Cc1ccccc1C(OCCN(C)C)c1ccccc1.O=C(O)CC(O)(CC(=O)O)C(=O)O,461.51100000000025,2.4141199999999996,0.0,0.0,0.0,0.0,0.0,0.0,0.0,0.0,0.0,0.0,,0.0
COc1cccc(C(=O)CCN[C@@H](C)[C@H](O)c2ccccc2)c1,313.397,2.979700000000001,0.0,0.0,0.0,,0.0,0.0,0.0,1.0,0.0,,0.0,
O=[N+]([O-])C(Br)(CO)CO,199.988,-0.6611,0.0,0.0,0.0,0.0,0.0,0.0,0.0,1.0,0.0,,0.0,0.0
OCCCBr,138.992,0.7637,0.0,0.0,0.0,0.0,0.0,0.0,0.0,0.0,0.0,0.0,0.0,0.0
Cc1cccc(Br)c1,171.037,2.7575200000000013,0.0,0.0,0.0,0.0,0.0,0.0,0.0,0.0,0.0,,0.0,0.0
BrCc1ccccc1,171.037,2.5815,0.0,0.0,0.0,0.0,,0.0,0.0,0.0,0.0,0.0,0.0,0.0
CCC(=O)Oc1ccc2c(c1)CC[C@@H]1[C@@H]2CC[C@@]2(C)[C@H]1C[C@@H](OC(=O)CC)[C@@H]2OC(=O)CC,456.57900000000024,5.111600000000005,,,,,,,,0.0,,0.0,,
C[C@@H]1C[C@H]2[C@@H]3CCC4=CC(=O)C=C[C@]4(C)[C@@]3(F)[C@@H](O)C[C@]2(C)[C@@]1(O)C(=O)COC(=O)c1ccncc1,497.56300000000033,3.155400000000002,,,,,,,,0.0,,0.0,,
CC1=C(C(=O)O)N2C(=O)[C@@H](N)[C@H]2SC1,214.24599999999998,-0.4126000000000001,,,,,,,,0.0,,0.0,,
CC(=O)/C=C/C=C1/C2CCC(C2)C1(C)C,204.31299999999996,3.5141000000000027,,,,,,,,0.0,,0.0,,
CC1(C)OC(=O)Nc2ccc(Br)cc21,256.099,3.2463000000000015,,,,,,,,0.0,,0.0,,
O=C(O)Cn1cnnn1,128.091,-1.2423,,,,,,,,0.0,,0.0,,
NS(=O)(=O)c1cc2c(cc1Cl)CN(C1CCCCC1)C2=O,328.8210000000002,2.275900000000001,,,,,,,,0.0,,0.0,,
O=Cc1ccc(O)c(O)c1O,154.12099999999998,0.6158999999999997,,,,,,,,1.0,,1.0,,
CCCCCCOC(=O)/N=C(/N)c1ccc(NCc2nc3cc(C(=O)N(CCC(=O)OCC)c4ccccn4)ccc3n2C)cc1,627.7460000000003,5.602600000000005,,,,,,,,,,0.0,,
Cc1ccc(CCn2c3c(c4cc(Cl)ccc42)CN(C)CC3)cn1,339.8700000000001,4.228720000000004,,,,,,,,,,0.0,,
C[N+]1(C)[C@H]2C[C@H](OC(=O)[C@H](CO)c3ccccc3)C[C@@H]1[C@H]1O[C@@H]21,318.3930000000001,1.0626999999999995,0.0,0.0,0.0,0.0,0.0,0.0,0.0,0.0,0.0,0.0,0.0,0.0
COP(=S)(NC(C)C)Oc1ccc(C)cc1[N+](=O)[O-],304.30800000000005,3.150920000000002,0.0,0.0,1.0,,1.0,1.0,0.0,0.0,0.0,0.0,,0.0
CCCCCOC(=O)CCC,158.24099999999996,2.5199000000000007,0.0,0.0,0.0,0.0,0.0,0.0,0.0,0.0,0.0,0.0,,0.0
c1cncc([C@@H]2CCCCN2)c1,162.23600000000002,1.8962,0.0,0.0,0.0,0.0,0.0,0.0,0.0,0.0,0.0,0.0,0.0,0.0
CCOC(=O)C(Br)c1ccccc1,243.1,2.6857000000000006,0.0,0.0,0.0,0.0,0.0,0.0,0.0,,0.0,0.0,0.0,0.0
CCCCCC(=O)CC,128.21499999999997,2.5458000000000007,0.0,0.0,0.0,0.0,0.0,0.0,0.0,0.0,0.0,0.0,0.0,0.0
CCN(CCO)CCO,133.191,-0.7071000000000003,0.0,0.0,0.0,0.0,0.0,0.0,0.0,1.0,0.0,0.0,,0.0
COc1ccc(C2CNC(=O)C2)cc1OC1CCCC1,275.348,2.6201000000000008,0.0,0.0,0.0,0.0,0.0,0.0,0.0,0.0,0.0,0.0,0.0,0.0
CCOC(OCC)OCC,148.202,1.3795,0.0,0.0,0.0,0.0,0.0,0.0,0.0,0.0,0.0,0.0,0.0,0.0
CCOC(=O)C(F)(F)F,142.076,1.1118000000000001,0.0,0.0,0.0,0.0,0.0,0.0,0.0,0.0,0.0,0.0,0.0,0.0
C=C[C@@H](C)CCC=C(C)C,138.254,3.5549000000000026,0.0,0.0,0.0,0.0,0.0,0.0,0.0,0.0,0.0,0.0,0.0,0.0
NC1=NC(=O)N2CC12,111.10399999999998,-0.8386,0.0,0.0,0.0,0.0,0.0,0.0,0.0,,0.0,,0.0,0.0
SCCSCCS,154.32500000000002,1.5791999999999997,0.0,0.0,0.0,0.0,0.0,0.0,0.0,0.0,0.0,0.0,0.0,0.0
Cc1cccc(C)c1NC(=O)c1ccc(N)cc1,240.306,3.1379400000000004,,,,,,,,0.0,,0.0,,
CCCCNC(C)(C)[PH](=O)O,179.2,1.5792000000000002,0.0,0.0,0.0,0.0,0.0,0.0,0.0,,0.0,,0.0,0.0
N[C@@H](Cc1cc(I)c(O)c(I)c1)C(=O)O,432.98300000000006,1.5557999999999998,0.0,0.0,0.0,0.0,0.0,0.0,0.0,0.0,0.0,0.0,0.0,0.0
CN(C(=O)Cc1ccc(Cl)c(Cl)c1)[C@H]1CC[C@@]2(CCCO2)C[C@@H]1N1CCCC1,425.40000000000043,4.560400000000004,0.0,0.0,0.0,,,0.0,0.0,0.0,0.0,0.0,0.0,0.0
CCC[C@@H]1C[C@@H](C(=O)N[C@H]([C@H](C)Cl)[C@H]2O[C@H](SC)[C@H](OP(=O)(O)O)[C@@H](O)[C@H]2O)N(C)C1,504.9700000000002,0.5065000000000002,0.0,0.0,0.0,0.0,0.0,0.0,0.0,,0.0,,0.0,0.0
O=C1CC2(CCCC2)CC(=O)N1CCNCC1COc2ccccc2O1,358.4380000000001,2.125399999999999,0.0,0.0,0.0,,,0.0,,0.0,0.0,0.0,0.0,0.0
O=C(C(=O)c1ccccc1)c1ccccc1,210.232,2.752200000000001,0.0,0.0,0.0,0.0,0.0,0.0,0.0,0.0,0.0,0.0,,0.0
N=C(N)c1ccc(OCCCOc2ccc(C(=N)N)cc2)cc1,312.373,2.10264,0.0,0.0,0.0,,0.0,0.0,0.0,1.0,0.0,0.0,0.0,0.0
CC(=C(CCO)SSC(CCO)=C(C)N(C=O)Cc1cnc(C)nc1N)N(C=O)Cc1cnc(C)nc1N,562.7220000000001,2.27404,,0.0,0.0,0.0,0.0,0.0,0.0,0.0,0.0,0.0,0.0,0.0
CCCCCCC#N,111.188,2.4803800000000003,0.0,0.0,0.0,0.0,0.0,0.0,0.0,0.0,0.0,0.0,0.0,0.0
O=C(O)CCCCCC(=O)O,160.169,1.1061,0.0,0.0,0.0,0.0,0.0,0.0,0.0,,0.0,0.0,0.0,0.0
COc1ccc(Nc2ccccc2)c(C)c1,213.28,3.747220000000002,0.0,0.0,1.0,0.0,0.0,0.0,0.0,0.0,0.0,0.0,1.0,0.0
CCCC(=O)OC[C@@H](OC(=O)CCC)[C@@H](OC(=O)CCC)[C@H](Cn1c2nc(=O)[nH]c(=O)c-2nc2cc(C)c(C)cc21)OC(=O)CCC,656.7330000000001,3.6804400000000026,1.0,,0.0,0.0,,0.0,0.0,,,0.0,1.0,
CCO[Si](CCCSSSSCCC[Si](OCC)(OCC)OCC)(OCC)OCC,538.9680000000004,6.541200000000007,0.0,0.0,0.0,,0.0,0.0,,,0.0,0.0,,0.0
C=COC(=O)C(C)(CC)CCC(C)C,198.30599999999995,3.5256000000000025,0.0,0.0,0.0,0.0,0.0,0.0,0.0,0.0,0.0,0.0,0.0,0.0
CC(CC1c2ccccc2CCc2ccccc21)CN(C)C,293.454,4.504900000000004,,,,,,,,,,0.0,,
CCCC[N+]1(C)[C@H]2C[C@H](OC(=O)[C@H](CO)c3ccccc3)C[C@@H]1[C@H]1O[C@@H]21,360.47400000000005,2.2329999999999997,0.0,0.0,0.0,0.0,0.0,0.0,0.0,0.0,0.0,0.0,0.0,0.0
C=CCN1C[C@H](C(=O)N(CCCN(C)C)C(=O)NCC)C[C@@H]2c3cccc4[nH]cc(c34)C[C@H]21,451.61500000000024,3.193900000000001,,,,,,,,0.0,,0.0,,
CCCCCCCCSCC,174.35299999999998,4.100000000000004,0.0,0.0,0.0,0.0,0.0,0.0,0.0,0.0,0.0,0.0,0.0,0.0
O=S(O)CO[Na],118.08899999999998,-0.7343,0.0,0.0,0.0,0.0,1.0,0.0,0.0,,0.0,,0.0,0.0
C=COCCOCCOCCOC=C,202.24999999999997,1.3397999999999999,0.0,0.0,0.0,0.0,0.0,0.0,0.0,0.0,0.0,0.0,0.0,0.0
CCC(C)C(=O)O,102.13299999999998,1.1171,0.0,0.0,0.0,0.0,0.0,0.0,0.0,0.0,0.0,0.0,0.0,0.0
CC(C)CC#N,83.134,1.55608,0.0,0.0,0.0,0.0,0.0,0.0,0.0,0.0,0.0,0.0,0.0,0.0
Cc1ccc(C(=O)O)o1,126.11099999999999,1.28622,0.0,0.0,0.0,0.0,0.0,0.0,0.0,0.0,0.0,0.0,0.0,0.0
CC(C)c1ccc(CO)cc1,150.22099999999998,2.3023000000000007,0.0,0.0,0.0,0.0,1.0,1.0,0.0,0.0,0.0,0.0,0.0,0.0
CC(=O)CCC=C(C)C,126.19899999999998,2.3218000000000005,0.0,0.0,0.0,0.0,0.0,0.0,0.0,0.0,0.0,0.0,0.0,0.0
CCC(C)C(C(=O)OCC[N+](C)(CC)CC)c1ccccc1,306.4699999999999,3.845900000000003,0.0,0.0,0.0,0.0,0.0,0.0,0.0,,0.0,,0.0,0.0
Nc1ncnc(Nc2ccc(Cl)cc2)n1,221.651,1.8508,0.0,0.0,1.0,,1.0,0.0,0.0,,1.0,,0.0,0.0
CN(C)CCCSc1ccccc1NC(=O)/C=C/c1ccccc1,340.4920000000001,4.382300000000003,0.0,0.0,0.0,,0.0,0.0,0.0,0.0,0.0,0.0,0.0,0.0
CC(C)NCC(O)c1ccc(N)c(C#N)c1,219.28799999999998,1.17188,0.0,0.0,0.0,0.0,0.0,0.0,0.0,0.0,0.0,0.0,0.0,0.0
CN1C(=O)COc2c(C(=O)NC3CN4CCC3CC4)cc(Cl)cc21,349.81800000000004,1.5191999999999999,0.0,0.0,0.0,,0.0,0.0,0.0,0.0,0.0,0.0,0.0,0.0
C=C1C2CCC(C2)C1(C)C,136.238,2.9987000000000013,0.0,0.0,0.0,0.0,0.0,0.0,0.0,0.0,0.0,0.0,0.0,0.0
CC(C(O)c1ccc(O)cc1)N1CCC(Cc2ccccc2)CC1,325.45200000000006,3.7688000000000033,0.0,0.0,0.0,0.0,0.0,0.0,0.0,0.0,0.0,0.0,,0.0
O=C(O)CN1C(=O)c2cccc3cccc(c23)C1=O,255.22899999999998,1.5204,0.0,0.0,0.0,0.0,0.0,0.0,0.0,0.0,0.0,0.0,0.0,0.0
NP(N)(=O)NC(=O)c1ccc(F)cc1,217.14,0.5809999999999995,0.0,0.0,0.0,0.0,,0.0,0.0,0.0,0.0,0.0,0.0,0.0
Clc1cccc(SC2CCNCC2)n1,228.74799999999996,2.5791000000000004,0.0,0.0,0.0,0.0,0.0,0.0,0.0,0.0,0.0,0.0,0.0,
CC(=O)OC1CN2CCC1CC2,169.224,0.6436999999999999,0.0,0.0,0.0,0.0,0.0,0.0,0.0,,0.0,,,0.0
CCCCC(CC)COC(=O)C(C#N)=C(c1ccccc1)c1ccccc1,361.485,5.771680000000005,0.0,0.0,0.0,1.0,0.0,0.0,0.0,1.0,0.0,0.0,,0.0
CCCC=C(C=O)CC,126.19899999999998,2.3218000000000005,0.0,0.0,0.0,0.0,0.0,0.0,0.0,0.0,0.0,0.0,0.0,0.0
C=CC(=O)OCC(CC)CCCC,184.27899999999994,2.9320000000000013,0.0,0.0,0.0,0.0,0.0,0.0,0.0,0.0,0.0,0.0,0.0,0.0
CCCCC(C=O)CC,128.21499999999997,2.401700000000001,0.0,0.0,0.0,0.0,0.0,0.0,0.0,0.0,0.0,0.0,0.0,0.0
CCCC(O)C(CC)CO,146.23,1.1659,0.0,0.0,0.0,0.0,0.0,0.0,0.0,0.0,0.0,0.0,0.0,0.0
CCCCC(CC)C(=O)O,144.214,2.2874,0.0,0.0,0.0,0.0,0.0,0.0,0.0,0.0,0.0,0.0,0.0,0.0
O=[N+]([O-])c1ccc(-c2nnc(O)o2)o1,197.10599999999997,0.9433999999999998,0.0,0.0,0.0,0.0,0.0,0.0,0.0,1.0,0.0,0.0,,0.0
O=C(O)c1cccc(Oc2ccccc2)c1,214.22,3.177100000000001,0.0,0.0,1.0,0.0,0.0,0.0,0.0,0.0,0.0,0.0,0.0,0.0
COc1ccc([N+](=O)[O-])cc1N,168.152,1.1855999999999998,0.0,0.0,1.0,0.0,0.0,0.0,0.0,0.0,0.0,0.0,0.0,0.0
NC(=O)N/N=C/c1ccc([N+](=O)[O-])o1,198.13799999999998,0.19000000000000006,0.0,0.0,0.0,0.0,0.0,0.0,0.0,1.0,0.0,0.0,1.0,0.0
CC(=O)OC(OC(C)=O)c1ccc([N+](=O)[O-])o1,243.171,1.3126,0.0,,0.0,,,,,1.0,1.0,1.0,,
O=C(O)Cc1ccc(-c2ccccc2)cc1,212.24800000000002,2.9807000000000015,0.0,0.0,0.0,0.0,0.0,0.0,1.0,0.0,0.0,0.0,0.0,0.0
NC(=O)c1cc[n+](CC2=C(C(=O)[O-])N3C(=O)[C@@H](NC(=O)Cc4cccs4)[C@H]3SC2)cc1,458.5210000000002,-1.218899999999995,0.0,0.0,0.0,0.0,0.0,0.0,0.0,1.0,0.0,0.0,0.0,0.0
CCOc1nc(C(Cl)(Cl)Cl)ns1,247.53400000000002,2.7635000000000005,0.0,0.0,0.0,0.0,0.0,0.0,0.0,0.0,0.0,0.0,0.0,0.0
O=C1OC(CN2CCOCC2)CN1N=Cc1ccc([N+](=O)[O-])o1,324.29300000000006,0.6747000000000003,0.0,0.0,0.0,0.0,0.0,0.0,0.0,,0.0,0.0,0.0,0.0
CCN(CC)CCNC(=O)c1cc(Br)c(N)cc1OC,344.2530000000001,2.1115,0.0,0.0,,0.0,0.0,0.0,0.0,0.0,0.0,0.0,0.0,0.0
C=C1c2cccc(O)c2C(=O)C2=C(O)[C@]3(O)C(=O)C(C(N)=O)=C(O)[C@@H](N(C)C)[C@@H]3[C@@H](O)[C@H]12,442.42400000000015,-0.4378999999999982,0.0,0.0,0.0,0.0,0.0,0.0,0.0,0.0,0.0,0.0,0.0,0.0
CC(=O)N[C@@H](CC(=O)N[C@@H](CCC(=O)O)C(=O)O)C(=O)O,304.255,-1.5999999999999979,0.0,0.0,0.0,0.0,0.0,0.0,0.0,,0.0,,0.0,0.0
C[N+]1([O-])[C@H]2CC[C@@H]1C[C@H](OC(=O)C(CO)c1ccccc1)C2,305.374,1.9434999999999996,0.0,0.0,0.0,0.0,0.0,0.0,0.0,,0.0,,0.0,0.0
C[C@H]1CCC[C@@H](C)N1,113.204,1.5369,0.0,0.0,0.0,0.0,0.0,0.0,0.0,0.0,0.0,0.0,0.0,0.0
CCCCCCCCN1CCCC1=O,197.32199999999997,2.9693000000000014,0.0,0.0,0.0,0.0,0.0,0.0,0.0,,0.0,0.0,0.0,0.0
COC(=O)[C@@]1(C)[C@H](C)C[C@H]2[C@@H]3CCC4=CC(=O)C=C[C@]4(C)[C@H]3[C@@H](O)C[C@@]21C,372.5050000000001,3.690400000000003,1.0,0.0,,,,,0.0,1.0,0.0,0.0,0.0,
COc1ccc2cc(CCC(C)=O)ccc2c1,228.29099999999997,3.370000000000002,0.0,0.0,,,1.0,0.0,0.0,1.0,1.0,0.0,0.0,0.0
Cc1cc(-n2nc3ccc(Cl)cc3n2)c(O)c(C(C)(C)C)c1,315.8040000000001,4.3854200000000025,0.0,0.0,0.0,0.0,1.0,0.0,0.0,0.0,0.0,0.0,0.0,0.0
CN[C@@H]1[C@@H](O)[C@@H](O[C@@H]2[C@@H](O)[C@H](OC3OC(CN)=CCC3N)[C@@H](N)C[C@H]2N)OC[C@]1(C)O.CN[C@@H]1[C@@H](O)[C@@H](O[C@@H]2[C@@H](O)[C@H](OC3OC(CN)=CCC3N)[C@@H](N)C[C@H]2N)OC[C@]1(C)O,895.0659999999998,-7.7030000000000305,1.0,0.0,0.0,0.0,0.0,0.0,0.0,,0.0,,0.0,0.0
CC(C)(C)NCC(O)COc1cccc2c1CCC(=O)N2,292.37899999999996,1.6990999999999998,0.0,0.0,0.0,0.0,0.0,0.0,0.0,0.0,0.0,0.0,0.0,0.0
O=C(O)c1cc2ccccc2nc1C(=O)O,217.17999999999998,1.6312,0.0,0.0,0.0,0.0,,0.0,0.0,0.0,0.0,0.0,,0.0
CCCCCCCCCCCCCCCCCC#N,265.4849999999999,6.771480000000007,0.0,0.0,0.0,0.0,0.0,0.0,0.0,0.0,0.0,0.0,0.0,0.0
CN(C)c1ccc(N=Nc2ccccc2)cc1,225.29500000000002,4.168000000000003,1.0,0.0,1.0,,1.0,0.0,0.0,1.0,1.0,0.0,,0.0
Cc1ncc([N+](=O)[O-])n1C,141.13,0.63672,0.0,0.0,0.0,0.0,0.0,0.0,0.0,0.0,0.0,0.0,0.0,0.0
COP(C)(=O)OC,124.07599999999998,1.1020999999999999,0.0,0.0,0.0,0.0,0.0,0.0,0.0,0.0,0.0,0.0,0.0,0.0
C/C=C(C)/C=C/C=C(C)C,136.23799999999997,3.4750000000000023,0.0,0.0,0.0,0.0,0.0,0.0,0.0,1.0,0.0,0.0,0.0,0.0
COC(=O)c1ccc(C(=O)OC)cc1,194.18599999999998,1.2598,0.0,0.0,0.0,0.0,0.0,0.0,0.0,0.0,0.0,0.0,0.0,0.0
CC(=O)N(C)C,87.122,0.09450000000000003,0.0,0.0,0.0,0.0,0.0,0.0,0.0,0.0,0.0,0.0,0.0,0.0
CCNc1nc(Cl)nc(NC(C)(C)C#N)n1,240.698,1.6708799999999997,0.0,0.0,,0.0,0.0,0.0,0.0,0.0,0.0,0.0,0.0,0.0
CC1(C)[C@H](/C=C(\Cl)C(F)(F)F)[C@@H]1C(=O)O[C@H](C#N)c1cccc(Oc2ccccc2)c1,449.8560000000001,6.543980000000005,,0.0,,0.0,0.0,0.0,0.0,0.0,0.0,,1.0,0.0
Nc1nc(N)nc(NC2CC2)n1,166.188,-0.3897000000000006,0.0,0.0,1.0,0.0,0.0,0.0,0.0,0.0,0.0,0.0,0.0,0.0
CC1(C)C(C=C(Cl)Cl)C1C(=O)OC(C#N)c1cccc(Oc2ccccc2)c1,416.30400000000014,6.177980000000004,0.0,0.0,0.0,0.0,0.0,0.0,0.0,0.0,0.0,0.0,0.0,0.0
NC(=O)NC(=O)Cc1ccccc1,178.191,0.42399999999999954,0.0,0.0,0.0,0.0,1.0,0.0,0.0,0.0,0.0,0.0,0.0,0.0
OCCN1CCN(CCCN2c3ccccc3Sc3ccc(Cl)cc32)CC1,403.9790000000002,3.942700000000003,0.0,0.0,,,0.0,0.0,0.0,,0.0,0.0,,0.0
CCC[C@H](N[C@@H](C)C(=O)N1[C@H](C(=O)O)C[C@@H]2CCCC[C@@H]21)C(=O)OCC,368.47400000000016,1.940599999999999,0.0,0.0,0.0,0.0,0.0,0.0,0.0,0.0,0.0,0.0,0.0,0.0
CNC(=O)O/N=C(\C)C(C)S(C)(=O)=O,222.266,0.15139999999999998,0.0,0.0,0.0,0.0,0.0,0.0,0.0,0.0,0.0,0.0,,0.0
CC(=O)CC(C)=O,100.11699999999999,0.5545,0.0,0.0,0.0,0.0,0.0,0.0,0.0,0.0,0.0,0.0,0.0,0.0
CN(C)C(=S)[S-].CN(C)C(=S)[S-].[Zn+2],305.834,0.7571000000000002,0.0,,,1.0,,1.0,,,1.0,1.0,1.0,1.0
O=[N+]([O-])c1cccc(Cl)c1,157.55599999999998,2.2482000000000006,0.0,0.0,0.0,0.0,0.0,0.0,0.0,0.0,0.0,0.0,0.0,0.0
c1ccc(Nc2ccccc2)cc1,169.227,3.430200000000001,0.0,0.0,0.0,,0.0,0.0,0.0,0.0,0.0,0.0,1.0,0.0
CC(C)c1ccc(C=O)cc1,148.20499999999998,2.6225000000000014,0.0,0.0,0.0,0.0,0.0,0.0,0.0,0.0,0.0,0.0,0.0,0.0
CCc1ccc(O)cc1,122.16699999999996,1.9546,0.0,0.0,0.0,0.0,0.0,0.0,0.0,0.0,0.0,0.0,0.0,0.0
CCCCN(CCCC)C(=S)[S-].CCCCN(CCCC)C(=S)[S-].[Zn+2],474.1580000000002,5.438300000000006,0.0,0.0,0.0,0.0,,1.0,1.0,,1.0,1.0,1.0,1.0
CC(C)C(C)(N)C#N,112.176,0.88338,0.0,0.0,0.0,0.0,0.0,0.0,0.0,0.0,0.0,0.0,,0.0
C[C@H]1CCCC(=O)CCCC=Cc2cc(O)cc(O)c2C(=O)O1,318.3690000000001,3.5796000000000032,0.0,0.0,,,1.0,1.0,0.0,,0.0,1.0,1.0,1.0
OCc1cccc(Oc2ccccc2)c1,200.23700000000002,2.9712000000000005,0.0,0.0,0.0,0.0,1.0,1.0,0.0,0.0,0.0,0.0,1.0,0.0
CC(=O)O[C@H]1C[C@H](O[C@H]2[C@@H](O)C[C@H](O[C@H]3[C@@H](O)C[C@H](O[C@H]4CC[C@]5(C)[C@H]6C[C@@H](O)[C@]7(C)[C@@H](C8=CC(=O)OC8)CC[C@]7(O)[C@@H]6CC[C@@H]5C4)O[C@@H]3C)O[C@@H]2C)O[C@H](C)[C@H]1O[C@@H]1O[C@H](CO)[C@@H](O)[C@H](O)[C@H]1O,985.1270000000003,0.6131000000000075,,,0.0,,,,,,,,1.0,1.0
Clc1ccccc1CN1CCc2sccc2C1,263.793,3.959800000000002,0.0,0.0,0.0,0.0,1.0,1.0,0.0,0.0,0.0,0.0,,0.0
CCN(CC)CCOC(=O)C(c1ccccc1)C1CCCCC1,317.47300000000024,4.235500000000004,0.0,0.0,0.0,0.0,0.0,0.0,0.0,0.0,0.0,1.0,,0.0
CN1CCC(=C2c3ccccc3CC(=O)c3sccc32)CC1,309.4340000000001,4.014400000000004,0.0,0.0,0.0,0.0,0.0,0.0,0.0,0.0,0.0,0.0,0.0,0.0
Cc1cn([C@H]2C[C@H](O)[C@@H](CO)O2)c(=O)[nH]c1=O,242.23099999999997,-1.5142799999999992,,0.0,,0.0,0.0,0.0,0.0,,0.0,,0.0,0.0
CCN(CC)CCSC(=O)C(c1ccccc1)c1ccccc1,327.49300000000005,4.420100000000004,0.0,0.0,0.0,0.0,0.0,0.0,1.0,0.0,0.0,,,0.0
C#C[C@]1(O)CC[C@H]2[C@H]3[C@H](CC[C@@]21C)C1=C(CC(=O)CC1)C[C@H]3C,312.45300000000003,3.8826000000000036,1.0,1.0,0.0,0.0,1.0,1.0,0.0,,0.0,0.0,0.0,0.0
Nc1ccn([C@H]2CS[C@@H](CO)O2)c(=O)n1,229.261,-0.5941000000000001,0.0,0.0,0.0,0.0,0.0,0.0,0.0,0.0,0.0,0.0,0.0,0.0
CC(C(=O)O)c1ccc(C(=O)c2ccccc2)s1,260.31399999999996,3.167200000000001,0.0,,,,,0.0,0.0,,0.0,0.0,,0.0
CC(=O)O[C@H]1C[C@H](O[C@H]2[C@@H](O)C[C@H](O[C@H]3[C@@H](O)C[C@H](OC4CC[C@]5(C)[C@H]6CC[C@]7(C)[C@@H](C8=CC(=O)OC8)CC[C@]7(O)[C@@H]6CC[C@@H]5C4)O[C@@H]3C)O[C@@H]2C)O[C@H](C)[C@H]1O[C@@H]1O[C@H](CO)[C@@H](O)[C@H](O)[C@H]1O,969.1280000000004,1.6423000000000048,,,0.0,,,0.0,,,,,1.0,1.0
CC(O)C(=O)[O-].CC(O)C(=O)[O-],178.14,-3.765799999999999,0.0,0.0,0.0,0.0,0.0,0.0,0.0,0.0,0.0,0.0,0.0,0.0
[Ca+2].[Cl-].[Cl-],110.98400000000001,-6.3728,0.0,0.0,0.0,0.0,0.0,0.0,0.0,0.0,0.0,0.0,0.0,0.0
Cn1c(=O)c2c(ncn2C)n(C)c1=O,194.194,-1.0293,0.0,0.0,0.0,0.0,0.0,0.0,0.0,1.0,0.0,0.0,0.0,0.0
C=C1CC[C@H](O)C/C1=C/C=C1\CCC[C@@]2(C)[C@H]1CC[C@@H]2[C@H](C)/C=C/[C@H](C)C(C)C,396.6590000000001,7.641000000000008,0.0,0.0,0.0,0.0,1.0,0.0,,1.0,0.0,1.0,0.0,
CCC(C)OC(C)CC,130.23099999999997,2.6000000000000005,0.0,0.0,0.0,0.0,0.0,0.0,0.0,0.0,0.0,0.0,0.0,0.0
O=C(O)C=Cc1ccc(O)c(O)c1,180.159,1.1956,1.0,,0.0,0.0,0.0,0.0,0.0,0.0,0.0,0.0,0.0,0.0
CCCOCCOCCO,148.202,0.4219,0.0,0.0,0.0,0.0,0.0,0.0,0.0,0.0,0.0,0.0,0.0,0.0
CN(C)C(=O)COC(=O)Cc1ccc(OC(=O)c2ccc(NC(=N)N)cc2)cc1,398.41900000000004,1.3850699999999991,0.0,0.0,0.0,0.0,0.0,0.0,0.0,0.0,0.0,0.0,0.0,0.0
CCOc1nc2cccc(C(=O)OC(C)OC(=O)OC3CCCCC3)c2n1Cc1ccc(-c2ccccc2-c2nnn[nH]2)cc1,610.6710000000002,6.319100000000007,0.0,0.0,0.0,,,,,,0.0,,1.0,
CC(CC(=O)O)CC(C)(C)C,158.24099999999996,2.533400000000001,0.0,0.0,0.0,0.0,0.0,0.0,0.0,0.0,0.0,0.0,,0.0
c1cc(N(CC2CO2)CC2CO2)ccc1OCC1CO1,277.32000000000005,1.0682,0.0,0.0,0.0,,0.0,0.0,,1.0,1.0,1.0,0.0,1.0
CC(=O)c1ccc2ccccc2c1,170.21099999999998,3.0424000000000015,0.0,0.0,0.0,0.0,0.0,0.0,0.0,0.0,0.0,0.0,0.0,0.0
C=C(C)C(=O)OCCOC(=O)CC(C)=O,214.21699999999996,0.6279999999999999,0.0,0.0,0.0,0.0,0.0,0.0,0.0,0.0,0.0,0.0,0.0,0.0
COC(=O)[C@H]1CC[C@H](C(=O)OC)CC1,200.23399999999995,1.1387999999999998,0.0,0.0,0.0,0.0,0.0,0.0,0.0,0.0,0.0,0.0,0.0,0.0
CCOC(=O)C(C)(C)C,130.18699999999998,1.5956000000000001,0.0,0.0,0.0,0.0,0.0,0.0,0.0,0.0,0.0,0.0,0.0,0.0
O=C/C=C/c1ccco1,122.12299999999998,1.4917,0.0,0.0,0.0,0.0,0.0,0.0,0.0,0.0,0.0,0.0,0.0,0.0
CCCCCCCCCCCCCCn1cc[n+](C)c1.O=S(=O)([N-]S(=O)(=O)C(F)(F)F)C(F)(F)F,559.6390000000002,6.073000000000007,0.0,,0.0,1.0,,,,1.0,,,,
CCCCCCCCCCCCCCCCn1cc[n+](C)c1.O=S(=O)([N-]S(=O)(=O)C(F)(F)F)C(F)(F)F,587.6930000000002,6.853200000000007,0.0,,,1.0,,,,1.0,,,,
CCCCCCCCCCCCCCCCCl,260.8929999999999,6.706500000000006,0.0,0.0,0.0,0.0,0.0,0.0,0.0,0.0,0.0,0.0,0.0,0.0
CCCCCCCCCI,254.155,4.172000000000003,0.0,0.0,0.0,0.0,,,0.0,0.0,0.0,0.0,0.0,0.0
CCCCCCCCCCCCI,296.236,5.342300000000005,0.0,0.0,0.0,0.0,0.0,0.0,0.0,0.0,0.0,0.0,0.0,0.0
CN(C)c1ccc(/C=C/c2ccc([N+](=O)[O-])cc2)cc1,268.316,3.8312000000000026,0.0,,0.0,,1.0,0.0,,0.0,0.0,0.0,0.0,0.0
COC(=O)/C=C\C(=O)O,130.099,-0.19980000000000003,0.0,0.0,0.0,0.0,0.0,0.0,0.0,1.0,0.0,0.0,0.0,0.0
CC(C)c1ccc2cc(C(C)C)ccc2c1,212.33599999999998,5.086600000000004,0.0,0.0,0.0,,0.0,0.0,0.0,0.0,0.0,0.0,0.0,0.0
CCOC(=O)c1ccccc1,150.177,1.8633,0.0,0.0,0.0,0.0,,0.0,0.0,0.0,0.0,0.0,0.0,0.0
CC(=O)OCCC(C)C,130.18699999999998,1.5956000000000001,0.0,0.0,0.0,0.0,0.0,0.0,0.0,0.0,0.0,0.0,0.0,0.0
CC(C)CCOC(=O)C=Cc1ccccc1,218.29600000000002,3.289100000000002,0.0,0.0,0.0,0.0,1.0,0.0,0.0,,0.0,0.0,0.0,0.0
O=c1[nH]ncc2ccccc12,146.14899999999997,0.9230999999999998,0.0,0.0,0.0,0.0,0.0,0.0,0.0,0.0,0.0,0.0,0.0,0.0
CCCCCCCCCCCCCCCCCC[N+](C)(C)C,312.60599999999994,6.9541000000000075,0.0,,0.0,,,,,,,,,
CCOCCOCCOC(C)=O,176.212,0.6025999999999998,0.0,0.0,0.0,0.0,0.0,0.0,0.0,0.0,0.0,0.0,0.0,0.0
CCCCOCCOC(C)=O,160.213,1.3662,0.0,0.0,0.0,0.0,0.0,0.0,0.0,0.0,0.0,0.0,0.0,0.0
CCCCCCCCCCCCN(C)C,213.40899999999996,4.468900000000004,0.0,0.0,0.0,0.0,0.0,0.0,0.0,0.0,0.0,0.0,0.0,0.0
CCCCCCOCCO,146.23,1.5756,0.0,0.0,0.0,0.0,0.0,0.0,0.0,0.0,0.0,0.0,0.0,0.0
CC(=O)C=C(C)C,98.145,1.5415999999999999,0.0,0.0,0.0,0.0,0.0,0.0,0.0,0.0,0.0,0.0,0.0,0.0
CN1c2c(O)nc(N)nc2NCC1CNc1ccc(C(=O)NC(CCC(=O)[O-])C(=O)[O-])cc1,457.4470000000003,-2.5147999999999966,0.0,0.0,0.0,0.0,0.0,0.0,0.0,,0.0,,,0.0
CC(C)(CO)C(O)C(=O)NCCC(=O)NCCSSCCNC(=O)CCNC(=O)C(O)C(C)(C)CO,554.7320000000002,-1.628399999999993,0.0,0.0,0.0,0.0,0.0,0.0,0.0,,0.0,,0.0,0.0
CCCCCCCCCCCCCC(=O)OCC(COP(=O)([O-])OCC[N+](C)(C)C)OC(=O)CCCCCCCCCCCCC,677.9449999999996,9.051400000000005,0.0,0.0,,0.0,0.0,0.0,0.0,,0.0,,0.0,0.0
Clc1cccc(C(c2ccc3nc[nH]c3c2)n2ccnc2)c1,308.77200000000005,4.050500000000003,0.0,0.0,1.0,1.0,,0.0,0.0,0.0,0.0,0.0,,0.0
Cc1ccc2nc(N)[nH]c(=O)c2c1Sc1ccncc1,284.34400000000005,2.35992,0.0,0.0,1.0,,,0.0,,1.0,0.0,0.0,0.0,1.0
CC1(C)[C@H](C=C(Cl)Cl)[C@H]1C(=O)OCc1c(F)c(F)cc(F)c1F,371.15700000000004,4.877400000000002,0.0,0.0,0.0,0.0,0.0,0.0,0.0,,0.0,,1.0,0.0
N=C(NN=Cc1ccc(Cl)cc1)NN=Cc1ccc(Cl)cc1,334.21000000000004,3.4753700000000016,0.0,0.0,1.0,0.0,0.0,0.0,0.0,,0.0,,0.0,
CCCCC(O)c1ccccc1,164.248,2.9102000000000015,0.0,0.0,0.0,0.0,1.0,0.0,0.0,,0.0,,0.0,0.0
CCN(CC)CCOC[C@H]1O[C@@H](O)[C@H](OCCN(CC)CC)[C@@H](O)[C@@H]1O,378.5100000000001,-0.48919999999999597,0.0,0.0,0.0,0.0,0.0,0.0,0.0,,0.0,,0.0,0.0
CC#Cc1cc(C)nc(Nc2ccccc2)n1,223.27900000000002,2.9000200000000005,0.0,0.0,1.0,,,0.0,0.0,1.0,0.0,0.0,,0.0
Cl[Hg]c1ccccc1,313.149,1.5482,0.0,,,,,1.0,1.0,1.0,,1.0,,1.0
C[N+](C)(C)CC(O)CC(=O)[O-],161.20099999999996,-1.8064999999999984,0.0,0.0,0.0,0.0,0.0,0.0,0.0,0.0,0.0,0.0,0.0,0.0
C[C@H]1CC[C@]2(NC1)O[C@H]1C[C@H]3[C@@H]4CC[C@H]5C[C@@H](O[C@@H]6O[C@H](CO)[C@H](O[C@@H]7O[C@H](CO)[C@@H](O)[C@H](O[C@@H]8OC[C@@H](O)[C@H](O)[C@H]8O)[C@H]7O[C@@H]7O[C@H](CO)[C@@H](O)[C@H](O)[C@H]7O)[C@H](O)[C@H]6O)CC[C@]5(C)[C@H]4CC[C@]3(C)[C@H]1[C@@H]2C,1034.2000000000003,-2.6972999999999807,0.0,,,,,1.0,,,,,,
O=NN1CCCC1,100.12100000000001,0.7636000000000001,0.0,0.0,0.0,0.0,0.0,0.0,0.0,0.0,0.0,0.0,0.0,0.0
C[C@H]1[C@H]2Cc3ccc(O)cc3[C@]1(C)CCN2CCc1ccccc1,321.46399999999994,4.159100000000004,0.0,0.0,,0.0,0.0,0.0,,,0.0,,0.0,1.0
CCC(=O)N(c1ccccc1)C1(COC)CCN(CCn2nnn(CC)c2=O)CC1,416.52600000000024,1.3838999999999997,0.0,0.0,0.0,,0.0,0.0,0.0,0.0,0.0,0.0,0.0,0.0
CC(C)=CCN1CC[C@@]2(C)c3cc(O)ccc3C[C@@H]1[C@@H]2C.O=C(O)CCC(=O)O,403.51900000000023,3.8184000000000022,0.0,0.0,0.0,0.0,0.0,0.0,0.0,0.0,0.0,0.0,0.0,0.0
O=Cc1ccccc1O,122.12299999999996,1.2047,0.0,0.0,0.0,0.0,,0.0,0.0,0.0,0.0,0.0,0.0,0.0
CCC(=O)N(c1ccccc1)[C@@H]1CCN(CCc2ccccc2)C[C@@H]1C,350.50600000000003,4.382700000000004,0.0,0.0,0.0,,,0.0,,,0.0,0.0,0.0,0.0
CCC(=O)N(c1ccccc1)[C@H]1CCN(CCc2ccccc2)C[C@@H]1C,350.50600000000003,4.382700000000004,0.0,0.0,0.0,0.0,,0.0,,,0.0,,0.0,0.0
CCC(=O)N(c1ccccc1)C1(COC)CCN(CCc2cccs2)CC1.O=C(O)CC(O)(CC(=O)O)C(=O)O,578.6840000000004,2.9663000000000004,0.0,0.0,,0.0,,0.0,,1.0,0.0,0.0,,0.0
CCC(=O)N(c1ccc(F)cc1)C1CCN(CCc2ccccc2)CC1,354.46900000000005,4.275800000000004,0.0,0.0,0.0,0.0,0.0,0.0,,0.0,0.0,0.0,0.0,0.0
CC(=O)N[C@H]1C(O)O[C@H](CO)[C@@H](O)[C@@H]1O,221.209,-3.077599999999999,0.0,0.0,0.0,0.0,0.0,0.0,0.0,,0.0,,0.0,0.0
CCC(=O)N(c1ccccc1)C1CCN(C(C)Cc2ccccc2)CC1,350.5060000000001,4.525200000000004,0.0,0.0,0.0,0.0,0.0,0.0,0.0,0.0,0.0,0.0,,0.0
CCC(=O)N(c1ccccc1)C1CCN(Cc2ccccc2)CC1,322.45200000000006,4.094200000000003,0.0,0.0,0.0,0.0,0.0,0.0,,0.0,0.0,0.0,0.0,0.0
CC(C)Br,122.993,1.7897,0.0,0.0,0.0,0.0,0.0,0.0,0.0,0.0,0.0,0.0,0.0,0.0
C=C1C(CCl)(CCl)C2(Cl)C(Cl)C(Cl)C1(Cl)C2(Cl)Cl,411.7980000000001,5.377700000000002,0.0,,0.0,,1.0,1.0,,1.0,0.0,1.0,1.0,
C=CCSCC1Nc2cc(Cl)c(S(N)(=O)=O)cc2S(=O)(=O)N1,383.9040000000001,0.9365000000000001,0.0,0.0,0.0,0.0,1.0,0.0,0.0,0.0,0.0,0.0,0.0,0.0
Cc1ccc(NC(N)=O)cc1,150.18100000000004,1.48562,0.0,0.0,0.0,0.0,0.0,0.0,0.0,0.0,0.0,0.0,0.0,0.0
CN(C)CCOc1ccc(/C(=C(/CCCl)c2ccccc2)c2ccccc2)cc1.O=C(O)CC(O)(CC(=O)O)C(=O)O,598.0920000000003,4.9665000000000035,0.0,,0.0,1.0,,0.0,0.0,,0.0,,,0.0
Cc1ccccc1,92.14099999999999,1.99502,0.0,0.0,0.0,0.0,,0.0,0.0,0.0,0.0,0.0,0.0,0.0
Cc1ccc(N=C=O)cc1N=C=O,174.159,1.9296200000000001,0.0,0.0,1.0,0.0,1.0,1.0,0.0,1.0,0.0,0.0,1.0,0.0
Cc1ccccc1S(N)(=O)=O,171.22099999999998,0.6424200000000001,0.0,0.0,0.0,0.0,0.0,0.0,0.0,0.0,0.0,0.0,,0.0
C[SiH](O[Si](C)(C)C)O[Si](C)(C)C,222.509,2.5397000000000007,0.0,0.0,0.0,0.0,0.0,0.0,0.0,0.0,0.0,0.0,0.0,0.0
CCOc1ccccc1OCC,166.21999999999994,2.484000000000001,0.0,0.0,0.0,0.0,0.0,0.0,0.0,0.0,0.0,0.0,0.0,0.0
C1N2CN3CN1CN(C2)C3,140.19,-1.0197999999999992,0.0,0.0,0.0,0.0,0.0,0.0,0.0,0.0,0.0,0.0,0.0,0.0
Cc1cc(Cl)ccc1N=CN(C)C,196.68099999999998,2.8698200000000016,0.0,0.0,0.0,0.0,0.0,0.0,0.0,0.0,0.0,0.0,,0.0
[SbH6+3],127.808,-1.9870000000000003,0.0,0.0,0.0,0.0,0.0,0.0,0.0,0.0,0.0,0.0,,0.0
O=[N+]([O-])OCC(CO[N+](=O)[O-])(CO[N+](=O)[O-])CO[N+](=O)[O-],316.135,-1.1939999999999997,0.0,0.0,0.0,0.0,0.0,0.0,0.0,0.0,0.0,0.0,0.0,0.0
CCCCCCCCCCCc1ccccc1,232.411,5.759900000000005,0.0,0.0,0.0,0.0,0.0,0.0,0.0,0.0,0.0,0.0,0.0,0.0
Cn1c(N)c(N=O)c(=O)n(C)c1=O,184.15499999999997,-0.9359000000000006,0.0,0.0,1.0,,0.0,0.0,0.0,,0.0,0.0,0.0,0.0
C[N+]1([O-])CCOCC1,117.14800000000001,-0.039000000000000146,0.0,0.0,0.0,0.0,0.0,0.0,0.0,0.0,0.0,0.0,0.0,0.0
CCOP(=S)(OCC)Oc1ccc([N+](=O)[O-])cc1,291.265,3.2711000000000023,0.0,0.0,1.0,0.0,0.0,0.0,0.0,0.0,0.0,0.0,1.0,0.0
CC(Cc1cccc(C(F)(F)F)c1)NCCOC(=O)c1ccccc1,351.368,4.083000000000003,0.0,0.0,,,0.0,0.0,0.0,0.0,0.0,,,0.0
CC1(C)S[C@@H]2[C@H](NC(=O)COc3ccccc3)C(=O)N2[C@H]1C(=O)[O-],349.3880000000001,-0.6375999999999995,0.0,0.0,0.0,0.0,0.0,0.0,0.0,0.0,0.0,0.0,0.0,0.0
COc1c(Cl)c(Cl)c(Cl)c(Cl)c1Cl,280.365,4.9622,0.0,0.0,0.0,0.0,0.0,0.0,0.0,0.0,0.0,0.0,,0.0
ClC(Cl)C(Cl)(Cl)Cl,202.29500000000002,3.1603000000000003,0.0,0.0,0.0,0.0,0.0,0.0,0.0,0.0,0.0,0.0,0.0,0.0
O=[N+]([O-])c1c(Cl)c(Cl)c(Cl)c(Cl)c1Cl,295.336,4.8618,0.0,0.0,0.0,0.0,0.0,0.0,0.0,1.0,0.0,0.0,,0.0
Nc1ccc(C(=O)O)cc1,137.138,0.9670000000000001,0.0,0.0,0.0,0.0,0.0,0.0,0.0,0.0,0.0,0.0,0.0,0.0
Nc1nc2ccccc2s1,150.20599999999996,1.8784999999999998,0.0,0.0,1.0,,0.0,0.0,0.0,0.0,0.0,0.0,0.0,0.0
COc1ccc(OC)c(C[C@H](C)N)c1,195.26199999999997,1.5935,0.0,0.0,0.0,0.0,0.0,0.0,0.0,,0.0,,0.0,0.0
CCCCCCc1ccc(O)cc1O,194.274,3.2206000000000023,0.0,0.0,0.0,0.0,1.0,0.0,0.0,1.0,0.0,0.0,1.0,0.0
CC(=O)N(O)CCCCCNC(=O)CCC(=O)N(O)CCCCCNC(=O)CCC(=O)N(O)CCCCCN,560.6930000000002,0.9221000000000046,0.0,0.0,0.0,0.0,0.0,0.0,0.0,,0.0,0.0,0.0,0.0
O=C([O-])c1cc(Oc2ccc(C(F)(F)F)cc2Cl)ccc1[N+](=O)[O-],360.65100000000007,3.4228000000000014,0.0,0.0,0.0,0.0,1.0,0.0,0.0,0.0,0.0,0.0,0.0,0.0
CCCOC(=O)c1c(Cl)c(Cl)c(Cl)c(Cl)c1C(=O)OCCC,388.0740000000002,5.433800000000002,0.0,0.0,,0.0,0.0,0.0,0.0,,0.0,0.0,,0.0
COc1ccc(/N=N/c2cc(C)c(/N=N/c3ccc(S(=O)(=O)[O-])cc3)cc2OC)cc1,439.4730000000002,5.747120000000005,0.0,0.0,1.0,,0.0,0.0,0.0,,0.0,0.0,,0.0
CC1(C)Cc2cccc(N)c2O1,163.21999999999994,1.9823,0.0,0.0,0.0,0.0,0.0,0.0,0.0,0.0,0.0,0.0,0.0,0.0
NC(=O)CC[C@H](Nc1ccc([N+](=O)[O-])cc1)C(=O)O,267.241,0.7253999999999994,0.0,0.0,0.0,0.0,0.0,0.0,0.0,0.0,0.0,0.0,0.0,0.0
CCCCC(C)C(=O)O,130.18699999999998,1.8973,0.0,0.0,0.0,0.0,0.0,0.0,0.0,0.0,0.0,0.0,0.0,0.0
O=C1CCCN1C1CCCCC1,167.25199999999998,1.9415000000000002,0.0,0.0,0.0,0.0,0.0,0.0,0.0,0.0,0.0,0.0,,0.0
Cc1ccc(Cl)c(N)c1Cl,176.04600000000002,2.8840200000000005,0.0,0.0,0.0,0.0,0.0,0.0,0.0,,0.0,,0.0,0.0
Nc1ccc2cc(S(=O)(=O)[O-])cc(O)c2c1/N=N/c1ccccc1C(F)(F)F,410.35300000000007,4.4659,0.0,0.0,,0.0,0.0,0.0,0.0,0.0,0.0,0.0,0.0,0.0
COCc1ccc(COC)cc1,166.22,1.9794,0.0,0.0,0.0,0.0,0.0,0.0,0.0,0.0,0.0,0.0,0.0,0.0
Nc1cc(C(=O)O)c(O)c(S(=O)(=O)O)c1,233.201,-0.08070000000000005,0.0,0.0,0.0,0.0,0.0,0.0,0.0,0.0,0.0,0.0,0.0,0.0
C=CCCC(=O)/C=C/C1C(C)=CCCC1(C)C,232.36699999999993,4.460400000000004,0.0,0.0,,0.0,0.0,0.0,0.0,0.0,0.0,0.0,1.0,0.0
O=CN1CCCCC1,113.16000000000001,0.6286999999999999,0.0,0.0,0.0,0.0,0.0,0.0,0.0,0.0,0.0,0.0,0.0,0.0
C[C@@H]1CC2(OC3C[C@@]4(C)C5=CC[C@H]6C(C)(C)C(O[C@@H]7OC[C@@H](O)[C@H](O)[C@H]7O)CC[C@@]67C[C@@]57CC[C@]4(C)C31)OC(O)C1(C)OC21,616.7920000000005,3.4071000000000016,0.0,0.0,0.0,0.0,0.0,0.0,0.0,0.0,0.0,0.0,1.0,0.0
O=C(/C=C/c1ccc(O)c(O)c1)O[C@@H](C(=O)O)[C@@H](OC(=O)/C=C/c1ccc(O)c(O)c1)C(=O)O,474.3740000000002,1.2283999999999997,0.0,0.0,0.0,0.0,0.0,0.0,0.0,,0.0,0.0,0.0,0.0
CC(C)(C)c1csc(-c2cc3cc(OCc4ccccc4CC(=O)O)ccc3o2)n1,421.51800000000014,6.059900000000006,0.0,,0.0,,,0.0,1.0,1.0,,,1.0,
Cc1ccc2oc(CN(Cc3ccccc3)C(=O)Nc3c(F)cc(F)cc3F)c(-c3ccc(Cl)cc3)c2c1,534.9650000000001,8.71322,0.0,0.0,0.0,,0.0,0.0,0.0,0.0,0.0,,1.0,
O=C1c2ccccc2C(=O)N1CCc1noc(-c2ccc(CN3CCCCCC3)s2)n1,436.53700000000026,4.012800000000003,0.0,0.0,1.0,0.0,,0.0,0.0,1.0,0.0,0.0,,0.0
COc1cc(C=O)cc2c1[C@H](COC(N)=O)[C@]1(OC(C)=O)ON2C[C@H]2[C@@H]1N2C(C)=O,419.39000000000016,0.3105000000000002,0.0,,0.0,,,0.0,,,0.0,0.0,0.0,1.0
Cc1[nH]cnc1C[C@H]1CCc2c(C)c3ccccc3n2C1=O,293.37,3.426540000000002,0.0,0.0,0.0,0.0,0.0,0.0,0.0,,0.0,,,0.0
Cc1oc2c(NC(=O)c3c(Cl)cccc3Cl)cccc2c1C(C)(C)O,378.2550000000001,5.527720000000004,0.0,0.0,1.0,1.0,,0.0,,,0.0,0.0,1.0,0.0
COc1ccc(-n2nc(C(F)F)cc2-c2ccc(S(C)=O)cc2)cc1,362.40100000000007,4.222900000000003,0.0,0.0,0.0,0.0,0.0,0.0,0.0,0.0,0.0,0.0,0.0,0.0
OCCc1ccccc1,122.16699999999996,1.2214,0.0,1.0,0.0,0.0,0.0,0.0,0.0,0.0,0.0,0.0,0.0,0.0
NC=O,45.041,-0.8985000000000001,0.0,0.0,0.0,0.0,0.0,0.0,0.0,0.0,0.0,0.0,0.0,0.0
COC(=O)c1ccccc1C(=O)OC,194.18599999999995,1.2597999999999998,0.0,0.0,0.0,0.0,0.0,0.0,0.0,0.0,0.0,0.0,0.0,0.0
NC(Cc1ccc(F)cc1)C(=O)O,183.182,0.7801,0.0,0.0,0.0,0.0,0.0,0.0,0.0,0.0,0.0,0.0,0.0,0.0
O=[N+]([O-])c1ccc(F)c([N+](=O)[O-])c1,186.09799999999998,1.6421000000000001,0.0,,1.0,0.0,,0.0,,,,0.0,1.0,0.0
O=C(Cl)c1ccccc1F,158.55899999999997,2.2047,0.0,0.0,0.0,0.0,0.0,0.0,0.0,0.0,0.0,0.0,0.0,0.0
CCCCCCC1CCC(=O)O1,170.25199999999998,2.6624000000000008,0.0,0.0,0.0,0.0,0.0,0.0,0.0,0.0,0.0,0.0,0.0,0.0
O=CNc1ccccc1,121.13899999999995,1.2549,0.0,0.0,0.0,0.0,0.0,0.0,0.0,0.0,0.0,0.0,0.0,0.0
C[C@]12C=CC(=O)C=C1CC[C@@H]1[C@@H]2CC[C@@]2(C)[C@H]1CC[C@]2(C)O,300.442,4.045300000000004,1.0,1.0,0.0,,1.0,1.0,0.0,1.0,0.0,0.0,0.0,
CC[N+](C)(CC)CCOC(=O)C1c2ccccc2Oc2ccccc21,340.4430000000001,3.953800000000003,0.0,0.0,0.0,0.0,0.0,0.0,0.0,0.0,0.0,0.0,0.0,
CC(=O)OC(C)C[N+](C)(C)C,160.237,0.6441999999999999,0.0,0.0,0.0,0.0,0.0,0.0,0.0,0.0,0.0,0.0,0.0,0.0
Cc1ccccc1-n1c(C)nc2ccccc2c1=O,250.30100000000002,3.0025400000000015,0.0,0.0,0.0,0.0,1.0,0.0,0.0,,0.0,,0.0,0.0
CC(C)=CC1C(C(=O)OCc2cccc(Oc3ccccc3)c2)C1(C)C,350.4580000000001,5.760500000000005,0.0,0.0,0.0,0.0,0.0,0.0,0.0,0.0,0.0,0.0,0.0,0.0
COC(=O)/C=C(\C)OP(=O)(OC)OC,224.14899999999997,1.4807,0.0,0.0,0.0,1.0,,,0.0,,0.0,,0.0,0.0
CCCC(=O)c1ccccc1,148.20499999999998,2.6694000000000013,0.0,0.0,0.0,0.0,0.0,0.0,0.0,0.0,0.0,0.0,,0.0
O=P1(N(CCCl)CCCl)NCCCO1,261.089,1.884,0.0,0.0,0.0,0.0,1.0,0.0,0.0,0.0,0.0,0.0,0.0,0.0
C[C@H]1C[C@H](C)C(=O)[C@H]([C@H](O)CC2CC(=O)NC(=O)C2)C1,281.35200000000003,1.0415,0.0,0.0,0.0,1.0,,0.0,,,,0.0,,1.0
CCS(=O)(=O)CCSP(=O)(OC)OC,262.289,1.5552000000000001,0.0,0.0,0.0,0.0,0.0,0.0,0.0,1.0,0.0,0.0,0.0,0.0
C1CCC2OC2C1,98.145,1.3277999999999999,0.0,0.0,0.0,0.0,,0.0,0.0,,0.0,0.0,0.0,0.0
O=C1C=CCCC1,96.12900000000002,1.2955999999999999,0.0,0.0,0.0,0.0,0.0,0.0,0.0,0.0,0.0,0.0,0.0,0.0
C1CCCC1,70.135,1.9505000000000001,,0.0,0.0,,,0.0,0.0,0.0,0.0,0.0,0.0,0.0
c1cc2c3c(c1)ccc1cccc(c13)C2,190.24499999999995,3.8972000000000016,0.0,0.0,0.0,0.0,0.0,0.0,0.0,0.0,0.0,0.0,,0.0
Cc1ccc(S(=O)(=O)NC2CCCCC2)cc1,253.36699999999996,2.606020000000001,0.0,0.0,0.0,,,0.0,0.0,0.0,0.0,0.0,1.0,0.0
N#Cc1ccccc1C#N,128.13399999999996,1.4299600000000001,0.0,0.0,0.0,,0.0,0.0,0.0,0.0,0.0,0.0,0.0,0.0
CC1=CC[C@H](C(C)C)C=C1,136.238,3.1648000000000023,0.0,0.0,0.0,0.0,0.0,0.0,0.0,,0.0,0.0,0.0,0.0
O=C(Cl)OCCOCCOC(=O)Cl,231.03099999999998,1.7538,0.0,0.0,0.0,0.0,0.0,0.0,0.0,0.0,0.0,0.0,0.0,0.0
CC(=O)CCc1ccc(OC(C)=O)cc1,206.24099999999999,2.1334999999999997,0.0,0.0,0.0,0.0,0.0,0.0,0.0,0.0,0.0,0.0,0.0,0.0
O=c1c(O)c(O)c1=O,114.05599999999998,-1.3062000000000002,0.0,0.0,0.0,0.0,0.0,0.0,0.0,0.0,0.0,0.0,0.0,0.0
O=C(O)c1ccccn1,123.11099999999998,0.7797999999999999,0.0,0.0,0.0,0.0,0.0,0.0,0.0,0.0,0.0,0.0,0.0,0.0
CC1=Nc2ccccc2C1(C)C,159.23199999999994,3.0702000000000016,0.0,0.0,0.0,,0.0,0.0,0.0,0.0,0.0,0.0,0.0,0.0
COC(=O)C1=C(C)NC(C)=C(C(=O)OC(C)(C)CN(C)CCC(c2ccccc2)c2ccccc2)C1c1cccc([N+](=O)[O-])c1,611.7390000000003,6.478400000000008,0.0,0.0,0.0,1.0,,0.0,0.0,0.0,0.0,0.0,1.0,0.0
Nc1cccc2c1CN(C1CCC(=O)NC1=O)C2=O,259.265,0.029799999999999882,0.0,0.0,0.0,0.0,0.0,0.0,0.0,0.0,0.0,0.0,0.0,0.0
CCCCN(CCCC)CC(O)c1cc(Cl)cc2c1-c1ccc(Cl)cc1/C2=C/c1ccc(Cl)cc1,528.9510000000001,9.151699999999998,0.0,0.0,1.0,0.0,1.0,0.0,0.0,,0.0,0.0,,0.0
COc1cccc(CCc2ccccc2OCC(CN(C)C)OC(=O)CCC(=O)O)c1,429.51300000000026,3.197400000000002,0.0,0.0,0.0,0.0,0.0,0.0,,0.0,0.0,0.0,,0.0
COc1nc(N)nc2nc[nH]c12,165.15600000000003,-0.05630000000000013,0.0,0.0,1.0,0.0,0.0,0.0,0.0,0.0,0.0,0.0,0.0,0.0
Nc1nc(=O)c2c(CCc3ccc(C(=O)N[C@@H](CCC(=O)[O-])C(=O)[O-])cc3)c[nH]c2[nH]1,425.4010000000001,-2.0029999999999974,0.0,0.0,0.0,0.0,0.0,0.0,0.0,,0.0,,0.0,0.0
Cc1nc(Nc2ncc(C(=O)Nc3c(C)cccc3Cl)s2)cc(N2CCN(CCO)CC2)n1,488.01700000000034,3.3135400000000015,0.0,,,,,0.0,,,,0.0,,0.0
CCN(CC)c1nc(C)cc(OP(=S)(OC)OC)n1,305.34000000000003,2.5273200000000005,0.0,0.0,1.0,1.0,0.0,0.0,0.0,,0.0,0.0,,0.0
O=P(O)(O)O,97.99399999999999,-0.9286000000000001,0.0,0.0,0.0,0.0,0.0,0.0,0.0,0.0,0.0,0.0,0.0,0.0
COP(=S)(OC)SCN1C(=O)c2ccccc2C1=O,317.32800000000003,2.4906000000000006,0.0,0.0,0.0,0.0,0.0,0.0,0.0,0.0,0.0,0.0,0.0,0.0
C=C(C)C(N)=O,85.106,0.047799999999999954,0.0,0.0,0.0,0.0,0.0,0.0,0.0,0.0,0.0,0.0,0.0,0.0
CC1CCc2c(N3CCC(O)CC3)c(F)cc3c(=O)c(C(=O)O)cn1c23,360.3850000000001,2.3071,0.0,0.0,0.0,0.0,0.0,0.0,0.0,0.0,0.0,0.0,,0.0
Cc1nc2ccc(CN(C)c3ccc(C(=O)N[C@@H](CCC(=O)O)C(=O)O)s3)cc2c(=O)[nH]1,458.4960000000002,1.9772200000000002,0.0,0.0,0.0,0.0,0.0,0.0,,0.0,0.0,0.0,0.0,1.0
COc1ccc(-c2ccc3cc(C(=O)O)ccc3c2)cc1C12CC3CC(CC(C3)C1)C2,412.5290000000003,6.681400000000005,0.0,0.0,0.0,1.0,0.0,0.0,0.0,1.0,0.0,1.0,0.0,1.0
Cc1oc(=O)oc1CN1CCN(c2cc3c(cc2F)c(=O)c(C(=O)O)c2n3C(C)S2)CC1,461.47100000000023,2.639820000000001,1.0,1.0,0.0,,1.0,1.0,0.0,0.0,0.0,0.0,,0.0
CC(C)(C)C(=O)OCOP(=O)(COCCn1cnc2c(N)ncnc21)OCOC(=O)C(C)(C)C,501.47700000000026,2.7025000000000006,,,,,,,,1.0,,0.0,,
CN(C)CC/C=C1/c2ccccc2COc2ccc(CC(=O)O)cc21,337.4190000000001,3.589500000000002,0.0,0.0,0.0,0.0,0.0,0.0,0.0,0.0,0.0,0.0,,0.0
C[C@@H](c1ncncc1F)[C@](O)(Cn1cncn1)c1ccc(F)cc1F,349.31600000000003,2.1769,0.0,0.0,,0.0,0.0,0.0,0.0,0.0,0.0,0.0,0.0,0.0
C[N+]1(CCC(C(N)=O)(c2ccccc2)c2ccccc2)CCCCC1,337.48700000000025,3.478600000000002,0.0,0.0,0.0,0.0,0.0,0.0,0.0,0.0,0.0,0.0,0.0,0.0
CC(=O)NC[C@H]1CN(c2ccc(N3CCOCC3)c(F)c2)C(=O)O1,337.35100000000006,1.1235999999999997,0.0,0.0,0.0,0.0,1.0,0.0,0.0,,0.0,,0.0,0.0
COCc1c(C(C)C)nc(C(C)C)c(/C=C/[C@@H](O)C[C@@H](O)CC(=O)[O-])c1-c1ccc(F)cc1,458.55000000000024,3.546000000000002,1.0,,0.0,1.0,1.0,,,,0.0,0.0,,0.0
CC[C@H]1OC(=O)[C@H](C)[C@@H](O[C@H]2C[C@@](C)(OC)[C@@H](O)[C@H](C)O2)[C@H](C)[C@@H](O[C@@H]2O[C@H](C)C[C@H](N(C)C)[C@H]2O)[C@](C)(O)C[C@@H](C)CN(C)[C@H](C)[C@@H](O)[C@]1(C)O,748.9960000000001,1.9007000000000054,0.0,0.0,0.0,0.0,0.0,0.0,0.0,,0.0,0.0,0.0,0.0
OCCOCCN1CCN(C(c2ccccc2)c2ccc(Cl)cc2)CC1,374.91200000000015,3.055900000000001,0.0,0.0,0.0,0.0,0.0,0.0,0.0,0.0,0.0,0.0,,0.0
CCCCCCCCOC(=O)c1ccc(C(=O)OCCCCCCCC)c(C(=O)OCCCCCCCC)c1,546.7890000000006,9.238500000000002,0.0,0.0,0.0,0.0,0.0,0.0,0.0,0.0,0.0,0.0,0.0,0.0
CCCCCCOC(=O)CC(CC(=O)OCCCCCC)(OC(=O)CCC)C(=O)OCCCCCC,514.7000000000005,6.219200000000007,0.0,0.0,0.0,0.0,0.0,0.0,0.0,0.0,0.0,0.0,0.0,0.0
CN(C[C@@H](CC[N+]12CCC(C3CCCCC3)(CC1)CC2)c1ccc(Cl)c(Cl)c1)C(=O)c1cc(C(F)(F)F)cc(C(F)(F)F)c1,664.5820000000004,9.857899999999997,0.0,,0.0,,,,0.0,,0.0,,0.0,
CCCOc1ccc(S(=O)(=O)N2CCN(CC)CC2)cc1-c1nc2c(CC)n(Cc3ccccn3)nc2c(=O)[nH]1,565.7000000000003,2.9073,0.0,0.0,0.0,0.0,0.0,0.0,,0.0,0.0,0.0,,0.0
COCCOC[C@H](CC1(C(=O)N[C@H]2CC[C@@H](C(=O)O)CC2)CCCC1)C(=O)Oc1ccc2c(c1)CCC2,515.6470000000004,4.070000000000002,0.0,0.0,0.0,0.0,0.0,0.0,0.0,,0.0,0.0,0.0,0.0
COCc1nnc(-c2ccc[n+]([O-])c2)n1-c1c(Cl)c(Cl)cc2[nH]c(=O)c(=O)[nH]c12,435.2270000000002,1.5506999999999993,0.0,0.0,0.0,0.0,,0.0,0.0,0.0,0.0,0.0,0.0,0.0
O=C(N[C@H]1CN2CCC1CC2)c1cc2ccoc2cn1,271.32,1.6517999999999995,0.0,0.0,0.0,0.0,0.0,0.0,0.0,0.0,0.0,0.0,,0.0
C=CC(=O)OCCCC,128.171,1.5156999999999998,1.0,1.0,0.0,0.0,0.0,0.0,0.0,0.0,0.0,0.0,0.0,0.0
C[C@@H](Oc1ccc(CNC(=O)c2cccnc2Oc2ccc3c(c2)OCO3)c(F)c1)C(=O)O,454.4100000000002,3.523600000000002,0.0,0.0,0.0,0.0,0.0,0.0,0.0,0.0,0.0,0.0,0.0,0.0
O=C(O)CC(C(=O)O)C(CC(=O)O)C(=O)O,234.15999999999997,-0.6626000000000003,0.0,0.0,0.0,0.0,0.0,0.0,0.0,0.0,0.0,0.0,0.0,0.0
CNCc1cc(F)ccc1Oc1ccc(Cl)c(Cl)c1,300.15999999999997,4.644200000000002,0.0,0.0,0.0,,,0.0,0.0,,0.0,0.0,,
CC(C)(O)c1ccc(CNC(=O)c2cccnc2Oc2ccc3nonc3c2)cc1,404.42600000000016,3.5675000000000017,0.0,0.0,,0.0,,0.0,0.0,0.0,0.0,0.0,0.0,0.0
CC(C)=CCC/C(C)=C/CC/C(C)=C/C(=O)OCC(=O)[C@@]1(O)CC[C@H]2[C@@H]3CCC4=CC(=O)C=C[C@]4(C)[C@H]3[C@@H](O)C[C@@]21C,578.7900000000003,6.527700000000008,,,,,,,,,,0.0,,
CC(C)C[C@@H]1[C@H](c2ccccc2)OC(=O)N1CCCN1CCCCCC1,358.52600000000024,4.860700000000005,,,,,,,,0.0,,0.0,,
CN(C)[C@@H](CCOc1cccc2ccccc12)c1ccccc1,305.42100000000005,4.911600000000004,,,,,,,,,,0.0,,
CCCCN(CCN(CCCC)C(=O)N1CCOCC1)C(=O)N1CCOCC1,398.5480000000003,2.095000000000001,,,,,,,,0.0,,,,
CC1Sc2c(C(=O)O)c(=O)c3cc(F)c(N4CCNCC4)cc3n21,349.3870000000001,1.8725999999999998,,,,,,,,0.0,,0.0,,
CCC(CN)=C(c1ccccc1)c1ccccc1,237.346,3.8572000000000024,,,,,,,,,,0.0,,
Cc1ccc(-c2ccccc2C#N)cc1,193.249,3.5337000000000023,,,,,,,,0.0,,0.0,,
COCCc1ccccn1,137.18199999999996,1.2705,,,,,,,,0.0,,0.0,,
CC(=O)N[C@@H](CO)C(=O)N[C@@H](CC(=O)O)C(=O)N[C@@H](CCCCN)C(=O)N1CCC[C@H]1C(=O)O,487.5100000000004,-2.867699999999993,,,,,,,,,,0.0,,
CS(=O)(=O)c1ccc(-c2cn3ccccc3n2)cc1,272.329,2.4048000000000007,,,,,,,,0.0,,,,
C=C(NC(=O)C(=C)NC(=O)c1csc(C2=NC3c4csc(n4)C4NC(=O)c5csc(n5)C(C(C)(O)C(C)O)NC(=O)C5CSC(=N5)/C(=C\C)NC(=O)C(C(C)O)NC(=O)c5csc(n5)C3(CC2)NC(=O)C(C)NC(=O)C(=C)NC(=O)C(C)NC(=O)C(C(C)CC)NC2C=Cc3c(C(C)O)cc(nc3C2O)C(=O)OC4C)n1)C(N)=O,1664.9219999999996,0.7739000000000107,0.0,0.0,0.0,,0.0,,1.0,,1.0,,,1.0
Cc1ccc(C=O)cc1C,134.178,2.11594,0.0,0.0,0.0,0.0,0.0,0.0,0.0,0.0,0.0,0.0,0.0,0.0
CC(C)NC(=O)c1ccccc1N,178.23499999999999,1.4069999999999998,0.0,0.0,0.0,0.0,0.0,0.0,0.0,0.0,0.0,0.0,0.0,0.0
O=C(O)CONC(=O)c1ccccc1,195.17400000000004,0.4325999999999995,0.0,0.0,0.0,0.0,0.0,0.0,0.0,0.0,0.0,0.0,0.0,0.0
CCOC(=O)CCN(SN(C)C(=O)Oc1cccc2c1OC(C)(C)C2)C(C)C,410.53600000000023,4.057500000000004,0.0,,0.0,,0.0,0.0,0.0,0.0,0.0,,,0.0
O=C(Nc1ccccc1)c1ccccc1I,323.133,3.5435000000000016,0.0,0.0,1.0,,0.0,0.0,0.0,1.0,0.0,0.0,,0.0
CCOC(=O)Cn1c(=O)sc2cccc(Cl)c21,271.7250000000001,2.2795000000000005,0.0,0.0,1.0,,0.0,0.0,0.0,0.0,0.0,0.0,0.0,0.0
CC(C)OC(=O)C(C)N(C(=O)c1ccccc1)c1ccc(F)c(Cl)c1,363.81600000000003,4.466000000000005,0.0,0.0,0.0,,1.0,1.0,,1.0,0.0,0.0,,0.0
O=S(=O)(Oc1ccc(Cl)cc1)c1ccccc1,268.721,3.1077000000000012,0.0,0.0,0.0,,,0.0,0.0,0.0,0.0,0.0,,0.0
CC12CCC(C1)C(C)(C)C2O,154.25300000000001,2.1935000000000007,0.0,0.0,0.0,0.0,0.0,0.0,0.0,0.0,0.0,0.0,0.0,0.0
CCCCC(CC)C(=O)OC(C)C,186.295,3.1544000000000016,0.0,0.0,0.0,0.0,0.0,0.0,0.0,0.0,0.0,0.0,,0.0
O=C(NC(=O)c1c(F)cccc1F)Nc1ccc(Oc2ccc(C(F)(F)F)cc2Cl)cc1F,488.7710000000001,6.530300000000002,0.0,0.0,0.0,0.0,,0.0,1.0,1.0,0.0,,,
COc1cc(C(=O)NCc2ccc(OCCN(C)C)cc2)cc(OC)c1OC,388.46400000000017,2.5828000000000007,0.0,0.0,0.0,,0.0,0.0,0.0,0.0,0.0,0.0,0.0,0.0
N=C(N)N1CCc2ccccc2C1.N=C(N)N1CCc2ccccc2C1,350.47000000000014,1.8763399999999997,,,,,,,,0.0,,0.0,,
CC(C)NC(=N)NC(=N)Nc1ccc(Cl)cc1,253.73700000000002,2.209039999999999,0.0,0.0,0.0,0.0,0.0,0.0,0.0,0.0,0.0,0.0,0.0,0.0
CCCCOc1ccc(OCCCN2CCOCC2)cc1,293.4069999999999,2.9666000000000015,0.0,0.0,,,0.0,0.0,0.0,1.0,0.0,0.0,,0.0
CN1CCC(OC(c2ccccc2)c2ccccc2)CC1,281.3990000000001,3.8868000000000027,0.0,0.0,0.0,0.0,,0.0,0.0,0.0,0.0,0.0,,0.0
CN1CCN(C(c2ccccc2)c2ccccc2)CC1,266.38800000000003,3.0234000000000014,0.0,0.0,0.0,0.0,0.0,0.0,0.0,0.0,0.0,0.0,0.0,0.0
CC(O)CN(CCCN(C)C)CCCN(C)C,245.41099999999994,0.572600000000002,0.0,0.0,0.0,0.0,0.0,0.0,0.0,0.0,0.0,0.0,0.0,0.0
CN(C)CC/C=C1/c2ccccc2CSc2ccccc21,295.451,4.675700000000004,0.0,0.0,0.0,0.0,0.0,0.0,0.0,,0.0,,,1.0
CCOc1ccc(Cc2nccc3cc(OCC)c(OCC)cc23)cc1OCC,395.4990000000002,5.420400000000005,0.0,0.0,,0.0,,0.0,0.0,,0.0,0.0,,
CN(C)CCCNCCCN(C)C,187.331,0.47940000000000116,0.0,0.0,0.0,0.0,0.0,0.0,0.0,0.0,0.0,0.0,0.0,0.0
Fc1ccc(Br)cc1,175.0,2.5882000000000005,0.0,0.0,0.0,0.0,0.0,0.0,0.0,0.0,0.0,0.0,0.0,0.0
c1c[nH]cn1,68.079,0.40969999999999995,0.0,0.0,0.0,0.0,0.0,0.0,0.0,0.0,0.0,0.0,0.0,0.0
O=C([O-])[C@H](O)[C@@H](O)[C@H](O)[C@H](O)CO,195.147,-4.827799999999996,0.0,0.0,0.0,0.0,0.0,0.0,0.0,0.0,0.0,0.0,0.0,0.0
CCC[N+](CCC)(CCC)CCC,186.36299999999994,3.443200000000002,0.0,0.0,0.0,0.0,0.0,0.0,0.0,0.0,0.0,0.0,0.0,0.0
O=C(OCCOCCOCCOC(=O)c1ccccc1)c1ccccc1,358.39000000000004,2.733600000000001,0.0,0.0,0.0,0.0,0.0,0.0,0.0,0.0,0.0,0.0,0.0,0.0
C=C(C)C1CC=C(C)CC1,136.23799999999997,3.308900000000002,1.0,0.0,0.0,0.0,0.0,0.0,0.0,0.0,0.0,0.0,0.0,0.0
NC(CSCC(=O)O)C(=O)O,179.197,-0.7838999999999998,,,,,,,,0.0,,0.0,,
CN1C2=CC(=O)C(=NNC(N)=O)C=C2CC1S(=O)(=O)[O-],299.28800000000007,-1.389499999999999,0.0,0.0,0.0,0.0,0.0,0.0,0.0,,0.0,,0.0,0.0
C[N+](C)(C)CCOC(N)=O,147.19799999999998,-0.2121000000000003,0.0,0.0,0.0,0.0,0.0,0.0,,0.0,0.0,0.0,0.0,0.0
NC(=O)N1c2ccccc2C=Cc2ccccc21,236.274,3.3872000000000018,1.0,1.0,0.0,0.0,0.0,0.0,0.0,0.0,0.0,0.0,0.0,0.0
CCOC(=O)n1ccn(C)c1=S,186.236,1.56069,0.0,0.0,0.0,0.0,0.0,0.0,0.0,0.0,0.0,0.0,0.0,0.0
CN(C)c1cccc(O)c1,137.18199999999996,1.4582,0.0,0.0,1.0,0.0,0.0,0.0,0.0,,0.0,0.0,1.0,0.0
CCN(CC)CCOCCOC(=O)C1(c2ccccc2)CCCC1,333.47200000000015,3.400000000000002,0.0,0.0,0.0,0.0,0.0,0.0,0.0,0.0,0.0,0.0,,0.0
COc1ccc(C[C@H](C)NC[C@@H](O)c2ccc(O)c(NC=O)c2)cc1.COc1ccc(C[C@H](C)NC[C@@H](O)c2ccc(O)c(NC=O)c2)cc1,688.8220000000003,4.446600000000003,0.0,0.0,0.0,0.0,0.0,0.0,0.0,,0.0,,0.0,0.0
COC(=O)C[C@](O)(CCCC(C)(C)O)C(=O)O[C@@H]1C(OC)=CC23CCCN2CCc2cc4c(cc2[C@H]13)OCO4,545.6290000000004,2.5807,0.0,0.0,,1.0,,0.0,,,,,,1.0
CC(=O)CCC(=O)O,116.11599999999999,0.4402,0.0,0.0,0.0,0.0,0.0,0.0,0.0,0.0,0.0,0.0,0.0,0.0
O=C(C1CCCCC1)N1CC(=O)N2CCc3ccccc3C2C1,312.41300000000007,2.5349000000000004,0.0,0.0,0.0,0.0,1.0,0.0,0.0,0.0,0.0,0.0,0.0,0.0
CCCCCCCC=O,128.215,2.5458000000000007,0.0,0.0,0.0,0.0,0.0,0.0,0.0,0.0,0.0,0.0,0.0,0.0
CCCCCCCCCCCCCCCCCC(=O)O,284.4839999999999,6.332500000000007,0.0,0.0,0.0,0.0,1.0,1.0,0.0,0.0,0.0,0.0,0.0,0.0
CCCCCCCCC(=O)O,158.241,2.821600000000001,0.0,0.0,0.0,0.0,0.0,0.0,0.0,0.0,0.0,0.0,0.0,0.0
O=C(O)CCCCCCCC(=O)O,188.22299999999998,1.8863,0.0,0.0,0.0,0.0,1.0,1.0,0.0,0.0,0.0,0.0,0.0,0.0
CCCC(=O)C(=O)O,116.11599999999997,0.4402,0.0,0.0,0.0,0.0,0.0,0.0,0.0,,0.0,0.0,0.0,0.0
O=C(O)CC(=O)C(=O)O,132.071,-0.8851999999999998,0.0,0.0,0.0,0.0,0.0,0.0,0.0,,0.0,0.0,0.0,0.0
CCCCCCCC(=O)O,144.214,2.4314999999999998,0.0,0.0,0.0,0.0,0.0,0.0,0.0,0.0,0.0,0.0,0.0,0.0
Cl/C(=C\n1cncn1)c1ccc(Cl)cc1Cl,274.538,3.779300000000001,0.0,0.0,0.0,1.0,0.0,0.0,0.0,0.0,0.0,0.0,0.0,0.0
CC(C)c1ccc2oc3nc(N)c(C(=O)O)cc3c(=O)c2c1,298.298,2.745,1.0,,1.0,,,,0.0,1.0,1.0,0.0,,0.0
CC(=O)Nc1ccc(/C=N/NC(N)=S)cc1,236.29999999999998,0.8120999999999998,1.0,0.0,0.0,,0.0,0.0,0.0,0.0,0.0,0.0,0.0,0.0
Nc1ccc(C(=O)NCC(=O)O)cc1,194.19000000000003,0.08319999999999966,0.0,0.0,0.0,0.0,0.0,0.0,0.0,0.0,0.0,0.0,0.0,0.0
Clc1ccc2c(c1)C(N1CCNCC1)=Nc1ccccc1O2,313.788,3.4292000000000025,0.0,0.0,0.0,1.0,0.0,,0.0,0.0,0.0,,,
CCOC(=O)O[C@]1(C(=O)OCCl)CC[C@H]2[C@@H]3CCC4=CC(=O)C=C[C@]4(C)[C@H]3[C@@H](O)C[C@@]21C,466.95800000000025,3.9165000000000028,,,,,,,,1.0,,0.0,,
CCCCOC(=O)[C@@H](C)Oc1ccc(Oc2ccc(C#N)cc2F)cc1,357.38100000000003,4.600280000000004,0.0,0.0,0.0,0.0,0.0,0.0,0.0,0.0,0.0,0.0,0.0,0.0
Cc1cccc(C)c1NC(=O)CN1CCCC1=O,246.30999999999995,1.8643399999999999,0.0,0.0,0.0,0.0,0.0,0.0,0.0,0.0,0.0,0.0,0.0,0.0
Nc1cccc2ccccc12,143.189,2.4220000000000006,0.0,0.0,1.0,0.0,0.0,0.0,0.0,,0.0,0.0,0.0,0.0
Nc1ccc2ccccc2c1,143.189,2.4220000000000006,0.0,0.0,1.0,,0.0,0.0,0.0,0.0,0.0,0.0,0.0,0.0
CCCCN(CCCC)C(=S)S[Ni]SC(=S)N(CCCC)CCCC,467.46100000000035,6.739500000000008,0.0,0.0,0.0,0.0,,0.0,0.0,0.0,0.0,0.0,0.0,0.0
[Ni+2],58.693,-0.0025,0.0,0.0,0.0,0.0,0.0,0.0,0.0,0.0,0.0,0.0,,0.0
NC(=O)c1cccnc1,122.12699999999997,0.18050000000000016,0.0,0.0,0.0,0.0,0.0,0.0,0.0,0.0,0.0,0.0,0.0,0.0
CCCCCCCCCCCCCCCC(=O)OC[C@@H](COP(=O)([O-])OCC[N+](C)(C)C)OC(=O)CCCCCCCCCCCCCCC,734.0529999999993,10.611799999999995,0.0,0.0,,0.0,1.0,0.0,0.0,,0.0,,0.0,0.0
CCN(CC)c1ccc(C(=C2C=CC(=[N+](CC)CC)C=C2)c2ccccc2)cc1,385.575,5.954000000000007,0.0,,,,,,,,1.0,,1.0,
c1ccc(CCNc2nc(-c3ccccc3)cs2)cc1,280.396,4.464700000000003,1.0,0.0,1.0,,1.0,0.0,0.0,,1.0,0.0,,0.0
Nc1nnnn1-c1ccccc1,161.168,0.24449999999999933,0.0,0.0,0.0,0.0,0.0,0.0,0.0,0.0,0.0,0.0,0.0,0.0
CCOc1ccc(NS(=O)(=O)c2ccc(N)cc2)nn1,294.33599999999996,1.2582999999999998,0.0,0.0,0.0,0.0,0.0,0.0,0.0,0.0,0.0,0.0,0.0,0.0
CN1CCCN=C1COC(=O)C(O)(c1ccccc1)C1CCCCC1,344.4550000000002,2.731700000000001,0.0,0.0,0.0,0.0,0.0,0.0,0.0,0.0,0.0,0.0,,0.0
CC(C)(C)C(=O)OCOC(=O)[C@@H]1N2C(=O)[C@@H](NC(=O)[C@H](N)c3ccccc3)[C@H]2SC1(C)C,463.55600000000015,1.3235000000000015,0.0,0.0,0.0,0.0,0.0,0.0,0.0,0.0,0.0,0.0,0.0,0.0
CCn1cc(C(=O)O)c(=O)c2cc(F)c(N3CCNCC3)nc21,320.324,0.6633000000000002,0.0,0.0,0.0,0.0,0.0,0.0,0.0,0.0,0.0,0.0,0.0,0.0
CO[C@H]1C[C@H](O[C@@H]2C(C)=CC[C@@H]3C[C@@H](C[C@]4(CC[C@H](C)[C@@H](C5CCCCC5)O4)O3)OC(=O)[C@@H]3C=C(C)/C(=N/O)[C@H]4OCC(=CC=C[C@@H]2C)[C@@]34O)O[C@@H](C)[C@@H]1O,769.9730000000004,6.069800000000008,0.0,0.0,0.0,0.0,0.0,0.0,0.0,,0.0,,,0.0
CC[C@@H](C(=O)[C@@H](C)[C@@H](O)[C@H](C)[C@@H]1O[C@@H]([C@@H](CC)C(=O)[O-])CC[C@@H]1C)[C@H]1O[C@]2(C=C[C@@H](O)[C@]3(CC[C@@](C)([C@H]4CC[C@](O)(CC)[C@H](C)O4)O3)O2)[C@H](C)C[C@@H]1C,750.003,4.853300000000004,0.0,0.0,0.0,0.0,0.0,0.0,1.0,,0.0,,,
CC(=O)Oc1cccc(O)c1,152.149,1.3175,0.0,0.0,0.0,0.0,0.0,0.0,0.0,0.0,0.0,0.0,0.0,0.0
CNc1ccc(C(=O)CC(O)CCC(C)C2OC(=O)CC(O)CC(=O)CC(O)CC(O)CC(O)CC(O)CC3(O)CC(O)C(C(=O)OC)C(CC(O[C@@H]4O[C@H](C)[C@@H](O)[C@H](N)[C@@H]4O)C=CC=CC=CC=CC=CC=CC=CC2C)O3)cc1,1141.3590000000004,2.834300000000007,0.0,0.0,0.0,0.0,0.0,0.0,0.0,,0.0,,1.0,0.0
CCC(=O)O[C@]1(C(=O)CCl)[C@@H](C)C[C@H]2[C@@H]3CCC4=CC(=O)C=C[C@]4(C)[C@@]3(F)[C@@H](O)C[C@@]21C,466.97700000000026,4.103100000000003,1.0,1.0,1.0,,0.0,0.0,0.0,,0.0,0.0,1.0,0.0
Cc1c(NC(C)C)c(=O)n(-c2ccccc2)n1C,245.326,2.3047200000000005,0.0,0.0,0.0,0.0,0.0,0.0,0.0,0.0,0.0,0.0,0.0,0.0
CC(C)(C)C(=O)OCOC(=O)[C@@H]1N2C(=O)[C@@H](N=CN3CCCCCC3)[C@H]2SC1(C)C,439.5780000000003,2.4116,0.0,0.0,0.0,0.0,0.0,0.0,0.0,,0.0,,0.0,0.0
COc1ccc2cc([C@H](C)CO)ccc2c1,216.27999999999997,2.9442000000000013,0.0,0.0,,,1.0,0.0,0.0,,0.0,,0.0,0.0
CO[Si](CCCNc1ccccc1)(OC)OC,255.39000000000001,2.3667,0.0,0.0,0.0,0.0,0.0,0.0,0.0,,0.0,,0.0,0.0
C#CCN(C)Cc1ccccc1,159.232,1.7516,0.0,0.0,0.0,0.0,0.0,0.0,0.0,0.0,0.0,0.0,0.0,0.0
CN1C(=O)CC(c2ccccc2)C1=O,189.214,1.1588999999999998,0.0,0.0,0.0,0.0,,0.0,0.0,0.0,0.0,0.0,0.0,0.0
NC(Cc1ccccc1)C(=O)O,165.19199999999995,0.641,0.0,0.0,0.0,,,0.0,0.0,,0.0,,0.0,0.0
Cc1ccc(N(CC2=NCCN2)c2cccc(O)c2)cc1,281.35900000000004,2.840420000000001,0.0,0.0,0.0,0.0,,0.0,0.0,,0.0,0.0,,
CCCCCC,86.178,2.5866000000000007,0.0,0.0,0.0,0.0,0.0,0.0,0.0,0.0,0.0,0.0,0.0,0.0
CCCCCC(C)=O,114.18799999999999,2.1557000000000004,0.0,0.0,0.0,0.0,0.0,0.0,0.0,0.0,0.0,1.0,0.0,0.0
CCOC(=O)CCCCCCCCC(=O)OCC,258.3579999999999,3.2334000000000023,0.0,0.0,0.0,0.0,,0.0,0.0,0.0,0.0,0.0,0.0,0.0
CC(=O)CCC(C)C,114.18799999999999,2.0116,0.0,0.0,0.0,0.0,0.0,0.0,0.0,0.0,0.0,0.0,0.0,0.0
CC1(C)COP(Oc2ccccc2)OC1,226.21200000000002,3.365300000000002,0.0,0.0,0.0,,0.0,0.0,0.0,0.0,0.0,0.0,0.0,0.0
O=C([O-])CN(CCN(CC(=O)[O-])CC(=O)[O-])CC(=O)[O-].[Fe+3],344.057,-7.412500000000002,0.0,0.0,0.0,0.0,0.0,0.0,0.0,1.0,0.0,0.0,0.0,0.0
CCCCCCC(C)Nc1ccc(Nc2ccccc2)cc1,296.458,6.201000000000005,0.0,0.0,,,,0.0,,,0.0,,1.0,
C=CC(=O)NC(C)(C)CS(=O)(=O)O,207.25099999999998,-0.04499999999999976,0.0,0.0,0.0,0.0,0.0,0.0,0.0,0.0,0.0,1.0,0.0,0.0
C=CC(=O)OCC(CC)(COC(=O)C=C)COC(=O)C=C,296.319,1.5703999999999998,0.0,,,,,1.0,,1.0,1.0,,1.0,
CC(CN)CCCN,116.20800000000001,0.32010000000000016,0.0,0.0,0.0,0.0,,0.0,0.0,0.0,0.0,0.0,0.0,0.0
CN(C)[C@@H]1C(O)=C(C(N)=O)C(=O)[C@@]2(O)C(O)=C3C(=O)c4c(O)cccc4[C@@](C)(O)[C@H]3C[C@@H]12,444.44000000000017,-0.21439999999999837,0.0,0.0,0.0,0.0,0.0,0.0,0.0,0.0,0.0,0.0,,0.0
C[C@]12CC[C@H]3[C@@H](CCC4=CC(=O)C=C[C@@]43C)[C@@H]1CCC(=O)O2,300.3980000000001,3.5899000000000028,1.0,0.0,0.0,,1.0,1.0,0.0,,0.0,,0.0,0.0
CN(C/C=C/C#CC(C)(C)C)Cc1cccc2ccccc12,291.438,4.877300000000004,0.0,0.0,0.0,0.0,0.0,0.0,0.0,,0.0,0.0,0.0,0.0
CC1(O)CCC(C(C)(C)O)CC1,172.26799999999997,1.6985,0.0,0.0,0.0,0.0,0.0,0.0,0.0,,0.0,,0.0,0.0
CC(C)(C)c1ccc(C(O)CCCN2CCC(C(O)(c3ccccc3)c3ccccc3)CC2)cc1,471.6850000000001,6.445800000000008,0.0,0.0,0.0,0.0,0.0,0.0,0.0,,0.0,,,
OCCOc1cccc(OCCO)c1,198.21799999999996,0.4287999999999999,0.0,0.0,0.0,0.0,0.0,0.0,0.0,0.0,0.0,0.0,0.0,0.0
O=C1c2ccccc2C(=O)C1c1nc2ccccc2c(Br)c1O,368.18600000000004,3.8657000000000017,0.0,0.0,1.0,0.0,0.0,0.0,0.0,1.0,1.0,0.0,1.0,0.0
O=[N+]([O-])O[Cd]O[N+](=O)[O-],236.42,-0.6845000000000001,0.0,,0.0,,0.0,,,,1.0,1.0,0.0,
CC(=O)OCCc1ccccc1,164.204,1.7922,0.0,0.0,0.0,0.0,0.0,0.0,0.0,0.0,0.0,0.0,0.0,0.0
CNCCCC12CCC(c3ccccc31)c1ccccc12,277.41100000000006,4.211400000000004,0.0,0.0,0.0,,0.0,0.0,,0.0,0.0,0.0,,0.0
CC(C)N1C(=O)c2ccccc2C1=O,189.21399999999997,1.691,0.0,0.0,0.0,0.0,0.0,0.0,0.0,0.0,0.0,0.0,0.0,0.0
CCCCN(CCCCO)N=O,174.244,1.5424,0.0,0.0,0.0,0.0,0.0,0.0,0.0,0.0,0.0,0.0,0.0,0.0
CC(C)(C)c1cc(CO)cc(C(C)(C)C)c1O,236.35499999999996,3.479500000000003,0.0,0.0,0.0,,,0.0,0.0,1.0,0.0,0.0,1.0,0.0
Cc1ccc(O)c(C(C)(C)C)c1,164.248,2.998120000000001,0.0,0.0,0.0,,0.0,0.0,0.0,0.0,0.0,,,
CCCCN(N=O)C(=N)N[N+](=O)[O-],189.175,0.48597000000000035,0.0,0.0,0.0,,,0.0,0.0,,0.0,1.0,0.0,1.0
COc1ccc(O)c(C(C)(C)C)c1,180.24699999999999,2.6983000000000006,0.0,0.0,0.0,0.0,0.0,0.0,0.0,0.0,0.0,0.0,1.0,0.0
Cc1cc(C(C)(C)C)c(O)c(C(C)(C)C)c1,220.356,4.295620000000004,0.0,0.0,0.0,0.0,0.0,0.0,0.0,0.0,0.0,0.0,1.0,0.0
COC(=O)C1CC(=O)C(C(=O)OC)CC1=O,228.19999999999996,-0.5032000000000003,0.0,0.0,0.0,0.0,0.0,0.0,0.0,0.0,0.0,,0.0,0.0
CC(Cl)COP(=O)(OCC(C)Cl)OCC(C)Cl,327.572,4.026200000000004,0.0,0.0,0.0,0.0,0.0,0.0,0.0,0.0,0.0,0.0,0.0,0.0
O=C(O)Cc1ccc(Cl)cc1Cl,205.04,2.6205000000000007,0.0,0.0,0.0,0.0,0.0,0.0,0.0,0.0,0.0,0.0,0.0,0.0
OCc1ccc(Cl)cc1Cl,177.03,2.4857000000000005,0.0,0.0,0.0,0.0,0.0,0.0,0.0,0.0,0.0,0.0,0.0,0.0
Nc1c(Cl)cc(Cl)cc1[N+](=O)[O-],207.016,2.4838000000000005,0.0,0.0,,1.0,0.0,0.0,0.0,1.0,0.0,0.0,0.0,0.0
N#CSc1ccc([N+](=O)[O-])cc1[N+](=O)[O-],225.18499999999997,2.07618,0.0,,0.0,,,1.0,,,0.0,1.0,1.0,
COc1ccc([N+](=O)[O-])cc1[N+](=O)[O-],198.134,1.5115999999999996,0.0,0.0,0.0,0.0,0.0,0.0,0.0,0.0,0.0,0.0,0.0,0.0
C[N+](C)(C)CC1CO1,116.18399999999998,0.09139999999999993,0.0,0.0,0.0,0.0,0.0,0.0,0.0,0.0,0.0,0.0,0.0,0.0
CCC1(C)NC(=O)NC1=O,142.158,-0.005499999999999949,0.0,0.0,0.0,0.0,0.0,0.0,0.0,0.0,0.0,0.0,0.0,0.0
CCCCCCCCN1C=CN(C)C1,196.33800000000002,3.0230000000000015,0.0,0.0,0.0,,,0.0,0.0,0.0,0.0,0.0,,
CCC[N+]1(C)CCCCC1.O=S(=O)([N-]S(=O)(=O)C(F)(F)F)C(F)(F)F,422.413,3.0862000000000016,0.0,0.0,0.0,0.0,0.0,0.0,0.0,0.0,0.0,0.0,,0.0
CCOC(=O)C(Cl)C(C)=O,164.588,0.7459,0.0,0.0,0.0,0.0,0.0,0.0,0.0,0.0,0.0,0.0,0.0,0.0
O=C1Nc2ccc([N+](=O)[O-])cc2C1=O,192.12999999999997,0.7296,0.0,0.0,1.0,0.0,0.0,0.0,0.0,,0.0,0.0,1.0,
O=c1[nH]c2ccccc2o1,135.12199999999996,1.1211,0.0,0.0,0.0,0.0,0.0,0.0,0.0,0.0,0.0,0.0,0.0,0.0
CCCC[n+]1cccc(C)c1.F[B-](F)(F)F,237.04899999999995,3.382620000000003,0.0,0.0,0.0,0.0,0.0,0.0,0.0,0.0,0.0,0.0,0.0,0.0
COC(=O)C(C)=O,102.089,-0.25160000000000005,0.0,0.0,0.0,0.0,0.0,0.0,0.0,0.0,0.0,0.0,,0.0
CCOC(=O)c1ccc(N)cc1,165.19199999999998,1.4455,0.0,0.0,,,,0.0,0.0,0.0,0.0,0.0,0.0,0.0
CC(=O)OCC(COC(C)=O)OC(C)=O,218.20499999999998,0.044299999999999784,0.0,0.0,1.0,0.0,1.0,0.0,0.0,0.0,0.0,0.0,0.0,0.0
CCCCC(CC)COC(C)=O,172.26799999999997,2.765900000000001,0.0,0.0,0.0,0.0,1.0,0.0,0.0,0.0,0.0,0.0,0.0,0.0
CCCCC(CC)COC(=O)CCCCCCCC(=O)OCC(CC)CCCC,412.6550000000002,7.236300000000009,0.0,0.0,0.0,0.0,0.0,0.0,0.0,0.0,0.0,0.0,0.0,0.0
C1CN(SSN2CCOCC2)CCO1,236.3619999999999,0.8622000000000001,0.0,0.0,0.0,,0.0,0.0,0.0,0.0,0.0,1.0,,0.0
CC(COc1ccccc1)NC(C)C(O)c1ccc(O)cc1,301.386,2.871200000000001,0.0,0.0,0.0,0.0,0.0,0.0,0.0,0.0,0.0,0.0,0.0,0.0
CC(=O)C=Cc1ccc2c(c1)OCO2,190.19799999999995,2.0175,0.0,0.0,1.0,,0.0,0.0,0.0,,0.0,,0.0,
O=Cc1ccc2c(c1)OCO2,150.13299999999995,1.2278,,,0.0,0.0,0.0,0.0,0.0,0.0,0.0,0.0,0.0,0.0
CC(=O)OCc1ccc2c(c1)OCO2,194.18599999999998,1.4784,0.0,0.0,0.0,0.0,0.0,0.0,0.0,0.0,0.0,0.0,0.0,0.0
CC1CCC2CC1C2(C)C,138.254,3.0786000000000016,0.0,0.0,0.0,0.0,1.0,0.0,0.0,0.0,0.0,0.0,0.0,0.0
CCNCC(O)c1cccc(O)c1,181.23499999999999,1.0351,0.0,0.0,0.0,0.0,0.0,0.0,0.0,,0.0,,0.0,0.0
Cc1ccc(O)c([N+](=O)[O-])c1,153.137,1.6088199999999997,0.0,0.0,0.0,0.0,0.0,0.0,0.0,0.0,0.0,0.0,0.0,0.0
O=C(OCCOCCOC(=O)c1ccccc1)c1ccccc1,314.33700000000005,2.7170000000000005,0.0,0.0,0.0,0.0,0.0,0.0,0.0,0.0,0.0,0.0,0.0,0.0
CC(CNC1CCCCC1)OC(=O)c1ccccc1,261.365,3.154200000000002,0.0,0.0,0.0,0.0,0.0,0.0,0.0,0.0,0.0,0.0,,0.0
Cc1cc(C)c(NC(=O)C[C@H](CC(=O)[O-])c2cccc3ccccc23)c(C(=O)N2CCC3(CCCC3)CC2)c1,525.6690000000004,5.505440000000005,0.0,0.0,0.0,0.0,1.0,0.0,,,0.0,,,0.0
O=C(NC(=O)c1c(F)cccc1F)Nc1cc(Cl)c(F)c(Cl)c1F,381.1120000000001,4.5117,0.0,0.0,,0.0,0.0,0.0,0.0,0.0,0.0,0.0,0.0,0.0
CC(=O)CC(=O)Nc1ccccc1C,191.23,1.91262,0.0,0.0,0.0,0.0,0.0,0.0,0.0,0.0,0.0,0.0,0.0,0.0
N[C@@H](COP(=O)(O)O)C(=O)O,185.072,-1.4924000000000002,0.0,0.0,,0.0,0.0,0.0,0.0,0.0,0.0,0.0,0.0,0.0
C[C@H](N)[C@H](O)c1ccc(O)c(O)c1,183.207,0.4784,,,,,,,,0.0,,0.0,,
COCC(=O)O,90.07799999999999,-0.2825999999999998,0.0,0.0,0.0,0.0,0.0,0.0,0.0,0.0,0.0,0.0,0.0,0.0
CC(C)c1ncc([N+](=O)[O-])n1C,169.184,1.4517,0.0,0.0,0.0,0.0,0.0,,0.0,,0.0,,0.0,0.0
CBr.CCN(CC)CCOC(=O)C(O)(c1ccccc1)c1ccccc1,422.363,3.8186000000000035,0.0,0.0,0.0,0.0,0.0,0.0,0.0,,0.0,,0.0,0.0
CN/C(=N\C#N)NCCSCc1csc(N=C(N)N)n1,312.42800000000005,-0.07271999999999912,0.0,0.0,,0.0,0.0,0.0,0.0,0.0,0.0,0.0,0.0,0.0
ClCc1ccccc1.O=C1C[C@@H]2OCC=C3CN4CC[C@]56c7ccccc7N1[C@H]5[C@H]2[C@H]3C[C@H]46,461.00500000000017,4.517900000000004,0.0,0.0,0.0,0.0,0.0,0.0,0.0,,0.0,,0.0,0.0
O=C(O)c1cc2ccccc2cc1O,188.182,2.2436000000000003,0.0,0.0,1.0,,1.0,1.0,0.0,0.0,0.0,0.0,,0.0
CNC(C)C(O)c1ccc(O)cc1,181.23499999999999,1.0334999999999996,0.0,0.0,0.0,0.0,0.0,0.0,0.0,,0.0,,0.0,0.0
NC(=O)CC[C@@H](N)C(=O)O,146.14600000000002,-1.3361999999999998,0.0,0.0,0.0,0.0,0.0,0.0,0.0,0.0,0.0,0.0,0.0,0.0
CCCCCCCCCCCCCC[n+]1ccc(C)cc1,290.515,5.983620000000006,0.0,,0.0,,,0.0,,,,,1.0,
CC(C)C[C@@H](N)C(=O)O,131.175,0.44439999999999996,0.0,0.0,0.0,0.0,0.0,0.0,0.0,0.0,0.0,0.0,0.0,0.0
O=[N+]([O-])c1ccc(F)cc1F,159.09099999999998,1.873,,0.0,0.0,0.0,0.0,0.0,0.0,,0.0,0.0,0.0,0.0
NNC(N)=S,91.139,-1.3067000000000002,0.0,0.0,1.0,0.0,0.0,0.0,0.0,,0.0,1.0,0.0,0.0
C=CC(=O)OCC1CCCO1,156.18099999999998,0.8945999999999998,0.0,0.0,0.0,0.0,0.0,0.0,0.0,,0.0,0.0,0.0,0.0
O=C(N=NC(=O)OCc1ccccc1)OCc1ccccc1,298.298,4.112200000000003,0.0,0.0,1.0,,,0.0,0.0,0.0,0.0,0.0,,0.0
O=C1OC(=O)c2cc(-c3ccc4c(c3)C(=O)OC4=O)ccc21,294.218,1.9748,0.0,0.0,0.0,,0.0,0.0,0.0,0.0,0.0,1.0,0.0,0.0
COC(=O)NCCC[Si](OC)(OC)OC,237.32799999999997,0.6105999999999998,0.0,0.0,0.0,0.0,0.0,0.0,0.0,1.0,0.0,,0.0,0.0
CCCOCCOCCOCCO,192.25499999999997,0.43850000000000017,0.0,0.0,0.0,0.0,0.0,0.0,0.0,0.0,0.0,0.0,0.0,0.0
CCCCS(=O)(=O)Cl,156.634,1.3551000000000002,0.0,0.0,0.0,0.0,0.0,0.0,0.0,0.0,0.0,0.0,0.0,0.0
C=C(C)C(=O)OCCOCCOC(=O)C(=C)C,242.27099999999993,1.2415999999999998,0.0,0.0,0.0,,0.0,0.0,0.0,0.0,0.0,0.0,0.0,0.0
CCCCC(CC)C(=O)[O-].CCCCC(CC)C(=O)[O-].[Ba+2],423.74,1.5246000000000002,0.0,0.0,0.0,0.0,0.0,0.0,0.0,0.0,0.0,0.0,1.0,0.0
NC(N)=S,76.124,-0.8113000000000001,0.0,0.0,1.0,0.0,0.0,0.0,0.0,0.0,0.0,0.0,0.0,0.0
CCC(C)(O)CCCC(C)C,158.28499999999997,2.973700000000002,0.0,0.0,0.0,0.0,0.0,0.0,0.0,0.0,0.0,0.0,0.0,0.0
c1ccc(-c2cccc(-c3ccccc3)c2)cc1,230.31,5.0206000000000035,0.0,0.0,1.0,,1.0,0.0,0.0,1.0,0.0,0.0,1.0,0.0
Cc1cc(Cl)ccc1OCCCC(=O)O,228.67499999999995,2.8920200000000005,0.0,0.0,0.0,,0.0,0.0,0.0,0.0,0.0,0.0,0.0,0.0
Cc1cc(Cl)ccc1OC(C)C(=O)O,214.648,2.5003199999999994,0.0,0.0,0.0,0.0,0.0,0.0,0.0,0.0,0.0,0.0,0.0,0.0
Cc1cc(Cl)ccc1OCC(=O)O,200.62099999999998,2.11182,0.0,0.0,0.0,0.0,0.0,0.0,,0.0,0.0,0.0,0.0,0.0
O=C=Nc1ccc(Cc2ccc(N=C=O)cc2)cc1,250.257,3.2120000000000015,0.0,0.0,0.0,0.0,0.0,0.0,0.0,0.0,0.0,0.0,0.0,0.0
CCC1(c2ccccc2)C(=O)NC(=O)NC1=O,232.23899999999995,0.7004,0.0,0.0,0.0,0.0,0.0,0.0,0.0,0.0,0.0,0.0,0.0,0.0
CCC1(c2ccccc2)C(=O)N=C([O-])NC1=O,231.23099999999994,-0.2929000000000001,0.0,0.0,0.0,0.0,0.0,0.0,0.0,0.0,0.0,0.0,0.0,0.0
S=C=NCCc1ccccc1,163.245,2.3319,0.0,,1.0,,1.0,0.0,0.0,,0.0,1.0,,
C=CCOC(=O)c1ccccc1N,177.20299999999997,1.6116,0.0,0.0,0.0,0.0,0.0,0.0,0.0,,0.0,0.0,0.0,0.0
c1ccc2c(c1)Nc1ccccc1S2,199.278,3.894800000000001,0.0,0.0,0.0,0.0,1.0,0.0,0.0,0.0,0.0,0.0,1.0,0.0
Oc1ccccc1,94.11299999999999,1.3921999999999999,0.0,0.0,0.0,0.0,0.0,0.0,0.0,0.0,0.0,0.0,0.0,0.0
O=C1OC(c2ccc(O)cc2)(c2ccc(O)cc2)c2ccccc21,318.32800000000003,3.560100000000002,0.0,0.0,1.0,0.0,1.0,1.0,,1.0,0.0,0.0,1.0,0.0
COc1ccc(CCC(=O)c2c(O)cc(O[C@@H]3O[C@H](CO)[C@@H](O)[C@H](O)[C@H]3O[C@@H]3O[C@@H](C)[C@H](O)[C@@H](O)[C@H]3O)cc2O)cc1O,612.5810000000002,-1.3420000000000003,0.0,0.0,0.0,0.0,0.0,0.0,0.0,0.0,0.0,0.0,0.0,0.0
CN(C)N=Nc1ccccc1,149.19699999999997,2.2469,0.0,0.0,0.0,0.0,0.0,0.0,0.0,0.0,0.0,0.0,0.0,0.0
S=C=Nc1ccccc1,135.19099999999997,2.4209000000000005,0.0,0.0,,0.0,0.0,0.0,0.0,1.0,0.0,,1.0,0.0
CC(=O)OC(C)OC(C)=O,146.14199999999997,0.4585999999999999,0.0,0.0,0.0,0.0,0.0,0.0,0.0,0.0,0.0,0.0,0.0,0.0
C/C=C1\C(=O)C[C@H]2[C@@H]3CCC4=CC(=O)CC[C@]4(C)[C@H]3CC[C@]12C,312.45300000000003,4.643600000000005,0.0,0.0,0.0,,,0.0,,1.0,0.0,0.0,,
C/C=C1/C(=O)C[C@H]2[C@@H]3CCC4=CC(=O)CC[C@]4(C)[C@H]3CC[C@]12C,312.45300000000003,4.643600000000005,0.0,0.0,0.0,,1.0,0.0,,1.0,0.0,1.0,0.0,1.0
CC(C)Cc1ccccc1,134.22199999999998,2.8851000000000013,0.0,0.0,0.0,0.0,0.0,0.0,0.0,0.0,0.0,0.0,0.0,0.0
CCOC(=O)Cl,108.524,1.3817000000000002,0.0,0.0,0.0,0.0,0.0,0.0,0.0,0.0,0.0,0.0,0.0,0.0
C[Si]1(C)O[Si](C)(C)O[Si](C)(C)O[Si](C)(C)O[Si](C)(C)O1,370.7750000000001,3.5920000000000023,0.0,0.0,0.0,0.0,0.0,0.0,0.0,0.0,0.0,0.0,0.0,0.0
C[Si]1(C)O[Si](C)(C)O[Si](C)(C)O1,222.46499999999995,2.1552,0.0,0.0,0.0,0.0,0.0,0.0,0.0,0.0,0.0,0.0,0.0,0.0
c1ccc2cc3ccccc3cc2c1,178.23399999999995,3.993000000000002,0.0,0.0,,,,0.0,0.0,0.0,0.0,0.0,1.0,0.0
CCOC(=O)[C@H](CCc1ccccc1)N[C@@H](C)C(=O)N1Cc2cc(OC)c(OC)cc2C[C@H]1C(=O)O,498.5760000000004,2.5843,0.0,0.0,1.0,0.0,0.0,0.0,0.0,0.0,0.0,0.0,0.0,0.0
CNCC[C@@H](Oc1ccccc1C)c1ccccc1,255.361,3.7246200000000034,0.0,0.0,0.0,0.0,0.0,0.0,,,0.0,0.0,0.0,0.0
O=C(O)COCCN1CCN(C(c2ccccc2)c2ccc(Cl)cc2)CC1,388.8950000000002,3.148200000000002,0.0,0.0,0.0,0.0,0.0,0.0,0.0,1.0,0.0,0.0,0.0,0.0
Nc1ccncc1,94.11699999999999,0.6638000000000001,0.0,0.0,0.0,0.0,0.0,0.0,0.0,0.0,0.0,0.0,0.0,0.0
Cc1ccc(/N=C/N(C)/C=N/c2ccc(C)cc2C)c(C)c1,293.41400000000004,4.871880000000004,0.0,0.0,1.0,,0.0,0.0,0.0,0.0,0.0,0.0,1.0,0.0
NS(=O)(=O)[O-],96.08699999999999,-1.5946999999999996,0.0,0.0,0.0,0.0,0.0,0.0,0.0,0.0,0.0,0.0,0.0,0.0
COCCl,80.51400000000001,0.8291000000000001,0.0,0.0,0.0,0.0,0.0,0.0,0.0,0.0,0.0,0.0,0.0,0.0
O=C(CCCN1CCC(O)(c2ccc(Br)cc2)CC1)c1ccc(F)cc1,420.3220000000002,4.5347000000000035,0.0,0.0,0.0,0.0,0.0,0.0,0.0,0.0,0.0,0.0,0.0,0.0
Cc1nnc2n1-c1sc(Br)cc1C(c1ccccc1Cl)=NC2,393.69700000000006,4.404120000000002,0.0,0.0,0.0,,,0.0,0.0,,1.0,,,0.0
CCCCNc1cc(C(=O)O)cc(S(N)(=O)=O)c1Oc1ccccc1,364.42300000000006,3.036500000000001,0.0,0.0,0.0,0.0,0.0,0.0,0.0,0.0,0.0,0.0,0.0,0.0
C[N+](C)(C)CCCl,122.619,0.9314,0.0,0.0,0.0,0.0,0.0,,0.0,,0.0,0.0,0.0,0.0
CC(C)(C)c1ccc(-c2ccc(C(C)(C)C)cc2)cc1,266.428,5.948600000000006,0.0,0.0,0.0,0.0,0.0,0.0,0.0,0.0,0.0,0.0,,0.0
CCCCCCC(=O)c1ccccc1,190.28600000000003,3.8397000000000023,0.0,0.0,0.0,,,0.0,0.0,0.0,0.0,0.0,0.0,0.0
CCC(C)(C)C1CCC(OC)CC1,184.32299999999995,3.6278000000000024,0.0,0.0,0.0,,0.0,0.0,,0.0,0.0,0.0,0.0,0.0
Cc1ccc(S)cc1,124.20799999999998,2.2837199999999998,0.0,0.0,0.0,0.0,0.0,0.0,0.0,0.0,0.0,,0.0,0.0
O=C(O)Cc1cc(I)c(Oc2cc(I)c(O)c(I)c2)c(I)c1,747.83,5.230000000000002,0.0,0.0,0.0,,,0.0,,1.0,0.0,,1.0,
CCc1cc(Cc2cc(CC)c(N)c(CC)c2)cc(CC)c1N,310.48500000000007,4.691400000000003,0.0,0.0,1.0,,,0.0,0.0,,0.0,,,
CCCCc1ccc(Cl)cc1,168.66699999999997,3.6826000000000025,0.0,0.0,,0.0,0.0,0.0,0.0,0.0,0.0,0.0,0.0,0.0
CCCCCCCCCCCCOC(=O)c1cc(O)c(O)c(O)c1,338.444,4.881100000000007,0.0,,0.0,,,,,,0.0,,1.0,1.0
COC(=O)[C@]1(C)CCC[C@]2(C)[C@H]3CCC(C(C)C)=CC3=CC[C@@H]12,316.485,5.294600000000005,0.0,0.0,1.0,0.0,0.0,0.0,0.0,,0.0,0.0,1.0,0.0
C[C@H](CS)C(=O)N1CCC[C@H]1C(=O)O,217.28999999999996,0.6279000000000001,,,,,,,,0.0,,0.0,,
ClC(Cl)(Cl)c1ccc(C(Cl)(Cl)Cl)cc1,312.838,5.340000000000002,0.0,0.0,,0.0,0.0,0.0,0.0,0.0,0.0,0.0,,0.0
O=C(O)c1ccccc1O,138.12199999999999,1.0903999999999998,0.0,0.0,0.0,0.0,0.0,0.0,0.0,0.0,0.0,0.0,0.0,0.0
CCOP(=S)(OCC)SCCl,234.70999999999998,3.213400000000002,0.0,0.0,0.0,,0.0,0.0,0.0,0.0,0.0,0.0,0.0,0.0
CCNS(=O)(=O)c1ccc(C)cc1,199.275,1.29322,0.0,0.0,0.0,0.0,0.0,0.0,0.0,0.0,0.0,0.0,0.0,0.0
CCN1CCOCC1,115.176,0.3385,0.0,0.0,0.0,0.0,0.0,0.0,0.0,0.0,0.0,0.0,0.0,0.0
CCN(Cc1ccccc1)c1ccccc1,211.308,3.7131000000000025,0.0,0.0,0.0,0.0,0.0,0.0,0.0,0.0,0.0,0.0,,0.0
C[C@]12C[C@H](O)[C@H]3[C@@H](CCC4=CC(=O)CC[C@@]43C)[C@@H]1CC[C@@H]2C(=O)CO,346.46700000000016,2.666700000000002,1.0,1.0,0.0,,0.0,0.0,0.0,1.0,0.0,0.0,0.0,0.0
CCc1ccccc1O,122.16699999999996,1.9545999999999997,0.0,0.0,0.0,0.0,0.0,0.0,0.0,0.0,0.0,0.0,0.0,0.0
C=CC(=O)CC,84.118,1.1515,0.0,0.0,0.0,0.0,0.0,0.0,0.0,0.0,0.0,0.0,,0.0
CCC1(c2ccccc2)C(=O)NC(=O)N(C)C1=O,246.26599999999993,1.0426,1.0,0.0,0.0,0.0,0.0,0.0,0.0,,0.0,,0.0,0.0
Cc1ccccc1OCC(O)CO,182.219,0.7270199999999998,0.0,0.0,0.0,0.0,1.0,,0.0,0.0,0.0,0.0,0.0,0.0
COc1ccccc1OCC1CNC(=O)O1,223.22799999999995,1.1824000000000001,0.0,0.0,0.0,0.0,0.0,0.0,0.0,0.0,0.0,0.0,0.0,0.0
C[N+]1(C)CCCC(OC(=O)C(O)(c2ccccc2)c2ccccc2)C1,340.4430000000001,2.7045000000000012,,0.0,0.0,,,0.0,0.0,0.0,0.0,0.0,0.0,0.0
CC(C)[C@H](C(=O)O[C@H](C#N)c1cccc(Oc2ccccc2)c1)c1ccc(Cl)cc1,419.908,6.679980000000006,0.0,0.0,0.0,0.0,0.0,0.0,0.0,0.0,0.0,,,0.0
CC(CC(C#N)(c1ccccc1)c1ccccc1)N(C)C,278.39900000000006,3.8364800000000026,0.0,0.0,0.0,0.0,0.0,0.0,,0.0,0.0,0.0,,0.0
CCC(=O)O[C@H]1CC[C@H]2[C@@H]3CCC4=CC(=O)CC[C@]4(C)[C@H]3CC[C@]12C,344.4950000000001,4.840100000000005,1.0,1.0,0.0,,1.0,1.0,0.0,,0.0,0.0,0.0,0.0
CC1=C(/C=C/C(C)=C/C=C\C(C)=C\C(=O)Nc2ccc(O)cc2)C(C)(C)CCC1,391.55500000000023,6.8623000000000065,0.0,0.0,0.0,,,0.0,,,,,1.0,
Nc1nc(N)c(N)c(N)n1,140.15,-1.1946000000000003,,0.0,,,0.0,0.0,0.0,,0.0,0.0,1.0,0.0
N=C(N)NCCC[C@H](N)C(=O)O,174.204,-1.338429999999999,,,,,,,,0.0,,0.0,,
CC[Ge](Cl)(CC)CC,195.24899999999997,3.230400000000002,0.0,0.0,0.0,0.0,1.0,0.0,0.0,0.0,0.0,0.0,0.0,0.0
CCN1C=CN(C)C1C,126.20299999999999,1.0709,0.0,0.0,0.0,0.0,0.0,0.0,0.0,0.0,0.0,0.0,0.0,0.0
CCCC[N+]1(C)CCCCC1.O=S(=O)([O-])C(F)(F)F,305.3619999999999,2.468400000000001,0.0,0.0,0.0,0.0,1.0,0.0,0.0,0.0,0.0,0.0,0.0,0.0
O=Cc1cccc([N+](=O)[O-])c1,151.12099999999998,1.4073,0.0,0.0,0.0,0.0,0.0,0.0,0.0,0.0,0.0,0.0,0.0,0.0
Cc1c(C)n(Cc2ccccc2)c2ccc(C(=O)OCCN(C)C)cc12,350.46200000000016,4.024840000000003,0.0,0.0,1.0,0.0,0.0,0.0,0.0,,0.0,0.0,,0.0
C[C@@H](CSC(=O)c1ccccc1)C(=O)N1C[C@@H](Sc2ccccc2)C[C@H]1C(=O)O,429.56300000000016,4.042500000000002,0.0,0.0,0.0,0.0,0.0,0.0,0.0,0.0,0.0,0.0,0.0,0.0
CO/N=C(\C(=O)N[C@@H]1C(=O)N2C(C(=O)[O-])=CCS[C@H]12)c1csc(N)n1,382.403,-1.8904999999999976,0.0,0.0,0.0,0.0,0.0,0.0,0.0,,0.0,,0.0,0.0
CCc1oc2ccccc2c1C(=O)c1cc(I)c(O)c(I)c1,518.0880000000001,5.141000000000003,0.0,0.0,0.0,,,0.0,1.0,,,1.0,1.0,1.0
CCC[N+]1(C)CCCC1.O=S(=O)([O-])C(F)(F)F,277.30799999999994,1.6882000000000004,0.0,0.0,0.0,0.0,0.0,0.0,0.0,0.0,0.0,0.0,0.0,0.0
CCN(CC)CCOc1ccccc1OC,223.316,2.415800000000001,0.0,0.0,0.0,0.0,0.0,0.0,0.0,,0.0,,0.0,0.0
CCC1(c2ccccc2)C(=O)NC(=O)N(C(=O)c2ccccc2)C1=O,336.347,2.2532000000000005,0.0,0.0,0.0,0.0,0.0,0.0,0.0,,0.0,,1.0,0.0
C=C1/C(=C\C=C2/CCC[C@@]3(C)[C@H]2CC[C@@H]3[C@H](C)/C=C/[C@@H](O)C2CC2)C[C@@H](O)C[C@@H]1O,412.6140000000002,5.0906000000000065,0.0,,0.0,0.0,0.0,0.0,,1.0,0.0,1.0,1.0,
COP(=O)(OC)OC(Br)C(Cl)(Cl)Br,380.784,3.651200000000001,0.0,1.0,0.0,,0.0,1.0,1.0,1.0,1.0,0.0,0.0,1.0
N#CC(C#N)=NNc1cccc(Cl)c1,204.62,2.1550599999999998,0.0,,0.0,1.0,,,,,,1.0,1.0,
Cc1cccc(O)c1,108.13999999999999,1.7006199999999998,0.0,0.0,0.0,0.0,0.0,0.0,0.0,0.0,0.0,0.0,0.0,0.0
CSc1nnc(C(C)(C)C)c(=O)n1N,214.29399999999998,0.37150000000000005,0.0,0.0,0.0,0.0,0.0,0.0,0.0,0.0,0.0,0.0,0.0,0.0
CCSC(=O)N1CCCCCC1,187.30799999999994,2.735500000000001,0.0,0.0,0.0,0.0,0.0,0.0,0.0,0.0,0.0,0.0,0.0,0.0
CCO,46.069,-0.0014000000000000123,0.0,0.0,0.0,0.0,0.0,0.0,0.0,0.0,0.0,0.0,0.0,0.0
CC(C)=CCC/C(C)=C/COC=O,182.26299999999998,2.852100000000001,0.0,0.0,0.0,0.0,0.0,0.0,0.0,0.0,0.0,0.0,0.0,0.0
CN(C)C(=O)NC1(c2ccccc2)CCN(CCC[C@@]2(c3ccc(Cl)c(Cl)c3)CCCN(C(=O)c3ccccc3)C2)CC1,621.6530000000001,7.210100000000009,0.0,0.0,0.0,,0.0,0.0,0.0,,0.0,0.0,,0.0
CCN(CC)CCNc1ccc(CNC=O)c2sc3ccc(OC)cc3c(=O)c12,413.54300000000023,3.423000000000002,0.0,1.0,1.0,,1.0,1.0,,,1.0,0.0,,1.0
N#C[C@@H]1CC(F)(F)CN1C(=O)CNC1CC2CCC(C1)N2c1ncccn1,376.4110000000001,1.3257799999999997,0.0,0.0,0.0,0.0,0.0,0.0,0.0,0.0,0.0,,,0.0
CC(C)(CO)C(O)C(=O)NCCCO,205.25399999999996,-1.1355999999999997,0.0,0.0,0.0,0.0,0.0,0.0,,0.0,0.0,0.0,0.0,0.0
CCOP(=O)(Cl)Cl,162.94,2.608600000000001,0.0,0.0,0.0,0.0,0.0,0.0,0.0,0.0,0.0,0.0,0.0,0.0
CCCC[Sn](Cl)(CCCC)CCCC,325.5120000000001,5.571000000000005,0.0,,0.0,,,,1.0,1.0,0.0,,1.0,
COC(=O)c1cccc(C(=O)OC)c1,194.18599999999998,1.2597999999999998,0.0,0.0,0.0,0.0,0.0,0.0,0.0,0.0,0.0,0.0,0.0,0.0
COC(C)(OC)OC,120.14799999999998,0.5992999999999999,0.0,0.0,0.0,0.0,0.0,0.0,0.0,0.0,0.0,0.0,,0.0
CC(C)CCC[C@@H](C)[C@H]1CC(=O)C2=C3CC[C@H]4C[C@@H](O)CC[C@]4(C)[C@H]3CC[C@@]21C,400.6470000000002,6.711800000000009,0.0,0.0,0.0,0.0,0.0,0.0,0.0,,0.0,,0.0,0.0
CCOCC(=O)O,104.10499999999999,0.1075000000000001,0.0,0.0,0.0,0.0,0.0,0.0,0.0,0.0,0.0,0.0,0.0,0.0
CC(=O)C1(C)CC2=C(CCCC2(C)C)CC1C,234.38299999999995,4.518300000000004,0.0,0.0,0.0,0.0,0.0,0.0,0.0,0.0,0.0,0.0,1.0,0.0
O=C1OC(OC(=O)c2cccnc2Nc2cccc(C(F)(F)F)c2)c2ccccc21,414.3390000000001,4.870000000000003,0.0,,0.0,0.0,0.0,0.0,0.0,,0.0,0.0,1.0,0.0
CCCCCCCCCOC(=O)CCCCC(=O)OCCCCCCC,370.57400000000024,6.354200000000008,0.0,0.0,0.0,0.0,0.0,0.0,0.0,,0.0,0.0,0.0,0.0
Cc1cc(CCCOc2c(C)cc(-c3noc(C(F)(F)F)n3)cc2C)on1,381.35400000000004,4.680260000000004,,,,,,,,0.0,,0.0,,
CC(C(=O)c1ccccc1)N(C)C,177.24699999999999,1.8194000000000001,,,,,,,,0.0,,0.0,,
CCCC(=O)OCc1ccccc1,178.231,2.5299000000000005,0.0,0.0,0.0,0.0,0.0,0.0,0.0,0.0,0.0,0.0,0.0,0.0
CCCCCCCCCCCCCCCC(=O)OCC,284.484,6.030800000000006,0.0,0.0,0.0,0.0,0.0,0.0,0.0,0.0,0.0,0.0,0.0,0.0
CC1CCCCN1CCCOC(=O)c1ccc(OC2CCCCC2)cc1,359.5100000000002,4.819400000000005,,,,,,,,0.0,,0.0,,
Cc1oc(-c2ccccc2)nc1CCC(=O)c1ccc(CC2SC(=O)NC2=O)cc1,420.4900000000001,4.359620000000002,,,,,,,,1.0,,0.0,,
Cc1ccccc1C(=O)Nc1ccc(C(=O)N2CCCC(N(C)C)c3ccccc32)cc1,427.5480000000001,5.290620000000005,,,,,,,,0.0,,0.0,,
O=S1(=O)c2cccc3cccc(c23)N1CCCN1CCN(c2ccc(F)cc2)CC1,425.52900000000017,3.699900000000003,0.0,0.0,0.0,0.0,,0.0,0.0,1.0,0.0,0.0,,
CC(C)(Oc1ccc(Cl)cc1)C(=O)OCCCOC(=O)C(C)(C)Oc1ccc(Cl)cc1,469.3610000000002,5.484900000000005,,,,,,,,0.0,,0.0,,
CC(C)C(=O)OCc1cccc(OC(=O)[C@@H]2N3C(=O)[C@@H](NC(=O)Cc4ccccc4)[C@H]3SC2(C)C)c1,510.6120000000002,3.0810000000000013,,,,,,,,0.0,,0.0,,
c1ccc([C@H]2CN3CCSC3=N2)cc1,204.298,2.1460999999999997,0.0,0.0,0.0,0.0,1.0,,0.0,0.0,0.0,0.0,,0.0
CCCCCCOC(=O)C(C)C,172.268,2.765900000000001,1.0,0.0,0.0,,0.0,0.0,0.0,0.0,0.0,0.0,0.0,0.0
COC(C)(C)CC(C)=O,130.18699999999998,1.3905,0.0,0.0,0.0,0.0,0.0,0.0,0.0,0.0,0.0,0.0,0.0,0.0
CC(C)CCCCCCOC(=O)c1ccc(C(=O)OCCCCCCC(C)C)c(C(=O)OCCCCCCC(C)C)c1,588.8700000000005,9.976499999999998,0.0,0.0,0.0,0.0,0.0,0.0,0.0,0.0,0.0,0.0,0.0,0.0
COc1ccccc1/C=C/C=O,162.188,1.9072999999999998,0.0,0.0,0.0,,0.0,0.0,0.0,0.0,0.0,0.0,0.0,0.0
CC1(C)CC(OC(=O)CCCCCCCCC(=O)OC2CC(C)(C)NC(C)(C)C2)CC(C)(C)N1,480.7340000000002,5.812000000000006,0.0,0.0,0.0,0.0,0.0,0.0,0.0,0.0,0.0,0.0,,0.0
COc1ccc(C(=O)Nc2ccccc2)cc1[N+](=O)[O-],272.26000000000005,2.8557000000000015,0.0,0.0,1.0,,1.0,0.0,0.0,,0.0,0.0,1.0,0.0
CC1=NN(c2cc(S(=O)(=O)[O-])ccc2Cl)C(=O)C1/N=N/c1ccccc1,391.8160000000001,3.1191000000000013,0.0,0.0,,0.0,0.0,0.0,0.0,0.0,0.0,0.0,0.0,0.0
Cc1ccc(C)c(S(=O)(=O)O)c1,186.232,1.5501400000000003,0.0,0.0,0.0,0.0,0.0,0.0,0.0,0.0,0.0,0.0,0.0,0.0
O=Cc1ccccc1S(=O)(=O)[O-],185.17999999999995,0.4032000000000001,0.0,0.0,0.0,0.0,0.0,0.0,0.0,0.0,0.0,0.0,0.0,0.0
NCCCC(O)(P(=O)([O-])O)P(=O)(O)O,248.088,-1.9051999999999998,,,,,,,,0.0,,0.0,,
COc1ccc2c3c1O[C@H]1C(=O)CC[C@H]4[C@@H](C2)N(C)CC[C@]314.COc1ccc2c3c1O[C@H]1C(=O)CC[C@H]4[C@@H](C2)N(C)CC[C@]314,598.7400000000001,3.8666000000000036,0.0,0.0,0.0,0.0,0.0,0.0,0.0,,0.0,,0.0,0.0
CN(C)CCOc1ccccc1Cc1ccccc1.O=C(O)CC(O)(CC(=O)O)C(=O)O,447.48400000000026,1.9692999999999998,0.0,0.0,0.0,0.0,0.0,0.0,0.0,0.0,0.0,0.0,,0.0
Cc1c(N)nc([C@H](CC(N)=O)NC[C@H](N)C(N)=O)nc1C(=O)N[C@H](C(=O)N[C@H](C)[C@@H](O)[C@H](C)C(=O)N[C@H](C(=O)NCCc1nc(-c2nc(C(=O)NCCCCNC(=N)N)cs2)cs1)[C@@H](C)O)[C@@H](O[C@@H]1O[C@@H](CO)[C@@H](O)[C@H](O)[C@@H]1O[C@H]1O[C@H](CO)[C@@H](O)[C@H](OC(N)=O)[C@@H]1O)c1cnc[nH]1,1425.5300000000004,-8.70831000000002,1.0,0.0,,,0.0,,0.0,,0.0,,0.0,1.0
CC(=O)[C@]1(O)Cc2c(O)c3c(c(O)c2[C@@H](O[C@H]2C[C@H](N)[C@H](O)[C@H](C)O2)C1)C(=O)c1ccccc1C3=O,497.5000000000002,1.0202999999999998,0.0,1.0,,1.0,,1.0,,1.0,1.0,0.0,1.0,1.0
O=C(CCCN1CCC(O)(c2ccc(Cl)cc2)CC1)c1ccc(F)cc1,375.87100000000015,4.425600000000004,0.0,0.0,0.0,0.0,0.0,0.0,0.0,,0.0,0.0,,0.0
c1ccc2c(c1)CCNC2,133.194,1.3323,0.0,0.0,,0.0,0.0,0.0,0.0,0.0,0.0,0.0,0.0,0.0
c1ccc2c(c1)CCCC2,132.206,2.5654000000000003,0.0,0.0,0.0,0.0,0.0,0.0,0.0,0.0,0.0,0.0,0.0,0.0
Cc1cc(C)c(C)c(C)c1,134.222,2.9202800000000018,0.0,0.0,0.0,,0.0,0.0,0.0,0.0,0.0,0.0,,0.0
COC(C)COC(C)COC(C)CO,206.28199999999998,0.8238000000000001,0.0,0.0,1.0,0.0,0.0,0.0,0.0,0.0,0.0,0.0,0.0,0.0
COC(=O)CCCC(=O)OC,160.169,0.5026999999999999,0.0,0.0,0.0,0.0,0.0,0.0,0.0,0.0,0.0,0.0,0.0,0.0
CCCCC(CC)COC(=O)c1ccc(N(C)C)cc1,277.40799999999996,4.1258000000000035,0.0,0.0,1.0,0.0,0.0,0.0,0.0,0.0,0.0,0.0,1.0,0.0
CCCCCC1C(=O)CCC1CC(=O)OC,226.31599999999995,2.725100000000001,0.0,0.0,0.0,0.0,0.0,0.0,0.0,0.0,0.0,0.0,0.0,0.0
C=CCOc1c(Br)cc(C(C)(C)c2cc(Br)c(OCC=C)c(Br)c2)cc1Br,624.0050000000001,8.192100000000003,0.0,0.0,,0.0,0.0,0.0,0.0,1.0,0.0,0.0,0.0,0.0
OCCOCC#CCOCCO,174.19599999999997,-0.9924000000000002,0.0,0.0,0.0,0.0,0.0,0.0,0.0,,0.0,0.0,,0.0
NCCOCCN,104.153,-1.0795999999999994,0.0,0.0,0.0,0.0,0.0,0.0,0.0,0.0,0.0,0.0,,0.0
CCCCOC(=O)C(=O)OCCCC,202.24999999999994,1.6729999999999998,0.0,0.0,0.0,0.0,0.0,0.0,0.0,0.0,0.0,0.0,0.0,0.0
OCCN(CCO)CCN(CCO)CCO,236.31199999999995,-2.4403999999999963,0.0,0.0,0.0,0.0,,0.0,0.0,0.0,0.0,0.0,0.0,0.0
CCC1COC(Cn2cncn2)(c2ccc(Cl)cc2Cl)O1,328.19900000000007,3.263300000000002,0.0,0.0,1.0,1.0,0.0,0.0,0.0,0.0,0.0,0.0,,0.0
CCCCCCC=O,114.18799999999999,2.1557000000000004,0.0,0.0,0.0,0.0,0.0,0.0,0.0,0.0,0.0,0.0,0.0,0.0
CCN1CCN(c2cc3c(cc2F)c(=O)c(C(=O)O)cn3C2CC2)CC1,359.4010000000001,2.3156,0.0,0.0,0.0,0.0,0.0,0.0,0.0,0.0,0.0,0.0,,0.0
CCCCN1C[C@H](O)[C@@H](O)[C@H](O)[C@H]1CO,219.28099999999998,-1.4542999999999995,0.0,0.0,0.0,0.0,0.0,0.0,0.0,0.0,0.0,0.0,0.0,0.0
Fc1ccc(C(c2ccc(F)cc2)N2CCN(C/C=C/c3ccccc3)CC2)cc1,404.5040000000001,5.3852000000000055,0.0,0.0,0.0,,0.0,0.0,,0.0,0.0,0.0,0.0,
O=S(=O)(c1cccc2cnccc12)N1CCCNCC1,291.37600000000003,1.2187999999999999,0.0,0.0,0.0,1.0,,0.0,0.0,,0.0,0.0,,0.0
CN1C[C@H](C(=O)N[C@]2(C)O[C@@]3(O)[C@@H]4CCCN4C(=O)[C@H](Cc4ccccc4)N3C2=O)C[C@@H]2c3cccc4[nH]cc(c34)C[C@H]21,583.6890000000001,2.0811000000000024,0.0,0.0,0.0,0.0,,0.0,,,,0.0,,0.0
CC(C)[C@@H]1CC[C@@H](C)CC1=O,154.253,2.6477000000000013,0.0,0.0,0.0,0.0,0.0,0.0,0.0,0.0,0.0,0.0,0.0,0.0
COc1ccc2c(c1OC)C(=O)O[C@H]2[C@@H]1c2cc3c(cc2CCN1C)OCO3,383.4000000000002,2.8732000000000015,0.0,0.0,1.0,0.0,0.0,0.0,0.0,0.0,0.0,0.0,0.0,0.0
CCOc1nc(F)cc2nc(S(=O)(=O)Nc3c(Cl)cccc3Cl)nn12,406.2260000000001,2.7697000000000003,0.0,0.0,,,0.0,0.0,1.0,0.0,0.0,0.0,0.0,0.0
CO[C@H]1C=CO[C@@]2(C)Oc3c(C)c(O)c4c(O)c(cc([O-])c4c3C2=O)NC(=O)C(C)=CC=C[C@H](C)[C@H](O)[C@@H](C)[C@@H](O)[C@@H](C)[C@H](OC(C)=O)[C@@H]1C,696.7700000000002,4.122120000000003,0.0,0.0,0.0,,0.0,0.0,,1.0,0.0,0.0,,0.0
Cc1ncsc1CCO,143.211,0.9863200000000001,0.0,0.0,0.0,0.0,0.0,0.0,0.0,0.0,0.0,0.0,0.0,0.0
c1ccc(Sc2ccccc2)cc1,186.279,3.8378000000000023,0.0,0.0,0.0,0.0,0.0,0.0,0.0,0.0,0.0,1.0,0.0,0.0
CCCCCCCCCCCC(=O)O,200.32199999999997,3.991900000000002,0.0,0.0,0.0,0.0,0.0,0.0,0.0,0.0,0.0,0.0,0.0,0.0
O=C(O)CCl,94.49700000000001,0.3098,0.0,0.0,0.0,0.0,0.0,0.0,0.0,,0.0,0.0,,0.0
C[C@H]1C(=O)O[C@@H]2CCN3CC=C(COC(=O)[C@](C)(O)[C@]1(C)O)[C@H]23,325.361,-0.3925999999999994,0.0,0.0,0.0,0.0,0.0,0.0,0.0,0.0,0.0,0.0,0.0,0.0
CN(C)CCN1C(=O)c2ccccc2N(C)c2ccccc21,295.386,2.976300000000001,0.0,0.0,0.0,0.0,0.0,0.0,0.0,0.0,0.0,0.0,0.0,0.0
O=C(Cl)c1ccc(C(=O)Cl)cc1,203.024,2.4446000000000003,0.0,0.0,0.0,0.0,0.0,0.0,0.0,0.0,0.0,0.0,0.0,0.0
COc1c(N2C[C@@H]3CCCN[C@@H]3C2)c(F)cc2c(=O)c(C(=O)O)cn(C3CC3)c12,401.4380000000002,2.3705000000000007,0.0,0.0,0.0,0.0,0.0,0.0,0.0,0.0,0.0,0.0,0.0,0.0
CCOC(=O)[C@H](CCc1ccccc1)N[C@H]1CCc2ccccc2N(CC(=O)O)C1=O,424.49700000000024,2.5731,,,,,,,,,,1.0,,
CCCc1nc(C(C)(C)O)c(C(=O)OCc2oc(=O)oc2C)n1Cc1ccc(-c2ccccc2-c2nn[nH]n2)cc1,558.5950000000003,4.170020000000003,0.0,0.0,,0.0,,0.0,0.0,,0.0,,0.0,0.0
CC(C)CC(N(C)C)C1(c2ccc(Cl)cc2)CCC1,279.8550000000001,4.738000000000005,0.0,0.0,0.0,0.0,0.0,0.0,0.0,0.0,0.0,0.0,0.0,0.0
C[C@@H]1O[C@@H](OC[C@H]2O[C@@H](Oc3c(-c4ccc(OCCO)c(OCCO)c4)oc4cc(OCCO)cc(O)c4c3=O)[C@H](O)[C@@H](O)[C@@H]2O)[C@H](O)[C@H](O)[C@H]1O,742.6800000000007,-2.6905999999999968,0.0,0.0,0.0,0.0,0.0,0.0,0.0,,0.0,,0.0,0.0
CC1(C)CC(N)CC(C)(C)N1,156.27300000000002,1.2543000000000002,0.0,0.0,0.0,0.0,0.0,0.0,0.0,0.0,0.0,0.0,,0.0
CC(O)[C@@H]1NC(=O)[C@H](CCCCN)NC(=O)[C@@H](Cc2c[nH]c3ccccc23)NC(=O)[C@H](Cc2ccccc2)NC(=O)[C@@H](NC(=O)[C@H](N)Cc2ccccc2)CSSC[C@@H](C(=O)N[C@H](CO)[C@@H](C)O)NC1=O,1019.2609999999999,-0.8053999999999897,0.0,0.0,0.0,0.0,,0.0,0.0,,0.0,,0.0,0.0
CCC(C)SSC(C)CC,178.36599999999999,3.964800000000003,0.0,0.0,0.0,0.0,0.0,0.0,0.0,0.0,0.0,0.0,,0.0
Cc1cccc(OCCOc2cccc(C)c2)c1,242.318,3.7612400000000026,0.0,0.0,1.0,0.0,,0.0,0.0,0.0,0.0,0.0,,0.0
CC(C)c1ccc2sc3ccccc3c(=O)c2c1,254.35399999999998,4.538100000000004,0.0,0.0,1.0,,1.0,0.0,0.0,1.0,1.0,1.0,,0.0
O=C(CCN1CC1)OCC(CO)(COC(=O)CCN1CC1)COC(=O)CCN1CC1,427.49800000000033,-1.288199999999995,0.0,0.0,0.0,0.0,0.0,0.0,0.0,0.0,0.0,0.0,0.0,0.0
C#CC(O)C(CC)CCCC,154.253,2.1969000000000003,0.0,0.0,0.0,0.0,0.0,0.0,0.0,0.0,0.0,0.0,0.0,0.0
CCCCCCCCCCCCCC=O,212.37699999999995,4.8864000000000045,0.0,0.0,0.0,0.0,1.0,0.0,0.0,0.0,0.0,0.0,0.0,0.0
O=CC(Br)(Br)Br,280.741,2.0238000000000005,0.0,,0.0,,,1.0,1.0,1.0,1.0,1.0,,
CCCCCCCCCCCCCC(=O)O,228.37599999999995,4.772100000000004,0.0,0.0,0.0,0.0,0.0,0.0,0.0,0.0,0.0,0.0,0.0,0.0
ClC1=C(Cl)C1(Cl)Cl,177.845,2.8631,0.0,0.0,0.0,0.0,0.0,0.0,0.0,0.0,0.0,0.0,0.0,0.0
O=C(O)C(Br)(Br)Br,296.74,1.9095,0.0,0.0,0.0,0.0,0.0,0.0,0.0,1.0,0.0,0.0,0.0,0.0
C[C@H]1CCC[C@H](O)CCCCCc2cc(O)cc(O)c2C(=O)O1,322.401,3.290800000000003,0.0,0.0,,,1.0,1.0,,,0.0,1.0,1.0,0.0
O=c1c(-c2ccc(O)cc2)coc2cc(O)ccc12,254.24099999999999,2.871200000000001,0.0,,1.0,,1.0,1.0,0.0,,1.0,0.0,,0.0
COc1ccc(-c2coc3cc(O)ccc3c2=O)cc1,268.268,3.1742000000000017,,0.0,1.0,,1.0,1.0,0.0,1.0,1.0,0.0,1.0,0.0
CCCCCCCCc1ccc(O)cc1,206.32900000000004,4.295200000000005,0.0,0.0,0.0,,1.0,0.0,0.0,,0.0,,1.0,0.0
CCCCCCCO,116.204,1.9491,0.0,0.0,0.0,0.0,0.0,0.0,0.0,0.0,0.0,0.0,0.0,0.0
N#CCCCCC#N,108.144,1.59396,0.0,0.0,0.0,0.0,0.0,0.0,0.0,0.0,0.0,0.0,0.0,0.0
CCCCCCO,102.17699999999999,1.559,0.0,0.0,0.0,0.0,,0.0,0.0,0.0,0.0,0.0,0.0,0.0
CCCCCCN,101.19300000000001,1.5253999999999999,0.0,0.0,0.0,0.0,0.0,0.0,0.0,0.0,0.0,1.0,,0.0
OCCNCCO,105.137,-1.4393999999999998,0.0,0.0,0.0,0.0,0.0,0.0,0.0,0.0,0.0,0.0,0.0,0.0
C=C(C)CNCC,99.17699999999998,1.172,0.0,0.0,0.0,0.0,1.0,0.0,0.0,0.0,0.0,0.0,0.0,0.0
CCCCC(CC)C(=O)OCCOCCOCCOCCOC(=O)C(CC)CCCC,446.62500000000034,4.555400000000003,0.0,0.0,0.0,1.0,0.0,0.0,0.0,0.0,0.0,0.0,0.0,0.0
N#Cc1nc(Cl)c(Cl)c(Cl)c1Cl,241.892,3.5668799999999994,0.0,,,,,1.0,,,1.0,,,1.0
O=C1c2ccccc2C(=O)N1SC1CCCCC1,261.34599999999995,3.2635000000000023,0.0,,0.0,,0.0,0.0,,0.0,0.0,1.0,1.0,
CC[Si](OC(C)=O)(OC(C)=O)OC(C)=O,234.27999999999994,0.6345000000000001,0.0,0.0,0.0,0.0,0.0,0.0,0.0,0.0,0.0,0.0,0.0,0.0
CCCOCC(C)OCC(C)O,176.25599999999997,1.1988999999999999,0.0,0.0,0.0,0.0,0.0,0.0,0.0,,0.0,0.0,0.0,0.0
O=C1c2ccccc2C(=O)N1CCl,195.60499999999996,1.4789,0.0,0.0,0.0,0.0,0.0,0.0,0.0,0.0,0.0,0.0,0.0,0.0
O=C1Nc2ccccc2C1(c1ccc(O)cc1)c1ccc(O)cc1,317.344,3.3843000000000014,0.0,0.0,0.0,,,0.0,,0.0,0.0,0.0,,1.0
CCOc1ccc(NC(=O)CC(C)=O)cc1,221.25599999999997,2.0029,0.0,0.0,1.0,0.0,0.0,0.0,0.0,0.0,0.0,0.0,0.0,0.0
O=C(CS)OCCOC(=O)CS,210.27599999999998,-0.06759999999999983,0.0,0.0,,,0.0,0.0,0.0,0.0,1.0,0.0,0.0,1.0
CC(O)C(=O)O[Hg]c1ccccc1,366.766,0.23339999999999977,0.0,1.0,,,,1.0,1.0,,,1.0,,1.0
CCN(CC)C(=O)N(CC)CC,172.27199999999996,1.79,0.0,0.0,0.0,0.0,0.0,0.0,0.0,0.0,0.0,0.0,0.0,0.0
Cc1ccc(N)cc1S(=O)(=O)O,187.22,0.82392,0.0,0.0,,0.0,0.0,0.0,0.0,0.0,0.0,0.0,0.0,0.0
CCOC(=O)c1ccccc1C(=C1C=C(Br)C(=O)C(Br)=C1)c1cc(Br)c(O)c(Br)c1,661.9660000000001,7.036100000000005,0.0,0.0,0.0,0.0,0.0,,,1.0,,,1.0,
CC[C@]1(O)C[C@H]2CN(CCc3c([nH]c4ccccc34)[C@@](C(=O)OC)(c3cc4c(cc3OC)N(C=O)[C@H]3[C@@](O)(C(=O)OC)[C@H](OC(C)=O)[C@]5(CC)C=CCN6CC[C@]43[C@@H]65)C2)C1,824.9719999999999,3.5175000000000027,0.0,,,0.0,,,,,1.0,0.0,,
COC(=O)COc1ccc(Cl)cc1Cl,235.066,2.5452000000000004,0.0,0.0,0.0,0.0,0.0,0.0,0.0,0.0,0.0,0.0,0.0,0.0
O=[N+]([O-])c1ccc(Cl)c([N+](=O)[O-])c1,202.55299999999997,2.1564000000000005,0.0,1.0,0.0,,,0.0,,,1.0,,,1.0
C=C(C)CCl,90.553,1.8013,0.0,0.0,0.0,0.0,0.0,0.0,0.0,0.0,0.0,0.0,0.0,0.0
CC(=C(CCOP(=O)(O)O)SC(=O)c1ccccc1)N(C=O)Cc1cnc(C)nc1N,466.45600000000024,2.630119999999999,,,,,,,,0.0,,0.0,,
O=C1OC(O)C(C(Cl)Cl)=C1Cl,217.43499999999997,1.1582,0.0,1.0,0.0,,0.0,,1.0,1.0,1.0,,,1.0
CC(=O)O[C@]1(C(C)=O)CC[C@H]2[C@@H]3C=C(Cl)C4=CC(=O)CC[C@]4(C)[C@H]3CC[C@@]21C,404.9340000000003,4.751700000000005,1.0,1.0,0.0,,,0.0,0.0,1.0,0.0,0.0,,1.0
Nc1ccc(Oc2ccc(Cl)cc2)cc1,219.67100000000002,3.714500000000002,0.0,0.0,,1.0,0.0,0.0,0.0,1.0,0.0,0.0,0.0,0.0
Cc1cc(O)ccc1N,123.15499999999999,1.2828199999999998,0.0,0.0,1.0,,0.0,0.0,0.0,,0.0,1.0,1.0,
Nc1ccc2c3c(cccc13)-c1ccccc1-2,217.27100000000002,4.069400000000002,0.0,,1.0,,1.0,,,,0.0,,,
Cc1cccc(O)c1N,123.155,1.2828199999999998,0.0,0.0,1.0,,0.0,0.0,,1.0,0.0,0.0,0.0,1.0
CCCCCCCCCCCCCCCCn1cc[n+](C)c1.F[B-](F)(F)F,394.3499999999999,7.093900000000008,0.0,,,1.0,,,,1.0,0.0,,1.0,
CCCCCCCCCCl,162.704,3.975800000000003,0.0,0.0,0.0,0.0,1.0,0.0,0.0,0.0,0.0,0.0,0.0,0.0
N#Cc1cc2ccccc2c2ccccc12,203.24399999999997,3.8646800000000017,1.0,0.0,1.0,,0.0,0.0,0.0,,0.0,0.0,,0.0
Oc1cc(Cl)ccc1Oc1ccc(Cl)cc1Cl,289.54499999999996,5.144700000000002,0.0,,,,,,1.0,,0.0,1.0,1.0,
CC(C)(C)C(O)C(Oc1ccc(Cl)cc1)n1cncn1,295.77,2.916100000000001,0.0,0.0,1.0,1.0,0.0,0.0,0.0,0.0,0.0,0.0,0.0,0.0
O=C(O)COc1nc(Cl)c(Cl)cc1Cl,256.472,2.5052000000000003,0.0,0.0,0.0,0.0,0.0,0.0,0.0,0.0,0.0,0.0,,0.0
Nc1ccc(N=Nc2ccccc2)c(N)n1,213.24400000000003,2.6613999999999995,0.0,0.0,1.0,,1.0,1.0,0.0,1.0,1.0,0.0,1.0,1.0
Cc1cccc(S(=O)(=O)[O-])c1C,185.224,1.20754,0.0,0.0,0.0,0.0,0.0,0.0,0.0,0.0,0.0,0.0,,0.0
CCCCCCCCCCCCOCC1CO1,242.40299999999993,4.322700000000004,0.0,0.0,0.0,0.0,0.0,0.0,0.0,0.0,0.0,0.0,0.0,0.0
CCCCCCCCCCCCCl,204.78499999999997,5.146100000000005,0.0,0.0,0.0,0.0,1.0,0.0,0.0,0.0,0.0,1.0,0.0,0.0
CCCCCCCCCCCC(=O)N(CCO)CCO,287.444,2.720500000000001,0.0,0.0,0.0,0.0,0.0,0.0,0.0,,0.0,,0.0,0.0
C=Cc1c(C)c2cc3[nH]c(cc4nc(cc5[nH]c(cc1n2)c(C)c5CCC(=O)[O-])c(CCC(=O)[O-])c4C)c(C)c3C=C,560.6540000000005,4.834640000000004,0.0,0.0,0.0,0.0,1.0,1.0,0.0,1.0,0.0,0.0,0.0,0.0
CC(C)CCOC(=O)c1ccc(N(C)C)cc1,235.327,2.9555000000000016,0.0,0.0,,,1.0,0.0,0.0,0.0,1.0,0.0,0.0,0.0
Oc1cc(O)cc(O)c1,126.11099999999996,0.8033999999999999,0.0,0.0,0.0,0.0,0.0,0.0,0.0,,0.0,,0.0,0.0
O=c1[nH]c(=O)c2ccccc2o1,163.13199999999998,0.4813000000000001,0.0,0.0,0.0,0.0,0.0,0.0,0.0,0.0,0.0,0.0,0.0,0.0
O=C(O)c1ccc(OCCCOc2ccc(C(=O)O)cc2)cc1,316.30899999999997,2.930900000000001,0.0,0.0,0.0,0.0,0.0,0.0,0.0,0.0,0.0,0.0,0.0,0.0
C=CC(C)(CCC=C(C)C)OC(C)=O,196.28999999999996,3.2406000000000024,0.0,0.0,0.0,0.0,0.0,0.0,0.0,0.0,0.0,0.0,0.0,0.0
OCC(CO)(CO)CO,136.147,-2.058,0.0,0.0,0.0,0.0,0.0,0.0,0.0,0.0,0.0,0.0,0.0,0.0
O=C(O)C(=O)Nc1cccc(-c2nnn[nH]2)c1,233.187,-0.11020000000000069,0.0,0.0,0.0,0.0,,0.0,0.0,0.0,0.0,0.0,0.0,0.0
C1CCC(C(CC2CCCCN2)C2CCCCC2)CC1,277.496,5.295400000000005,0.0,,,,,,,,,,1.0,
CCCCC(=O)Cl,120.579,1.942,,,,0.0,,0.0,0.0,,0.0,0.0,0.0,0.0
Cc1ccc(Nc2nccc(N(C)c3ccc4c(C)n(C)nc4c3)n2)cc1S(N)(=O)=O,437.52900000000017,3.1390400000000005,0.0,0.0,,,,0.0,,,,0.0,,1.0
CC(C)OC(=O)OCOP(=O)(CO[C@H](C)Cn1cnc2c(N)ncnc21)OCOC(=O)OC(C)C,519.4480000000002,3.0356000000000014,0.0,0.0,0.0,0.0,0.0,0.0,0.0,,0.0,0.0,0.0,0.0
CC(=O)N[C@H]([C@@H](O)CC(=O)C(=O)O)[C@@H](O)[C@H](O)[C@H](O)CO,309.271,-4.029199999999997,0.0,0.0,0.0,0.0,0.0,0.0,0.0,,0.0,,0.0,0.0
O=C(C=Cc1ccc(O)c(O)c1)O[C@@H]1C[C@@](OC(=O)C=Cc2ccc(O)c(O)c2)(C(=O)O)C[C@@H](O)[C@@H]1O,516.4550000000003,1.0295999999999996,0.0,0.0,0.0,0.0,0.0,0.0,0.0,,0.0,0.0,0.0,0.0
CO[C@H](C(=O)[C@@H](O)[C@@H](C)O)[C@@H]1Cc2cc3cc(O[C@H]4C[C@@H](O[C@@H]5C[C@@H](O)[C@@H](OC)[C@@H](C)O5)[C@@H](OC(=O)O)[C@@H](C)O4)c(C)c(O)c3c(O)c2C(=O)[C@H]1O[C@H]1C[C@@H](O[C@H]2C[C@@H](O[C@H]3C[C@](C)(O)[C@@H](OC(C)=O)[C@H](C)O3)[C@H](O)[C@@H](C)O2)[C@H](O)[C@@H](C)O1,1185.229,1.6779200000000087,0.0,,,1.0,,,,,0.0,,1.0,1.0
CCCCCCC(=O)CCCCCC/C=C/C[C@@H](O)[C@H](O)[C@@](N)(CO)C(=O)O,401.5440000000001,2.3089999999999997,0.0,0.0,0.0,0.0,0.0,0.0,0.0,0.0,0.0,0.0,0.0,0.0
CCC1OC(=O)C[C@@H](O)[C@H](C)[C@@H](O[C@@H]2O[C@H](C)C[C@H](N(C)C)[C@H]2O)[C@@H](CC=O)C[C@@H](C)C(=O)C=C[C@]2(C)OC2C1C,581.7470000000003,2.6704000000000017,0.0,0.0,0.0,,,0.0,,,0.0,,0.0,1.0
CC(C)CCOC(=O)c1ccccc1,192.258,2.8895000000000017,0.0,0.0,0.0,0.0,0.0,0.0,0.0,0.0,0.0,0.0,0.0,0.0
Cc1cc(C)c(C)c(O)c1,136.194,2.3174600000000005,0.0,0.0,0.0,0.0,0.0,0.0,0.0,0.0,0.0,0.0,1.0,0.0
CCC(=O)OCCC(C)CCC=C(C)C,212.33299999999994,3.712200000000003,0.0,0.0,0.0,0.0,,1.0,0.0,0.0,0.0,0.0,0.0,0.0
CC(C)COC(=O)c1ccccc1O,194.23,2.2050000000000005,0.0,0.0,0.0,0.0,0.0,0.0,0.0,0.0,0.0,0.0,0.0,0.0
CC(C)CCCCCCCOC(=O)c1ccc(C(=O)OCCCCCCCC(C)C)c(C(=O)OCCCCCCCC(C)C)c1,630.9510000000001,11.14679999999999,0.0,0.0,0.0,0.0,0.0,0.0,0.0,0.0,0.0,1.0,0.0,0.0
CCCCCCCCCCCC(=O)O.OCCN(CCO)CCO,349.5120000000001,2.2572000000000005,0.0,0.0,0.0,,,0.0,0.0,,0.0,,0.0,0.0
CCCCCCCCC(=O)OCC(C)OC(=O)CCCCCCCC,356.54700000000025,5.962500000000007,0.0,0.0,0.0,0.0,0.0,0.0,0.0,0.0,0.0,0.0,0.0,0.0
CCCCCCCCCCOC(C)=O,200.32199999999997,3.6902000000000026,0.0,0.0,0.0,0.0,1.0,0.0,0.0,0.0,0.0,0.0,0.0,0.0
CC(=O)OCCC1CCCCC1,170.25199999999995,2.5199000000000007,0.0,0.0,0.0,0.0,0.0,0.0,0.0,0.0,0.0,0.0,0.0,0.0
COP(=O)(OC)OC(=CCl)c1cc(Cl)c(Cl)cc1Cl,365.96400000000006,5.6015000000000015,0.0,0.0,0.0,1.0,,,,1.0,,0.0,,
CCN(CC)C(=S)SSC(=S)N(CC)CC,296.5520000000001,3.6212000000000026,0.0,1.0,1.0,,,0.0,1.0,,1.0,1.0,1.0,0.0
CCCCCN(CCCCC)C(=O)C(CCC(=O)[O-])NC(=O)c1ccc(Cl)c(Cl)c1,458.4060000000002,3.8309000000000033,,,,,,,,0.0,,1.0,,
CCCCCc1cc(O)c2c(c1)OC(C)(C)[C@@H]1CCC(C)=C[C@@H]21,314.46900000000005,5.735800000000006,0.0,0.0,1.0,1.0,,0.0,0.0,,0.0,,1.0,
C1CCOC1,72.107,0.7968,0.0,0.0,0.0,,0.0,0.0,0.0,0.0,0.0,0.0,0.0,0.0
CN1C(C)(C)CCCC1(C)C,155.285,2.659300000000001,0.0,0.0,0.0,0.0,0.0,0.0,0.0,0.0,0.0,0.0,0.0,0.0
CC1=CCC(C(C)(C)O)CC1,154.25299999999996,2.503700000000001,0.0,0.0,0.0,0.0,0.0,0.0,0.0,0.0,0.0,0.0,0.0,0.0
CCN(Cc1cccc(S(=O)(=O)O)c1)c1ccccc1,291.37199999999996,2.9598000000000013,0.0,0.0,0.0,0.0,0.0,0.0,0.0,0.0,0.0,0.0,0.0,0.0
CC(=O)c1ccc(O)cc1,136.14999999999998,1.5948,0.0,0.0,0.0,0.0,0.0,0.0,0.0,0.0,0.0,0.0,0.0,0.0
Cc1cc(C(C)(C)C)cc(C)c1CC1=NCCN1,244.38199999999995,3.1451400000000014,0.0,0.0,0.0,0.0,0.0,0.0,0.0,0.0,0.0,0.0,0.0,0.0
F[Sn](c1ccccc1)(c1ccccc1)c1ccccc1,369.0270000000001,2.623000000000001,0.0,,,,,1.0,1.0,1.0,,1.0,1.0,
CCOc1ccc(O)cc1,138.16599999999997,1.7908999999999997,0.0,0.0,0.0,,0.0,0.0,,,0.0,0.0,0.0,0.0
O=S1(=O)OCC2C(CO1)C1(Cl)C(Cl)=C(Cl)C2(Cl)C1(Cl)Cl,422.9280000000001,3.355900000000001,0.0,0.0,0.0,,0.0,0.0,0.0,1.0,0.0,,,0.0
CCSCc1ccccc1OC(=O)NC,225.313,2.6579000000000006,0.0,0.0,,0.0,0.0,0.0,0.0,0.0,0.0,0.0,,0.0
Brc1nc2ccccc2s1,214.08700000000002,3.0588000000000006,0.0,0.0,1.0,0.0,0.0,0.0,0.0,1.0,0.0,0.0,0.0,0.0
CCC(C)Br,137.01999999999998,2.1798,0.0,0.0,0.0,0.0,0.0,0.0,0.0,0.0,0.0,0.0,0.0,0.0
N#CCc1ccccc1,117.15099999999995,1.75268,0.0,0.0,0.0,0.0,0.0,0.0,0.0,0.0,0.0,0.0,0.0,0.0
O=C(O)c1ccc(CO)o1,142.10999999999999,0.4701,0.0,0.0,0.0,0.0,0.0,0.0,0.0,0.0,0.0,0.0,0.0,0.0
N#Cc1ccccc1,103.12399999999997,1.5582799999999999,0.0,0.0,0.0,0.0,,0.0,0.0,0.0,0.0,0.0,0.0,0.0
N#CCBr,119.94899999999998,0.90488,0.0,0.0,0.0,0.0,0.0,0.0,0.0,0.0,0.0,0.0,0.0,0.0
O=C(O)CBr,138.948,0.46590000000000004,0.0,0.0,0.0,0.0,0.0,0.0,0.0,,0.0,0.0,0.0,0.0
CN1CC(O)C2=C/C(=N/NC(N)=O)C(=O)C=C21,236.23099999999997,-1.2899999999999994,0.0,0.0,0.0,0.0,0.0,0.0,0.0,,0.0,,0.0,0.0
Cc1ccc(C2(O)CCN(CCCC(=O)c3ccc(F)cc3)CC2)cc1,355.4530000000001,4.080620000000003,0.0,0.0,0.0,0.0,0.0,0.0,,,0.0,,0.0,0.0
O=S(=O)(O)F,100.07,-0.2412999999999999,0.0,0.0,0.0,0.0,0.0,0.0,0.0,0.0,0.0,0.0,0.0,0.0
C[C@]1(O)CC[C@H]2[C@@H]3CCC4=CC(=O)CC[C@]4(C)[C@@]3(F)[C@@H](O)C[C@@]21C,336.44700000000006,3.332200000000002,1.0,1.0,0.0,,1.0,,0.0,,0.0,0.0,0.0,0.0
N=C(N)c1ccc(OCCCOc2ccc(C(=N)N)cc2Br)c(Br)c1,470.165,3.6276400000000013,0.0,,0.0,0.0,,0.0,0.0,,0.0,,0.0,0.0
CN1[C@H]2CCC[C@@H]1C[C@H](NC(=O)c1nn(C)c3ccccc13)C2,312.4170000000001,2.3183999999999996,0.0,0.0,0.0,0.0,0.0,0.0,0.0,,0.0,,0.0,0.0
O=C(Cl)/C=C/C(=O)Cl,152.964,1.0734,0.0,0.0,0.0,0.0,0.0,0.0,0.0,1.0,0.0,0.0,0.0,0.0
Cc1nc2n(c(=O)c1CCN1CCC(c3noc4cc(F)ccc34)CC1)CCC[C@H]2O,426.49200000000025,3.081320000000002,0.0,0.0,0.0,0.0,0.0,0.0,0.0,0.0,0.0,0.0,0.0,0.0
COc1cc(C(C)=O)ccc1OCCCN1CCC(c2noc3cc(F)ccc23)CC1,426.4880000000001,4.826600000000004,0.0,0.0,0.0,,0.0,0.0,,0.0,0.0,0.0,,0.0
CN(C(=O)CO)c1c(I)c(C(=O)NCC(O)CO)c(I)c(C(=O)NCC(O)CO)c1I,777.0880000000001,-1.3784999999999996,0.0,0.0,0.0,0.0,0.0,0.0,0.0,,0.0,,0.0,0.0
O=C1OC2(c3ccccc31)c1cc(I)c(O)c(I)c1Oc1c2cc(I)c(O)c1I,835.8950000000001,6.084200000000003,0.0,0.0,1.0,,,0.0,0.0,0.0,0.0,0.0,,0.0
Nc1c(CC(=O)[O-])cccc1C(=O)c1ccc(Br)cc1.Nc1c(CC(=O)[O-])cccc1C(=O)c1ccc(Br)cc1,666.3220000000002,3.1094000000000017,0.0,0.0,0.0,0.0,0.0,0.0,1.0,0.0,0.0,0.0,,0.0
COCCCOc1ccnc(CS(=O)c2nc3ccccc3[n-]2)c1C,358.44300000000004,2.618520000000001,1.0,0.0,1.0,,,0.0,0.0,1.0,0.0,0.0,0.0,0.0
COCC(=O)O[C@]1(CCN(C)CCCc2nc3ccccc3[nH]2)CCc2cc(F)ccc2[C@@H]1C(C)C,495.6390000000002,5.270900000000005,0.0,,,,,,,,,0.0,,
CCc1ccc(CCOc2ccc(CC3SC(=O)NC3=O)cc2)nc1,356.44700000000006,3.159600000000001,0.0,0.0,0.0,0.0,,0.0,1.0,1.0,0.0,0.0,1.0,0.0
CCCCCCCCOC(C)=O,172.268,2.910000000000002,0.0,0.0,0.0,0.0,0.0,0.0,0.0,0.0,0.0,0.0,0.0,0.0
OCCOCCN1CCN(C2=Nc3ccccc3Sc3ccccc32)CC1.OCCOCCN1CCN(C2=Nc3ccccc3Sc3ccccc32)CC1,767.034,5.712000000000007,0.0,0.0,0.0,0.0,1.0,0.0,,,0.0,0.0,,0.0
O=C(O)CCSCCC(=O)O,178.209,0.669,0.0,0.0,0.0,0.0,0.0,0.0,0.0,0.0,0.0,0.0,0.0,0.0
Cc1nc[nH]c1CN1CCc2c(c3ccccc3n2C)C1=O,294.35800000000006,2.4083200000000007,0.0,0.0,,0.0,0.0,0.0,0.0,0.0,0.0,0.0,0.0,0.0
O=C(O)CCCC[C@@H]1SC[C@@H]2NC(=O)N[C@H]12,244.31600000000003,0.7968000000000001,0.0,0.0,0.0,0.0,0.0,0.0,0.0,0.0,0.0,0.0,0.0,0.0
C[C@](O)(CS(=O)(=O)c1ccc(F)cc1)C(=O)Nc1ccc(C#N)c(C(F)(F)F)c1,430.3790000000001,2.8795800000000007,0.0,0.0,0.0,0.0,0.0,0.0,,1.0,0.0,0.0,1.0,0.0
CC(C[N+](C)(C)C)OC(N)=O,161.22499999999997,0.1764,0.0,0.0,0.0,0.0,0.0,0.0,0.0,0.0,0.0,0.0,0.0,0.0
CC(C)NCC(O)COc1ccc(CCOCC2CC2)cc1,307.434,2.3933999999999997,0.0,0.0,0.0,0.0,0.0,0.0,0.0,0.0,0.0,0.0,0.0,0.0
CCCCC(=O)O[C@]1(C(=O)CO)[C@@H](C)C[C@H]2[C@@H]3CCC4=CC(=O)C=C[C@]4(C)[C@@]3(F)[C@@H](O)C[C@@]21C,476.58500000000026,3.6368000000000027,1.0,1.0,,,,0.0,,,0.0,0.0,1.0,0.0
CCCC(=O)O[C@]1(C(=O)COC(=O)CC)[C@@H](C)C[C@H]2[C@@H]3CCC4=CC(=O)C=C[C@]4(C)[C@@]3(F)[C@@H](O)C[C@@]21C,518.6220000000003,4.207600000000004,1.0,1.0,,,0.0,0.0,,,0.0,,1.0,0.0
O=C(CBr)OCc1ccccc1,229.073,2.1247,0.0,0.0,0.0,0.0,,,0.0,0.0,0.0,0.0,0.0,0.0
CCCCCc1ccc(Cl)cc1,182.694,4.072700000000003,0.0,0.0,0.0,0.0,0.0,0.0,0.0,0.0,0.0,0.0,0.0,0.0
O=P(O)(Oc1ccccc1)Oc1ccccc1,250.19000000000003,3.2448000000000015,,0.0,0.0,0.0,0.0,0.0,0.0,0.0,0.0,0.0,0.0,0.0
COC(=O)c1ccccc1C,150.17699999999996,1.78162,0.0,0.0,0.0,0.0,0.0,0.0,0.0,0.0,0.0,0.0,0.0,0.0
CC(C)(C)C(=O)c1ccccc1,162.232,2.9154000000000018,0.0,0.0,,0.0,1.0,,0.0,0.0,0.0,0.0,0.0,0.0
O=C(Oc1ccccc1)c1ccccc1,198.22099999999998,2.905800000000001,0.0,0.0,0.0,0.0,0.0,0.0,0.0,0.0,0.0,0.0,0.0,0.0
CCOC(=O)c1ccc(C)cc1,164.20399999999998,2.1717199999999997,0.0,0.0,0.0,0.0,0.0,0.0,0.0,0.0,0.0,0.0,0.0,0.0
Cc1cc(C)cc(N)c1,121.18299999999999,1.8856399999999998,0.0,0.0,,0.0,0.0,0.0,0.0,0.0,0.0,,0.0,0.0
CC(C)c1c(C(=O)Nc2ccccc2)c(-c2ccccc2)c(-c2ccc(F)cc2)n1CC[C@@H](O)C[C@@H](O)CC(=O)O,558.6500000000003,6.313600000000008,0.0,0.0,,1.0,0.0,0.0,,,0.0,0.0,,0.0
Cc1cc(C2(c3cc(C)c(O)cc3C)OS(=O)(=O)c3ccccc32)c(C)cc1O,410.49100000000016,4.342280000000003,0.0,0.0,1.0,,1.0,1.0,0.0,0.0,0.0,0.0,1.0,0.0
Cc1ccc(S(=O)(=O)[O-])cc1C,185.224,1.20754,0.0,0.0,0.0,0.0,0.0,0.0,0.0,0.0,0.0,0.0,0.0,0.0
Cc1cccc(C)c1N,121.183,1.88564,0.0,0.0,0.0,0.0,0.0,0.0,0.0,0.0,0.0,0.0,0.0,0.0
Cc1ccc(C)c(N)c1,121.183,1.8856399999999998,0.0,0.0,,0.0,1.0,0.0,0.0,0.0,0.0,0.0,,0.0
Cc1cccc(N)c1C,121.183,1.88564,0.0,0.0,0.0,0.0,0.0,0.0,0.0,0.0,0.0,0.0,,0.0
Cc1ncc(CSSCc2cnc(C)c(O)c2CO)c(CO)c1O,368.48000000000013,2.5708400000000013,,,,,,,,0.0,,0.0,,
CC=Cc1ccc(O)c(OC)c1,164.20399999999998,2.4339000000000004,0.0,0.0,,,,,0.0,,0.0,0.0,,0.0
FC(F)(F)C(Cl)Br,197.381,2.5084999999999997,0.0,0.0,0.0,0.0,0.0,0.0,0.0,0.0,0.0,0.0,0.0,0.0
O=C(O)c1ccc(S(=O)(=O)N(Cl)Cl)cc1,270.09299999999996,1.6831,0.0,0.0,0.0,0.0,,0.0,0.0,1.0,0.0,0.0,0.0,0.0
CCCCOC(=O)c1ccc(N)cc1,193.24599999999998,2.2257,0.0,0.0,1.0,0.0,1.0,0.0,,0.0,1.0,0.0,0.0,0.0
Cc1ccc2c(C)cccc2c1,156.228,3.456640000000002,0.0,0.0,0.0,0.0,0.0,0.0,0.0,0.0,0.0,0.0,,0.0
CCC(C)C(C)(COC(N)=O)COC(N)=O,232.27999999999994,1.2294000000000005,,,,,,,,0.0,,0.0,,
CCN(CC)C(=O)[C@@H]1C=C2c3cccc4[nH]cc(c34)C[C@H]2N(C)C1,323.4400000000001,2.9060000000000015,0.0,0.0,1.0,0.0,1.0,1.0,0.0,,0.0,0.0,1.0,0.0
OC[C@@H](O)[C@@H](O)[C@H](O)[C@H](O)CO,182.172,-3.5854000000000004,0.0,0.0,0.0,0.0,0.0,0.0,0.0,0.0,0.0,0.0,0.0,0.0
CN1CCN(CCCN2c3ccccc3Sc3ccc(S(=O)(=O)N(C)C)cc32)CC1,446.6420000000003,3.177100000000001,0.0,0.0,0.0,0.0,0.0,0.0,0.0,0.0,0.0,0.0,,0.0
CCNCC.O=S(=O)(O)c1cc(O)ccc1O,263.315,0.9602999999999997,0.0,0.0,0.0,0.0,0.0,0.0,0.0,,0.0,,0.0,0.0
Cc1nn(-c2cc(NS(C)(=O)=O)c(Cl)cc2Cl)c(=O)n1C(F)F,387.19500000000005,2.41582,0.0,0.0,0.0,0.0,0.0,0.0,0.0,0.0,0.0,0.0,,0.0
OC(c1ccc(Cl)cc1)(c1cncnc1)c1ccccc1Cl,331.202,4.0676000000000005,0.0,0.0,0.0,1.0,1.0,1.0,,1.0,0.0,0.0,1.0,0.0
CCOC(=O)C(C)Oc1ccc(Oc2nc3ccc(Cl)cc3o2)cc1,361.7810000000001,4.603900000000004,0.0,0.0,,,1.0,0.0,0.0,1.0,0.0,0.0,0.0,0.0
CCOC(=O)NCCOc1ccc(Oc2ccccc2)cc1,301.34200000000004,3.6038000000000023,0.0,0.0,0.0,,,,0.0,1.0,0.0,0.0,,0.0
COc1c(O)cc2c(c1O)[C@@H]1O[C@H](CO)[C@@H](O)[C@H](O)[C@H]1OC2=O,328.2730000000001,-1.2006000000000006,0.0,0.0,0.0,0.0,0.0,0.0,0.0,,0.0,,0.0,0.0
Cc1onc(-c2ccccc2Cl)c1C(=O)N[C@@H]1C(=O)N2[C@@H](C(=O)[O-])C(C)(C)S[C@H]12,434.8810000000002,1.2140199999999999,0.0,0.0,0.0,0.0,0.0,0.0,0.0,0.0,0.0,0.0,0.0,0.0
CC(=O)O[C@H]1C[C@@]2(C)[C@@H](C[C@@H](O)[C@H]3[C@@]4(C)CC[C@@H](O)[C@@H](C)[C@@H]4CC[C@@]32C)/C1=C(\CCC=C(C)C)C(=O)[O-],515.7110000000004,4.331400000000003,0.0,0.0,0.0,0.0,0.0,0.0,0.0,,0.0,,,0.0
N#Cc1c[nH]cc1-c1cccc2c1OC(F)(F)O2,248.18799999999993,2.87488,0.0,0.0,1.0,1.0,0.0,1.0,0.0,,0.0,0.0,,1.0
CCN(CC)C(=O)N1CCN(C)CC1.O=C(O)CC(O)(CC(=O)O)C(=O)O,391.42100000000016,-0.552899999999996,1.0,0.0,0.0,,0.0,0.0,0.0,0.0,0.0,0.0,0.0,0.0
CCN(CC)CCc1nc(-c2ccccc2)no1.O=C(O)CC(O)(CC(=O)O)C(=O)O,437.4490000000003,1.3723999999999996,0.0,0.0,0.0,0.0,0.0,0.0,0.0,1.0,0.0,0.0,0.0,0.0
CN1[C@H]2CC[C@@H]1C[C@H](OC1c3ccccc3CCc3ccccc31)C2.O=C(O)CC(O)(CC(=O)O)C(=O)O,525.5980000000004,3.2679,0.0,0.0,0.0,0.0,0.0,0.0,0.0,,0.0,,,0.0
COc1ccc(C=O)cc1,136.14999999999998,1.5076999999999998,0.0,0.0,0.0,0.0,0.0,0.0,0.0,0.0,0.0,0.0,0.0,0.0
COP(=S)(OC)Oc1c(Cl)cc(C)cc1Cl,301.131,4.197920000000002,0.0,0.0,1.0,0.0,1.0,0.0,,0.0,0.0,0.0,1.0,0.0
O=C(NC(=O)c1c(F)cccc1F)Nc1ccc(OC(F)(F)C(F)OC(F)(F)F)c(Cl)c1,492.706,5.383700000000001,0.0,,0.0,,0.0,,0.0,,0.0,,0.0,
CCCOC(=O)c1ccc(C(=O)OCCC)nc1,251.28199999999993,2.2152000000000003,0.0,0.0,0.0,,0.0,0.0,0.0,0.0,0.0,0.0,0.0,0.0
CC(O)CCO,90.122,-0.25039999999999996,0.0,0.0,0.0,0.0,1.0,0.0,0.0,1.0,0.0,0.0,0.0,0.0
O=C(O)CCS,106.146,0.3909000000000001,0.0,0.0,0.0,0.0,0.0,0.0,0.0,0.0,0.0,0.0,0.0,0.0
CCCC[n+]1ccc(C)cc1.O=S(=O)([O-])C(F)(F)F,299.31399999999996,2.1340200000000005,0.0,0.0,0.0,0.0,0.0,0.0,0.0,0.0,0.0,0.0,0.0,0.0
CCC[N+]1(C)CCCCC1.F[B-](F)(F)F,229.06999999999994,3.326900000000002,0.0,0.0,0.0,0.0,,0.0,0.0,0.0,0.0,,0.0,0.0
CC(=O)C1CCCCC1=O,140.18200000000002,1.3347,0.0,0.0,0.0,0.0,0.0,0.0,0.0,0.0,0.0,0.0,0.0,0.0
CCCC[n+]1cccc(C)c1.O=S(=O)([O-])C(F)(F)F,299.31399999999996,2.1340200000000005,0.0,0.0,0.0,0.0,1.0,0.0,0.0,0.0,0.0,0.0,0.0,0.0
CCCCN1C=CN(C)C1,140.22999999999996,1.4626,0.0,0.0,0.0,0.0,0.0,0.0,0.0,0.0,0.0,0.0,0.0,0.0
CC1(C(=O)Nc2ccc(O)c(Cl)c2Cl)CCCCC1,302.20100000000014,4.607900000000002,0.0,0.0,0.0,0.0,1.0,1.0,0.0,1.0,0.0,0.0,1.0,0.0
CCC[N+]1(C)CCCCC1,142.26599999999996,2.0269,0.0,0.0,0.0,0.0,0.0,0.0,0.0,0.0,0.0,0.0,0.0,0.0
CCCC[N+]1(C)CCCCC1.F[B-](F)(F)F,243.09699999999992,3.717000000000003,0.0,0.0,0.0,0.0,0.0,0.0,0.0,0.0,0.0,0.0,0.0,0.0
N=C(N)N[N+](=O)[O-],104.06899999999999,-1.3388299999999997,0.0,0.0,0.0,0.0,0.0,0.0,0.0,0.0,0.0,0.0,0.0,0.0
CC(C)(C)OOC(C)(C)C,146.23,2.531600000000001,0.0,0.0,0.0,0.0,0.0,0.0,0.0,0.0,0.0,0.0,0.0,0.0
CCC(C)Nc1ccc(NC(C)CC)cc1,220.35999999999999,4.107400000000003,0.0,,,,,,,,,1.0,1.0,
CCCCNCCCC,129.24699999999999,2.1761999999999997,0.0,0.0,,0.0,0.0,0.0,0.0,0.0,0.0,0.0,,0.0
CCCCN(CCO)CCCC,173.29999999999995,1.8809,0.0,0.0,0.0,0.0,0.0,0.0,0.0,0.0,0.0,0.0,,0.0
O=C(O)c1ccc2[nH]cc(CCCCN3CC=C(c4ccccc4)CC3)c2c1,374.4840000000001,4.978100000000005,0.0,0.0,,0.0,0.0,0.0,0.0,0.0,0.0,0.0,0.0,0.0
CN1C2CCC1CC(OC(c1ccccc1)c1ccc(Cl)cc1)C2,341.88200000000006,5.071200000000005,0.0,0.0,,,,0.0,,,,,,1.0
Oc1ccc(C2CNCCc3c2cc(O)c(O)c3Cl)cc1,305.76099999999997,2.734400000000001,0.0,0.0,0.0,0.0,1.0,1.0,0.0,,0.0,0.0,0.0,0.0
Oc1ccc2[nH]cc(CCCCN3CC=C(c4ccccc4)CC3)c2c1,346.4740000000001,4.9855000000000045,0.0,,,0.0,0.0,0.0,0.0,,,,,0.0
C[C@@H](/C=C/[C@@H](C)[C@H]1CC[C@H]2/C(=C/C=C3C[C@@H](O)C[C@H](O)C3)CCC[C@@]21C)C(C)(C)O,416.6460000000003,5.560600000000006,0.0,0.0,0.0,0.0,,0.0,0.0,,0.0,,1.0,0.0
CCOC(=O)NNc1nncc2ccccc12,232.24300000000002,1.7027999999999996,0.0,0.0,0.0,0.0,0.0,0.0,0.0,0.0,0.0,0.0,0.0,0.0
CC(C)(C)NCCNC(C)(C)C,172.316,1.7625999999999995,0.0,0.0,0.0,0.0,0.0,0.0,0.0,0.0,0.0,0.0,,0.0
CCCCC(F)(F)[C@@]1(O)CC[C@H]2[C@@H](CC(=O)[C@@H]2CCCCCCC(=O)O)O1,390.4670000000003,4.309900000000003,0.0,0.0,0.0,,0.0,,0.0,,0.0,,,0.0
CC(C)=CCC/C(C)=C/CC/C(C)=C/CCC(=O)OC/C=C(\C)CCC=C(C)C,400.6470000000002,8.421700000000005,0.0,0.0,0.0,0.0,0.0,0.0,0.0,0.0,0.0,0.0,,0.0
CCN(CC)Cc1nccn1-c1ccc([N+](=O)[O-])cc1C(=O)c1ccccc1Cl,412.8770000000002,4.506700000000004,0.0,0.0,,0.0,0.0,0.0,0.0,1.0,0.0,0.0,0.0,0.0
OC1CCCCCCCCCCC1,184.32299999999995,3.652000000000003,0.0,0.0,0.0,0.0,0.0,0.0,0.0,0.0,0.0,0.0,1.0,0.0
CC(C)(C)CC(=O)OCC(=O)[C@@]12OC(C)(C)O[C@@H]1C[C@H]1[C@@H]3CCC4=CC(=O)C=C[C@]4(C)[C@@]3(F)[C@@H](O)C[C@@]12C,532.6490000000002,4.405900000000004,,0.0,0.0,,0.0,,0.0,,0.0,,,0.0
CCCCS(=O)(=O)N[C@@H](Cc1ccc(OCCCCC2CCNCC2)cc1)C(=O)O,440.6060000000003,2.9505,0.0,0.0,0.0,0.0,0.0,0.0,0.0,0.0,0.0,0.0,0.0,0.0
COC(=O)c1ccc(C(=O)O)cc1,180.159,1.1714,0.0,0.0,0.0,0.0,0.0,0.0,0.0,0.0,0.0,0.0,0.0,0.0
CN(C)CCOCCO,133.191,-0.4431000000000002,0.0,0.0,0.0,0.0,0.0,0.0,0.0,0.0,0.0,0.0,0.0,0.0
CC(C)[N+](C)(C)CC(O)COc1cccc2ccccc12,288.411,3.064300000000001,0.0,0.0,0.0,0.0,0.0,0.0,0.0,0.0,0.0,0.0,0.0,0.0
Cc1ccc(S(=O)(=O)NC(=O)N[C@@H](C)Cc2ccccc2)cc1,332.425,2.6141200000000007,0.0,0.0,,0.0,0.0,0.0,0.0,,0.0,,0.0,0.0
Nc1ccc(S(=O)(=O)NCc2ccccc2)cc1,262.334,1.7472999999999999,0.0,0.0,0.0,0.0,0.0,0.0,0.0,0.0,0.0,0.0,0.0,0.0
CC=CC=NNC(=O)c1ccncc1,189.21800000000002,1.3733,0.0,0.0,1.0,0.0,0.0,0.0,0.0,1.0,0.0,,0.0,0.0
O=C1C(=O)c2ncccc2-c2cccnc21,210.192,1.5226000000000002,0.0,0.0,1.0,1.0,,0.0,,,0.0,,,1.0
CC12CCC(C[N+](C)(CCC[N+](C)(C)C)C1)C2(C)C.COS(=O)(=O)[O-].COS(=O)(=O)[O-],490.68500000000023,1.1714000000000033,0.0,0.0,0.0,0.0,0.0,0.0,0.0,,0.0,,0.0,0.0
Nc1ccc(C(=O)Nc2ccccc2N)cc1,227.26700000000002,2.1033,1.0,,1.0,,1.0,0.0,1.0,,1.0,0.0,1.0,1.0
C[N+](C)(C)CCOC(=O)C(O)(c1ccccc1)c1ccccc1,314.40500000000003,2.1719,0.0,0.0,0.0,0.0,0.0,0.0,0.0,0.0,0.0,0.0,0.0,0.0
O=C(O)C=CC(=O)Nc1ccc(S(=O)(=O)Nc2nccs2)cc1,353.38100000000003,1.5231999999999994,0.0,0.0,0.0,0.0,0.0,0.0,0.0,,0.0,,0.0,0.0
FC(F)(F)C(F)(F)C(F)(F)C(F)(F)CCI,373.9839999999999,4.2797,0.0,0.0,0.0,0.0,1.0,0.0,0.0,0.0,0.0,0.0,0.0,0.0
CC/C=C\CCOC(=O)CC,156.225,2.2959000000000005,0.0,0.0,0.0,0.0,0.0,0.0,0.0,0.0,0.0,0.0,0.0,0.0
CO[PH](=O)OC,110.04899999999999,0.6688999999999998,0.0,0.0,0.0,0.0,0.0,0.0,0.0,0.0,0.0,0.0,0.0,0.0
C=CC(C)(CCC=C(C)C)OC(=O)CC,210.31699999999995,3.6307000000000027,0.0,0.0,0.0,0.0,0.0,0.0,0.0,0.0,0.0,0.0,0.0,0.0
CN1C(=O)CC[C@H]1c1cccnc1,176.21900000000002,1.3749,0.0,0.0,0.0,0.0,0.0,0.0,0.0,0.0,0.0,0.0,0.0,0.0
C[C@H]1C[C@@H](O)CC(C)(C)C1,142.24199999999996,2.1935000000000002,0.0,0.0,0.0,0.0,0.0,0.0,0.0,0.0,0.0,0.0,0.0,0.0
ClP(Cl)c1ccccc1,178.98600000000002,3.101400000000001,0.0,0.0,0.0,0.0,0.0,0.0,0.0,0.0,0.0,0.0,0.0,0.0
C1COCO1,74.079,-0.009299999999999975,0.0,0.0,0.0,0.0,0.0,0.0,0.0,0.0,0.0,0.0,,0.0
Cc1c(O)cccc1O,124.13899999999997,1.4062199999999998,0.0,0.0,,0.0,0.0,0.0,0.0,0.0,0.0,0.0,0.0,0.0
CCOC(=O)CC([O-])C(=O)OCC,189.18699999999995,-0.7683999999999995,0.0,0.0,0.0,0.0,0.0,0.0,0.0,0.0,0.0,0.0,0.0,0.0
c1ccc(CCc2ccccc2)cc1,182.26600000000002,3.4718000000000018,0.0,0.0,0.0,0.0,0.0,0.0,0.0,0.0,0.0,0.0,0.0,0.0
COC(=O)c1ccccc1,136.14999999999998,1.4732,0.0,0.0,0.0,0.0,0.0,0.0,0.0,0.0,0.0,0.0,0.0,0.0
C=CC(=O)OCC(C)OCC(C)OCC(C)OC(=O)C=C,300.35100000000006,1.6434999999999997,0.0,1.0,0.0,,,1.0,1.0,,1.0,,,
Cc1ccc(CO)cc1,122.16699999999999,1.48732,0.0,0.0,0.0,0.0,0.0,0.0,0.0,0.0,0.0,0.0,0.0,0.0
C/C=C(/C)C#N,81.118,1.47618,0.0,0.0,0.0,0.0,0.0,0.0,0.0,0.0,0.0,0.0,0.0,0.0
C=CC(=O)OCC[N+](C)(C)C,158.22099999999998,0.42179999999999995,0.0,0.0,0.0,0.0,0.0,0.0,0.0,1.0,0.0,0.0,0.0,0.0
O=C(C=Cc1ccccc1)OCc1ccccc1,238.286,3.443200000000002,0.0,0.0,0.0,0.0,1.0,0.0,0.0,1.0,0.0,0.0,0.0,0.0
N#Cc1ccccc1O,119.12299999999996,1.26388,0.0,0.0,1.0,0.0,0.0,0.0,0.0,0.0,0.0,0.0,0.0,0.0
CCCCCCCCCCCCCCCC[N+](C)(C)Cc1ccccc1,360.65000000000003,7.744300000000009,0.0,,0.0,,,0.0,,,,,1.0,
CC(N)C12CC3CC(CC(C3)C1)C2,179.30699999999996,2.5500000000000007,0.0,0.0,0.0,0.0,0.0,0.0,0.0,0.0,0.0,0.0,,0.0
CC(C)(N)Cc1ccc(Cl)cc1,183.682,2.6198000000000006,0.0,0.0,0.0,0.0,0.0,0.0,0.0,0.0,0.0,0.0,,0.0
CCCCC(CC)COC(=O)COc1ccc(Cl)cc1C,312.837,4.786820000000005,0.0,0.0,0.0,0.0,0.0,0.0,0.0,0.0,0.0,0.0,0.0,0.0
COc1cc(NCc2ccc3nc(N)nc(N)c3c2C)cc(OC)c1OC,369.4250000000001,2.740520000000001,,,,,,,,1.0,,0.0,,
CN(C)CC[C@@H](c1ccc(Br)cc1)c1ccccn1,319.246,3.9277000000000024,0.0,0.0,0.0,0.0,0.0,0.0,0.0,0.0,0.0,0.0,0.0,0.0
O[C@@H](c1cc(C(F)(F)F)nc2c(C(F)(F)F)cccc12)[C@H]1CCCCN1,378.31600000000014,4.447900000000003,0.0,,,,1.0,,,,,0.0,,
O=C(O)CCC(=O)O.c1ccc(C2(c3ccccc3)CC2C2=NCCN2)cc1,380.4440000000002,2.9301000000000004,0.0,,0.0,0.0,1.0,0.0,0.0,,0.0,,0.0,0.0
CC1NCCOC1c1ccccc1,177.247,1.736,0.0,0.0,0.0,0.0,0.0,0.0,0.0,0.0,0.0,0.0,0.0,0.0
CCCc1ncc(C(=O)O)s1,171.221,1.7938,,,,,,,,0.0,,0.0,,
O=C(CCOCCOCCOCCOCCC(=O)Nc1c(I)cc(I)c(C(=O)O)c1I)Nc1c(I)cc(I)c(C(=O)O)c1I,1287.9219999999998,6.134400000000004,,,,,,,,0.0,,0.0,,
CCCCCC(CO)CCC,158.28499999999997,2.9753000000000016,0.0,0.0,0.0,0.0,0.0,0.0,0.0,0.0,0.0,0.0,0.0,0.0
Cc1cccc2[nH]nnc12,133.15400000000002,1.26632,0.0,0.0,0.0,0.0,0.0,0.0,0.0,0.0,0.0,0.0,0.0,0.0
CCCCCCCCCCCC(=O)OC[C@@H](O)[C@H]1OC[C@H](OCCO)[C@H]1OCCO,434.5700000000003,1.965199999999999,0.0,0.0,0.0,1.0,0.0,0.0,0.0,1.0,0.0,0.0,0.0,0.0
CS(=O)(=O)OCC(O)C(O)COS(C)(=O)=O,278.30400000000003,-2.3393999999999986,0.0,0.0,,0.0,0.0,0.0,0.0,,0.0,,0.0,0.0
C=CCN(CC=C)CC=C,137.22599999999997,1.8464,0.0,0.0,0.0,0.0,0.0,0.0,0.0,1.0,0.0,0.0,,0.0
C=CCn1c(=O)n(CC=C)c(=O)n(CC=C)c1=O,249.26999999999995,-0.27030000000000043,0.0,0.0,0.0,0.0,0.0,0.0,0.0,0.0,0.0,0.0,0.0,0.0
O=C(NCO)NCO,120.10799999999999,-1.8148,0.0,0.0,0.0,0.0,0.0,0.0,0.0,0.0,0.0,0.0,0.0,0.0
Cc1cccc(O)c1C,122.16699999999999,2.0090399999999997,0.0,0.0,0.0,0.0,0.0,0.0,0.0,0.0,0.0,0.0,0.0,0.0
Cc1ccc(C)c(O)c1,122.16699999999999,2.0090399999999997,0.0,0.0,0.0,0.0,0.0,0.0,0.0,0.0,0.0,0.0,0.0,0.0
Cc1cc(C)cc(O)c1,122.16699999999997,2.0090399999999997,0.0,0.0,0.0,0.0,0.0,0.0,0.0,0.0,0.0,0.0,0.0,0.0
CN(C)c1ccc(N)cc1,136.19799999999998,1.3348,,0.0,1.0,,1.0,0.0,0.0,1.0,1.0,0.0,1.0,0.0
COc1cc2c(cc1O)CCN[C@]21CS[C@@H]2c3c(OC(C)=O)c(C)c4c(c3[C@H](COC1=O)N1[C@@H](O)[C@@H]3Cc5cc(C)c(OC)c(O)c5[C@H]([C@H]21)N3C)OCO4,761.85,3.413240000000002,0.0,,,,,0.0,,,0.0,,,1.0
Nc1cc(=O)nc(N)[nH]1,126.11900000000001,-1.0657000000000003,0.0,0.0,0.0,0.0,0.0,0.0,0.0,0.0,0.0,0.0,0.0,0.0
Cc1coc2c1CCC(C)C2,150.22099999999998,2.7128200000000007,,,,0.0,,0.0,0.0,0.0,0.0,0.0,,0.0
Nc1c[n+](N2CCOCC2)no1,171.18,-1.4874999999999992,0.0,0.0,0.0,0.0,0.0,0.0,0.0,0.0,0.0,0.0,0.0,0.0
CC(C)(Cl)Cl,112.98700000000001,2.2001,0.0,0.0,0.0,0.0,0.0,0.0,0.0,0.0,0.0,0.0,0.0,0.0
O=C(O)Cc1ccc(OCCNC[C@H](O)c2ccccc2)cc1,315.36899999999997,2.0157,0.0,,0.0,0.0,0.0,0.0,0.0,0.0,0.0,1.0,0.0,0.0
CN1CCCN(C(c2ccccc2)c2ccc(Cl)cc2)CC1,314.8600000000001,4.066900000000003,0.0,0.0,0.0,0.0,0.0,0.0,,1.0,0.0,0.0,,
Cn1cc(NC(=O)c2cc(NC(=O)c3cc(NC=O)cn3C)cn2C)cc1C(=O)NCCC(=N)N,481.5170000000003,0.8308700000000004,0.0,0.0,0.0,0.0,,0.0,0.0,,0.0,,0.0,0.0
CC(=O)O[C@H]1CC[C@@]2(C)C(=CC[C@H]3[C@@H]4CC=C(c5cccnc5)[C@@]4(C)CC[C@@H]32)C1,391.5550000000002,5.9694000000000065,0.0,0.0,0.0,0.0,1.0,1.0,0.0,,0.0,,0.0,0.0
c1ccc(-c2ccc(C(c3ccccc3)n3ccnc3)cc2)cc1,310.40000000000003,5.187800000000005,0.0,,1.0,1.0,0.0,,0.0,,0.0,1.0,0.0,
CCCCC(=O)O[C@]1(C(=O)CO)CC[C@H]2[C@@H]3CCC4=CC(=O)CC[C@]4(C)[C@H]3[C@@H](O)C[C@@]21C,446.58400000000023,3.522700000000002,1.0,1.0,0.0,,0.0,,0.0,0.0,0.0,0.0,0.0,0.0
CC[N+](C)(CC)CCOC(=O)C(O)(c1ccccc1)C1CCCCC1,348.50700000000023,3.4841000000000015,0.0,0.0,0.0,0.0,,0.0,0.0,0.0,0.0,0.0,0.0,0.0
O=C(O)c1ccc(OCCn2ccnc2)cc1,232.239,1.6602999999999997,0.0,0.0,0.0,0.0,0.0,0.0,0.0,,0.0,,0.0,0.0
CCCCCCCCNC(C)C(O)c1ccc(SC(C)C)cc1,337.5730000000001,5.559100000000006,0.0,,0.0,,,,0.0,,,1.0,,
COc1cc(OC)nc(NC(=O)[N-]S(=O)(=O)c2ncccc2OCC(F)(F)F)n1,436.3480000000001,2.1243999999999996,0.0,0.0,,0.0,,0.0,0.0,0.0,0.0,0.0,0.0,0.0
CN/C(=N/[N+](=O)[O-])NCC1CCOC1,202.21399999999994,-0.6203999999999994,0.0,0.0,0.0,,0.0,0.0,0.0,0.0,0.0,0.0,0.0,0.0
CC1(C)OC[C@@H]2O[C@@]3(C(=O)[O-])OC(C)(C)O[C@H]3[C@@H]2O1,273.26099999999997,-0.8655999999999984,0.0,0.0,,0.0,0.0,0.0,0.0,0.0,0.0,0.0,0.0,0.0
O=Cc1ccccc1Cl,140.56899999999996,2.1525,0.0,0.0,0.0,0.0,0.0,0.0,0.0,,0.0,0.0,0.0,0.0
Nc1cccc(Cl)c1,127.574,1.9222,0.0,0.0,0.0,0.0,0.0,0.0,0.0,0.0,0.0,0.0,0.0,0.0
CCOc1ccc(N)c([N+](=O)[O-])c1,182.17899999999997,1.5756999999999999,0.0,0.0,0.0,0.0,0.0,0.0,0.0,0.0,0.0,0.0,0.0,0.0
Cc1ccc(-c2nc3ccc(C)cn3c2CC(=O)N(C)C)cc1,307.39700000000005,3.2488400000000013,1.0,0.0,,,0.0,0.0,0.0,0.0,0.0,0.0,0.0,0.0
CN1CCCC(n2nc(Cc3ccc(Cl)cc3)c3ccccc3c2=O)CC1,381.9070000000002,4.297500000000004,0.0,0.0,0.0,0.0,0.0,0.0,0.0,0.0,0.0,0.0,,0.0
O=C1C=C2C=C[C@@H]3C[C@@]2(O1)[C@H]1CCCCN31,217.26799999999994,1.405,0.0,0.0,,,,0.0,,,1.0,,0.0,
Clc1ccc(CO/N=C(\Cn2ccnc2)c2ccc(Cl)cc2Cl)c(Cl)c1,429.1340000000001,6.117800000000003,0.0,0.0,1.0,1.0,0.0,0.0,0.0,,0.0,1.0,0.0,
CCCCCCCCCCCCCCCCOP(=O)([O-])OCC[N+](C)(C)C,407.57600000000014,5.675500000000006,0.0,0.0,0.0,0.0,0.0,0.0,0.0,,0.0,0.0,,0.0
CC(=O)Nc1ccccc1O,151.16499999999996,1.3505999999999998,0.0,0.0,1.0,0.0,0.0,0.0,0.0,1.0,0.0,0.0,0.0,0.0
CCCc1cc(C(N)=S)ccn1,180.276,1.6683000000000001,0.0,0.0,0.0,0.0,0.0,0.0,0.0,0.0,0.0,0.0,0.0,0.0
CC(=O)Nc1cccc(O)c1,151.165,1.3505999999999998,0.0,0.0,0.0,0.0,0.0,0.0,0.0,0.0,0.0,0.0,0.0,0.0
CO/N=C1\CN(c2nc3c(cc2F)c(=O)c(C(=O)O)cn3C2CC2)CC1CN,389.38700000000017,0.966,0.0,0.0,,0.0,0.0,0.0,0.0,,0.0,0.0,0.0,0.0
C=CCCC#N,81.118,1.47618,0.0,0.0,0.0,0.0,0.0,0.0,0.0,0.0,0.0,0.0,0.0,0.0
C=CC/C=C/C,82.14599999999999,2.1386000000000003,0.0,0.0,0.0,0.0,,0.0,0.0,0.0,0.0,0.0,,0.0
CCCCOC(=O)CC,130.18699999999998,1.7397,0.0,0.0,0.0,0.0,0.0,0.0,0.0,0.0,0.0,0.0,0.0,0.0
CC1=CCC(=C(C)C)CC1,136.238,3.453000000000002,0.0,0.0,0.0,0.0,1.0,0.0,0.0,0.0,0.0,0.0,0.0,0.0
CCCCOC(=O)COC(=O)c1ccccc1C(=O)OCCCC,336.3840000000002,3.143600000000002,0.0,0.0,0.0,0.0,0.0,0.0,0.0,0.0,0.0,0.0,0.0,0.0
Fc1ccc([C@@H]2CCNC[C@H]2COc2ccc3c(c2)OCO3)cc1,329.3710000000001,3.326500000000002,0.0,0.0,0.0,,,0.0,,,0.0,,,
CCSC(=O)N(CC(C)C)CC(C)C,217.378,3.4735000000000023,0.0,0.0,0.0,0.0,0.0,0.0,0.0,0.0,0.0,0.0,0.0,0.0
NC1=NC(=O)C(c2ccccc2)O1,176.17499999999998,0.5992000000000001,0.0,0.0,0.0,0.0,0.0,0.0,0.0,0.0,0.0,0.0,0.0,0.0
CCC(=O)c1ccc(O)cc1,150.177,1.9848999999999997,0.0,0.0,0.0,0.0,0.0,0.0,0.0,,0.0,0.0,0.0,0.0
CCCCCCCC(=O)Oc1c(Br)cc(C#N)cc1Br,403.11400000000003,5.349180000000004,0.0,,0.0,,,0.0,,0.0,,0.0,1.0,0.0
CC(=O)OCC(=O)[C@@]1(O)[C@H](C)C[C@H]2[C@@H]3C[C@H](F)C4=CC(=O)C=C[C@]4(C)[C@H]3[C@@H](O)C[C@@]21C,434.50400000000025,2.3224,1.0,1.0,,,0.0,0.0,0.0,,0.0,,0.0,0.0
CCCCCCCCCCC,156.313,4.537100000000004,0.0,0.0,,,0.0,0.0,0.0,0.0,0.0,0.0,0.0,0.0
CCCCCCCCCCC=O,170.296,3.7161000000000026,0.0,0.0,0.0,0.0,1.0,0.0,0.0,0.0,0.0,0.0,0.0,0.0
CC1=CC(=O)CC(C)(C)C1=O,152.19299999999998,1.5008,0.0,0.0,0.0,0.0,0.0,0.0,0.0,0.0,0.0,0.0,0.0,0.0
CCCCCCCCCCCCC(=O)O,214.34899999999996,4.382000000000003,0.0,0.0,0.0,0.0,,0.0,0.0,,0.0,0.0,0.0,0.0
O=C(O)CCCCCCCCCCCC(=O)O,244.33099999999993,3.4467000000000017,0.0,0.0,0.0,0.0,0.0,0.0,0.0,0.0,0.0,0.0,0.0,0.0
O=C(CCl)C(Cl)Cl,161.41500000000002,1.598,0.0,1.0,,,1.0,1.0,1.0,1.0,0.0,,,1.0
CCC(C)c1ccc(O)cc1,150.22099999999998,2.9057000000000013,0.0,0.0,0.0,0.0,,0.0,0.0,0.0,0.0,0.0,1.0,0.0
CCCCCCCC(=O)N(C)C,171.284,2.4351000000000003,0.0,0.0,0.0,0.0,0.0,0.0,0.0,0.0,0.0,0.0,0.0,0.0
CCC(C)c1ccccc1O,150.22099999999998,2.9057000000000017,0.0,0.0,0.0,0.0,0.0,0.0,0.0,0.0,0.0,0.0,1.0,0.0
CN(C)CCCCCCN(C)C,172.316,1.67,0.0,0.0,0.0,0.0,0.0,0.0,0.0,0.0,0.0,0.0,0.0,0.0
O=C(O)c1nn(Cc2ccc(Cl)cc2Cl)c2ccccc12,321.16300000000007,4.089600000000002,0.0,,0.0,0.0,1.0,1.0,,1.0,0.0,0.0,0.0,0.0
CC[C@H](C)C(=O)O[C@H]1C[C@@H](C)C=C2C=C[C@H](C)[C@H](CC[C@@H]3C[C@@H](O)CC(=O)O3)[C@H]21,404.54700000000025,4.195500000000004,0.0,0.0,0.0,1.0,0.0,0.0,0.0,1.0,0.0,0.0,1.0,0.0
O=C(Nc1cccc([N+](=O)[O-])c1)c1cc2ccccc2cc1O,308.29300000000006,3.705900000000001,0.0,0.0,1.0,,,0.0,0.0,1.0,0.0,,1.0,
CN(C)c1ccc(O)c2c1C[C@H]1C[C@H]3[C@H](N(C)C)C(O)=C(C(N)=O)C(=O)[C@@]3(O)C(O)=C1C2=O,457.48300000000023,0.1866000000000017,0.0,0.0,1.0,0.0,0.0,0.0,0.0,0.0,0.0,0.0,0.0,0.0
CCCCCCCC1CCCC1=O,182.30699999999996,3.7161000000000026,0.0,0.0,0.0,0.0,0.0,0.0,0.0,0.0,0.0,0.0,,0.0
CC1=CC(C)C(C=O)C(C)C1,152.23699999999997,2.4237,0.0,0.0,0.0,0.0,0.0,0.0,0.0,0.0,0.0,0.0,0.0,0.0
O=S(=O)([O-])c1ccc2cc(O)c(S(=O)(=O)[O-])cc2c1,302.285,0.3536000000000003,0.0,0.0,0.0,0.0,0.0,0.0,0.0,0.0,0.0,0.0,0.0,0.0
NC[C@H]1O[C@H](O[C@@H]2[C@@H](N)C[C@@H](N)[C@H](O[C@H]3O[C@H](CO)[C@@H](O)[C@H](N)[C@H]3O)[C@H]2O)[C@H](N)C[C@@H]1O,467.52000000000015,-6.295799999999999,0.0,0.0,0.0,0.0,0.0,0.0,0.0,,0.0,,0.0,0.0
Cc1ccc(C(=O)c2cc(O)c(O)c([N+](=O)[O-])c2)cc1,273.24399999999997,2.545420000000002,0.0,,,0.0,0.0,0.0,,,0.0,0.0,1.0,0.0
N#C[Au-]C#N,249.00300000000001,0.031059999999999997,0.0,,,,,1.0,,1.0,1.0,1.0,,
Cc1ccc(O)c([C@H](CCN(C(C)C)C(C)C)c2ccccc2)c1,325.496,5.341420000000006,0.0,,0.0,0.0,0.0,0.0,0.0,0.0,0.0,0.0,1.0,0.0
CC(C)N1CCN(c2ccc(OC[C@H]3CO[C@](Cn4cncn4)(c4ccc(Cl)cc4Cl)O3)cc2)CC1,532.472,4.462700000000003,0.0,0.0,1.0,,0.0,0.0,0.0,,0.0,,,0.0
CCCCCCCCCCCCn1cc[n+](C)c1.O=S(=O)([N-]S(=O)(=O)C(F)(F)F)C(F)(F)F,531.5850000000002,5.292800000000005,0.0,0.0,0.0,1.0,,,,,0.0,,,
CCCCCCCCCCn1cc[n+](C)c1.O=S(=O)([O-])C(F)(F)F,372.45300000000003,3.5047000000000024,0.0,0.0,0.0,1.0,,,0.0,1.0,0.0,0.0,1.0,
Clc1ccc(CSC(Cn2ccnc2)c2ccc(Cl)cc2Cl)cc1,397.75800000000015,6.518000000000003,0.0,0.0,0.0,1.0,0.0,0.0,0.0,,0.0,1.0,,
COc1cc2nc(N3CCN(C(=O)C4CCCO4)CC3)nc(N)c2cc1OC,387.44000000000017,1.0567999999999995,0.0,0.0,0.0,0.0,0.0,0.0,0.0,0.0,0.0,0.0,,0.0
OCCOc1ccccc1,138.16599999999997,1.0576999999999999,0.0,0.0,0.0,0.0,0.0,0.0,0.0,0.0,0.0,0.0,0.0,0.0
CNCC(O)c1ccc(OC(=O)C(C)(C)C)c(OC(=O)C(C)(C)C)c1,351.4430000000001,2.8424000000000014,0.0,0.0,,0.0,0.0,0.0,0.0,,0.0,,,0.0
O=C(OCC(O)CO)c1ccccc1Nc1ccnc2cc(Cl)ccc12,372.80800000000005,3.141800000000001,0.0,0.0,,,0.0,0.0,0.0,1.0,0.0,1.0,,0.0
CN(C/C=C/c1ccccc1)Cc1cccc2ccccc12,287.406,4.985000000000004,0.0,0.0,0.0,0.0,0.0,0.0,0.0,0.0,0.0,0.0,0.0,0.0
O=NN1CCN(N=O)CC1,144.134,-0.033199999999999896,0.0,0.0,,0.0,0.0,0.0,0.0,0.0,0.0,0.0,0.0,0.0
C=C(C)[C@H]1CC=C(C)C(=O)C1,150.22099999999998,2.4879000000000007,0.0,0.0,0.0,0.0,0.0,0.0,0.0,0.0,0.0,0.0,0.0,0.0
Oc1ccccc1O,110.11199999999998,1.0977999999999999,0.0,0.0,1.0,,0.0,1.0,0.0,1.0,0.0,0.0,0.0,0.0
ClC(Cl)(Cl)Cl,153.823,2.5529,0.0,0.0,0.0,0.0,0.0,0.0,0.0,0.0,0.0,0.0,0.0,0.0
O=[N+]([O-])c1ccc(O)c([N+](=O)[O-])c1,184.10699999999997,1.2086,0.0,,,0.0,,0.0,,1.0,,0.0,1.0,0.0
CCC(Br)(CC)C(=O)NC(N)=O,237.09699999999998,1.1349999999999998,0.0,0.0,0.0,0.0,0.0,0.0,0.0,0.0,0.0,0.0,0.0,0.0
CC1=C(/C=C/C(C)=C/C=C/C(C)=C/C=C\C=C(C)\C=C\C=C(C)\C=C\C2=C(C)CCCC2(C)C)C(C)(C)CCC1,536.8880000000004,12.605799999999977,0.0,0.0,0.0,0.0,0.0,0.0,0.0,,0.0,,0.0,0.0
Cc1c([N+](=O)[O-])cccc1[N+](=O)[O-],182.13499999999996,1.81142,0.0,0.0,0.0,0.0,0.0,0.0,0.0,0.0,0.0,0.0,0.0,0.0
Cc1ccc([N+](=O)[O-])cc1[N+](=O)[O-],182.135,1.81142,0.0,0.0,0.0,0.0,0.0,0.0,0.0,0.0,0.0,0.0,0.0,0.0
CC1=C(C(=O)O)N2C(=O)[C@@H](NC(=O)[C@H](N)C3=CCC=CC3)[C@H]2SC1,349.4120000000001,0.34860000000000113,0.0,0.0,0.0,0.0,0.0,0.0,0.0,0.0,0.0,0.0,0.0,0.0
CCCCC(CC)COC(=O)COc1cc(Cl)c(Cl)cc1Cl,367.70000000000005,5.785200000000005,0.0,0.0,0.0,0.0,0.0,0.0,0.0,0.0,0.0,0.0,0.0,0.0
CCCCOCCOC(=O)COc1cc(Cl)c(Cl)cc1Cl,355.6450000000001,4.385500000000004,0.0,0.0,0.0,0.0,0.0,0.0,0.0,0.0,0.0,0.0,0.0,0.0
O=C(O)c1cccnc1C(=O)O,167.11999999999998,0.478,0.0,0.0,0.0,0.0,0.0,0.0,0.0,0.0,0.0,0.0,0.0,0.0
CC(O)C(C)O,90.122,-0.252,0.0,0.0,0.0,0.0,0.0,0.0,0.0,0.0,0.0,0.0,0.0,0.0
CCCC[N+]1(C)CCCC1.F[B-](F)(F)F,229.06999999999994,3.326900000000002,0.0,0.0,0.0,0.0,0.0,0.0,0.0,0.0,0.0,0.0,0.0,0.0
CCC(=O)c1cccc(Cl)c1,168.623,2.9327000000000014,0.0,0.0,0.0,0.0,0.0,0.0,0.0,0.0,0.0,0.0,,0.0
CCOS(=O)(=O)[O-].CCn1cc[n+](C)c1,236.293,-0.1843999999999999,0.0,0.0,0.0,0.0,0.0,0.0,0.0,0.0,0.0,0.0,0.0,0.0
CCCC[n+]1ccc(C)cc1.F[B-](F)(F)F,237.04899999999995,3.382620000000003,0.0,0.0,0.0,0.0,0.0,0.0,0.0,,0.0,0.0,0.0,0.0
CCCCCCCCCCCCCCCCCBr,319.37099999999987,7.252700000000007,0.0,0.0,0.0,0.0,0.0,0.0,0.0,0.0,0.0,0.0,,0.0
O=[N+]([O-])c1ccc(F)c(Cl)c1,175.546,2.3873000000000006,0.0,0.0,0.0,0.0,0.0,0.0,0.0,0.0,0.0,0.0,0.0,0.0
CC[n+]1ccccc1.F[B-](F)(F)F,194.96799999999996,2.2940000000000005,0.0,0.0,0.0,0.0,0.0,0.0,0.0,0.0,0.0,0.0,0.0,0.0
CCCCn1cc[n+](C)c1.Cl[Fe-](Cl)(Cl)Cl,336.8789999999999,3.8682000000000034,0.0,0.0,0.0,0.0,0.0,0.0,0.0,,0.0,0.0,0.0,0.0
O=C(Nc1ccc(F)cc1F)c1cccnc1Oc1cccc(C(F)(F)F)c1,394.29900000000004,5.423200000000003,0.0,0.0,1.0,0.0,0.0,0.0,0.0,0.0,0.0,0.0,1.0,0.0
OCC=Cc1ccccc1,134.178,1.6921,0.0,0.0,0.0,0.0,1.0,0.0,0.0,0.0,0.0,0.0,0.0,0.0
C/C=C(\C)C(C)=O,98.14499999999998,1.5416,0.0,0.0,0.0,0.0,0.0,0.0,0.0,0.0,0.0,0.0,0.0,0.0
CCCC(CC)c1ccccc1,162.276,3.9803000000000033,0.0,0.0,0.0,0.0,0.0,0.0,0.0,0.0,0.0,0.0,0.0,0.0
Cc1cc(CC(=O)O)c(C)n1-c1ccc(Cl)cc1,263.724,3.374640000000001,,,,,,,,,,0.0,,
CCCCC(CC)C(=O)OCCOCCOCCOC(=O)C(CC)CCCC,402.57200000000023,4.538800000000004,0.0,0.0,0.0,0.0,0.0,0.0,0.0,0.0,0.0,0.0,0.0,0.0
O=P([O-])(O)C(O)(Cc1cccnc1)P(=O)([O-])O,281.09700000000004,-1.6384000000000003,,,,,,,,0.0,,0.0,,
Cc1cc(C(C)(C)c2cc(C)c(O)c(C)c2)cc(C)c1O,284.399,4.657380000000004,0.0,,0.0,,1.0,1.0,,,0.0,0.0,,1.0
CCCSC(=O)Cl,138.61899999999997,2.4884000000000004,0.0,0.0,0.0,0.0,0.0,0.0,0.0,0.0,0.0,0.0,0.0,0.0
O=C(O)C(Cc1cc(I)c(O)c(I)c1)c1ccccc1,494.06600000000003,4.012300000000002,0.0,0.0,0.0,0.0,,0.0,1.0,0.0,0.0,0.0,0.0,0.0
CC(O)COC(C)(C)C,132.203,1.1823000000000001,,,0.0,0.0,,0.0,0.0,0.0,0.0,0.0,0.0,0.0
C1COC1,58.07999999999999,0.40670000000000006,,,,0.0,,0.0,0.0,0.0,0.0,0.0,0.0,0.0
CC(=O)/C=C/c1ccccc1,146.189,2.2888,0.0,0.0,0.0,0.0,0.0,0.0,0.0,0.0,0.0,,0.0,0.0
FC(F)(F)C(F)(F)C(F)(F)C(F)(F)C(F)(F)C(F)(F)C(F)(F)C(F)(F)Br,498.95799999999997,6.348200000000002,0.0,0.0,0.0,0.0,0.0,0.0,0.0,0.0,0.0,0.0,0.0,0.0
NCc1ccccc1Sc1ccccc1CO,245.34699999999998,2.7888000000000015,0.0,0.0,0.0,0.0,0.0,0.0,0.0,0.0,0.0,0.0,0.0,0.0
c1ccc(CNCCNCc2ccccc2)cc1,240.35000000000002,2.5660000000000007,,,,,,,,0.0,,0.0,,
CCCc1ccc(C(=O)O)cc1,164.20399999999998,2.3373,0.0,0.0,0.0,0.0,0.0,0.0,0.0,,0.0,,0.0,0.0
O=C(O)c1ccccc1-c1ccc(C(F)(F)F)cc1,266.21799999999996,4.0706000000000016,0.0,0.0,,0.0,0.0,0.0,1.0,0.0,0.0,0.0,0.0,0.0
C=CCCCCCCCCC(=O)OC,198.30599999999998,3.4662000000000015,0.0,0.0,0.0,0.0,0.0,0.0,0.0,,0.0,,0.0,0.0
CC(=O)Oc1ccc(C)cc1,150.177,1.92032,0.0,0.0,0.0,0.0,0.0,0.0,0.0,0.0,0.0,0.0,0.0,0.0
O=C([O-])c1nc(O)nc(O)n1,156.077,-2.3537000000000003,0.0,0.0,0.0,0.0,0.0,0.0,,,0.0,,0.0,0.0
[O-][n+]1cccc(CO)c1,125.12699999999998,-0.1876999999999998,0.0,0.0,0.0,0.0,,0.0,0.0,0.0,0.0,0.0,0.0,0.0
OC[C@H]1O[C@@H](O)[C@H](O)[C@@H](O)[C@@H]1O[C@@H]1O[C@H](CO)[C@H](O)[C@H](O)[C@H]1O,342.297,-5.397199999999993,0.0,0.0,0.0,0.0,0.0,0.0,0.0,0.0,0.0,0.0,,0.0
CNc1c2c(nn1C)CCCC2,165.23999999999998,1.3406,0.0,0.0,0.0,0.0,0.0,0.0,0.0,0.0,0.0,0.0,0.0,0.0
CC(O)C(=O)O,90.07799999999999,-0.5482,1.0,0.0,0.0,0.0,0.0,0.0,0.0,0.0,0.0,0.0,0.0,0.0
Nc1nnc(-c2cccc(Cl)c2Cl)c(N)n1,256.09599999999995,2.0098,0.0,0.0,,0.0,0.0,0.0,0.0,0.0,0.0,0.0,,0.0
O=C(O)c1cc(C(=O)O)cc([N+](=O)[O-])c1,211.129,0.9912000000000001,0.0,0.0,0.0,0.0,0.0,0.0,0.0,0.0,0.0,0.0,0.0,0.0
CCOCN(C(=O)CCl)c1c(C)cccc1CC,269.772,3.1232200000000017,0.0,0.0,0.0,,0.0,0.0,,1.0,0.0,1.0,,0.0
CC(=O)O[C@H]1C[C@H](O[C@H]2[C@@H](O)C[C@H](O[C@H]3[C@@H](O)C[C@H](OC4CC[C@@]5(C)C(CC[C@@H]6[C@@H]5CC[C@]5(C)[C@@H](C7=CC(=O)OC7)[C@@H](O)C[C@]65O)C4)O[C@@H]3C)O[C@@H]2C)O[C@H](C)[C@H]1O[C@@H]1O[C@H](CO)[C@@H](O)[C@H](O)[C@H]1O,985.1270000000006,0.6131000000000075,,,0.0,,,0.0,1.0,,,,1.0,1.0
COc1cc2c(cc1OC)C(C(C(=O)N(CCc1ccc(OC)c(OC)c1OC)CCc1ccc(OC)c(OC)c1OC)c1ccccc1)=NCC2,712.8400000000001,6.1984000000000075,0.0,0.0,,0.0,0.0,0.0,,0.0,0.0,0.0,,0.0
COC(=O)C(CN)c1c[nH]c2ccc(OC)cc12,248.282,1.3917999999999995,0.0,0.0,1.0,0.0,0.0,0.0,0.0,,0.0,,0.0,0.0
CN1CCC(Nc2ncc3ncnc(Nc4ccc(F)c(Cl)c4)c3n2)CC1,387.85000000000014,3.4620000000000015,0.0,1.0,1.0,,0.0,,1.0,1.0,1.0,1.0,,1.0
Cc1cccc(C)c1NC(=O)c1ccccc1C(=O)O,269.3,3.253940000000001,0.0,0.0,,0.0,,0.0,0.0,0.0,0.0,0.0,0.0,0.0
OB(O)O[Hg]c1ccccc1,338.5210000000001,-0.7045000000000003,0.0,1.0,,,,1.0,,,1.0,,,1.0
CC(=O)c1sc(C)nc1C,155.22199999999998,1.9625400000000002,0.0,0.0,0.0,0.0,0.0,0.0,0.0,0.0,0.0,0.0,0.0,0.0
CCC(=O)C(=O)CC,114.14399999999999,0.9446,0.0,0.0,0.0,0.0,0.0,0.0,0.0,0.0,0.0,0.0,0.0,0.0
CC1(C)S[C@@H]2[C@H](NC(=O)[C@H](N)c3ccccc3)C(=O)N2[C@H]1C(=O)OCOC(=O)[C@@H]1N2C(=O)C[C@H]2S(=O)(=O)C1(C)C,594.6680000000002,-0.5885999999999969,0.0,,0.0,0.0,0.0,0.0,,,0.0,,0.0,
CN[C@@H]1[C@H](O[C@H]2[C@H](O[C@@H]3[C@@H](NC(=N)N)[C@H](O)[C@@H](NC(=N)N)[C@H](O)[C@H]3O)O[C@@H](C)[C@]2(O)CO)O[C@@H](CO)[C@H](O)[C@H]1O.CN[C@@H]1[C@H](O[C@H]2[C@H](O[C@@H]3[C@@H](NC(=N)N)[C@H](O)[C@@H](NC(=N)N)[C@H](O)[C@H]3O)O[C@@H](C)[C@]2(O)CO)O[C@@H](CO)[C@H](O)[C@H]1O,1167.192000000001,-15.896719999999966,0.0,0.0,0.0,0.0,1.0,0.0,0.0,,0.0,,,0.0
CN[C@@H](C)[C@H](O)c1ccccc1,165.236,1.3278999999999999,0.0,0.0,0.0,0.0,1.0,0.0,0.0,0.0,0.0,0.0,0.0,0.0
CN1C(=O)C(O)N=C(c2ccccc2)c2cc(Cl)ccc21,300.74500000000006,2.4722,0.0,0.0,0.0,0.0,,0.0,0.0,0.0,0.0,0.0,0.0,0.0
CCC(C)(CC)c1cc(NC(=O)c2c(OC)cccc2OC)on1,332.40000000000003,4.0218000000000025,0.0,0.0,1.0,0.0,0.0,0.0,,1.0,0.0,0.0,1.0,0.0
CC(C)NC(=O)N1CC(=O)N(c2cc(Cl)cc(Cl)c2)C1=O,330.17100000000005,2.880000000000001,0.0,0.0,1.0,0.0,0.0,0.0,0.0,0.0,0.0,0.0,0.0,0.0
CC1(C)S[C@@H]2[C@H](NC(=O)C(C(=O)[O-])c3ccccc3)C(=O)N2[C@H]1C(=O)[O-],376.3900000000001,-2.1828999999999965,,,,,,,,0.0,,0.0,,
CC/C(=C(\c1ccccc1)c1ccc(OCCN(C)C)cc1)c1ccccc1.O=C(O)CC(O)(CC(=O)O)C(=O)O,563.6470000000003,4.747600000000002,0.0,0.0,0.0,1.0,,1.0,0.0,,0.0,,,
ClC=CCCl,110.97100000000002,1.9777,0.0,0.0,0.0,0.0,0.0,0.0,0.0,0.0,0.0,0.0,0.0,0.0
NCCS(=O)(=O)O,125.14899999999997,-1.1670999999999996,0.0,0.0,1.0,0.0,0.0,0.0,0.0,1.0,0.0,0.0,1.0,0.0
O=c1[nH]c(=O)n(C2CCCO2)cc1F,200.16899999999998,-0.015300000000000313,0.0,0.0,0.0,0.0,0.0,0.0,0.0,0.0,0.0,0.0,0.0,0.0
CC(C)(C)c1cc(CCC(=O)OCC(COC(=O)CCc2cc(C(C)(C)C)c(O)c(C(C)(C)C)c2)(COC(=O)CCc2cc(C(C)(C)C)c(O)c(C(C)(C)C)c2)COC(=O)CCc2cc(C(C)(C)C)c(O)c(C(C)(C)C)c2)cc(C(C)(C)C)c1O,1177.6549999999988,15.879199999999964,0.0,0.0,,0.0,1.0,1.0,0.0,0.0,0.0,0.0,,0.0
CC(C)C(=O)OCC(C)(C)C(OC(=O)C(C)C)C(C)C,286.412,3.4356000000000027,0.0,0.0,0.0,0.0,1.0,1.0,0.0,0.0,0.0,0.0,0.0,0.0
CCCCCCCN,115.22000000000001,1.9155,0.0,0.0,0.0,0.0,0.0,0.0,0.0,0.0,0.0,0.0,,0.0
Cc1cccc2sc(N)nc12,164.233,2.1869199999999998,0.0,0.0,1.0,0.0,0.0,0.0,0.0,1.0,0.0,0.0,,0.0
COc1cccc2sc(N)nc12,180.23199999999997,1.8871,,0.0,1.0,0.0,0.0,0.0,0.0,0.0,0.0,0.0,1.0,0.0
COc1ccc2nc(N)sc2c1,180.232,1.8871,0.0,0.0,1.0,,1.0,0.0,0.0,0.0,0.0,0.0,0.0,0.0
CCOc1ccc2nc(N)sc2c1,194.259,2.2771999999999997,0.0,0.0,1.0,,1.0,0.0,0.0,,1.0,0.0,,0.0
ClC1C(Cl)C(Cl)C(Cl)C(Cl)C1Cl,290.832,3.644400000000001,0.0,0.0,0.0,0.0,1.0,1.0,0.0,0.0,0.0,0.0,0.0,0.0
Cc1ccc(O)c(N)c1,123.155,1.2828199999999998,0.0,0.0,1.0,,,0.0,1.0,1.0,1.0,0.0,,0.0
Cc1ccc(N)cc1O,123.155,1.2828199999999998,0.0,0.0,1.0,0.0,0.0,0.0,0.0,1.0,0.0,0.0,,0.0
Cl[C@H]1[C@H](Cl)[C@@H](Cl)[C@H](Cl)[C@@H](Cl)[C@@H]1Cl,290.832,3.644400000000001,0.0,0.0,0.0,0.0,1.0,,0.0,0.0,0.0,0.0,0.0,0.0
Cl[C@H]1[C@H](Cl)[C@@H](Cl)[C@H](Cl)[C@H](Cl)[C@H]1Cl,290.832,3.644400000000001,0.0,0.0,,,0.0,0.0,0.0,,0.0,0.0,1.0,0.0
CCOP(O)OCC,138.10299999999998,1.2786,0.0,0.0,0.0,0.0,0.0,0.0,0.0,0.0,0.0,0.0,0.0,0.0
C[Si](C)(C)O[Si](O)(O)O,168.297,-0.7496,0.0,0.0,0.0,,0.0,0.0,0.0,0.0,0.0,0.0,,0.0
OCCc1ccncc1,123.15499999999997,0.6164,0.0,0.0,0.0,0.0,0.0,0.0,0.0,0.0,0.0,0.0,0.0,0.0
C=C(C)C(=O)OCCOP(=O)(O)O,210.12199999999999,0.21499999999999997,0.0,0.0,0.0,0.0,,0.0,0.0,0.0,0.0,0.0,0.0,0.0
O=C(c1cc(O)c(O)c(O)c1)c1ccc(O)c(O)c1O,278.216,1.1511999999999996,0.0,0.0,1.0,0.0,0.0,0.0,,,0.0,0.0,1.0,1.0
CC(C)(C)NC(=O)[C@@H]1CN(Cc2cccnc2)CCN1C[C@@H](O)C[C@@H](Cc1ccccc1)C(=O)N[C@H]1c2ccccc2C[C@H]1O,613.8030000000003,2.8669000000000016,,0.0,0.0,,,0.0,0.0,0.0,0.0,0.0,0.0,0.0
O=C1[C@H](CC[C@H](O)c2ccc(F)cc2)[C@@H](c2ccc(O)cc2)N1c1ccc(F)cc1,409.4320000000001,4.888300000000004,0.0,0.0,,0.0,0.0,0.0,0.0,,0.0,0.0,1.0,0.0
O=[N+]([O-])c1c(Cl)c(Cl)cc(Cl)c1Cl,260.891,4.2084,0.0,0.0,0.0,0.0,,,0.0,,0.0,0.0,0.0,0.0
FC(Cl)(Cl)C(F)(Cl)Cl,203.83,3.1882,0.0,0.0,0.0,0.0,0.0,0.0,0.0,0.0,0.0,0.0,0.0,0.0
O=[N+]([O-])c1cc(Cl)c(Cl)c(Cl)c1Cl,260.89099999999996,4.2084,0.0,1.0,0.0,,0.0,0.0,0.0,1.0,1.0,,,
NS(=O)(=O)c1cc2c(cc1Cl)N=C(CSCc1ccccc1)NS2(=O)=O,431.9480000000001,2.2427,0.0,0.0,0.0,0.0,0.0,0.0,0.0,0.0,0.0,0.0,0.0,0.0
COc1c(C(C)(C)C)cc([N+](=O)[O-])c(C)c1[N+](=O)[O-],268.26899999999995,3.1175200000000025,0.0,0.0,0.0,,0.0,1.0,0.0,0.0,0.0,0.0,1.0,0.0
C1COCCN1,87.122,-0.3938000000000001,0.0,0.0,0.0,0.0,0.0,0.0,0.0,0.0,0.0,0.0,0.0,0.0
CCCCC(CC)COC(=O)c1ccccc1C(=O)O,278.348,3.7580000000000027,0.0,0.0,0.0,0.0,0.0,0.0,1.0,0.0,0.0,0.0,0.0,0.0
CCCCNc1ccc(C(=O)OCCOCCOCCOCCOCCOCCOCCOCCOCCOC)cc1,603.7500000000003,2.8346000000000036,0.0,0.0,0.0,0.0,0.0,0.0,0.0,,0.0,0.0,1.0,0.0
CCN(CC)C(=O)C1CN2CCc3cc(OC)c(OC)cc3C2CC1OC(C)=O,404.5070000000002,2.423,,,,,,,,0.0,,0.0,,
COc1ccc(NC(C)=O)cc1,165.192,1.6535999999999997,0.0,0.0,0.0,0.0,1.0,0.0,0.0,0.0,0.0,0.0,0.0,0.0
BrCc1ccc(Br)cc1,249.933,3.344000000000001,0.0,,0.0,0.0,0.0,0.0,0.0,0.0,0.0,0.0,0.0,0.0
O=C(O)c1ccc2ccccc2c1O.OCc1cc(C(O)CNCCCCCCOCCCCc2ccccc2)ccc1O,603.7560000000007,6.351000000000008,0.0,0.0,1.0,,,0.0,,0.0,0.0,0.0,,0.0
CCCC(C(=O)OCCN(CC)CC)(c1ccccc1)c1ccccc1,353.50600000000003,4.657800000000004,0.0,0.0,0.0,,0.0,0.0,0.0,0.0,0.0,0.0,,0.0
CN1CCN(C2Cc3ccccc3Sc3ccc(Cl)cc32)CC1,344.9110000000001,4.335800000000004,0.0,0.0,,,0.0,0.0,,,0.0,,,
CCCN1CCC[C@@H](c2cccc(O)c2)C1,219.328,2.981600000000002,0.0,0.0,0.0,0.0,0.0,0.0,0.0,,0.0,,0.0,0.0
CCC(CC)C(C)CCOC(C)=O,186.295,3.0119000000000016,0.0,0.0,0.0,0.0,0.0,0.0,0.0,,0.0,0.0,0.0,0.0
CC(C)NCC(O)COc1ccc(COCCOC(C)C)cc1.CC(C)NCC(O)COc1ccc(COCCOC(C)C)cc1,650.898,4.731800000000004,0.0,0.0,0.0,0.0,0.0,0.0,0.0,0.0,0.0,0.0,0.0,0.0
C[C@@H]1C(=O)N=C2Nc3cccc(Cl)c3CN21,235.67399999999998,1.8522,0.0,0.0,0.0,0.0,0.0,0.0,0.0,,0.0,,0.0,0.0
O=CCCCC=O,100.11699999999999,0.5545,0.0,0.0,0.0,,0.0,0.0,1.0,0.0,1.0,0.0,0.0,1.0
CC(Cc1ccc(O)c(O)c1)C(C)Cc1ccc(O)c(O)c1,302.37,3.5664000000000033,0.0,0.0,,0.0,,1.0,,0.0,0.0,1.0,1.0,
N#C[Fe-2](C#N)(C#N)(C#N)(C#N)N=O,215.941,0.2985,0.0,0.0,0.0,0.0,0.0,0.0,0.0,1.0,0.0,0.0,0.0,0.0
c1ccc2c(c1)ccc1c3ccccc3ccc21,228.29399999999998,5.146200000000003,0.0,0.0,1.0,,0.0,0.0,0.0,1.0,,0.0,0.0,0.0
O=C(O)c1ccccc1C(c1ccc(O)cc1)c1ccc(O)cc1,320.34400000000005,3.9762000000000013,0.0,0.0,,0.0,0.0,0.0,0.0,0.0,0.0,0.0,0.0,0.0
Cn1sc(Cl)cc1=O,149.602,1.1002,1.0,0.0,0.0,0.0,0.0,0.0,0.0,0.0,0.0,,0.0,0.0
CCCCCCCC1CCC(=O)O1,184.27899999999997,3.052500000000002,0.0,0.0,0.0,0.0,0.0,0.0,0.0,0.0,0.0,0.0,0.0,0.0
O=C(O)COc1ccc(Cl)cc1,186.594,1.8034000000000001,0.0,0.0,0.0,0.0,0.0,0.0,0.0,0.0,0.0,0.0,0.0,0.0
CCCCCCCCCCCCn1cc[n+](C)c1.O=S(=O)([O-])C(F)(F)F,400.50700000000006,4.284900000000003,0.0,,,1.0,,,,1.0,,,1.0,
COc1cccc(C(=O)NN(C(=O)c2cc(C)cc(C)c2)C(C)(C)C)c1C,368.47700000000015,4.206160000000003,0.0,0.0,,0.0,0.0,0.0,0.0,0.0,0.0,0.0,,0.0
C#CCOC(=O)/C=C(C)/C=C/CC(C)CCCC(C)C,276.41999999999996,4.517800000000004,0.0,0.0,0.0,0.0,,0.0,0.0,0.0,0.0,0.0,0.0,0.0
COC(C)(C)CCCC(C)C/C=C/C(C)=C/C(=O)OC(C)C,310.47800000000007,5.062000000000006,0.0,0.0,1.0,0.0,0.0,0.0,,1.0,0.0,0.0,1.0,0.0
Cc1cc(=O)[nH]o1,99.089,0.27631999999999995,0.0,0.0,0.0,0.0,0.0,0.0,0.0,0.0,0.0,0.0,0.0,0.0
O=C(O)CCCc1c[nH]c2ccccc12,203.241,2.5752000000000006,0.0,,0.0,0.0,0.0,0.0,0.0,0.0,0.0,0.0,0.0,0.0
O=C(O)[C@H]1[C@@H](O)CC[C@H]2CN3CCc4c([nH]c5ccccc45)[C@@H]3C[C@@H]21,340.42300000000006,2.558700000000001,0.0,0.0,,0.0,0.0,0.0,0.0,0.0,0.0,0.0,,0.0
COc1ccc2cc([C@H](C)C(=O)[O-])ccc2c1,229.25499999999997,1.7018,0.0,0.0,0.0,0.0,0.0,0.0,0.0,0.0,0.0,0.0,0.0,0.0
CC(=O)OCC1=C(C(=O)[O-])N2C(=O)[C@@H](NC(=O)CSc3ccncc3)[C@H]2SC1,422.4640000000001,-0.8592999999999977,0.0,0.0,0.0,0.0,0.0,0.0,0.0,,0.0,0.0,0.0,0.0
Cc1ccsc1/C=C/C1=NCCCN1C,220.34099999999995,2.803720000000001,,,,,,,,0.0,,0.0,,
CC1(C)[C@@H](OC(=O)CCC(=O)[O-])CC[C@@]2(C)[C@H]1CC[C@]1(C)[C@@H]2C(=O)C=C2[C@@H]3C[C@@](C)(C(=O)[O-])CC[C@]3(C)CC[C@]21C,568.7510000000002,4.158900000000002,0.0,0.0,0.0,0.0,0.0,0.0,0.0,1.0,0.0,0.0,0.0,0.0
CC[C@@]1([C@@H]2O[C@@H]([C@H]3O[C@@](O)(CO)[C@H](C)C[C@@H]3C)C[C@@H]2C)CC[C@H]([C@]2(C)CC[C@]3(C[C@H](O)[C@@H](C)[C@@H]([C@@H](C)[C@@H](OC)[C@H](C)C(=O)[O-])O3)O2)O1,669.8730000000005,2.938200000000002,0.0,0.0,0.0,0.0,0.0,0.0,,,0.0,,,0.0
CCOc1ccc2ccccc2c1C(=O)N[C@@H]1C(=O)N2[C@@H](C(=O)[O-])C(C)(C)S[C@H]12,413.47500000000014,1.1490999999999996,0.0,0.0,,0.0,0.0,0.0,0.0,1.0,0.0,0.0,0.0,0.0
CCC(NC(C)C)C(O)c1ccc(O)c(O)c1,239.315,1.9077999999999997,0.0,0.0,0.0,0.0,0.0,0.0,0.0,,0.0,,0.0,0.0
O=S(=O)([O-])c1ccc(N=Nc2c(O)ccc3ccccc23)cc1,327.341,3.8649000000000022,0.0,0.0,1.0,,0.0,0.0,0.0,,0.0,0.0,,0.0
O=C1OC2(c3ccc(O)cc3Oc3cc(O)ccc32)c2ccccc21,332.31100000000004,3.6658000000000017,0.0,,0.0,0.0,1.0,0.0,,,0.0,,1.0,
CCOP(=O)(OCC)Oc1nc(Cl)c(Cl)cc1Cl,334.523,4.601700000000003,0.0,0.0,,1.0,,1.0,,,0.0,,1.0,
CCNc1ccc(C(=C2C=CC(=[N+](CC)CC)C=C2)c2ccc(N(CC)CC)cc2)c2ccccc12,478.70400000000024,7.539000000000009,0.0,,,1.0,,,,0.0,,1.0,1.0,
COc1cc(/C=C/c2ccccc2)oc(=O)c1,228.24699999999999,2.8188000000000004,,0.0,,,1.0,0.0,0.0,,1.0,0.0,,0.0
CCCCCCCCCCC(CO)CCCCCCCC,298.555,6.8763000000000085,0.0,0.0,0.0,0.0,0.0,0.0,0.0,0.0,0.0,0.0,0.0,0.0
CN(C)C(=S)[S-],120.22200000000001,0.37979999999999997,0.0,0.0,0.0,,0.0,0.0,,,0.0,1.0,0.0,0.0
CC(C)(C)c1cccc(C(C)(C)C)c1O,206.32899999999995,3.9872000000000036,0.0,0.0,0.0,0.0,0.0,0.0,0.0,0.0,0.0,0.0,1.0,0.0
Cc1cccc(C)c1NC(=O)c1cc(S(N)(=O)=O)c(Cl)cc1O,354.81500000000005,2.5621400000000008,0.0,0.0,0.0,0.0,,0.0,0.0,0.0,0.0,0.0,0.0,0.0
OC1OC[C@@H](O)[C@H](O)[C@H]1O,150.13,-2.5823000000000005,0.0,0.0,0.0,0.0,0.0,0.0,0.0,0.0,0.0,0.0,0.0,0.0
COc1cc(C(=O)NS(=O)(=O)c2ccccc2C)ccc1Cc1cn(C)c2ccc(NC(=O)OC3CCCC3)cc12,575.6870000000001,5.695920000000005,0.0,0.0,1.0,0.0,0.0,0.0,1.0,1.0,0.0,0.0,1.0,
Nc1ccn([C@H]2CC[C@@H](CO)O2)c(=O)n1,211.22099999999998,-0.5046000000000002,0.0,0.0,0.0,0.0,0.0,0.0,0.0,0.0,0.0,0.0,0.0,0.0
N[C@@H](Cc1cc(I)c(Oc2ccc(O)c(I)c2)c(I)c1)C(=O)O,650.9760000000001,3.952700000000001,0.0,0.0,1.0,0.0,1.0,1.0,0.0,0.0,0.0,0.0,1.0,0.0
N[C@@H](Cc1cc(I)c(Oc2cc(I)c(O)c(I)c2)c(I)c1)C(=O)O,776.8720000000001,4.5573000000000015,0.0,0.0,1.0,,0.0,0.0,0.0,0.0,0.0,0.0,0.0,0.0
CN(CCO)CC(O)Cn1cnc2c1c(=O)n(C)c(=O)n2C.O=C(O)c1cccnc1,434.45300000000015,-1.5014999999999965,0.0,0.0,0.0,0.0,0.0,0.0,0.0,,0.0,,0.0,0.0
CCN(C(C)=O)c1cccc(-c2ccnc3c(C#N)cnn23)c1,305.341,2.6407800000000003,0.0,0.0,0.0,,0.0,0.0,0.0,0.0,0.0,0.0,0.0,0.0
CC(=O)N[C@@H]1[C@@H](NC(=N)N)C=C(C(=O)O)O[C@H]1[C@H](O)[C@H](O)CO,332.31300000000005,-3.5758299999999976,0.0,0.0,0.0,0.0,0.0,0.0,0.0,0.0,0.0,0.0,0.0,0.0
CC[N+]1(CCOC(=O)C(O)(c2ccccc2)c2ccccc2)CCCCC1,368.49700000000024,3.4863000000000026,1.0,1.0,0.0,,1.0,,0.0,,0.0,0.0,0.0,0.0
c1ccc2c(c1)CCc1ccccc1N2,195.26500000000001,3.5288000000000013,0.0,0.0,1.0,0.0,1.0,,0.0,0.0,0.0,0.0,,0.0
O=C(O)c1cc(Cl)ccc1Cl,191.013,2.691600000000001,0.0,0.0,0.0,0.0,0.0,0.0,0.0,0.0,0.0,0.0,0.0,0.0
O=C(O)c1c(Cl)cccc1Cl,191.013,2.691600000000001,0.0,0.0,0.0,0.0,0.0,0.0,0.0,0.0,0.0,0.0,0.0,0.0
O=C(O)c1cccc(Cl)c1Cl,191.01299999999998,2.691600000000001,1.0,,0.0,0.0,0.0,0.0,0.0,0.0,0.0,0.0,0.0,0.0
O=C(O)c1ccc(Cl)cc1Cl,191.01299999999998,2.6916,,,0.0,0.0,,0.0,0.0,0.0,0.0,0.0,0.0,0.0
O=C1C=CC(=O)N1,97.07300000000001,-0.8010000000000002,0.0,,0.0,,0.0,0.0,0.0,0.0,,1.0,,
O=Cc1c(Cl)cccc1Cl,175.01399999999998,2.8059000000000003,0.0,0.0,,0.0,0.0,0.0,0.0,0.0,0.0,0.0,0.0,0.0
O=Cc1ccc(Cl)c(Cl)c1,175.014,2.805900000000001,0.0,0.0,0.0,0.0,0.0,0.0,0.0,0.0,0.0,0.0,,0.0
CCC(=O)O[C@H]1[C@H](O[C@@H]2[C@@H](C)[C@H](O[C@H]3C[C@@](C)(OC)[C@@H](O)[C@H](C)O3)[C@@H](C)C(=O)O[C@H](CC)[C@@](C)(O)[C@H](O)[C@@H](C)C(=O)[C@H](C)C[C@@]2(C)O)O[C@H](C)C[C@@H]1N(C)C.CCCCCCCCCCCCOS(=O)(=O)O,1056.4039999999993,6.47320000000001,0.0,0.0,0.0,,0.0,0.0,0.0,,0.0,,,
C[C@H]1CC[C@@H]2[C@@H](C)[C@H]3[C@H](C[C@H]4[C@@H]5CC=C6CC(O[C@@H]7O[C@H](CO)[C@H](O)[C@H](O[C@@H]8O[C@H](CO)[C@@H](O)[C@H](O)[C@H]8O)[C@H]7O[C@H]7O[C@@H](C)[C@H](O)[C@@H](O)[C@H]7O)CC[C@]6(C)[C@H]5CC[C@@]43C)N2C1,868.0709999999999,0.1552000000000071,0.0,0.0,0.0,,0.0,,0.0,,0.0,,,
C=CC(=O)NCOCCCC,157.21299999999997,1.0628,0.0,0.0,0.0,0.0,0.0,0.0,0.0,1.0,0.0,0.0,0.0,0.0
CCCCCCCCOc1ccc(C(=O)c2ccccc2)c(O)c1,326.43600000000004,5.362500000000006,1.0,0.0,0.0,0.0,0.0,0.0,0.0,0.0,0.0,0.0,0.0,0.0
CCCCCCCCCC#N,153.269,3.650680000000003,0.0,0.0,0.0,0.0,0.0,0.0,0.0,0.0,0.0,,0.0,0.0
O=C1c2ccccc2CN2C(=O)c3ccccc3CN12,264.28399999999993,2.2134,0.0,0.0,0.0,0.0,0.0,0.0,0.0,,0.0,,0.0,0.0
ClCCCCBr,171.465,2.4003000000000005,0.0,0.0,0.0,0.0,0.0,0.0,0.0,0.0,0.0,0.0,,0.0
CCCCCCCCCCCBr,235.20899999999997,4.912100000000005,0.0,0.0,,0.0,0.0,0.0,0.0,0.0,0.0,0.0,,0.0
COc1nccnc1NS(=O)(=O)c1ccc(N)cc1,280.30899999999997,0.8681999999999999,0.0,0.0,0.0,0.0,0.0,0.0,0.0,0.0,0.0,0.0,0.0,0.0
CCCOc1ccc2nc(NC(=O)OC)sc2c1,266.32199999999995,3.2634000000000016,0.0,0.0,1.0,,1.0,0.0,0.0,,1.0,,1.0,1.0
CN1CCCC(CN2c3ccccc3Sc3ccccc32)C1,310.4660000000001,4.631100000000004,0.0,0.0,,,0.0,0.0,,,0.0,,,0.0
O=C(CCN1CCN(CCO)CC1)N1c2ccccc2Sc2ccc(C(F)(F)F)cc21,451.5140000000001,3.8347000000000033,0.0,0.0,0.0,0.0,0.0,0.0,0.0,,0.0,0.0,,0.0
CCCCCCCCCBr,207.155,4.1319000000000035,0.0,0.0,0.0,0.0,0.0,0.0,0.0,0.0,0.0,0.0,0.0,0.0
O=C(Cl)c1ccc(F)c(Cl)c1,193.004,2.858100000000001,0.0,0.0,0.0,0.0,,0.0,0.0,0.0,0.0,0.0,0.0,0.0
O=S(=O)(Cl)c1c(Cl)cccc1Cl,245.514,2.9209000000000005,0.0,0.0,0.0,0.0,0.0,0.0,0.0,0.0,0.0,0.0,0.0,0.0
CCCCCCOC(=O)CCCCC,200.32199999999995,3.6902000000000026,0.0,0.0,0.0,0.0,0.0,0.0,0.0,0.0,0.0,0.0,0.0,0.0
O=C(O)C(F)(F)C(F)(F)C(F)(F)C(F)(F)C(F)(F)C(F)(F)C(F)(F)C(F)(F)C(F)(F)C(F)(F)F,564.0850000000002,6.351000000000003,0.0,0.0,,,0.0,0.0,0.0,,0.0,0.0,,0.0
CCCCC1CCCCC(=O)O1,170.25199999999998,2.6624000000000008,0.0,0.0,0.0,0.0,0.0,0.0,,0.0,0.0,0.0,0.0,0.0
CC=C(C)C(=O)OCCC(C)CCC=C(C)C,238.37099999999995,4.268400000000004,0.0,0.0,0.0,0.0,0.0,0.0,0.0,0.0,0.0,0.0,0.0,0.0
CC/C=C\CCOC(=O)c1ccccc1,204.26900000000003,3.1997000000000018,0.0,0.0,0.0,0.0,0.0,0.0,0.0,0.0,0.0,0.0,0.0,0.0
C=C(C)C(=O)OCCC(F)(F)C(F)(F)C(F)(F)C(F)(F)C(F)(F)C(F)(F)F,432.17599999999993,5.234600000000002,0.0,0.0,0.0,0.0,0.0,0.0,0.0,0.0,0.0,0.0,0.0,0.0
CCCCCCOC(=O)CCC,172.26799999999997,2.910000000000001,0.0,0.0,0.0,0.0,0.0,0.0,0.0,0.0,0.0,0.0,0.0,0.0
ClC1=C(Cl)C2(Cl)C(CBr)CC1(Cl)C2(Cl)Cl,393.7500000000001,5.233100000000001,0.0,0.0,0.0,0.0,0.0,0.0,0.0,0.0,0.0,0.0,1.0,
O=[N+]([O-])c1ccc(O/N=C/c2cc(Br)c(O)c(Br)c2)c([N+](=O)[O-])c1,461.0220000000001,4.146500000000001,0.0,,,0.0,,,0.0,,0.0,1.0,1.0,
O=S1(=O)OC(c2cc(Br)c(O)c(Br)c2)(c2cc(Br)c(O)c(Br)c2)c2ccccc21,669.9670000000001,6.158600000000003,0.0,0.0,0.0,,,0.0,,0.0,,0.0,,0.0
CCOP(=S)(OCC)Oc1cc(Cl)c(Br)cc1Cl,394.054,5.4322000000000035,0.0,0.0,1.0,0.0,,0.0,0.0,0.0,0.0,0.0,,0.0
CN(C)c1ccc(C(=C2C=CC(=[N+](C)C)C=C2)c2ccccc2)cc1.CN(C)c1ccc(C(=C2C=CC(=[N+](C)C)C=C2)c2ccccc2)cc1,658.9340000000002,8.787200000000006,0.0,,1.0,,,0.0,,,0.0,1.0,1.0,
CCOC(=O)c1cnc2cc(OCC(C)C)c(OCC(C)C)cc2c1O,361.4380000000001,4.1867000000000045,0.0,0.0,,0.0,0.0,0.0,0.0,,0.0,,0.0,0.0
C#CCOS(=O)OC1CCCCC1Oc1ccc(C(C)(C)C)cc1,350.4800000000001,3.9192000000000027,0.0,,0.0,,,0.0,,1.0,0.0,0.0,1.0,
O=c1cc(O)c(Cl)c[nH]1,145.54500000000002,0.7338999999999998,,,,,,,,0.0,,0.0,,
CC(C)(C)NCC(O)c1cc(Cl)c(N)c(C(F)(F)F)c1,310.74699999999996,3.3625000000000007,0.0,0.0,0.0,0.0,0.0,0.0,0.0,0.0,0.0,0.0,0.0,0.0
C[C@]12CC[C@H]3[C@@H](CCC4=C(O)C(=O)CC[C@@]43C)[C@@H]1CCC2=O,302.4140000000001,3.973100000000003,1.0,1.0,0.0,1.0,1.0,1.0,0.0,0.0,0.0,0.0,0.0,0.0
C[C@@H](NCCCc1cccc(C(F)(F)F)c1)c1cccc2ccccc12,357.41900000000004,6.142000000000005,0.0,,0.0,,,,,,,,,
CCCCCc1ccc(C)cc1O,178.27499999999998,3.4333200000000024,0.0,0.0,0.0,0.0,0.0,0.0,,,0.0,,1.0,0.0
CCCOC(=O)c1ccccc1O,180.20299999999997,1.959,0.0,0.0,0.0,0.0,0.0,0.0,0.0,,0.0,,0.0,0.0
CO/N=C(\C(=O)N[C@@H]1C(=O)N2C(C(=O)[O-])=C(C[n+]3ccc(N)n3CCO)CS[C@H]12)c1csc(N)n1,522.5690000000002,-3.1565999999999956,0.0,0.0,,0.0,0.0,0.0,0.0,,0.0,,0.0,0.0
CCCCCCCCCCCCSC#N,227.41699999999997,5.121580000000005,0.0,0.0,0.0,,0.0,0.0,0.0,0.0,0.0,,0.0,0.0
CC1(C)[C@@H](C(=O)OCc2coc(Cc3ccccc3)c2)[C@H]1/C=C1\CCSC1=O,396.50800000000015,4.775700000000005,0.0,0.0,0.0,0.0,,0.0,0.0,1.0,0.0,,,
CCOP(=S)(OCC)Oc1cc(-c2ccccc2)on1,313.315,4.017900000000004,0.0,0.0,1.0,0.0,1.0,0.0,0.0,0.0,0.0,0.0,,0.0
CCCCCCCCCCCCN1CCCCCC1=O,281.4839999999999,5.309900000000005,0.0,0.0,0.0,,0.0,0.0,,,,,,
CN(C)C(=O)Nc1cccc(OC(=O)NC(C)(C)C)c1,279.34,2.6670000000000007,0.0,0.0,0.0,0.0,0.0,0.0,0.0,1.0,0.0,0.0,0.0,0.0
Cl[Sn](Cl)(Cl)Cl,260.523,2.3772,0.0,0.0,0.0,0.0,0.0,0.0,0.0,0.0,0.0,0.0,0.0,0.0
NCc1ccc(S(N)(=O)=O)cc1,186.236,-0.20729999999999998,0.0,0.0,0.0,0.0,0.0,0.0,0.0,0.0,0.0,0.0,0.0,0.0
CC1CC(CC2CCC(N)C(C)C2)CCC1N,238.41899999999995,2.9035,0.0,0.0,0.0,,0.0,0.0,0.0,,0.0,0.0,0.0,0.0
CC(O)(P(=O)([O-])O)P(=O)([O-])O,204.01099999999997,-2.2562,0.0,0.0,0.0,0.0,0.0,0.0,0.0,0.0,0.0,0.0,0.0,0.0
O=[Si]=O,60.084,-0.6184000000000001,0.0,0.0,0.0,0.0,0.0,0.0,0.0,0.0,0.0,0.0,0.0,0.0
CO[Si](C)(OC)c1ccccc1,182.29500000000002,1.2583999999999997,0.0,0.0,0.0,0.0,0.0,0.0,0.0,0.0,0.0,0.0,0.0,0.0
Cc1ccc(S(=O)(=O)[N-]Cl)cc1,204.65800000000002,2.21122,0.0,0.0,0.0,0.0,0.0,0.0,0.0,0.0,0.0,0.0,0.0,0.0
[O-]c1ccccc1-c1ccccc1,169.203,2.4272,0.0,0.0,1.0,0.0,0.0,0.0,0.0,1.0,0.0,0.0,1.0,0.0
O=[N+]([O-])c1cccc2cccc([N+](=O)[O-])c12,218.16799999999998,2.656200000000001,0.0,,1.0,,,0.0,0.0,1.0,0.0,0.0,,0.0
O=[N+]([O-])c1cc([N+](=O)[O-])c2ccc(S(=O)(=O)O)cc2c1O,314.23100000000005,1.6084999999999998,0.0,0.0,0.0,0.0,0.0,0.0,0.0,0.0,0.0,0.0,0.0,0.0
O=[N+]([O-])c1cc([N+](=O)[O-])c2ccccc2c1,218.168,2.6562,0.0,0.0,1.0,0.0,0.0,0.0,0.0,1.0,0.0,0.0,,0.0
O=[N+]([O-])c1cccc2c([N+](=O)[O-])cccc12,218.16799999999998,2.656200000000001,0.0,0.0,,0.0,0.0,0.0,0.0,1.0,0.0,0.0,0.0,0.0
Nc1ccc(Cc2ccc(N)c(Cl)c2)cc1Cl,267.159,3.7486000000000015,0.0,0.0,1.0,,,0.0,0.0,0.0,0.0,0.0,1.0,
CCCCOC(=O)[C@H](C)O,146.18599999999998,0.7104999999999999,0.0,0.0,0.0,0.0,0.0,0.0,0.0,0.0,0.0,0.0,0.0,0.0
CCCOC(=O)CC,116.15999999999998,1.3496000000000001,0.0,0.0,0.0,0.0,0.0,0.0,0.0,0.0,0.0,0.0,,0.0
CC(COC(C)(C)C)OCCCO,190.28299999999996,1.589,0.0,0.0,0.0,0.0,0.0,0.0,0.0,0.0,0.0,0.0,0.0,0.0
CC1=C(CC(=O)O)c2cc(F)ccc2/C1=C\c1ccc(S(C)(=O)=O)cc1,372.4170000000001,4.031600000000003,0.0,,0.0,0.0,0.0,0.0,0.0,,0.0,0.0,,0.0
OC[C@H]1O[C@H](O[C@]2(CCl)O[C@H](CCl)[C@@H](O)[C@@H]2O)[C@H](O)[C@@H](O)[C@H]1Cl,397.635,-1.6561000000000003,0.0,0.0,0.0,0.0,0.0,0.0,0.0,0.0,0.0,0.0,0.0,0.0
CC[C@H](C)[C@H]1O[C@]2(C=C[C@@H]1C)C[C@@H]1C[C@@H](CC=C(C)[C@@H](O[C@H]3C[C@H](OC)[C@@H](O[C@H]4C[C@H](OC)[C@@H]([NH2+]C)[C@H](C)O4)[C@H](C)O3)[C@@H](C)C=CC=C3CO[C@@H]4[C@H](O)C(C)=C[C@@H](C(=O)O1)[C@]34O)O2.O=C([O-])c1ccccc1,1008.2560000000003,4.628400000000012,0.0,,0.0,,,,,,,,1.0,
CN[C@H]1CC[C@@H](c2ccc(Cl)c(Cl)c2)c2ccccc21,306.236,5.179600000000004,0.0,0.0,0.0,,,0.0,,,,,,
O=C(Nc1ccc(/C=C/c2ccc(NC(=O)c3cc(S(=O)(=O)O)c4cccnc4c3O)cc2S(=O)(=O)O)c(S(=O)(=O)O)c1)c1cc(S(=O)(=O)O)c2cccnc2c1O,872.8460000000003,3.856000000000001,0.0,0.0,0.0,0.0,0.0,0.0,0.0,,0.0,,,0.0
CCOP(=S)(OCC)SCSC(C)(C)C,288.44,4.506300000000004,0.0,0.0,0.0,0.0,0.0,0.0,0.0,0.0,0.0,0.0,,0.0
CN(CC(=O)N1CCOCC1)Cc1c(Cl)cccc1NC(=O)c1ccccc1,401.89400000000006,2.882900000000001,0.0,0.0,1.0,0.0,0.0,0.0,0.0,,0.0,,,0.0
CN1CCN(C2=Nc3ccccc3Cc3ccccc32)CC1,291.3980000000001,2.916500000000001,0.0,0.0,0.0,0.0,0.0,0.0,0.0,,0.0,,,0.0
O=C(Cn1c(=O)sc2ccc(Cl)cc21)N1CCN(CCO)CC1,355.8470000000002,0.8529000000000002,0.0,0.0,0.0,0.0,0.0,0.0,0.0,,0.0,,0.0,0.0
COc1cc(C[C@@H]2NCCc3cc(O)c(O)cc32)cc(OC)c1OC,345.39500000000015,2.5531000000000006,0.0,0.0,0.0,0.0,0.0,0.0,0.0,,0.0,,,0.0
O=C1CCC(N2C(=O)c3ccccc3C2=O)C(=O)N1,258.23299999999995,0.08779999999999993,0.0,0.0,0.0,0.0,0.0,0.0,0.0,0.0,0.0,0.0,0.0,0.0
CCCCOCCOCCO,162.22899999999998,0.812,0.0,0.0,0.0,0.0,0.0,0.0,0.0,0.0,0.0,0.0,0.0,0.0
O=C(O)/C=C/C(=O)O,116.07199999999999,-0.28819999999999985,0.0,0.0,,0.0,1.0,1.0,0.0,1.0,0.0,0.0,0.0,0.0
O=C(O)/C=C\C(=O)O,116.07199999999999,-0.28819999999999985,0.0,0.0,0.0,0.0,0.0,0.0,0.0,0.0,0.0,0.0,0.0,0.0
CCC(C)=O,72.10699999999999,0.9854,0.0,0.0,0.0,0.0,0.0,0.0,0.0,0.0,0.0,0.0,0.0,0.0
CCCC(=O)O,88.10599999999998,0.8711,0.0,0.0,0.0,0.0,0.0,0.0,0.0,0.0,0.0,0.0,0.0,0.0
CCCC=O,72.107,0.9854,0.0,0.0,0.0,0.0,0.0,0.0,0.0,0.0,0.0,0.0,0.0,0.0
CC(C)=CC1C(C(=O)OCc2coc(Cc3ccccc3)c2)C1(C)C,338.44700000000006,5.1520000000000055,0.0,0.0,0.0,0.0,0.0,0.0,,1.0,0.0,1.0,,0.0
CC[C@H]1OC(=O)[C@H](C)[C@@H](O[C@H]2C[C@@](C)(OC)[C@@H](O)[C@H](C)O2)[C@H](C)[C@@H](O[C@@H]2O[C@H](C)C[C@H](N(C)C)[C@H]2O)[C@](C)(O)C[C@@H](C)C(=O)[C@H](C)[C@@H](O)[C@]1(C)O,733.9370000000002,1.785600000000004,0.0,0.0,0.0,0.0,1.0,,0.0,,0.0,,0.0,0.0
CCC(=O)OC,88.106,0.5694,0.0,0.0,0.0,0.0,0.0,0.0,0.0,0.0,0.0,0.0,0.0,0.0
c1cc(-c2ccncc2)ccn1,156.188,2.1435999999999993,0.0,0.0,0.0,0.0,0.0,0.0,0.0,0.0,0.0,0.0,0.0,0.0
C[Si]1(C)O[Si](C)(C)O[Si](C)(C)O[Si](C)(C)O1,296.62,2.8736000000000015,0.0,0.0,0.0,0.0,0.0,0.0,0.0,0.0,0.0,0.0,0.0,0.0
CN=C=S,73.12,0.7190000000000001,0.0,0.0,0.0,0.0,0.0,0.0,0.0,0.0,0.0,0.0,0.0,0.0
CC(C)=CCO,86.134,0.9448999999999999,0.0,0.0,0.0,0.0,0.0,0.0,0.0,0.0,0.0,0.0,0.0,0.0
COP(=O)(OC)O/C(C)=C/C(=O)N(C)C,237.19199999999998,1.3959,0.0,0.0,0.0,0.0,0.0,0.0,0.0,0.0,0.0,0.0,,0.0
ClCCOCOCCCl,173.039,1.4547,0.0,0.0,0.0,0.0,0.0,0.0,0.0,0.0,0.0,0.0,0.0,0.0
CC(C)=CCl,90.553,2.1489000000000003,0.0,0.0,0.0,0.0,1.0,1.0,0.0,0.0,0.0,0.0,0.0,0.0
O=C1c2c(O)ccc(Nc3ccc(CCO)cc3)c2C(=O)c2c([N+](=O)[O-])ccc(O)c21,420.3770000000002,3.0598000000000014,0.0,,1.0,,0.0,0.0,,1.0,0.0,0.0,1.0,0.0
O=C1C(O)=C([C@H]2CC[C@H](c3ccc(Cl)cc3)CC2)C(=O)c2ccccc21,366.84400000000016,5.505100000000004,0.0,,1.0,0.0,0.0,0.0,0.0,1.0,0.0,0.0,,1.0
Oc1ccc(-c2ccccc2)c(Cl)c1,204.656,3.712600000000001,1.0,0.0,,0.0,1.0,,0.0,1.0,0.0,0.0,1.0,
O=C1CCCCCCCCCCC(=O)OCCO1,256.3419999999999,2.987400000000002,0.0,0.0,0.0,,0.0,0.0,0.0,0.0,0.0,0.0,,0.0
O=[PH]1Oc2ccccc2-c2ccccc21,216.176,2.846000000000002,0.0,0.0,,0.0,0.0,0.0,0.0,0.0,0.0,0.0,0.0,0.0
O=[N+]([O-])C1(Br)COCOC1,211.99899999999997,0.3586,0.0,0.0,0.0,,0.0,0.0,0.0,,0.0,,,0.0
CC(NC(C)(C)C)C(=O)c1cccc(Cl)c1,239.746,3.2993000000000023,0.0,0.0,0.0,0.0,0.0,0.0,0.0,0.0,0.0,0.0,0.0,0.0
CC#CCC(C)[C@H](O)/C=C/C1[C@H]2C/C(=C/CCCC(=O)O)C[C@H]2C[C@H]1O,360.4940000000001,3.541300000000003,0.0,0.0,0.0,0.0,1.0,0.0,0.0,,0.0,,0.0,0.0
CC(C)Cn1cnc2c(N)nc3ccccc3c21,240.30999999999997,2.8227,0.0,0.0,1.0,0.0,,0.0,0.0,,0.0,0.0,0.0,0.0
CN(C)CCCN(C)CCCN(C)C,201.35799999999998,0.8216000000000003,0.0,0.0,0.0,,,0.0,0.0,0.0,0.0,0.0,0.0,0.0
NCCCOCCOCCOCCCN,220.31299999999993,-0.2661999999999983,0.0,0.0,,0.0,0.0,0.0,0.0,1.0,0.0,0.0,0.0,0.0
N#CSc1ccc(N)c([N+](=O)[O-])c1,195.203,1.7501799999999998,0.0,0.0,,,0.0,0.0,,,0.0,,1.0,0.0
CC(=O)N[C@H]1[C@@H](O[C@@H]2C(C(=O)[O-])C[C@@H](O[C@@H]3[C@@H](CO)O[C@H](OC4C(C(=O)[O-])O[C@@H](OC5[C@H]6CO[C@H](O6)[C@H](NS(=O)(=O)[O-])[C@H]5O)[C@H](O)[C@H]4O)[C@H](NC(C)=O)[C@H]3C)[C@H](O)[C@H]2O)O[C@H](COS(=O)(=O)O)[C@@H](O[C@@H]2OC(C(=O)[O-])=C[C@H](O)[C@H]2O)[C@@H]1O,1230.054000000001,-14.516599999999997,0.0,0.0,0.0,0.0,0.0,0.0,0.0,,0.0,,0.0,0.0
C=C[C@H]1CN2CC[C@H]1C[C@H]2[C@H](OC(=O)OCC)c1ccnc2ccc(OC)cc12,396.4870000000001,4.3540000000000045,1.0,1.0,,0.0,1.0,0.0,0.0,,0.0,,0.0,0.0
CC(C)=CCC[C@@](C)(O)[C@H]1CC=C(C)CC1,222.37199999999996,4.2302000000000035,,,,,,,,0.0,,0.0,,
O=C1c2c(O)cccc2[C@H]([C@@H]2O[C@H](CO)[C@@H](O)[C@H](O)[C@H]2O)c2cc(CO)cc(O)c21,418.39800000000014,-0.8912000000000002,1.0,0.0,0.0,0.0,1.0,0.0,0.0,,0.0,,0.0,0.0
CC(N)Cc1ccc(O)cc1,151.20899999999997,1.2819,0.0,0.0,0.0,0.0,0.0,0.0,0.0,,0.0,,0.0,0.0
O=C1c2ccccc2C(=O)c2c1ccc(O)c2O,240.21399999999997,1.8732000000000006,0.0,0.0,1.0,0.0,,1.0,0.0,0.0,0.0,0.0,1.0,0.0
COc1cc(OC)cc(OC)c1,168.19199999999998,1.7124,0.0,0.0,0.0,0.0,0.0,0.0,0.0,0.0,0.0,0.0,0.0,0.0
CCC(=O)C(CC(C)N(C)C)(c1ccccc1)c1ccccc1,309.45300000000003,4.292000000000004,0.0,0.0,0.0,0.0,0.0,0.0,0.0,0.0,0.0,0.0,0.0,0.0
Cc1c(N(C)C)c(=O)n(-c2ccccc2)n1C,231.29900000000004,1.55042,0.0,0.0,0.0,0.0,0.0,0.0,0.0,0.0,0.0,0.0,0.0,0.0
CN(C)CCO,89.13799999999999,-0.45970000000000016,1.0,0.0,0.0,0.0,0.0,0.0,0.0,0.0,0.0,0.0,0.0,0.0
CN(C)c1ccccc1,121.18299999999995,1.7526,0.0,0.0,0.0,0.0,0.0,0.0,0.0,0.0,0.0,0.0,0.0,0.0
C[As](C)(=O)O,137.998,0.11099999999999993,0.0,0.0,0.0,0.0,0.0,0.0,0.0,0.0,0.0,1.0,0.0,0.0
CC1(C)C(=O)NC(=O)NC1=O,156.141,-0.6214000000000002,0.0,0.0,0.0,0.0,0.0,0.0,0.0,0.0,0.0,0.0,0.0,0.0
O=C(c1ccc(O)cc1O)c1ccc(O)cc1O,246.218,1.7399999999999998,0.0,0.0,1.0,0.0,1.0,1.0,0.0,0.0,0.0,1.0,1.0,1.0
C=C(C)C(=O)OCCOC1CC2CC1C1C=CCC21,262.349,2.7230000000000008,0.0,0.0,0.0,0.0,0.0,0.0,0.0,0.0,0.0,0.0,0.0,0.0
OCC(c1ccc(Cl)cc1)c1ccc(Cl)cc1,267.155,4.117600000000002,0.0,0.0,0.0,,,0.0,,,0.0,0.0,,
CCN(CC)CCOC(=O)c1ccc(N)cc1Cl,270.76,2.4208,0.0,0.0,0.0,0.0,0.0,0.0,0.0,,0.0,,0.0,0.0
CCN(CC)C(=O)c1ccc(O)c(OC)c1,223.272,1.8827999999999998,0.0,0.0,0.0,0.0,0.0,0.0,0.0,0.0,0.0,0.0,0.0,0.0
C1CNCCN1.C[C@]12CC[C@@H]3c4ccc(OS(=O)(=O)O)cc4CC[C@H]3[C@@H]1CCC2=O,436.5740000000003,2.4726,0.0,0.0,0.0,0.0,1.0,1.0,0.0,,0.0,,0.0,0.0
CCCCC(=O)O[C@H]1CC[C@H]2[C@@H]3CCc4cc(O)ccc4[C@H]3CC[C@]12C,356.5060000000001,5.350300000000006,1.0,1.0,0.0,0.0,1.0,1.0,0.0,,0.0,,,0.0
CC(=O)OC(C)OC(=O)C(C)c1ccc(-c2ccccc2)c(F)c1,330.355,4.048500000000003,0.0,0.0,0.0,0.0,0.0,0.0,0.0,0.0,0.0,0.0,0.0,0.0
CCCCCCC(=O)O[C@H]1CC[C@H]2[C@@H]3CCc4cc(O)ccc4[C@H]3CC[C@]12C,384.5600000000002,6.130500000000008,1.0,1.0,0.0,0.0,1.0,1.0,0.0,,0.0,,,0.0
CCC(=O)Oc1ccc2c(c1)CC[C@@H]1[C@@H]2CC[C@]2(C)[C@@H](OC(=O)CC)CC[C@@H]12,384.51600000000013,5.179900000000005,1.0,1.0,0.0,,1.0,1.0,0.0,,0.0,,0.0,
CCN(CC)CCNC(=O)c1cc(S(C)(=O)=O)ccc1OC,328.4340000000001,1.1702999999999997,0.0,0.0,0.0,0.0,0.0,0.0,0.0,0.0,0.0,0.0,0.0,0.0
FC(F)(F)c1ccccc1-n1ccnc1,212.174,2.8911000000000016,0.0,0.0,0.0,1.0,0.0,0.0,0.0,0.0,0.0,0.0,0.0,0.0
N#CC(C#N)=Cc1cc(O)c(O)c(O)c1,202.16899999999998,1.2339599999999997,0.0,0.0,0.0,,0.0,0.0,0.0,,0.0,,,0.0
N#CC(C#N)=Cc1ccc(O)c(O)c1,186.17,1.52836,0.0,0.0,0.0,0.0,0.0,,0.0,,0.0,0.0,1.0,0.0
O=C(O)C(F)(F)C(F)(F)C(F)(F)C(F)(F)C(F)(F)C(F)(F)C(F)(F)C(F)(F)F,464.07099999999997,5.080400000000001,0.0,0.0,,,0.0,0.0,,1.0,0.0,0.0,0.0,1.0
O=C(O)C(F)(F)C(F)(F)C(F)(F)C(F)(F)C(F)(F)F,314.04999999999995,3.1745,0.0,,0.0,0.0,0.0,0.0,0.0,0.0,0.0,0.0,,0.0
O=C(O)C(F)(F)C(F)(F)C(F)(F)C(F)(F)C(F)(F)C(F)(F)C(F)(F)C(F)(F)C(F)(F)F,514.078,5.715700000000002,0.0,0.0,0.0,,0.0,0.0,0.0,,0.0,0.0,0.0,0.0
O=C(O)C(F)(F)C(F)(F)C(F)(F)C(F)(F)C(F)(F)C(F)(F)C(F)(F)F,414.06399999999996,4.4451,0.0,0.0,0.0,,0.0,0.0,0.0,1.0,0.0,0.0,0.0,0.0
O=S(=O)(O)C(F)(F)C(F)(F)C(F)(F)C(F)(F)C(F)(F)C(F)(F)C(F)(F)C(F)(F)F,500.1259999999999,4.841100000000001,0.0,0.0,0.0,,0.0,0.0,0.0,,0.0,0.0,,
COC(=O)[C@@H]1CC2=CC(=O)CC[C@]2(C)[C@@]23O[C@@H]2C[C@@]2(C)[C@@H](CC[C@@]24CCC(=O)O4)[C@H]13,414.4980000000003,3.124500000000002,,0.0,0.0,,0.0,0.0,0.0,0.0,0.0,0.0,0.0,0.0
CC(C)CC(=O)N[C@H](C(=O)N[C@H](C(=O)N[C@@H](CC(C)C)[C@@H](O)CC(=O)N[C@@H](C)C(=O)N[C@@H](CC(C)C)[C@@H](O)CC(=O)O)C(C)C)C(C)C,685.9040000000002,1.467200000000006,0.0,0.0,0.0,0.0,,0.0,0.0,0.0,0.0,0.0,0.0,0.0
CN(C)CCc1ccc(O)cc1,165.236,1.4963,0.0,0.0,0.0,0.0,0.0,0.0,0.0,0.0,0.0,0.0,0.0,0.0
CC1(C)S[C@@H]2[C@H](N)C(=O)N2[C@H]1C(=O)O,216.262,-0.5393999999999992,0.0,0.0,,0.0,0.0,0.0,0.0,,0.0,,0.0,0.0
c1cc2c(c(N3CCNCC3)c1)OCCO2,220.27199999999993,0.8673999999999997,0.0,0.0,0.0,0.0,0.0,0.0,0.0,0.0,0.0,0.0,0.0,0.0
CC1(CN2CCC(n3c(=O)[nH]c4ccccc43)CC2)OCc2ccccc2-n2cccc21,428.5360000000002,4.202800000000003,0.0,0.0,0.0,1.0,,0.0,,,,0.0,,0.0
CN1C(=O)[C@@H](NC(=O)c2cc3ccccc3[nH]2)N=C(c2ccccc2)c2ccccc21,408.4610000000001,3.737800000000002,0.0,0.0,1.0,1.0,,0.0,,1.0,1.0,,1.0,
O=c1[nH]c2cc(C(F)(F)F)c(N3CCOCC3)cc2n(CP(=O)(O)O)c1=O,409.25700000000006,0.6803999999999997,0.0,0.0,0.0,0.0,0.0,0.0,0.0,0.0,0.0,0.0,0.0,0.0
COC1=CC=C2[C@H]3Cc4ccc(OC)c5c4[C@@]2(CCN3C)[C@H]1O5,311.381,2.424500000000001,0.0,0.0,0.0,0.0,0.0,0.0,0.0,,0.0,,0.0,0.0
FC(F)(F)C(F)(F)C(F)(F)C(F)(F)C(F)(F)C(F)(F)F,338.03799999999995,4.652200000000001,0.0,0.0,0.0,0.0,0.0,0.0,0.0,,0.0,,0.0,0.0
Cc1ccc(N(SC(F)(Cl)Cl)S(=O)(=O)N(C)C)cc1,347.2640000000001,3.314420000000002,0.0,,0.0,1.0,,0.0,,,0.0,,1.0,
CC(=O)Nc1ccc(S(=O)(=O)Cl)cc1,233.676,1.5725,0.0,0.0,0.0,0.0,0.0,0.0,0.0,0.0,0.0,0.0,,0.0
Cc1ccc([N+](=O)[O-])cc1Cl,171.583,2.5566200000000006,0.0,0.0,0.0,0.0,0.0,0.0,0.0,0.0,0.0,0.0,,0.0
COCC(=O)Nc1cc(Sc2ccccc2)ccc1N=C(NC(=O)OC)NC(=O)OC,446.48500000000024,3.122200000000001,,0.0,,0.0,0.0,0.0,0.0,,0.0,,0.0,1.0
CC(C)[C@@]1(NC(=O)[C@@H]2C[C@@H]3c4cccc5[nH]cc(c45)C[C@H]3N(C)C2)O[C@@]2(O)[C@@H]3CCCN3C(=O)[C@H](Cc3ccccc3)N2C1=O,611.7430000000004,2.717200000000001,0.0,0.0,0.0,,0.0,0.0,,,0.0,,,0.0
C[C@@H](CO)NC(=O)[C@@H]1C=C2c3cccc4[nH]cc(c34)C[C@H]2N(C)C1,325.4120000000001,1.5346000000000002,1.0,1.0,0.0,0.0,0.0,0.0,0.0,,0.0,,,0.0
CCN(CC)C(=O)N[C@@H]1C=C2c3cccc4[nH]cc(c34)C[C@@H]2N(C)C1,338.45500000000015,2.841400000000001,0.0,0.0,1.0,,0.0,0.0,0.0,0.0,,0.0,1.0,0.0
C=CCN1CCc2nc(N)sc2CC1,209.31799999999996,1.3119,0.0,0.0,0.0,0.0,0.0,0.0,0.0,0.0,0.0,0.0,0.0,0.0
CN(C(=O)Cc1ccccc1)[C@H]1CC[C@@]2(CCCO2)C[C@@H]1N1CCCC1,356.51000000000016,3.2536000000000023,0.0,0.0,0.0,0.0,0.0,0.0,0.0,0.0,0.0,0.0,,0.0
CN1C[C@@H](NS(=O)(=O)N(C)C)C[C@@H]2c3cccc4c3c(cn4C)C[C@H]21,362.49900000000014,1.2867000000000004,0.0,0.0,,0.0,0.0,0.0,0.0,0.0,0.0,0.0,0.0,0.0
C=CCN1CC[C@]23c4c5ccc(O)c4O[C@H]2C(=O)CC[C@@]3(O)[C@H]1C5.CI,469.31900000000013,2.3526000000000007,0.0,0.0,0.0,0.0,,0.0,0.0,,0.0,,0.0,0.0
CC(C)(C)NSc1nc2ccccc2s1,238.38100000000003,3.6915000000000022,0.0,0.0,1.0,1.0,0.0,0.0,,1.0,0.0,1.0,1.0,0.0
C=CCC1=C(C)C(OC(=O)C2C(C=C(C)C)C2(C)C)CC1=O,302.41400000000004,4.002000000000003,0.0,0.0,0.0,,,0.0,,,0.0,1.0,,
CC1=CC(=O)CCC1,110.156,1.6857,0.0,0.0,0.0,0.0,0.0,0.0,0.0,0.0,0.0,0.0,0.0,0.0
CC(C)c1ccccc1C(C)C,162.27599999999995,3.9334000000000033,0.0,0.0,0.0,0.0,0.0,0.0,0.0,0.0,0.0,0.0,,0.0
O=C=NC1CCC(CC2CCC(N=C=O)CC2)CC1,262.35299999999995,3.165700000000002,0.0,0.0,0.0,0.0,0.0,0.0,0.0,0.0,0.0,0.0,0.0,0.0
CCCCOCC(C)O,132.203,1.1839,0.0,0.0,0.0,0.0,0.0,0.0,0.0,,0.0,0.0,,0.0
C=C(C)C(=O)OCC[N+](C)(C)C,172.248,0.8119000000000001,0.0,0.0,0.0,0.0,0.0,0.0,0.0,,0.0,0.0,0.0,0.0
c1ccc2sc(SN(C3CCCCC3)C3CCCCC3)nc2c1,346.5650000000001,6.270800000000005,0.0,0.0,1.0,,0.0,0.0,0.0,1.0,0.0,0.0,0.0,0.0
CC(C)C(=O)OCC(C)(C)C(O)C(C)C,216.32099999999997,2.2287,0.0,0.0,0.0,0.0,0.0,0.0,0.0,0.0,0.0,0.0,0.0,0.0
Cc1cccc(Cl)c1,126.586,2.6484200000000007,0.0,0.0,0.0,0.0,0.0,0.0,0.0,0.0,0.0,0.0,0.0,0.0
C1=CCCC=CCCC=CCC1,162.27599999999995,4.009200000000003,0.0,0.0,0.0,0.0,0.0,0.0,0.0,0.0,0.0,0.0,0.0,0.0
C=C(C)C#N,67.091,1.08608,0.0,0.0,0.0,0.0,0.0,0.0,0.0,0.0,0.0,0.0,0.0,0.0
COP(N)(=O)SC,141.132,1.0626,0.0,0.0,0.0,0.0,0.0,0.0,0.0,0.0,0.0,0.0,0.0,0.0
CCCCSP(=O)(SCCCC)SCCCC,314.5220000000001,6.694400000000005,0.0,0.0,0.0,0.0,0.0,0.0,0.0,0.0,0.0,0.0,0.0,0.0
COCC(=O)N(c1c(C)cccc1C)C(C)C(=O)OC,279.336,1.8443400000000003,0.0,0.0,0.0,0.0,0.0,0.0,0.0,0.0,0.0,0.0,0.0,0.0
C[N+]1(C)CCCCC1,114.212,1.2467,0.0,0.0,0.0,0.0,0.0,0.0,0.0,0.0,0.0,0.0,0.0,0.0
Cn1cc(C2=C(c3cn(C4CCN(Cc5ccccn5)CC4)c4ccccc34)C(=O)NC2=O)c2ccccc21,515.6170000000003,4.932300000000004,0.0,,0.0,0.0,0.0,0.0,0.0,0.0,0.0,0.0,0.0,
O=C(NOC[C@H](O)CO)c1ccc(F)c(F)c1Nc1ccc(I)cc1F,482.196,2.4667000000000003,0.0,0.0,,,0.0,0.0,0.0,,0.0,,,0.0
O=C1CN=C(c2ccccc2)c2cc(Cl)ccc2N1CC1CC1,324.8110000000001,3.934000000000003,0.0,0.0,0.0,0.0,,0.0,0.0,1.0,0.0,0.0,1.0,1.0
Nc1c(Cl)c(Cl)c(Cl)c(Cl)c1Cl,265.35400000000004,4.5358,0.0,0.0,1.0,0.0,0.0,0.0,0.0,0.0,0.0,0.0,0.0,0.0
CCOC(=O)CCC(C)=O,144.17,0.9187000000000001,0.0,0.0,0.0,0.0,,0.0,0.0,0.0,0.0,0.0,0.0,0.0
C[C@]12C[C@H](O)[C@H]3[C@@H](CCC4=CC(=O)C=C[C@@]43C)[C@@H]1CC[C@]2(O)C(=O)CO,360.4500000000002,1.5575999999999999,1.0,1.0,0.0,,0.0,0.0,0.0,0.0,0.0,0.0,0.0,0.0
C[C@]12CC(=O)[C@H]3[C@@H](CCC4=CC(=O)C=C[C@@]43C)[C@@H]1CC[C@]2(O)C(=O)CO,358.43400000000014,1.7658,1.0,1.0,0.0,0.0,1.0,0.0,0.0,0.0,0.0,0.0,0.0,0.0
CNC(=O)CSP(=O)(OC)OC,213.19499999999996,0.8664999999999998,0.0,0.0,0.0,0.0,0.0,0.0,0.0,0.0,0.0,0.0,0.0,0.0
CCCN(CCC)S(=O)(=O)c1ccc(C(=O)O)cc1,285.36499999999995,2.1955,1.0,0.0,0.0,0.0,0.0,1.0,0.0,0.0,0.0,0.0,0.0,0.0
C=C(C)[C@@H]1CCC2=CCC[C@@H](C)[C@]2(C)C1,204.35699999999997,4.7252000000000045,0.0,0.0,0.0,1.0,,0.0,0.0,1.0,0.0,,0.0,0.0
C=CC(C)=CCC=C(C)C,136.23799999999997,3.4750000000000023,0.0,0.0,0.0,,0.0,0.0,0.0,1.0,0.0,0.0,0.0,0.0
C=C(C)[C@@H]1CCC2=CC(=O)C[C@@H](C)[C@]2(C)C1,218.33999999999995,3.904200000000003,0.0,0.0,0.0,1.0,0.0,0.0,0.0,0.0,0.0,0.0,0.0,0.0
CCOC(=O)CC(C)C,130.18699999999998,1.5956000000000001,0.0,0.0,0.0,0.0,0.0,0.0,0.0,0.0,0.0,0.0,0.0,0.0
CCCCCCCCCCCCN(CCCCCCCCCCCC)CCCCCCCCCCCC,522.0030000000006,13.051099999999977,0.0,0.0,0.0,0.0,0.0,0.0,0.0,0.0,0.0,0.0,0.0,0.0
CC1=CCCC(C)(C)C12CCC(C)O2,194.31799999999998,3.690400000000003,0.0,0.0,0.0,0.0,0.0,0.0,0.0,,0.0,0.0,0.0,0.0
c1cc(C(c2ccc(OCC3CO3)cc2)c2ccc(OCC3CO3)cc2)ccc1OCC1CO1,460.5260000000003,4.199600000000004,0.0,,0.0,,,0.0,,1.0,,1.0,,0.0
CC1(CO)CN(c2ccccc2)NC1=O,206.24500000000003,0.5363999999999998,0.0,0.0,1.0,,0.0,0.0,,,0.0,0.0,0.0,0.0
C=C(C)C(=O)OCCCCCCCCCCOC(=O)C(=C)C,310.43399999999997,4.345800000000004,0.0,0.0,0.0,0.0,0.0,0.0,0.0,0.0,0.0,0.0,0.0,0.0
CCC(=O)OCc1ccccc1,164.204,2.1398,0.0,0.0,0.0,0.0,0.0,0.0,0.0,0.0,0.0,0.0,0.0,0.0
Cc1cccc(Nc2ccccc2)c1,183.25400000000002,3.738620000000002,0.0,0.0,0.0,1.0,,0.0,0.0,0.0,0.0,0.0,1.0,0.0
O=S(=O)([O-])CC(O)CCl,173.59699999999998,-0.8687,0.0,0.0,0.0,0.0,0.0,0.0,0.0,0.0,0.0,0.0,,0.0
C=CCOCC(CC)(CO)COCC=C,214.30499999999998,1.7803,0.0,0.0,0.0,0.0,0.0,0.0,0.0,0.0,0.0,0.0,0.0,0.0
NS(=O)(=O)c1ccccc1Cl,191.63899999999998,0.9874000000000002,0.0,0.0,0.0,0.0,0.0,0.0,0.0,0.0,0.0,0.0,0.0,0.0
CCC(C)(CCC(C)C)C(=O)O[Sn](C)(C)OC(=O)C(C)(CC)CCC(C)C,491.30100000000033,6.479600000000008,0.0,0.0,,0.0,0.0,0.0,,1.0,0.0,1.0,0.0,0.0
CC(C)(C)C1CCCCC1O,156.269,2.583600000000001,0.0,0.0,0.0,0.0,0.0,0.0,0.0,0.0,0.0,0.0,0.0,0.0
CC(C)CP(=S)([S-])CC(C)C,209.33999999999997,3.2398000000000025,0.0,0.0,0.0,0.0,0.0,0.0,0.0,0.0,0.0,1.0,0.0,0.0
COc1ccc(CC2c3cc(OC)c(OC)cc3CC[N+]2(C)CCC(=O)OCCCCCOC(=O)CC[N+]2(C)CCc3cc(OC)c(OC)cc3C2Cc2ccc(OC)c(OC)c2)cc1OC.O=S(=O)([O-])c1ccccc1.O=S(=O)([O-])c1ccccc1,1243.5010000000002,9.246900000000004,1.0,0.0,0.0,,,0.0,,,0.0,,0.0,0.0
CCOc1c(N2CCOCC2)cnn(C)c1=O,239.27499999999998,0.015599999999999836,,,,,,,,0.0,,0.0,,
CN1CCC(=C2c3ccccc3CCc3cccnc32)CC1,290.4100000000001,3.7077000000000027,0.0,0.0,0.0,0.0,0.0,0.0,,0.0,0.0,0.0,0.0,0.0
CC(=O)OC[C@H]1O[C@@H](n2ncc(=O)[nH]c2=O)[C@H](OC(C)=O)[C@@H]1OC(C)=O,371.3020000000002,-1.7444999999999975,,,,,,,,0.0,,0.0,,
CCOC(=O)[C@H](CCc1ccccc1)N[C@@H](C)C(=O)N1CCC[C@H]1C(=O)O,376.45300000000026,1.6046,0.0,0.0,0.0,0.0,0.0,0.0,0.0,0.0,0.0,0.0,0.0,0.0
CN(C)C(=O)Nc1ccc(Cl)cc1,198.653,2.4335000000000004,0.0,0.0,0.0,0.0,0.0,0.0,0.0,0.0,0.0,0.0,0.0,0.0
Cc1ccc(S(=O)(=O)N=C=O)cc1,197.215,1.01952,0.0,0.0,0.0,0.0,0.0,0.0,0.0,0.0,0.0,0.0,0.0,0.0
NC(=O)c1ccccc1O,137.13799999999998,0.49110000000000004,0.0,0.0,0.0,0.0,0.0,0.0,0.0,0.0,0.0,0.0,0.0,0.0
O=C1C[C@@H]2OCC=C3CN4CC[C@]56c7ccccc7N1[C@H]5[C@H]2[C@H]3C[C@H]46.O=C1C[C@@H]2OCC=C3CN4CC[C@]56c7ccccc7N1[C@H]5[C@H]2[C@H]3C[C@H]46,668.8380000000002,4.185000000000003,0.0,0.0,,0.0,0.0,0.0,0.0,0.0,0.0,0.0,0.0,0.0
O=c1oc2ccccc2c(O)c1Cc1c(O)c2ccccc2oc1=O,336.29900000000004,2.9014000000000006,,,,,,,,1.0,,,,
O=C1NCC2(CCN(CCc3ccccc3)CC2)O1,260.337,1.8034999999999997,0.0,0.0,0.0,0.0,1.0,0.0,0.0,0.0,0.0,0.0,0.0,0.0
CCOC(=O)Nc1ccc(NCc2ccc(F)cc2)nc1N,304.32500000000005,2.9834000000000005,0.0,0.0,,0.0,1.0,0.0,0.0,0.0,0.0,0.0,,0.0
CC(C)[N+]1(C)C2CCC1CC(OC(=O)C(CO)c1ccccc1)C2,332.464,2.8541000000000016,0.0,0.0,0.0,0.0,1.0,0.0,0.0,,0.0,,0.0,0.0
N=C(N)NCc1cccc(I)c1.N=C(N)NCc1cccc(I)c1,550.1860000000001,2.548540000000001,0.0,0.0,0.0,0.0,,0.0,0.0,,0.0,,0.0,0.0
CC(C)NC(C)Cc1ccc(I)cc1,303.187,3.220200000000002,0.0,0.0,0.0,0.0,1.0,0.0,0.0,,0.0,,,0.0
Clc1cc(C(Cl)(Cl)Cl)cnc1Cl,265.35400000000004,4.2151000000000005,0.0,0.0,0.0,,0.0,0.0,0.0,,1.0,,,0.0
Cc1cn[nH]c1,82.106,0.7181199999999999,0.0,0.0,0.0,0.0,0.0,0.0,0.0,0.0,0.0,0.0,0.0,0.0
NC(=O)c1ncn([C@@H]2O[C@H](CO)[C@@H](O)[C@H]2O)c1O,259.218,-2.7009,,,,,,,,0.0,,0.0,,
C#CCN(C)CCCOc1ccc(Cl)cc1Cl,272.175,3.327300000000002,0.0,0.0,,,1.0,0.0,0.0,1.0,0.0,0.0,,0.0
CCCCCCCCCCCC#N,181.32299999999998,4.430880000000004,0.0,0.0,0.0,0.0,0.0,0.0,0.0,0.0,0.0,0.0,0.0,0.0
N#Cc1c(Cl)c(Cl)c(Cl)c(C#N)c1Cl,265.914,4.04356,0.0,,0.0,,,1.0,,,1.0,1.0,,1.0
Cc1ccc(C)c(O)c1C,136.194,2.3174600000000005,0.0,0.0,0.0,0.0,0.0,0.0,0.0,0.0,0.0,0.0,0.0,0.0
C=C(C)C(=O)OCCOCC,158.19699999999997,1.1422,0.0,0.0,0.0,0.0,0.0,0.0,0.0,0.0,0.0,0.0,,0.0
CC(C)[C@@H]1CC[C@@H](C)C[C@H]1O,156.269,2.439500000000001,0.0,0.0,0.0,0.0,0.0,0.0,0.0,0.0,0.0,0.0,0.0,0.0
O=C=Nc1ccc(Cl)c(Cl)c1,188.01299999999998,2.960700000000001,,,1.0,,0.0,0.0,0.0,,0.0,0.0,1.0,0.0
COP(=S)(OC)Oc1nc(Cl)c(Cl)cc1Cl,322.53700000000003,3.9379000000000017,0.0,,,0.0,0.0,0.0,,0.0,0.0,0.0,1.0,0.0
C#CCOC(=O)[C@@H](C)Oc1ccc(Oc2ncc(Cl)cc2F)cc1,349.745,3.6101000000000028,0.0,0.0,0.0,0.0,0.0,0.0,0.0,0.0,0.0,0.0,0.0,0.0
CC1(C)CON(Cc2ccccc2Cl)C1=O,239.702,2.6400000000000006,0.0,0.0,0.0,0.0,,0.0,0.0,1.0,0.0,0.0,0.0,0.0
CCSC(=O)N(CC)C1CCCCC1,215.36199999999994,3.5141000000000027,0.0,0.0,0.0,0.0,,0.0,0.0,0.0,0.0,0.0,0.0,0.0
COC(=O)C(C)Oc1ccc(Oc2ccc(Cl)cc2Cl)cc1,341.19000000000005,4.7260000000000035,0.0,0.0,0.0,0.0,0.0,0.0,0.0,0.0,0.0,0.0,,0.0
CCNC(=O)NC(=O)/C(C#N)=N/OC,198.182,-0.6419199999999998,0.0,0.0,,0.0,0.0,0.0,0.0,0.0,0.0,0.0,0.0,0.0
Cc1cc(C2CC2)nc(Nc2ccccc2)n1,225.29500000000004,3.4060200000000007,0.0,0.0,1.0,,1.0,0.0,0.0,,0.0,,,0.0
COc1cc2nc(N(C)CCCNC(=O)C3CCCO3)nc(N)c2cc1OC,389.4560000000002,1.3507000000000002,0.0,0.0,,0.0,0.0,0.0,0.0,1.0,0.0,0.0,0.0,0.0
CN(C)C(=O)Oc1cc(OC(=O)N(C)C)cc(C(O)CNC(C)(C)C)c1,367.4460000000001,2.2288999999999994,0.0,0.0,0.0,0.0,0.0,0.0,0.0,0.0,0.0,0.0,0.0,0.0
CCC(=O)O[C@]1(C(=O)SCF)[C@H](C)C[C@H]2C3C[C@H](F)C4=CC(=O)C=C[C@]4(C)[C@@]3(F)[C@@H](O)C[C@@]21C,500.57900000000024,4.430000000000004,1.0,0.0,,,0.0,0.0,0.0,0.0,0.0,0.0,1.0,0.0
C[C@@]12CCC[C@H]1[C@@H]1CC[C@H]3C[C@@H](O)CC[C@]3(C)[C@H]1CC2,276.46400000000006,4.7801000000000045,1.0,0.0,0.0,0.0,1.0,1.0,0.0,0.0,0.0,0.0,0.0,0.0
CC(=O)SC[C@@H](Cc1ccccc1)C(=O)NCC(=O)OCc1ccccc1,385.4850000000002,2.9846000000000013,0.0,0.0,0.0,0.0,0.0,0.0,0.0,0.0,0.0,0.0,0.0,0.0
CCCN1CCC[C@@H]2Cc3n[nH]cc3C[C@H]21,219.332,1.9989000000000001,0.0,0.0,1.0,0.0,0.0,0.0,0.0,0.0,0.0,0.0,0.0,0.0
CCC[C@@]1(CCc2ccccc2)CC(O)=C([C@H](CC)c2cccc(NS(=O)(=O)c3ccc(C(F)(F)F)cn3)c2)C(=O)O1,602.6750000000001,7.325500000000007,0.0,0.0,0.0,0.0,0.0,0.0,,,0.0,,1.0,0.0
CO[C@H]1C[C@@H]2CC[C@@H](C)[C@@](O)(O2)C(=O)C(=O)N2CCCC[C@H]2C(=O)O[C@H]([C@H](C)C[C@@H]2CC[C@@H](O)[C@H](OC)C2)CC(=O)[C@H](C)C=C(C)[C@@H](O)[C@@H](OC)C(=O)[C@H](C)C[C@H](C)C=CC=CC=C1C,914.187,6.180600000000006,0.0,,0.0,1.0,,0.0,,,,,1.0,
CCC(C)(C)C(=O)O[C@H]1C[C@@H](C)C=C2C=C[C@H](C)[C@H](CC[C@@H]3C[C@@H](O)CC(=O)O3)[C@H]21,418.57400000000024,4.585600000000005,1.0,0.0,0.0,1.0,1.0,0.0,0.0,1.0,0.0,,,0.0
CC(C)=CCOc1ccc(/C=C/C(=O)c2ccc(OCC=C(C)C)cc2OCC(=O)O)cc1,450.53100000000023,5.736100000000006,0.0,,0.0,,0.0,0.0,,1.0,0.0,1.0,1.0,1.0
O=C1NC(=O)[C@@]2(CCOc3ccc(F)cc32)N1,236.202,0.6429000000000001,0.0,0.0,0.0,0.0,0.0,0.0,0.0,0.0,0.0,0.0,0.0,0.0
C/C=C(/CC[C@@H](C)[C@H]1CC[C@H]2C3=CC[C@H]4[C@H](C)[C@@H](O)CC[C@]4(C)[C@H]3CC[C@@]21C)C(C)C,426.7290000000003,8.190900000000008,0.0,0.0,0.0,0.0,0.0,0.0,0.0,,0.0,,0.0,0.0
OC[C@H](O)[C@@H](O)[C@H](O)[C@H](O)CO,182.172,-3.5854000000000004,0.0,0.0,0.0,0.0,0.0,0.0,0.0,0.0,0.0,0.0,0.0,0.0
CCCCCCCCCCCCOS(=O)(=O)O.OCCN(CCO)CCO,415.59300000000025,1.9920000000000004,0.0,0.0,0.0,0.0,0.0,0.0,0.0,0.0,0.0,0.0,0.0,0.0
[O-]c1ccccc1,93.10499999999999,0.7601999999999999,0.0,0.0,0.0,0.0,0.0,0.0,0.0,0.0,0.0,0.0,0.0,0.0
c1ccc2c(c1)c1cccc3ccc4cccc2c4c31,252.31599999999997,5.737200000000003,0.0,1.0,1.0,0.0,0.0,0.0,1.0,1.0,0.0,0.0,1.0,1.0
C=CCNCC=C,97.16099999999999,0.948,0.0,0.0,0.0,0.0,0.0,0.0,0.0,0.0,0.0,0.0,0.0,0.0
CCCCC/C=C/C=C/C=O,152.23699999999997,2.878000000000001,0.0,0.0,0.0,0.0,0.0,0.0,,,0.0,1.0,1.0,
C1CCC2CCCCC2C1,138.254,3.3668000000000022,0.0,0.0,0.0,0.0,0.0,0.0,0.0,,0.0,0.0,0.0,0.0
CCCCCCCCCC,142.286,4.147000000000004,0.0,0.0,0.0,0.0,0.0,0.0,0.0,1.0,0.0,0.0,0.0,0.0
C=C(C)C(=O)OCCCCCCCCCC,226.3599999999999,4.246400000000004,0.0,0.0,0.0,0.0,0.0,0.0,0.0,0.0,0.0,,0.0,0.0
C=CC(=O)NC(C)(C)CC(C)=O,169.224,1.0462999999999998,0.0,0.0,0.0,0.0,0.0,0.0,0.0,0.0,0.0,0.0,0.0,0.0
CC(=O)CC(C)(C)O,116.15999999999998,0.7363999999999999,0.0,0.0,0.0,0.0,0.0,0.0,0.0,0.0,0.0,0.0,0.0,0.0
CN(C)C(=O)C1(N2CCCCC2)CCN(CCC2(c3ccc(Cl)c(Cl)c3)CN(C(=O)c3ccccc3)CCO2)CC1,601.6189999999999,5.160100000000004,0.0,,0.0,,,,,,,,,
O=C([O-])C(Cl)Cl,127.934,-0.4600000000000002,0.0,0.0,0.0,0.0,0.0,0.0,0.0,0.0,0.0,0.0,0.0,0.0
O=C([O-])Cc1ccccc1Nc1c(Cl)cccc1Cl,295.145,3.0294,0.0,0.0,0.0,0.0,1.0,0.0,0.0,,0.0,0.0,0.0,1.0
Clc1cc(Cl)c(Cl)nc1Cl,216.882,3.6952,,0.0,0.0,0.0,0.0,0.0,0.0,0.0,0.0,0.0,0.0,0.0
NNC(=S)NN,106.15400000000001,-1.8021000000000003,0.0,0.0,1.0,,0.0,0.0,0.0,0.0,0.0,1.0,0.0,0.0
NC(=O)Nc1ccc(Cl)cc1,170.599,1.8306000000000002,0.0,0.0,0.0,0.0,0.0,0.0,0.0,0.0,0.0,0.0,0.0,0.0
[O-][n+]1ccc(Cl)cc1,129.54600000000002,0.9734000000000002,0.0,0.0,0.0,0.0,0.0,0.0,0.0,0.0,0.0,0.0,,0.0
CCCCC/C=C\CCC=O,154.253,3.102000000000001,0.0,0.0,0.0,0.0,0.0,0.0,0.0,0.0,0.0,0.0,0.0,0.0
CN1C(=O)CC(=O)N(c2ccccc2)c2cc(Cl)ccc21,300.74500000000006,3.3712000000000018,0.0,0.0,0.0,,0.0,0.0,0.0,,0.0,,0.0,0.0
CCc1occc(=O)c1O,140.13799999999998,0.9077999999999999,0.0,0.0,,0.0,0.0,0.0,0.0,,0.0,0.0,,0.0
CC1=C(O)C(=O)C(C)O1,128.12699999999998,0.7637,0.0,0.0,0.0,0.0,0.0,0.0,0.0,0.0,0.0,0.0,0.0,0.0
COc1ccc(CCO)cc1,152.193,1.23,0.0,0.0,0.0,0.0,0.0,0.0,0.0,0.0,0.0,0.0,0.0,0.0
CCCC(C)C(O)CC,130.23099999999997,2.1935000000000002,0.0,0.0,0.0,0.0,0.0,0.0,0.0,0.0,0.0,0.0,0.0,0.0
Oc1ccc(/C=C/c2cc(O)cc(O)c2)cc1,228.247,2.9738000000000016,1.0,0.0,,,1.0,1.0,,1.0,1.0,0.0,1.0,
O=C1C[N+]([O-])=C(c2ccccc2)c2cc(Cl)ccc2N1,286.718,2.639800000000001,0.0,0.0,0.0,0.0,0.0,0.0,0.0,,0.0,,0.0,0.0
O=C(/C=C/c1cccc(F)c1)NC1CC1,205.23199999999997,2.1174999999999997,0.0,0.0,0.0,,0.0,0.0,0.0,,0.0,,0.0,0.0
O=C(O)Cc1csc(-c2ccc(Cl)cc2)n1,253.71,3.090600000000001,0.0,,0.0,0.0,0.0,0.0,0.0,0.0,0.0,0.0,0.0,0.0
O=C(Nc1ccc(Br)cc1)c1cc(Br)c(Br)s1,439.954,5.2879000000000005,0.0,0.0,1.0,,,0.0,0.0,,0.0,,1.0,
O=C(O)Cc1cn(-c2ccccc2)nc1-c1ccc(Cl)cc1,312.75600000000003,3.8198000000000025,0.0,,0.0,0.0,0.0,0.0,1.0,0.0,0.0,0.0,0.0,0.0
Cc1cccc(C)c1NC(=O)CN1CCCC1,232.32699999999994,2.33774,0.0,0.0,,0.0,0.0,0.0,0.0,0.0,0.0,0.0,0.0,0.0
NS(=O)(=O)c1ccc(Cl)c(S(N)(=O)=O)c1,270.719,-0.3651999999999997,0.0,0.0,0.0,0.0,0.0,0.0,0.0,0.0,0.0,0.0,0.0,0.0
COc1ccc(C=CC(=O)c2ccc(OC)cc2OC)cc1,298.338,3.608500000000002,,,,,,,,1.0,,1.0,,
O=C(NCN1CCOCC1)c1cnccn1,222.248,-0.5038999999999996,,,,,,,,0.0,,0.0,,
COc1cccc2c1C(=O)c1c(O)c3c(c(O)c1C2=O)C[C@@](O)(C(=O)CO)C[C@@H]3O[C@H]1C[C@H](N)[C@H](O[C@@H]2CCCCO2)[C@H](C)O1,627.6430000000001,1.5521999999999991,,,,,,,,,,0.0,,
CCCCCCC(=O)O[C@H]1CC[C@H]2[C@@H]3CC[C@H]4CC(=O)C=C(C)[C@]4(C)[C@H]3CC[C@]12C,414.6300000000002,6.646500000000008,1.0,1.0,0.0,,1.0,1.0,0.0,,0.0,,,
C=C/C(C)=C/C/C=C(\C)CCC=C(C)C,204.35699999999994,5.201500000000005,0.0,0.0,0.0,0.0,0.0,0.0,,1.0,0.0,1.0,0.0,0.0
CCC(=O)OCCOc1ccccc1,194.23000000000002,2.0186,0.0,0.0,0.0,0.0,0.0,0.0,0.0,0.0,0.0,0.0,0.0,0.0
CC(=O)CCC1=C(C)CCCC1(C)C,194.31799999999996,3.8822000000000036,0.0,0.0,0.0,0.0,0.0,,0.0,0.0,0.0,0.0,0.0,0.0
COc1cc(C=O)ccc1OC(=O)C(C)C,222.23999999999995,2.0690999999999997,0.0,0.0,0.0,0.0,0.0,0.0,0.0,0.0,0.0,0.0,0.0,0.0
CN1N=C(C(N)=O)CCC1=O,155.157,-0.9201000000000001,,,,,,,,0.0,,0.0,,
C[C@]12CC[C@H]3[C@@H](CCC4=CC(=O)CC[C@@]43C)[C@@H]1CC[C@@H]2C(=O)O,316.44100000000003,4.219100000000003,,,,,,,,0.0,,0.0,,
Cc1sccc1Br,177.06599999999997,2.819020000000001,,,,,,,,0.0,,0.0,,
O=C(CCCl)NCCc1ccccc1,211.692,1.9742,,,,,,,,0.0,,0.0,,
[O-][n+]1cccc(/C(Cl)=N/OC[C@H](O)CN2CCCCC2)c1,313.78500000000014,1.0838,,,,,,,,0.0,,0.0,,
CC[C@@]1(O)C(=O)OCc2c1cc1n(c2=O)Cc2c-1nc1ccccc1c2/C=N/OC(C)(C)C,447.49100000000016,3.228600000000002,,,,,,,,,,1.0,,
C=CCNc1nc(NCC=C)nc(N2CCN(C(c3ccc(F)cc3)c3ccc(F)cc3)CC2)n1,477.56300000000016,4.257200000000004,,,,,,,,1.0,,0.0,,
CC[C@@]1(O)C(=O)OCc2c1cc1n(c2=O)Cc2cc3c([N+](=O)[O-])cccc3nc2-1,393.35500000000013,1.9878,0.0,,,,,0.0,,,0.0,,1.0,1.0
CCCCCCCCCCCCCCOS(=O)(=O)[O-],293.449,4.164300000000003,0.0,0.0,0.0,0.0,0.0,0.0,0.0,,0.0,,0.0,0.0
S=c1[nH]c2ccccc2[nH]1,150.206,2.2254899999999997,1.0,0.0,1.0,,0.0,0.0,0.0,0.0,0.0,0.0,0.0,0.0
CC(=O)N[C@@H]1C(O[C@H]2O[C@H](C(=O)O)C(O)[C@H](O)[C@H]2O)[C@H](O)[C@@H](CO)O[C@H]1O[C@@H]1C(C(=O)O)O[C@@H](O[C@H]2[C@H](O)[C@@H](CO)OC(O)[C@@H]2NC(C)=O)[C@H](O)[C@H]1O,776.6510000000004,-9.276600000000014,0.0,0.0,0.0,0.0,0.0,0.0,0.0,,0.0,,0.0,0.0
S=C1NC=NC2N=CNC12,154.198,-0.7285000000000001,0.0,0.0,1.0,,,0.0,,1.0,0.0,0.0,1.0,1.0
CCCCCCOC(=O)CCCCC(=O)OCCCCCC,314.46600000000007,4.7938000000000045,0.0,0.0,0.0,0.0,0.0,0.0,0.0,,0.0,0.0,0.0,0.0
CCCCCCCCCC(=O)OC,186.295,3.3001000000000023,0.0,0.0,0.0,0.0,0.0,0.0,0.0,0.0,0.0,0.0,0.0,0.0
OC/C=C/CO,88.10600000000001,-0.47280000000000005,0.0,0.0,0.0,0.0,,,0.0,1.0,0.0,0.0,0.0,0.0
Cc1c(Cl)cccc1Nc1ncccc1C(=O)O,262.69599999999997,3.485220000000001,0.0,,1.0,,,0.0,0.0,,0.0,,1.0,0.0
OCc1c[nH]c2ccccc12,147.17699999999996,1.6602,0.0,0.0,1.0,1.0,,,0.0,1.0,0.0,,1.0,0.0
Cc1cccc(Nc2cc(Cl)nc(SCC(=O)O)n2)c1C,323.80500000000006,3.6671400000000007,0.0,,0.0,0.0,0.0,0.0,1.0,,0.0,0.0,0.0,0.0
CNCC(O)c1ccc(O)cc1,167.208,0.645,0.0,0.0,0.0,0.0,0.0,0.0,0.0,0.0,0.0,0.0,0.0,0.0
O=CCCl,78.49799999999999,0.42410000000000003,0.0,0.0,0.0,0.0,0.0,0.0,0.0,0.0,0.0,0.0,0.0,0.0
O=C(CCl)c1ccccc1,154.596,2.1081,0.0,0.0,1.0,,1.0,0.0,0.0,1.0,1.0,1.0,0.0,0.0
COP(=S)(OC)Oc1ccc([N+](=O)[O-])cc1Cl,297.65599999999995,3.144300000000002,0.0,,1.0,0.0,0.0,0.0,0.0,,0.0,0.0,,0.0
COC(=O)c1ccccc1C(=O)O,180.15899999999996,1.1714,0.0,0.0,0.0,0.0,0.0,0.0,0.0,0.0,0.0,0.0,0.0,0.0
CC(=O)Nc1ccc(C(=O)CCl)cc1,211.64799999999997,2.0665,0.0,1.0,1.0,,1.0,0.0,0.0,1.0,1.0,1.0,0.0,1.0
CCCCOC(=O)c1ccccc1C(=O)O,222.23999999999998,2.3417000000000003,0.0,0.0,0.0,0.0,0.0,0.0,0.0,0.0,0.0,0.0,,0.0
Nc1ccc(Cl)cc1,127.574,1.9222,0.0,0.0,1.0,0.0,0.0,0.0,,0.0,0.0,0.0,0.0,0.0
c1ccc(CCCc2ccccn2)cc1,197.28100000000003,3.2569000000000017,0.0,0.0,,,,0.0,0.0,0.0,0.0,0.0,0.0,0.0
CCOC(=O)c1cn2nc(OP(=S)(OCC)OCC)cc2nc1C,373.37100000000015,2.890720000000001,0.0,0.0,1.0,0.0,0.0,0.0,0.0,,0.0,0.0,0.0,0.0
CCC(C)c1cc([N+](=O)[O-])cc([N+](=O)[O-])c1OC(=O)C=C(C)C,322.31700000000006,3.888100000000003,0.0,,0.0,,,0.0,,1.0,0.0,1.0,,1.0
CCC(C)c1cc([N+](=O)[O-])cc([N+](=O)[O-])c1OC(=O)OC(C)C,326.30500000000006,3.9403000000000032,0.0,,0.0,,,1.0,,1.0,,1.0,1.0,1.0
CCN(CC)c1c([N+](=O)[O-])cc(C(F)(F)F)c(N)c1[N+](=O)[O-],322.24300000000005,2.9502000000000006,0.0,0.0,,,,,0.0,,0.0,0.0,,0.0
CC1(C)[C@@H]2CC[C@@]1(C)[C@H](OC(=O)CSC#N)C2,253.36699999999996,2.958680000000001,0.0,0.0,0.0,0.0,0.0,0.0,0.0,,0.0,,,0.0
CC(C)N(C(=O)SCC(Cl)=CCl)C(C)C,270.225,4.277400000000004,0.0,,0.0,1.0,0.0,,,,,,,
CC(=O)OCC1=C(C(=O)O)N2C(=O)[C@@H](N)[C@H]2SC1,272.28200000000004,-0.8693999999999988,0.0,0.0,0.0,0.0,0.0,0.0,0.0,0.0,0.0,0.0,0.0,0.0
COC(=O)Nc1nc2ccccc2[nH]1,191.19000000000003,1.7411999999999996,0.0,0.0,1.0,,0.0,0.0,0.0,0.0,0.0,0.0,0.0,1.0
O=C1CCCCC1Cl,132.59,1.7369,0.0,0.0,0.0,0.0,0.0,0.0,0.0,0.0,0.0,0.0,0.0,0.0
CC1(C)[C@@H]2CC[C@@]1(C)C(=O)C2,152.237,2.401700000000001,0.0,0.0,0.0,0.0,0.0,0.0,0.0,0.0,0.0,0.0,0.0,0.0
NC(N)=O.OO,94.06999999999998,-0.9588000000000001,0.0,0.0,0.0,0.0,0.0,0.0,0.0,0.0,0.0,0.0,0.0,0.0
CCCCCCCC(=O)Cl,162.66,3.112300000000002,0.0,0.0,0.0,0.0,0.0,0.0,0.0,0.0,0.0,0.0,0.0,0.0
CCCCCOC(C)=O,130.18699999999998,1.7397,0.0,0.0,0.0,0.0,0.0,0.0,0.0,0.0,0.0,1.0,0.0,0.0
CCCCCCCCCCCCCC,198.39399999999995,5.707400000000006,0.0,0.0,0.0,0.0,0.0,0.0,0.0,0.0,0.0,0.0,0.0,0.0
CCCCCCCCCCCCC,184.36699999999996,5.317300000000005,0.0,0.0,0.0,0.0,0.0,0.0,0.0,0.0,0.0,0.0,0.0,0.0
OCCCCCCO,118.176,0.5313999999999999,0.0,0.0,0.0,,0.0,0.0,0.0,0.0,0.0,0.0,0.0,0.0
C=CCCCCCCCCCCCCCC,224.43199999999993,6.263600000000006,0.0,0.0,0.0,0.0,0.0,0.0,0.0,0.0,0.0,0.0,,0.0
CCCCCCCCCCCCCCC,212.42099999999994,6.097500000000006,0.0,0.0,0.0,0.0,0.0,0.0,0.0,0.0,0.0,0.0,0.0,0.0
CSc1ccc(Cl)cc1,158.653,3.0619000000000014,0.0,0.0,0.0,0.0,0.0,0.0,0.0,0.0,0.0,0.0,0.0,0.0
Clc1ccc2ccccc2c1,162.61899999999997,3.4932000000000016,0.0,0.0,0.0,0.0,,0.0,0.0,0.0,0.0,0.0,0.0,0.0
Cc1ccccc1Cl,126.586,2.6484200000000007,0.0,0.0,0.0,0.0,0.0,0.0,0.0,0.0,0.0,0.0,0.0,0.0
CS(=O)(=O)c1ccc(Cl)cc1,190.651,1.7435,0.0,0.0,0.0,0.0,0.0,0.0,0.0,0.0,0.0,0.0,0.0,0.0
Oc1ccc2ccc3cccc4ccc1c2c34,218.255,4.289600000000002,0.0,0.0,1.0,1.0,1.0,,0.0,,0.0,,1.0,
CC(C)COC(=O)c1ccc(O)cc1,194.23,2.205,0.0,0.0,,,1.0,1.0,0.0,,0.0,0.0,1.0,0.0
Cn1c(N)nc2c3cccnc3ccc21,198.22899999999998,1.7037,,0.0,1.0,,0.0,0.0,0.0,0.0,0.0,0.0,0.0,0.0
NC(=O)CI,184.964,-0.09329999999999988,0.0,0.0,,,0.0,0.0,0.0,,0.0,0.0,0.0,0.0
IC(I)I,393.731,2.575,0.0,0.0,,,1.0,0.0,0.0,0.0,0.0,0.0,0.0,0.0
COc1ccc2c(c1)c(CC(=O)O)c(C)n2C(=O)c1ccc(Cl)cc1,357.793,3.9273200000000026,0.0,,0.0,0.0,0.0,0.0,1.0,0.0,0.0,0.0,0.0,0.0
C=CCOCC(CO)(COCC=C)COCC=C,256.3419999999999,1.5729,0.0,0.0,0.0,0.0,0.0,0.0,0.0,0.0,0.0,0.0,0.0,0.0
CCc1ccc(O)c(C(C)(C)C)c1,178.27499999999998,3.252100000000002,0.0,0.0,0.0,,1.0,,0.0,,0.0,0.0,1.0,
Cc1c(C)c([N+](=O)[O-])c(C(C)(C)C)c([N+](=O)[O-])c1C,266.29699999999997,3.725760000000003,0.0,0.0,0.0,,0.0,0.0,0.0,0.0,0.0,0.0,,0.0
C#CCN(C)[C@H](C)Cc1ccccc1,187.286,2.1826,0.0,0.0,0.0,0.0,0.0,0.0,0.0,0.0,0.0,0.0,0.0,0.0
O=C1CN(N=Cc2ccc(-c3ccc([N+](=O)[O-])cc3)o2)C(=O)[N-]1,313.249,2.5246000000000004,0.0,0.0,1.0,0.0,0.0,0.0,0.0,0.0,0.0,0.0,1.0,0.0
CCN(CCC#N)c1ccccc1,174.247,2.4265800000000004,0.0,0.0,0.0,0.0,0.0,0.0,0.0,0.0,0.0,0.0,,0.0
COC(=O)CCCC(=O)O,146.14200000000002,0.41429999999999995,0.0,0.0,0.0,0.0,0.0,0.0,0.0,,0.0,0.0,,0.0
OC[C@H](Cc1cccc(O)c1)[C@H](CO)Cc1cccc(O)c1,302.37,2.0999999999999996,0.0,0.0,,,0.0,0.0,0.0,0.0,0.0,,,
COc1cc(Cl)ccc1Oc1ccc(Cl)cc1Cl,303.572,5.447700000000002,0.0,0.0,,,0.0,0.0,0.0,0.0,0.0,0.0,1.0,0.0
Cc1ccc(O)c(C(=O)c2ccccc2)c1,212.24800000000002,2.9316200000000006,0.0,0.0,,,0.0,0.0,0.0,0.0,0.0,0.0,,0.0
O=C(c1ccccc1)c1cccc(O)c1,198.221,2.6232000000000006,,0.0,,,1.0,1.0,0.0,,0.0,0.0,1.0,0.0
O=C(c1ccccc1)c1ccccc1O,198.221,2.623200000000001,0.0,0.0,0.0,1.0,0.0,0.0,0.0,0.0,0.0,0.0,0.0,0.0
CN1CCc2cc3c(cc2C1O)OCO3,207.22899999999996,0.8941000000000001,0.0,,0.0,0.0,0.0,,,,0.0,,0.0,
CCCCCCCCCCCCOC(=O)c1ccc(O)cc1,306.44599999999997,5.469900000000006,,0.0,0.0,,0.0,0.0,0.0,,0.0,0.0,1.0,0.0
O=C(Oc1ccccc1)c1ccc(O)cc1,214.21999999999997,2.6114000000000006,0.0,0.0,0.0,,1.0,1.0,0.0,0.0,0.0,0.0,,0.0
CCCC(c1cc(C(C)(C)C)c(O)cc1C)c1cc(C(C)(C)C)c(O)cc1C,382.5880000000002,7.241640000000008,0.0,,,,,,,,,1.0,1.0,
O=c1[nH]cnc2nc[nH]c12,136.114,-0.35380000000000006,,,,,,,,0.0,,0.0,,
C=C1CC[C@H]2[C@@](C)(CC[C@@H](O)[C@@]2(C)CO)[C@@H]1C/C=C1/C(=O)OC[C@H]1O,350.4550000000001,1.9625999999999997,0.0,0.0,0.0,,0.0,0.0,,,0.0,,0.0,0.0
CN1CC(=O)NC1=N,113.11999999999999,-1.0172299999999999,,,,,,,,0.0,,0.0,,
CC1(C)O[C@H]2CC(=O)OC[C@@]23[C@H]1CC(=O)[C@]1(C)[C@@H]3CC[C@@]2(C)[C@H](c3ccoc3)OC(=O)[C@H]3O[C@]321,470.51800000000026,3.137400000000002,1.0,0.0,0.0,,1.0,0.0,0.0,0.0,0.0,0.0,0.0,0.0
OC[C@H]1O[C@@H](O[C@@H]2[C@@H](CO)O[C@@H](O)[C@H](O)[C@H]2O)[C@H](O)[C@@H](O)[C@@H]1O,342.297,-5.397199999999993,0.0,0.0,0.0,0.0,0.0,0.0,0.0,,0.0,,0.0,0.0
CN(C)CCN(Cc1ccccc1)c1ccccn1.O=C(O)CC(O)(CC(=O)O)C(=O)O,447.4880000000003,1.4013000000000007,0.0,0.0,0.0,0.0,0.0,0.0,0.0,0.0,0.0,0.0,,0.0
C=CCC1(C(C)CCC)C(=O)N=C([S-])NC1=O,253.34699999999998,1.5443999999999998,0.0,0.0,0.0,0.0,0.0,0.0,0.0,,0.0,,0.0,0.0
Clc1ccccc1,112.55899999999997,2.34,0.0,0.0,0.0,0.0,0.0,0.0,0.0,0.0,0.0,0.0,0.0,0.0
CCOC(=O)C(O)(c1ccc(Cl)cc1)c1ccc(Cl)cc1,325.19100000000003,3.7924000000000024,0.0,0.0,1.0,,,0.0,0.0,,0.0,0.0,1.0,1.0
CCCCCCCCCCC[C@@H](C[C@@H]1OC(=O)[C@H]1CCCCCC)OC(=O)C(CC(C)C)NC=O,495.7450000000004,6.881900000000007,0.0,0.0,0.0,0.0,0.0,0.0,0.0,0.0,0.0,0.0,,0.0
CCC1CO1,72.107,0.7952,0.0,0.0,0.0,0.0,1.0,0.0,0.0,0.0,0.0,0.0,0.0,0.0
FC(F)OC(F)(F)C(F)Cl,184.491,2.3528000000000002,0.0,0.0,0.0,0.0,0.0,0.0,0.0,0.0,0.0,0.0,0.0,0.0
C#C[C@]1(O)CC[C@H]2[C@@H]3CCC4=C(CCC(=O)C4)[C@H]3CC[C@@]21C,298.42600000000004,3.636600000000003,1.0,1.0,0.0,0.0,1.0,1.0,0.0,,0.0,,0.0,0.0
O=S1OCC2C(CO1)C1(Cl)C(Cl)=C(Cl)C2(Cl)C1(Cl)Cl,406.9290000000001,3.689800000000001,0.0,0.0,0.0,,,0.0,0.0,1.0,0.0,,1.0,
ClC1=C(Cl)[C@]2(Cl)[C@H]3[C@H]([C@@H]4C[C@H]3[C@H]3O[C@@H]43)[C@@]1(Cl)C2(Cl)Cl,380.913,4.481400000000002,0.0,0.0,0.0,1.0,,0.0,0.0,,0.0,,1.0,0.0
ClCC1CO1,92.525,0.624,0.0,0.0,0.0,0.0,0.0,0.0,0.0,0.0,0.0,0.0,0.0,0.0
O=C(O[C@@H]1Cc2c(O)cc(O)cc2O[C@@H]1c1cc(O)c(O)c(O)c1)c1cc(O)c(O)c(O)c1,458.37500000000017,2.233199999999999,1.0,0.0,0.0,0.0,0.0,0.0,,0.0,0.0,0.0,0.0,0.0
CC(C)NCC1CCc2cc(CO)c([N+](=O)[O-])cc2N1,279.34,1.8117999999999996,0.0,0.0,0.0,0.0,0.0,0.0,0.0,,0.0,,0.0,0.0
CCCn1cnc2c1c(=O)n(CCCCC(C)=O)c(=O)n2C,306.366,1.0659999999999998,0.0,0.0,,0.0,0.0,0.0,0.0,0.0,0.0,0.0,0.0,0.0
c1cnc(N2CCN(Cc3ccc4c(c3)OCO4)CC2)nc1,298.34600000000006,1.5274999999999999,0.0,0.0,0.0,0.0,0.0,0.0,0.0,0.0,0.0,0.0,0.0,0.0
Cc1ccc(=O)n(-c2ccccc2)c1,185.22600000000003,2.1459200000000003,0.0,0.0,0.0,0.0,,0.0,0.0,0.0,0.0,0.0,0.0,0.0
Cc1nc2ccccn2c(=O)c1CCN1CCC(C(=O)c2ccc(F)cc2)CC1,393.46200000000005,3.2794200000000027,0.0,0.0,0.0,0.0,0.0,0.0,0.0,,0.0,0.0,0.0,0.0
O=c1[nH]c2ccccc2n1CCCN1CCN(C(c2ccccc2)c2ccccc2)CC1,426.5640000000001,4.126900000000004,0.0,0.0,,,0.0,0.0,,,,0.0,,0.0
NC(=O)CN1CC(O)CC1=O,158.15699999999995,-1.9350999999999996,0.0,0.0,,0.0,0.0,0.0,0.0,,0.0,,0.0,0.0
CCC(=O)c1ccc2c(c1)N(CCCN(C)C)c1ccccc1S2,340.49199999999996,4.833700000000005,0.0,0.0,0.0,,0.0,0.0,,,0.0,0.0,,0.0
CCCn1c(=O)[nH]c(=O)c2[nH]cnc21,194.194,-0.17710000000000065,0.0,0.0,0.0,0.0,0.0,0.0,0.0,,0.0,,0.0,0.0
CCCNCC(O)COc1ccccc1C(=O)CCc1ccccc1,341.4510000000001,3.2414000000000023,0.0,0.0,0.0,0.0,,0.0,,,0.0,0.0,,0.0
CCOc1nc2cccc(C(=O)O)c2n1Cc1ccc(-c2ccccc2-c2nnn[nH]2)cc1,440.4630000000001,4.028600000000002,,,,,,,,0.0,,0.0,,
CC(=O)[C@H]1CC[C@H]2[C@@H]3CCC4=CC(=O)CC[C@]4(C)[C@H]3CC[C@]12C,314.46900000000005,4.723500000000005,1.0,1.0,0.0,0.0,1.0,0.0,,,0.0,0.0,,0.0
C[C@]12CC[C@H]3[C@@H](CCC4=CC(=O)CC[C@@]43C)[C@@H]1CC[C@@H]2O,288.431,3.879200000000003,1.0,1.0,0.0,0.0,1.0,1.0,0.0,1.0,0.0,0.0,0.0,0.0
C[C@]12CC[C@@H]3c4ccc(O)cc4CC[C@H]3[C@@H]1CC[C@H]2O,272.3879999999999,3.6092000000000026,1.0,1.0,0.0,,1.0,1.0,0.0,0.0,0.0,0.0,1.0,1.0
COc1ccc2c(c1OC)CN1CCc3cc4c(cc3C1C2)OCO4,339.3910000000001,3.088000000000002,0.0,0.0,,0.0,0.0,0.0,0.0,0.0,0.0,0.0,1.0,0.0
