params,strict_success,loose_success,avg_sim_success,avg_sim_tanimoto,avg_steps
"{'lr': 0.0003, 'gamma': 0.5, 'batch_size': 64, 'hidden_dim': 256, 'w_tox': 100.0, 'w_flip': 150.0, 'w_pen': 25.0}",0.16624040920716113,0.1815856777493606,0.7563719877238471,0.4805399847092174,1.0
"{'lr': 0.0003, 'gamma': 0.5, 'batch_size': 64, 'hidden_dim': 256, 'w_tox': 100.0, 'w_flip': 150.0, 'w_pen': 50.0}",0.23955669224211423,0.26768968456947995,0.7344231101111754,0.4862522510919859,1.0
"{'lr': 0.0003, 'gamma': 0.5, 'batch_size': 64, 'hidden_dim': 256, 'w_tox': 100.0, 'w_flip': 200.0, 'w_pen': 25.0}",0.20630861040068202,0.22421142369991476,0.764300278700262,0.5133268400682099,1.0
"{'lr': 0.0003, 'gamma': 0.5, 'batch_size': 64, 'hidden_dim': 256, 'w_tox': 100.0, 'w_flip': 200.0, 'w_pen': 50.0}",0.23358908780903667,0.2693947144075021,0.7307073776016333,0.5048945016963536,1.0
"{'lr': 0.0003, 'gamma': 0.5, 'batch_size': 64, 'hidden_dim': 256, 'w_tox': 100.0, 'w_flip': 300.0, 'w_pen': 25.0}",0.28218243819266836,0.32225063938618925,0.7246469245676733,0.5794324193680306,1.0
"{'lr': 0.0003, 'gamma': 0.5, 'batch_size': 64, 'hidden_dim': 256, 'w_tox': 100.0, 'w_flip': 300.0, 'w_pen': 50.0}",0.2361466325660699,0.2651321398124467,0.7258457992069094,0.41260228801140075,1.0
"{'lr': 0.0003, 'gamma': 0.5, 'batch_size': 64, 'hidden_dim': 256, 'w_tox': 150.0, 'w_flip': 150.0, 'w_pen': 25.0}",0.3052003410059676,0.35294117647058826,0.7154422805199334,0.5410643459809388,1.0
"{'lr': 0.0003, 'gamma': 0.5, 'batch_size': 64, 'hidden_dim': 256, 'w_tox': 150.0, 'w_flip': 150.0, 'w_pen': 50.0}",0.27621483375959077,0.3205456095481671,0.7186474835172388,0.5079306937291309,1.0
"{'lr': 0.0003, 'gamma': 0.5, 'batch_size': 64, 'hidden_dim': 256, 'w_tox': 150.0, 'w_flip': 200.0, 'w_pen': 25.0}",0.21739130434782608,0.2318840579710145,0.7528720213162585,0.506236501587691,1.0
"{'lr': 0.0003, 'gamma': 0.5, 'batch_size': 64, 'hidden_dim': 256, 'w_tox': 150.0, 'w_flip': 200.0, 'w_pen': 50.0}",0.22506393861892582,0.2412617220801364,0.7677904201727446,0.4685579141016312,1.0
"{'lr': 0.0003, 'gamma': 0.5, 'batch_size': 64, 'hidden_dim': 256, 'w_tox': 150.0, 'w_flip': 300.0, 'w_pen': 25.0}",0.30861040068201195,0.35805626598465473,0.7138175889455345,0.541242281695764,1.0
"{'lr': 0.0003, 'gamma': 0.5, 'batch_size': 64, 'hidden_dim': 256, 'w_tox': 150.0, 'w_flip': 300.0, 'w_pen': 50.0}",0.27365728900255754,0.31628303495311166,0.7249944541151536,0.5747554831171366,1.0
"{'lr': 0.0003, 'gamma': 0.5, 'batch_size': 64, 'hidden_dim': 256, 'w_tox': 200.0, 'w_flip': 150.0, 'w_pen': 25.0}",0.2958226768968457,0.33844842284739984,0.7249946619805646,0.5223975809170456,1.0
"{'lr': 0.0003, 'gamma': 0.5, 'batch_size': 64, 'hidden_dim': 256, 'w_tox': 200.0, 'w_flip': 150.0, 'w_pen': 50.0}",0.3069053708439898,0.34782608695652173,0.7239726300650686,0.5499291848263913,1.0
"{'lr': 0.0003, 'gamma': 0.5, 'batch_size': 64, 'hidden_dim': 256, 'w_tox': 200.0, 'w_flip': 200.0, 'w_pen': 25.0}",0.2958226768968457,0.3316283034953112,0.7241945960593735,0.5162964092249843,1.0
"{'lr': 0.0003, 'gamma': 0.5, 'batch_size': 64, 'hidden_dim': 256, 'w_tox': 200.0, 'w_flip': 200.0, 'w_pen': 50.0}",0.30775788576300084,0.35294117647058826,0.7172135148940963,0.5213305117874033,1.0
"{'lr': 0.0003, 'gamma': 0.5, 'batch_size': 64, 'hidden_dim': 256, 'w_tox': 200.0, 'w_flip': 300.0, 'w_pen': 25.0}",0.2693947144075021,0.30605285592497866,0.729075213560832,0.4443400395768285,1.0
"{'lr': 0.0003, 'gamma': 0.5, 'batch_size': 64, 'hidden_dim': 256, 'w_tox': 200.0, 'w_flip': 300.0, 'w_pen': 50.0}",0.15515771526001704,0.16538789428815004,0.7559618973247603,0.4068066212758994,1.0
"{'lr': 0.0003, 'gamma': 0.5, 'batch_size': 64, 'hidden_dim': 512, 'w_tox': 100.0, 'w_flip': 150.0, 'w_pen': 25.0}",0.29923273657289,0.3316283034953112,0.727384970186647,0.6016846057390228,1.0
"{'lr': 0.0003, 'gamma': 0.5, 'batch_size': 64, 'hidden_dim': 512, 'w_tox': 100.0, 'w_flip': 150.0, 'w_pen': 50.0}",0.2966751918158568,0.3393009377664109,0.7285503920480682,0.5559853247452824,1.0
"{'lr': 0.0003, 'gamma': 0.5, 'batch_size': 64, 'hidden_dim': 512, 'w_tox': 100.0, 'w_flip': 200.0, 'w_pen': 25.0}",0.2693947144075021,0.3052003410059676,0.7305531043702259,0.616505158169377,1.0
"{'lr': 0.0003, 'gamma': 0.5, 'batch_size': 64, 'hidden_dim': 512, 'w_tox': 100.0, 'w_flip': 200.0, 'w_pen': 50.0}",0.3052003410059676,0.3375959079283887,0.7264253822115142,0.5648089960464389,1.0
"{'lr': 0.0003, 'gamma': 0.5, 'batch_size': 64, 'hidden_dim': 512, 'w_tox': 100.0, 'w_flip': 300.0, 'w_pen': 25.0}",0.2898550724637681,0.3213981244671782,0.7397051717329863,0.5617112579568599,1.0
"{'lr': 0.0003, 'gamma': 0.5, 'batch_size': 64, 'hidden_dim': 512, 'w_tox': 100.0, 'w_flip': 300.0, 'w_pen': 50.0}",0.2651321398124467,0.29838022165387895,0.7283510902194601,0.5023341192698,1.0
"{'lr': 0.0003, 'gamma': 0.5, 'batch_size': 64, 'hidden_dim': 512, 'w_tox': 150.0, 'w_flip': 150.0, 'w_pen': 25.0}",0.29752770673486784,0.3358908780903666,0.7244191702451509,0.5456452518365226,1.0
"{'lr': 0.0003, 'gamma': 0.5, 'batch_size': 64, 'hidden_dim': 512, 'w_tox': 150.0, 'w_flip': 150.0, 'w_pen': 50.0}",0.309462915601023,0.3375959079283887,0.7360079659521961,0.5613416758997704,1.0
"{'lr': 0.0003, 'gamma': 0.5, 'batch_size': 64, 'hidden_dim': 512, 'w_tox': 150.0, 'w_flip': 200.0, 'w_pen': 25.0}",0.30434782608695654,0.35038363171355497,0.7209152230360493,0.5933863968359279,1.0
"{'lr': 0.0003, 'gamma': 0.5, 'batch_size': 64, 'hidden_dim': 512, 'w_tox': 150.0, 'w_flip': 200.0, 'w_pen': 50.0}",0.2864450127877238,0.319693094629156,0.7321620211310098,0.5688990444119968,1.0
"{'lr': 0.0003, 'gamma': 0.5, 'batch_size': 64, 'hidden_dim': 512, 'w_tox': 150.0, 'w_flip': 300.0, 'w_pen': 25.0}",0.2907075873827792,0.3307757885763001,0.7282020103111236,0.5504013322100545,1.0
"{'lr': 0.0003, 'gamma': 0.5, 'batch_size': 64, 'hidden_dim': 512, 'w_tox': 150.0, 'w_flip': 300.0, 'w_pen': 50.0}",0.2932651321398124,0.3307757885763001,0.7324027065405898,0.5651280118838145,1.0
"{'lr': 0.0003, 'gamma': 0.5, 'batch_size': 64, 'hidden_dim': 512, 'w_tox': 200.0, 'w_flip': 150.0, 'w_pen': 25.0}",0.2591645353793691,0.2872975277067349,0.7348628143350179,0.5124216517552433,1.0
"{'lr': 0.0003, 'gamma': 0.5, 'batch_size': 64, 'hidden_dim': 512, 'w_tox': 200.0, 'w_flip': 150.0, 'w_pen': 50.0}",0.226768968456948,0.24893435635123615,0.7483489295934442,0.5249677054460808,1.0
"{'lr': 0.0003, 'gamma': 0.5, 'batch_size': 64, 'hidden_dim': 512, 'w_tox': 200.0, 'w_flip': 200.0, 'w_pen': 25.0}",0.29923273657289,0.33844842284739984,0.7228993581897655,0.5785790831771156,1.0
"{'lr': 0.0003, 'gamma': 0.5, 'batch_size': 64, 'hidden_dim': 512, 'w_tox': 200.0, 'w_flip': 200.0, 'w_pen': 50.0}",0.27877237851662406,0.3171355498721228,0.7205619822576111,0.5686871229680786,1.0
"{'lr': 0.0003, 'gamma': 0.5, 'batch_size': 64, 'hidden_dim': 512, 'w_tox': 200.0, 'w_flip': 300.0, 'w_pen': 25.0}",0.2796248934356351,0.329923273657289,0.7142366242238083,0.48779875511245935,1.0
"{'lr': 0.0003, 'gamma': 0.5, 'batch_size': 64, 'hidden_dim': 512, 'w_tox': 200.0, 'w_flip': 300.0, 'w_pen': 50.0}",0.2830349531116795,0.3205456095481671,0.7242258990374185,0.5169536281768617,1.0
"{'lr': 0.0003, 'gamma': 0.5, 'batch_size': 64, 'hidden_dim': 1024, 'w_tox': 100.0, 'w_flip': 150.0, 'w_pen': 25.0}",0.2966751918158568,0.329923273657289,0.730262258946048,0.5753670483159463,1.0
"{'lr': 0.0003, 'gamma': 0.5, 'batch_size': 64, 'hidden_dim': 1024, 'w_tox': 100.0, 'w_flip': 150.0, 'w_pen': 50.0}",0.2898550724637681,0.3213981244671782,0.733730348350106,0.546846082230521,1.0
"{'lr': 0.0003, 'gamma': 0.5, 'batch_size': 64, 'hidden_dim': 1024, 'w_tox': 100.0, 'w_flip': 200.0, 'w_pen': 25.0}",0.26342710997442453,0.2915601023017903,0.7345804725344367,0.5563169261238581,1.0
"{'lr': 0.0003, 'gamma': 0.5, 'batch_size': 64, 'hidden_dim': 1024, 'w_tox': 100.0, 'w_flip': 200.0, 'w_pen': 50.0}",0.31628303495311166,0.35294117647058826,0.7273217861460557,0.5568209713983873,1.0
"{'lr': 0.0003, 'gamma': 0.5, 'batch_size': 64, 'hidden_dim': 1024, 'w_tox': 100.0, 'w_flip': 300.0, 'w_pen': 25.0}",0.27791986359761295,0.30861040068201195,0.7361022859855992,0.5737226179958943,1.0
"{'lr': 0.0003, 'gamma': 0.5, 'batch_size': 64, 'hidden_dim': 1024, 'w_tox': 100.0, 'w_flip': 300.0, 'w_pen': 50.0}",0.2753623188405797,0.30264279624893436,0.7410035512797549,0.5799976991865268,1.0
"{'lr': 0.0003, 'gamma': 0.5, 'batch_size': 64, 'hidden_dim': 1024, 'w_tox': 150.0, 'w_flip': 150.0, 'w_pen': 25.0}",0.2864450127877238,0.319693094629156,0.7345426279192081,0.561832774760249,1.0
"{'lr': 0.0003, 'gamma': 0.5, 'batch_size': 64, 'hidden_dim': 1024, 'w_tox': 150.0, 'w_flip': 150.0, 'w_pen': 50.0}",0.30434782608695654,0.33418584825234443,0.7312311774298156,0.5490542301769193,1.0
"{'lr': 0.0003, 'gamma': 0.5, 'batch_size': 64, 'hidden_dim': 1024, 'w_tox': 150.0, 'w_flip': 200.0, 'w_pen': 25.0}",0.2830349531116795,0.32395566922421143,0.7243649991771397,0.5286128779193043,1.0
"{'lr': 0.0003, 'gamma': 0.5, 'batch_size': 64, 'hidden_dim': 1024, 'w_tox': 150.0, 'w_flip': 200.0, 'w_pen': 50.0}",0.2932651321398124,0.3410059676044331,0.7153577747800006,0.5801223032395527,1.0
"{'lr': 0.0003, 'gamma': 0.5, 'batch_size': 64, 'hidden_dim': 1024, 'w_tox': 150.0, 'w_flip': 300.0, 'w_pen': 25.0}",0.22847399829497017,0.2412617220801364,0.7672658143604084,0.5743440141753107,1.0
"{'lr': 0.0003, 'gamma': 0.5, 'batch_size': 64, 'hidden_dim': 1024, 'w_tox': 150.0, 'w_flip': 300.0, 'w_pen': 50.0}",0.30434782608695654,0.34782608695652173,0.7206890643177051,0.5457141423759586,1.0
"{'lr': 0.0003, 'gamma': 0.5, 'batch_size': 64, 'hidden_dim': 1024, 'w_tox': 200.0, 'w_flip': 150.0, 'w_pen': 25.0}",0.3034953111679454,0.34271099744245526,0.7287478967459083,0.5978422701818085,1.0
"{'lr': 0.0003, 'gamma': 0.5, 'batch_size': 64, 'hidden_dim': 1024, 'w_tox': 200.0, 'w_flip': 150.0, 'w_pen': 50.0}",0.22250639386189258,0.236999147485081,0.7575823326839372,0.5610043168369137,1.0
"{'lr': 0.0003, 'gamma': 0.5, 'batch_size': 64, 'hidden_dim': 1024, 'w_tox': 200.0, 'w_flip': 200.0, 'w_pen': 25.0}",0.31287297527706737,0.3640238704177323,0.7195638830054598,0.5768025763319997,1.0
"{'lr': 0.0003, 'gamma': 0.5, 'batch_size': 64, 'hidden_dim': 1024, 'w_tox': 200.0, 'w_flip': 200.0, 'w_pen': 50.0}",0.3034953111679454,0.34867860187553285,0.7189404957656957,0.5268434755263156,1.0
"{'lr': 0.0003, 'gamma': 0.5, 'batch_size': 64, 'hidden_dim': 1024, 'w_tox': 200.0, 'w_flip': 300.0, 'w_pen': 25.0}",0.3137254901960784,0.3537936913895993,0.7302856374122144,0.559674131921476,1.0
"{'lr': 0.0003, 'gamma': 0.5, 'batch_size': 64, 'hidden_dim': 1024, 'w_tox': 200.0, 'w_flip': 300.0, 'w_pen': 50.0}",0.2753623188405797,0.3069053708439898,0.7341584146948904,0.5722171926335179,1.0
"{'lr': 0.0003, 'gamma': 0.5, 'batch_size': 128, 'hidden_dim': 256, 'w_tox': 100.0, 'w_flip': 150.0, 'w_pen': 25.0}",0.17135549872122763,0.18584825234441602,0.742866736621738,0.45375297631430206,1.0
"{'lr': 0.0003, 'gamma': 0.5, 'batch_size': 128, 'hidden_dim': 256, 'w_tox': 100.0, 'w_flip': 150.0, 'w_pen': 50.0}",0.2310315430520034,0.2566069906223359,0.7337500118913899,0.4895590933995224,1.0
"{'lr': 0.0003, 'gamma': 0.5, 'batch_size': 128, 'hidden_dim': 256, 'w_tox': 100.0, 'w_flip': 200.0, 'w_pen': 25.0}",0.22421142369991476,0.24722932651321397,0.7467137691579382,0.5181723657597782,1.0
"{'lr': 0.0003, 'gamma': 0.5, 'batch_size': 128, 'hidden_dim': 256, 'w_tox': 100.0, 'w_flip': 200.0, 'w_pen': 50.0}",0.2421142369991475,0.2770673486786019,0.7194416053566837,0.4443731811281603,1.0
"{'lr': 0.0003, 'gamma': 0.5, 'batch_size': 128, 'hidden_dim': 256, 'w_tox': 100.0, 'w_flip': 300.0, 'w_pen': 25.0}",0.2958226768968457,0.3435635123614663,0.7149293941591554,0.5037978068322831,1.0
"{'lr': 0.0003, 'gamma': 0.5, 'batch_size': 128, 'hidden_dim': 256, 'w_tox': 100.0, 'w_flip': 300.0, 'w_pen': 50.0}",0.24808184143222506,0.28218243819266836,0.7242491543171854,0.46271810440177197,1.0
"{'lr': 0.0003, 'gamma': 0.5, 'batch_size': 128, 'hidden_dim': 256, 'w_tox': 150.0, 'w_flip': 150.0, 'w_pen': 25.0}",0.26768968456947995,0.30861040068201195,0.7227181402949013,0.5660996681550334,1.0
"{'lr': 0.0003, 'gamma': 0.5, 'batch_size': 128, 'hidden_dim': 256, 'w_tox': 150.0, 'w_flip': 150.0, 'w_pen': 50.0}",0.2463768115942029,0.2728047740835465,0.7380661045861471,0.5258213698286608,1.0
"{'lr': 0.0003, 'gamma': 0.5, 'batch_size': 128, 'hidden_dim': 256, 'w_tox': 150.0, 'w_flip': 200.0, 'w_pen': 25.0}",0.2796248934356351,0.3213981244671782,0.7273689789429006,0.5016246899626481,1.0
"{'lr': 0.0003, 'gamma': 0.5, 'batch_size': 128, 'hidden_dim': 256, 'w_tox': 150.0, 'w_flip': 200.0, 'w_pen': 50.0}",0.29411764705882354,0.32821824381926684,0.725615143232008,0.5481209391900049,1.0
"{'lr': 0.0003, 'gamma': 0.5, 'batch_size': 128, 'hidden_dim': 256, 'w_tox': 150.0, 'w_flip': 300.0, 'w_pen': 25.0}",0.25831202046035806,0.2847399829497016,0.7407172182063634,0.5655567938042909,1.0
"{'lr': 0.0003, 'gamma': 0.5, 'batch_size': 128, 'hidden_dim': 256, 'w_tox': 150.0, 'w_flip': 300.0, 'w_pen': 50.0}",0.23870417732310314,0.2591645353793691,0.7469758411250509,0.5736314966734176,1.0
"{'lr': 0.0003, 'gamma': 0.5, 'batch_size': 128, 'hidden_dim': 256, 'w_tox': 200.0, 'w_flip': 150.0, 'w_pen': 25.0}",0.2907075873827792,0.329923273657289,0.7218038614650066,0.5777496608365975,1.0
"{'lr': 0.0003, 'gamma': 0.5, 'batch_size': 128, 'hidden_dim': 256, 'w_tox': 200.0, 'w_flip': 150.0, 'w_pen': 50.0}",0.26768968456947995,0.2958226768968457,0.7338038203892241,0.549842955618018,1.0
"{'lr': 0.0003, 'gamma': 0.5, 'batch_size': 128, 'hidden_dim': 256, 'w_tox': 200.0, 'w_flip': 200.0, 'w_pen': 25.0}",0.2907075873827792,0.32821824381926684,0.7289326683219696,0.5608271425902104,1.0
"{'lr': 0.0003, 'gamma': 0.5, 'batch_size': 128, 'hidden_dim': 256, 'w_tox': 200.0, 'w_flip': 200.0, 'w_pen': 50.0}",0.28218243819266836,0.319693094629156,0.7249679364331625,0.5005220538190301,1.0
"{'lr': 0.0003, 'gamma': 0.5, 'batch_size': 128, 'hidden_dim': 256, 'w_tox': 200.0, 'w_flip': 300.0, 'w_pen': 25.0}",0.2412617220801364,0.27877237851662406,0.7209270364754031,0.5004979919563349,1.0
"{'lr': 0.0003, 'gamma': 0.5, 'batch_size': 128, 'hidden_dim': 256, 'w_tox': 200.0, 'w_flip': 300.0, 'w_pen': 50.0}",0.2421142369991475,0.26854219948849106,0.7376997655804527,0.4561474677138832,1.0
"{'lr': 0.0003, 'gamma': 0.5, 'batch_size': 128, 'hidden_dim': 512, 'w_tox': 100.0, 'w_flip': 150.0, 'w_pen': 25.0}",0.25404944586530265,0.2753623188405797,0.7464952493641662,0.5448305714292275,1.0
"{'lr': 0.0003, 'gamma': 0.5, 'batch_size': 128, 'hidden_dim': 512, 'w_tox': 100.0, 'w_flip': 150.0, 'w_pen': 50.0}",0.27195225916453536,0.30775788576300084,0.7264114745238065,0.5547680193581536,1.0
"{'lr': 0.0003, 'gamma': 0.5, 'batch_size': 128, 'hidden_dim': 512, 'w_tox': 100.0, 'w_flip': 200.0, 'w_pen': 25.0}",0.2659846547314578,0.29752770673486784,0.7376015808398712,0.5549754293703733,1.0
"{'lr': 0.0003, 'gamma': 0.5, 'batch_size': 128, 'hidden_dim': 512, 'w_tox': 100.0, 'w_flip': 200.0, 'w_pen': 50.0}",0.21994884910485935,0.23785166240409208,0.7578319908060037,0.5317424343467345,1.0
"{'lr': 0.0003, 'gamma': 0.5, 'batch_size': 128, 'hidden_dim': 512, 'w_tox': 100.0, 'w_flip': 300.0, 'w_pen': 25.0}",0.2463768115942029,0.27877237851662406,0.7268591297211116,0.5142029349022139,1.0
"{'lr': 0.0003, 'gamma': 0.5, 'batch_size': 128, 'hidden_dim': 512, 'w_tox': 100.0, 'w_flip': 300.0, 'w_pen': 50.0}",0.28218243819266836,0.329923273657289,0.7201978894211734,0.516747780194359,1.0
"{'lr': 0.0003, 'gamma': 0.5, 'batch_size': 128, 'hidden_dim': 512, 'w_tox': 150.0, 'w_flip': 150.0, 'w_pen': 25.0}",0.30775788576300084,0.35208866155157714,0.7239471651062137,0.5208117409786883,1.0
"{'lr': 0.0003, 'gamma': 0.5, 'batch_size': 128, 'hidden_dim': 512, 'w_tox': 150.0, 'w_flip': 150.0, 'w_pen': 50.0}",0.22506393861892582,0.24381926683716965,0.7586001839055938,0.5336889884344427,1.0
"{'lr': 0.0003, 'gamma': 0.5, 'batch_size': 128, 'hidden_dim': 512, 'w_tox': 150.0, 'w_flip': 200.0, 'w_pen': 25.0}",0.27877237851662406,0.3145780051150895,0.7329523776274501,0.574988404641607,1.0
"{'lr': 0.0003, 'gamma': 0.5, 'batch_size': 128, 'hidden_dim': 512, 'w_tox': 150.0, 'w_flip': 200.0, 'w_pen': 50.0}",0.2864450127877238,0.32651321398124467,0.732201697664363,0.5665051081570144,1.0
"{'lr': 0.0003, 'gamma': 0.5, 'batch_size': 128, 'hidden_dim': 512, 'w_tox': 150.0, 'w_flip': 300.0, 'w_pen': 25.0}",0.19011082693947143,0.20375106564364875,0.7603079846019255,0.5149066054108845,1.0
"{'lr': 0.0003, 'gamma': 0.5, 'batch_size': 128, 'hidden_dim': 512, 'w_tox': 150.0, 'w_flip': 300.0, 'w_pen': 50.0}",0.2958226768968457,0.3307757885763001,0.7305454808708621,0.4953934932584252,1.0
"{'lr': 0.0003, 'gamma': 0.5, 'batch_size': 128, 'hidden_dim': 512, 'w_tox': 200.0, 'w_flip': 150.0, 'w_pen': 25.0}",0.2421142369991475,0.27621483375959077,0.7310013268362114,0.528397624941814,1.0
"{'lr': 0.0003, 'gamma': 0.5, 'batch_size': 128, 'hidden_dim': 512, 'w_tox': 200.0, 'w_flip': 150.0, 'w_pen': 50.0}",0.20375106564364875,0.21739130434782608,0.7629084282520211,0.5540362341367016,1.0
"{'lr': 0.0003, 'gamma': 0.5, 'batch_size': 128, 'hidden_dim': 512, 'w_tox': 200.0, 'w_flip': 200.0, 'w_pen': 25.0}",0.24040920716112532,0.2566069906223359,0.756739561248456,0.5409479399118281,1.0
"{'lr': 0.0003, 'gamma': 0.5, 'batch_size': 128, 'hidden_dim': 512, 'w_tox': 200.0, 'w_flip': 200.0, 'w_pen': 50.0}",0.28815004262574595,0.32395566922421143,0.7348012648923021,0.5706444356127613,1.0
"{'lr': 0.0003, 'gamma': 0.5, 'batch_size': 128, 'hidden_dim': 512, 'w_tox': 200.0, 'w_flip': 300.0, 'w_pen': 25.0}",0.2463768115942029,0.27621483375959077,0.7273858396080167,0.481849743403043,1.0
"{'lr': 0.0003, 'gamma': 0.5, 'batch_size': 128, 'hidden_dim': 512, 'w_tox': 200.0, 'w_flip': 300.0, 'w_pen': 50.0}",0.25404944586530265,0.28218243819266836,0.7412173128059898,0.5477303761729849,1.0
"{'lr': 0.0003, 'gamma': 0.5, 'batch_size': 128, 'hidden_dim': 1024, 'w_tox': 100.0, 'w_flip': 150.0, 'w_pen': 25.0}",0.27621483375959077,0.3103154305200341,0.7285455277645326,0.5610704940775527,1.0
"{'lr': 0.0003, 'gamma': 0.5, 'batch_size': 128, 'hidden_dim': 1024, 'w_tox': 100.0, 'w_flip': 150.0, 'w_pen': 50.0}",0.2753623188405797,0.30008525149190113,0.7389073307881353,0.5664177805266671,1.0
"{'lr': 0.0003, 'gamma': 0.5, 'batch_size': 128, 'hidden_dim': 1024, 'w_tox': 100.0, 'w_flip': 200.0, 'w_pen': 25.0}",0.3052003410059676,0.34185848252344414,0.7295510302696928,0.5615749568725087,1.0
"{'lr': 0.0003, 'gamma': 0.5, 'batch_size': 128, 'hidden_dim': 1024, 'w_tox': 100.0, 'w_flip': 200.0, 'w_pen': 50.0}",0.3009377664109122,0.33248081841432225,0.7398509126239355,0.5820190037826452,1.0
"{'lr': 0.0003, 'gamma': 0.5, 'batch_size': 128, 'hidden_dim': 1024, 'w_tox': 100.0, 'w_flip': 300.0, 'w_pen': 25.0}",0.27450980392156865,0.30264279624893436,0.7423315565547135,0.5328893871161645,1.0
"{'lr': 0.0003, 'gamma': 0.5, 'batch_size': 128, 'hidden_dim': 1024, 'w_tox': 100.0, 'w_flip': 300.0, 'w_pen': 50.0}",0.23017902813299232,0.2514919011082694,0.7445818230537449,0.5201219753994379,1.0
"{'lr': 0.0003, 'gamma': 0.5, 'batch_size': 128, 'hidden_dim': 1024, 'w_tox': 150.0, 'w_flip': 150.0, 'w_pen': 25.0}",0.2915601023017903,0.31798806479113384,0.7387111279126746,0.5278125174450207,1.0
"{'lr': 0.0003, 'gamma': 0.5, 'batch_size': 128, 'hidden_dim': 1024, 'w_tox': 150.0, 'w_flip': 150.0, 'w_pen': 50.0}",0.289002557544757,0.3290707587382779,0.7272228903738223,0.566557217091998,1.0
"{'lr': 0.0003, 'gamma': 0.5, 'batch_size': 128, 'hidden_dim': 1024, 'w_tox': 150.0, 'w_flip': 200.0, 'w_pen': 25.0}",0.2872975277067349,0.32310315430520037,0.7265544408713446,0.5678606592689696,1.0
"{'lr': 0.0003, 'gamma': 0.5, 'batch_size': 128, 'hidden_dim': 1024, 'w_tox': 150.0, 'w_flip': 200.0, 'w_pen': 50.0}",0.3154305200341006,0.3410059676044331,0.7341450865594054,0.5752618061253101,1.0
"{'lr': 0.0003, 'gamma': 0.5, 'batch_size': 128, 'hidden_dim': 1024, 'w_tox': 150.0, 'w_flip': 300.0, 'w_pen': 25.0}",0.30434782608695654,0.3393009377664109,0.7300321405046494,0.5839599993294142,1.0
"{'lr': 0.0003, 'gamma': 0.5, 'batch_size': 128, 'hidden_dim': 1024, 'w_tox': 150.0, 'w_flip': 300.0, 'w_pen': 50.0}",0.28388746803069054,0.3154305200341006,0.7334659286876503,0.5255156401426986,1.0
"{'lr': 0.0003, 'gamma': 0.5, 'batch_size': 128, 'hidden_dim': 1024, 'w_tox': 200.0, 'w_flip': 150.0, 'w_pen': 25.0}",0.2932651321398124,0.3248081841432225,0.7370904047578312,0.5613085045712993,1.0
"{'lr': 0.0003, 'gamma': 0.5, 'batch_size': 128, 'hidden_dim': 1024, 'w_tox': 200.0, 'w_flip': 150.0, 'w_pen': 50.0}",0.29752770673486784,0.33248081841432225,0.7295821097208398,0.5462982701329709,1.0
"{'lr': 0.0003, 'gamma': 0.5, 'batch_size': 128, 'hidden_dim': 1024, 'w_tox': 200.0, 'w_flip': 200.0, 'w_pen': 25.0}",0.22506393861892582,0.2421142369991475,0.751403337456906,0.5138721072561014,1.0
"{'lr': 0.0003, 'gamma': 0.5, 'batch_size': 128, 'hidden_dim': 1024, 'w_tox': 200.0, 'w_flip': 200.0, 'w_pen': 50.0}",0.31287297527706737,0.35294117647058826,0.7250134881418598,0.5686570307781403,1.0
"{'lr': 0.0003, 'gamma': 0.5, 'batch_size': 128, 'hidden_dim': 1024, 'w_tox': 200.0, 'w_flip': 300.0, 'w_pen': 25.0}",0.2932651321398124,0.32821824381926684,0.7342530714220211,0.5630219724240768,1.0
"{'lr': 0.0003, 'gamma': 0.5, 'batch_size': 128, 'hidden_dim': 1024, 'w_tox': 200.0, 'w_flip': 300.0, 'w_pen': 50.0}",0.236999147485081,0.25831202046035806,0.7586422020031879,0.5542815397067279,1.0
"{'lr': 0.0003, 'gamma': 0.9, 'batch_size': 64, 'hidden_dim': 256, 'w_tox': 100.0, 'w_flip': 150.0, 'w_pen': 25.0}",0.27024722932651324,0.30605285592497866,0.7351163782917285,0.5862178459009223,1.0
"{'lr': 0.0003, 'gamma': 0.9, 'batch_size': 64, 'hidden_dim': 256, 'w_tox': 100.0, 'w_flip': 150.0, 'w_pen': 50.0}",0.2361466325660699,0.2651321398124467,0.7375319488608696,0.5237492961614937,1.0
"{'lr': 0.0003, 'gamma': 0.9, 'batch_size': 64, 'hidden_dim': 256, 'w_tox': 100.0, 'w_flip': 200.0, 'w_pen': 25.0}",0.25831202046035806,0.289002557544757,0.7400698437288945,0.5838676802591464,1.0
"{'lr': 0.0003, 'gamma': 0.9, 'batch_size': 64, 'hidden_dim': 256, 'w_tox': 100.0, 'w_flip': 200.0, 'w_pen': 50.0}",0.25404944586530265,0.2898550724637681,0.7237461369650091,0.48644505209689437,1.0
"{'lr': 0.0003, 'gamma': 0.9, 'batch_size': 64, 'hidden_dim': 256, 'w_tox': 100.0, 'w_flip': 300.0, 'w_pen': 25.0}",0.29923273657289,0.3452685421994885,0.7200089320654186,0.5687243425855221,1.0
"{'lr': 0.0003, 'gamma': 0.9, 'batch_size': 64, 'hidden_dim': 256, 'w_tox': 100.0, 'w_flip': 300.0, 'w_pen': 50.0}",0.2549019607843137,0.28815004262574595,0.7228978493301942,0.4213345726724579,1.0
"{'lr': 0.0003, 'gamma': 0.9, 'batch_size': 64, 'hidden_dim': 256, 'w_tox': 150.0, 'w_flip': 150.0, 'w_pen': 25.0}",0.289002557544757,0.3307757885763001,0.727991464255807,0.4886916013566611,1.0
"{'lr': 0.0003, 'gamma': 0.9, 'batch_size': 64, 'hidden_dim': 256, 'w_tox': 150.0, 'w_flip': 150.0, 'w_pen': 50.0}",0.2591645353793691,0.2796248934356351,0.7398618070454958,0.5170678173630373,1.0
"{'lr': 0.0003, 'gamma': 0.9, 'batch_size': 64, 'hidden_dim': 256, 'w_tox': 150.0, 'w_flip': 200.0, 'w_pen': 25.0}",0.22847399829497017,0.2514919011082694,0.7479737098882094,0.5621150525629091,1.0
"{'lr': 0.0003, 'gamma': 0.9, 'batch_size': 64, 'hidden_dim': 256, 'w_tox': 150.0, 'w_flip': 200.0, 'w_pen': 50.0}",0.2310315430520034,0.25831202046035806,0.7481621895838128,0.46283984797331335,1.0
"{'lr': 0.0003, 'gamma': 0.9, 'batch_size': 64, 'hidden_dim': 256, 'w_tox': 150.0, 'w_flip': 300.0, 'w_pen': 25.0}",0.2813299232736573,0.3213981244671782,0.7250421927269398,0.5197869312021186,1.0
"{'lr': 0.0003, 'gamma': 0.9, 'batch_size': 64, 'hidden_dim': 256, 'w_tox': 150.0, 'w_flip': 300.0, 'w_pen': 50.0}",0.2566069906223359,0.2898550724637681,0.7394371791847721,0.5118539016642963,1.0
"{'lr': 0.0003, 'gamma': 0.9, 'batch_size': 64, 'hidden_dim': 256, 'w_tox': 200.0, 'w_flip': 150.0, 'w_pen': 25.0}",0.26854219948849106,0.30179028132992325,0.722842865349746,0.5297916898296288,1.0
"{'lr': 0.0003, 'gamma': 0.9, 'batch_size': 64, 'hidden_dim': 256, 'w_tox': 200.0, 'w_flip': 150.0, 'w_pen': 50.0}",0.27365728900255754,0.31628303495311166,0.7216082361576952,0.49459726195688203,1.0
"{'lr': 0.0003, 'gamma': 0.9, 'batch_size': 64, 'hidden_dim': 256, 'w_tox': 200.0, 'w_flip': 200.0, 'w_pen': 25.0}",0.2421142369991475,0.27195225916453536,0.7253393235497481,0.5301568154963978,1.0
"{'lr': 0.0003, 'gamma': 0.9, 'batch_size': 64, 'hidden_dim': 256, 'w_tox': 200.0, 'w_flip': 200.0, 'w_pen': 50.0}",0.3103154305200341,0.3614663256606991,0.7215457210621024,0.5601113044257404,1.0
"{'lr': 0.0003, 'gamma': 0.9, 'batch_size': 64, 'hidden_dim': 256, 'w_tox': 200.0, 'w_flip': 300.0, 'w_pen': 25.0}",0.2668371696504689,0.30264279624893436,0.7254629615116254,0.4836319876769039,1.0
"{'lr': 0.0003, 'gamma': 0.9, 'batch_size': 64, 'hidden_dim': 256, 'w_tox': 200.0, 'w_flip': 300.0, 'w_pen': 50.0}",0.13640238704177324,0.14492753623188406,0.7495557330573634,0.3893242055486682,1.0
"{'lr': 0.0003, 'gamma': 0.9, 'batch_size': 64, 'hidden_dim': 512, 'w_tox': 100.0, 'w_flip': 150.0, 'w_pen': 25.0}",0.2728047740835465,0.309462915601023,0.7197175623457557,0.5306520749483591,1.0
"{'lr': 0.0003, 'gamma': 0.9, 'batch_size': 64, 'hidden_dim': 512, 'w_tox': 100.0, 'w_flip': 150.0, 'w_pen': 50.0}",0.29752770673486784,0.3393009377664109,0.7234164285123553,0.5614711259252129,1.0
"{'lr': 0.0003, 'gamma': 0.9, 'batch_size': 64, 'hidden_dim': 512, 'w_tox': 100.0, 'w_flip': 200.0, 'w_pen': 25.0}",0.27791986359761295,0.31798806479113384,0.7174184480380358,0.5301249489176286,1.0
"{'lr': 0.0003, 'gamma': 0.9, 'batch_size': 64, 'hidden_dim': 512, 'w_tox': 100.0, 'w_flip': 200.0, 'w_pen': 50.0}",0.30434782608695654,0.34441602728047743,0.7169950431587034,0.574793514751633,1.0
"{'lr': 0.0003, 'gamma': 0.9, 'batch_size': 64, 'hidden_dim': 512, 'w_tox': 100.0, 'w_flip': 300.0, 'w_pen': 25.0}",0.24040920716112532,0.2668371696504689,0.7464334637828101,0.478847993828811,1.0
"{'lr': 0.0003, 'gamma': 0.9, 'batch_size': 64, 'hidden_dim': 512, 'w_tox': 100.0, 'w_flip': 300.0, 'w_pen': 50.0}",0.2651321398124467,0.2958226768968457,0.7383036624520046,0.5309354403926745,1.0
"{'lr': 0.0003, 'gamma': 0.9, 'batch_size': 64, 'hidden_dim': 512, 'w_tox': 150.0, 'w_flip': 150.0, 'w_pen': 25.0}",0.2855924978687127,0.31628303495311166,0.7359723959393648,0.5692812631821854,1.0
"{'lr': 0.0003, 'gamma': 0.9, 'batch_size': 64, 'hidden_dim': 512, 'w_tox': 150.0, 'w_flip': 150.0, 'w_pen': 50.0}",0.3205456095481671,0.35805626598465473,0.7332540805398696,0.582844547569294,1.0
"{'lr': 0.0003, 'gamma': 0.9, 'batch_size': 64, 'hidden_dim': 512, 'w_tox': 150.0, 'w_flip': 200.0, 'w_pen': 25.0}",0.30434782608695654,0.3307757885763001,0.7360776046019113,0.5638987353534628,1.0
"{'lr': 0.0003, 'gamma': 0.9, 'batch_size': 64, 'hidden_dim': 512, 'w_tox': 150.0, 'w_flip': 200.0, 'w_pen': 50.0}",0.2728047740835465,0.3145780051150895,0.7196228591088636,0.5500715412482842,1.0
"{'lr': 0.0003, 'gamma': 0.9, 'batch_size': 64, 'hidden_dim': 512, 'w_tox': 150.0, 'w_flip': 300.0, 'w_pen': 25.0}",0.2915601023017903,0.329923273657289,0.7261476123269672,0.5377167189749297,1.0
"{'lr': 0.0003, 'gamma': 0.9, 'batch_size': 64, 'hidden_dim': 512, 'w_tox': 150.0, 'w_flip': 300.0, 'w_pen': 50.0}",0.29923273657289,0.3350383631713555,0.7313419316587354,0.5512819119455721,1.0
"{'lr': 0.0003, 'gamma': 0.9, 'batch_size': 64, 'hidden_dim': 512, 'w_tox': 200.0, 'w_flip': 150.0, 'w_pen': 25.0}",0.2847399829497016,0.3273657289002558,0.7181258309484205,0.5390993818510544,1.0
"{'lr': 0.0003, 'gamma': 0.9, 'batch_size': 64, 'hidden_dim': 512, 'w_tox': 200.0, 'w_flip': 150.0, 'w_pen': 50.0}",0.2966751918158568,0.3350383631713555,0.7275498459157047,0.5818103210210629,1.0
"{'lr': 0.0003, 'gamma': 0.9, 'batch_size': 64, 'hidden_dim': 512, 'w_tox': 200.0, 'w_flip': 200.0, 'w_pen': 25.0}",0.27877237851662406,0.3205456095481671,0.7241596829858477,0.542327141340239,1.0
"{'lr': 0.0003, 'gamma': 0.9, 'batch_size': 64, 'hidden_dim': 512, 'w_tox': 200.0, 'w_flip': 200.0, 'w_pen': 50.0}",0.2796248934356351,0.3205456095481671,0.7215481441992185,0.5291184920838898,1.0
"{'lr': 0.0003, 'gamma': 0.9, 'batch_size': 64, 'hidden_dim': 512, 'w_tox': 200.0, 'w_flip': 300.0, 'w_pen': 25.0}",0.2855924978687127,0.33418584825234443,0.7180021940817828,0.5326172893497136,1.0
"{'lr': 0.0003, 'gamma': 0.9, 'batch_size': 64, 'hidden_dim': 512, 'w_tox': 200.0, 'w_flip': 300.0, 'w_pen': 50.0}",0.27365728900255754,0.30179028132992325,0.7288627239885934,0.524550158894494,1.0
"{'lr': 0.0003, 'gamma': 0.9, 'batch_size': 64, 'hidden_dim': 1024, 'w_tox': 100.0, 'w_flip': 150.0, 'w_pen': 25.0}",0.30008525149190113,0.3316283034953112,0.7356033557033007,0.5928450398248599,1.0
"{'lr': 0.0003, 'gamma': 0.9, 'batch_size': 64, 'hidden_dim': 1024, 'w_tox': 100.0, 'w_flip': 150.0, 'w_pen': 50.0}",0.2804774083546462,0.3103154305200341,0.7338505340688634,0.5372875666971793,1.0
"{'lr': 0.0003, 'gamma': 0.9, 'batch_size': 64, 'hidden_dim': 1024, 'w_tox': 100.0, 'w_flip': 200.0, 'w_pen': 25.0}",0.2966751918158568,0.3248081841432225,0.7359168610326031,0.5768004632259237,1.0
"{'lr': 0.0003, 'gamma': 0.9, 'batch_size': 64, 'hidden_dim': 1024, 'w_tox': 100.0, 'w_flip': 200.0, 'w_pen': 50.0}",0.2728047740835465,0.2958226768968457,0.7446860154988475,0.5126969222480147,1.0
"{'lr': 0.0003, 'gamma': 0.9, 'batch_size': 64, 'hidden_dim': 1024, 'w_tox': 100.0, 'w_flip': 300.0, 'w_pen': 25.0}",0.2830349531116795,0.31287297527706737,0.7423323413731375,0.5529033854547118,1.0
"{'lr': 0.0003, 'gamma': 0.9, 'batch_size': 64, 'hidden_dim': 1024, 'w_tox': 100.0, 'w_flip': 300.0, 'w_pen': 50.0}",0.26001705029838024,0.2966751918158568,0.7360500402289117,0.5465582739669402,1.0
"{'lr': 0.0003, 'gamma': 0.9, 'batch_size': 64, 'hidden_dim': 1024, 'w_tox': 150.0, 'w_flip': 150.0, 'w_pen': 25.0}",0.21568627450980393,0.236999147485081,0.7479774943230167,0.552036633095536,1.0
"{'lr': 0.0003, 'gamma': 0.9, 'batch_size': 64, 'hidden_dim': 1024, 'w_tox': 150.0, 'w_flip': 150.0, 'w_pen': 50.0}",0.27791986359761295,0.31287297527706737,0.7318874905423752,0.5517717721577701,1.0
"{'lr': 0.0003, 'gamma': 0.9, 'batch_size': 64, 'hidden_dim': 1024, 'w_tox': 150.0, 'w_flip': 200.0, 'w_pen': 25.0}",0.2847399829497016,0.3307757885763001,0.7175569209069318,0.5607543595320598,1.0
"{'lr': 0.0003, 'gamma': 0.9, 'batch_size': 64, 'hidden_dim': 1024, 'w_tox': 150.0, 'w_flip': 200.0, 'w_pen': 50.0}",0.29752770673486784,0.3350383631713555,0.7237387105967661,0.5844196651002,1.0
"{'lr': 0.0003, 'gamma': 0.9, 'batch_size': 64, 'hidden_dim': 1024, 'w_tox': 150.0, 'w_flip': 300.0, 'w_pen': 25.0}",0.2531969309462916,0.2710997442455243,0.7519975958350889,0.5983426812121657,1.0
"{'lr': 0.0003, 'gamma': 0.9, 'batch_size': 64, 'hidden_dim': 1024, 'w_tox': 150.0, 'w_flip': 300.0, 'w_pen': 50.0}",0.30264279624893436,0.34271099744245526,0.7281425174578343,0.5765924505052135,1.0
"{'lr': 0.0003, 'gamma': 0.9, 'batch_size': 64, 'hidden_dim': 1024, 'w_tox': 200.0, 'w_flip': 150.0, 'w_pen': 25.0}",0.29752770673486784,0.3333333333333333,0.7264872869265611,0.555166462482198,1.0
"{'lr': 0.0003, 'gamma': 0.9, 'batch_size': 64, 'hidden_dim': 1024, 'w_tox': 200.0, 'w_flip': 150.0, 'w_pen': 50.0}",0.24296675191815856,0.2566069906223359,0.7633160178019542,0.5765293384627076,1.0
"{'lr': 0.0003, 'gamma': 0.9, 'batch_size': 64, 'hidden_dim': 1024, 'w_tox': 200.0, 'w_flip': 200.0, 'w_pen': 25.0}",0.3069053708439898,0.34612105711849955,0.7239860805701378,0.562932901556814,1.0
"{'lr': 0.0003, 'gamma': 0.9, 'batch_size': 64, 'hidden_dim': 1024, 'w_tox': 200.0, 'w_flip': 200.0, 'w_pen': 50.0}",0.29241261722080136,0.3333333333333333,0.7319974306074835,0.5710085329576112,1.0
"{'lr': 0.0003, 'gamma': 0.9, 'batch_size': 64, 'hidden_dim': 1024, 'w_tox': 200.0, 'w_flip': 300.0, 'w_pen': 25.0}",0.30434782608695654,0.34697357203751067,0.7245939722794328,0.5651106802876473,1.0
"{'lr': 0.0003, 'gamma': 0.9, 'batch_size': 64, 'hidden_dim': 1024, 'w_tox': 200.0, 'w_flip': 300.0, 'w_pen': 50.0}",0.31287297527706737,0.35294117647058826,0.724116114474187,0.5705441820347007,1.0
"{'lr': 0.0003, 'gamma': 0.9, 'batch_size': 128, 'hidden_dim': 256, 'w_tox': 100.0, 'w_flip': 150.0, 'w_pen': 25.0}",0.18073316283034954,0.19522591645353793,0.7629475955650866,0.46203421971576647,1.0
"{'lr': 0.0003, 'gamma': 0.9, 'batch_size': 128, 'hidden_dim': 256, 'w_tox': 100.0, 'w_flip': 150.0, 'w_pen': 50.0}",0.22847399829497017,0.24552429667519182,0.7447298063945715,0.5327744416683847,1.0
"{'lr': 0.0003, 'gamma': 0.9, 'batch_size': 128, 'hidden_dim': 256, 'w_tox': 100.0, 'w_flip': 200.0, 'w_pen': 25.0}",0.2591645353793691,0.28218243819266836,0.7442823421119596,0.5411152981673324,1.0
"{'lr': 0.0003, 'gamma': 0.9, 'batch_size': 128, 'hidden_dim': 256, 'w_tox': 100.0, 'w_flip': 200.0, 'w_pen': 50.0}",0.2566069906223359,0.29241261722080136,0.7229528514092303,0.47893372516648886,1.0
"{'lr': 0.0003, 'gamma': 0.9, 'batch_size': 128, 'hidden_dim': 256, 'w_tox': 100.0, 'w_flip': 300.0, 'w_pen': 25.0}",0.30008525149190113,0.3452685421994885,0.7222009156459824,0.5310337164756741,1.0
"{'lr': 0.0003, 'gamma': 0.9, 'batch_size': 128, 'hidden_dim': 256, 'w_tox': 100.0, 'w_flip': 300.0, 'w_pen': 50.0}",0.27791986359761295,0.31628303495311166,0.7227336317577043,0.4800187577323448,1.0
"{'lr': 0.0003, 'gamma': 0.9, 'batch_size': 128, 'hidden_dim': 256, 'w_tox': 150.0, 'w_flip': 150.0, 'w_pen': 25.0}",0.3111679454390452,0.3554987212276215,0.717419813775208,0.5746875779634965,1.0
"{'lr': 0.0003, 'gamma': 0.9, 'batch_size': 128, 'hidden_dim': 256, 'w_tox': 150.0, 'w_flip': 150.0, 'w_pen': 50.0}",0.27450980392156865,0.309462915601023,0.7327227979704577,0.5730287539706372,1.0
"{'lr': 0.0003, 'gamma': 0.9, 'batch_size': 128, 'hidden_dim': 256, 'w_tox': 150.0, 'w_flip': 200.0, 'w_pen': 25.0}",0.2855924978687127,0.32310315430520037,0.7277676615944345,0.5201093333065946,1.0
"{'lr': 0.0003, 'gamma': 0.9, 'batch_size': 128, 'hidden_dim': 256, 'w_tox': 150.0, 'w_flip': 200.0, 'w_pen': 50.0}",0.2898550724637681,0.3333333333333333,0.7260851825054071,0.5479934207121114,1.0
"{'lr': 0.0003, 'gamma': 0.9, 'batch_size': 128, 'hidden_dim': 256, 'w_tox': 150.0, 'w_flip': 300.0, 'w_pen': 25.0}",0.2591645353793691,0.2898550724637681,0.7319974529113065,0.5466113865689284,1.0
"{'lr': 0.0003, 'gamma': 0.9, 'batch_size': 128, 'hidden_dim': 256, 'w_tox': 150.0, 'w_flip': 300.0, 'w_pen': 50.0}",0.19863597612958228,0.21312872975277067,0.7569889345142811,0.5186780828455428,1.0
"{'lr': 0.0003, 'gamma': 0.9, 'batch_size': 128, 'hidden_dim': 256, 'w_tox': 200.0, 'w_flip': 150.0, 'w_pen': 25.0}",0.2907075873827792,0.3256606990622336,0.7311018185307144,0.5649570420576893,1.0
"{'lr': 0.0003, 'gamma': 0.9, 'batch_size': 128, 'hidden_dim': 256, 'w_tox': 200.0, 'w_flip': 150.0, 'w_pen': 50.0}",0.22421142369991476,0.24722932651321397,0.7339016345607463,0.44386492695162333,1.0
"{'lr': 0.0003, 'gamma': 0.9, 'batch_size': 128, 'hidden_dim': 256, 'w_tox': 200.0, 'w_flip': 200.0, 'w_pen': 25.0}",0.27877237851662406,0.3145780051150895,0.7318671042582467,0.5673460468117337,1.0
"{'lr': 0.0003, 'gamma': 0.9, 'batch_size': 128, 'hidden_dim': 256, 'w_tox': 200.0, 'w_flip': 200.0, 'w_pen': 50.0}",0.27195225916453536,0.3111679454390452,0.7181364252696231,0.5127335354691697,1.0
"{'lr': 0.0003, 'gamma': 0.9, 'batch_size': 128, 'hidden_dim': 256, 'w_tox': 200.0, 'w_flip': 300.0, 'w_pen': 25.0}",0.23529411764705882,0.2668371696504689,0.7238465578379889,0.49129881896492367,1.0
"{'lr': 0.0003, 'gamma': 0.9, 'batch_size': 128, 'hidden_dim': 256, 'w_tox': 200.0, 'w_flip': 300.0, 'w_pen': 50.0}",0.21824381926683717,0.2463768115942029,0.7336371247862118,0.476180684006966,1.0
"{'lr': 0.0003, 'gamma': 0.9, 'batch_size': 128, 'hidden_dim': 512, 'w_tox': 100.0, 'w_flip': 150.0, 'w_pen': 25.0}",0.27195225916453536,0.3103154305200341,0.7299646970308904,0.5761547446156756,1.0
"{'lr': 0.0003, 'gamma': 0.9, 'batch_size': 128, 'hidden_dim': 512, 'w_tox': 100.0, 'w_flip': 150.0, 'w_pen': 50.0}",0.30179028132992325,0.34441602728047743,0.7250691065375854,0.5595039807060366,1.0
"{'lr': 0.0003, 'gamma': 0.9, 'batch_size': 128, 'hidden_dim': 512, 'w_tox': 100.0, 'w_flip': 200.0, 'w_pen': 25.0}",0.2625745950554135,0.2949701619778346,0.7337717361530267,0.5438162905505233,1.0
"{'lr': 0.0003, 'gamma': 0.9, 'batch_size': 128, 'hidden_dim': 512, 'w_tox': 100.0, 'w_flip': 200.0, 'w_pen': 50.0}",0.21909633418584826,0.23870417732310314,0.7459287811589274,0.5347915039570227,1.0
"{'lr': 0.0003, 'gamma': 0.9, 'batch_size': 128, 'hidden_dim': 512, 'w_tox': 100.0, 'w_flip': 300.0, 'w_pen': 25.0}",0.28218243819266836,0.32225063938618925,0.7240495421301699,0.5342748447714095,1.0
"{'lr': 0.0003, 'gamma': 0.9, 'batch_size': 128, 'hidden_dim': 512, 'w_tox': 100.0, 'w_flip': 300.0, 'w_pen': 50.0}",0.2830349531116795,0.31798806479113384,0.7290411750896488,0.5205255061066196,1.0
"{'lr': 0.0003, 'gamma': 0.9, 'batch_size': 128, 'hidden_dim': 512, 'w_tox': 150.0, 'w_flip': 150.0, 'w_pen': 25.0}",0.2958226768968457,0.3213981244671782,0.7463550564698802,0.5812449431078359,1.0
"{'lr': 0.0003, 'gamma': 0.9, 'batch_size': 128, 'hidden_dim': 512, 'w_tox': 150.0, 'w_flip': 150.0, 'w_pen': 50.0}",0.2421142369991475,0.26001705029838024,0.7575189373087398,0.5864542530655688,1.0
"{'lr': 0.0003, 'gamma': 0.9, 'batch_size': 128, 'hidden_dim': 512, 'w_tox': 150.0, 'w_flip': 200.0, 'w_pen': 25.0}",0.24978687127024723,0.27877237851662406,0.7429263541781888,0.5804149229947797,1.0
"{'lr': 0.0003, 'gamma': 0.9, 'batch_size': 128, 'hidden_dim': 512, 'w_tox': 150.0, 'w_flip': 200.0, 'w_pen': 50.0}",0.29838022165387895,0.3393009377664109,0.7248291990700932,0.5807518775857288,1.0
"{'lr': 0.0003, 'gamma': 0.9, 'batch_size': 128, 'hidden_dim': 512, 'w_tox': 150.0, 'w_flip': 300.0, 'w_pen': 25.0}",0.2028985507246377,0.216538789428815,0.7514100102369368,0.49860752230911387,1.0
"{'lr': 0.0003, 'gamma': 0.9, 'batch_size': 128, 'hidden_dim': 512, 'w_tox': 150.0, 'w_flip': 300.0, 'w_pen': 50.0}",0.2796248934356351,0.3188405797101449,0.7241029739490199,0.4966693150862681,1.0
"{'lr': 0.0003, 'gamma': 0.9, 'batch_size': 128, 'hidden_dim': 512, 'w_tox': 200.0, 'w_flip': 150.0, 'w_pen': 25.0}",0.2864450127877238,0.3171355498721228,0.7309418976240554,0.5530829638312265,1.0
"{'lr': 0.0003, 'gamma': 0.9, 'batch_size': 128, 'hidden_dim': 512, 'w_tox': 200.0, 'w_flip': 150.0, 'w_pen': 50.0}",0.24552429667519182,0.26342710997442453,0.7538239129869996,0.5824869142796136,1.0
"{'lr': 0.0003, 'gamma': 0.9, 'batch_size': 128, 'hidden_dim': 512, 'w_tox': 200.0, 'w_flip': 200.0, 'w_pen': 25.0}",0.2463768115942029,0.27195225916453536,0.7367883341825466,0.5051241104109974,1.0
"{'lr': 0.0003, 'gamma': 0.9, 'batch_size': 128, 'hidden_dim': 512, 'w_tox': 200.0, 'w_flip': 200.0, 'w_pen': 50.0}",0.30605285592497866,0.3546462063086104,0.7156508900142124,0.5665619356945764,1.0
"{'lr': 0.0003, 'gamma': 0.9, 'batch_size': 128, 'hidden_dim': 512, 'w_tox': 200.0, 'w_flip': 300.0, 'w_pen': 25.0}",0.2693947144075021,0.2966751918158568,0.7384433326239916,0.5418272593693992,1.0
"{'lr': 0.0003, 'gamma': 0.9, 'batch_size': 128, 'hidden_dim': 512, 'w_tox': 200.0, 'w_flip': 300.0, 'w_pen': 50.0}",0.2898550724637681,0.3350383631713555,0.7258367765287869,0.5673272242677752,1.0
"{'lr': 0.0003, 'gamma': 0.9, 'batch_size': 128, 'hidden_dim': 1024, 'w_tox': 100.0, 'w_flip': 150.0, 'w_pen': 25.0}",0.27024722932651324,0.30008525149190113,0.7423747873760238,0.5919592098332027,1.0
"{'lr': 0.0003, 'gamma': 0.9, 'batch_size': 128, 'hidden_dim': 1024, 'w_tox': 100.0, 'w_flip': 150.0, 'w_pen': 50.0}",0.2966751918158568,0.3273657289002558,0.7369315736966673,0.5945739943874937,1.0
"{'lr': 0.0003, 'gamma': 0.9, 'batch_size': 128, 'hidden_dim': 1024, 'w_tox': 100.0, 'w_flip': 200.0, 'w_pen': 25.0}",0.226768968456948,0.2514919011082694,0.7471088442654383,0.5305849986955727,1.0
"{'lr': 0.0003, 'gamma': 0.9, 'batch_size': 128, 'hidden_dim': 1024, 'w_tox': 100.0, 'w_flip': 200.0, 'w_pen': 50.0}",0.29838022165387895,0.3316283034953112,0.7333178893839428,0.5733731270182406,1.0
"{'lr': 0.0003, 'gamma': 0.9, 'batch_size': 128, 'hidden_dim': 1024, 'w_tox': 100.0, 'w_flip': 300.0, 'w_pen': 25.0}",0.2668371696504689,0.30861040068201195,0.7235916449114147,0.5416770133897392,1.0
"{'lr': 0.0003, 'gamma': 0.9, 'batch_size': 128, 'hidden_dim': 1024, 'w_tox': 100.0, 'w_flip': 300.0, 'w_pen': 50.0}",0.24893435635123615,0.27621483375959077,0.7293527132226733,0.5287685025700203,1.0
"{'lr': 0.0003, 'gamma': 0.9, 'batch_size': 128, 'hidden_dim': 1024, 'w_tox': 150.0, 'w_flip': 150.0, 'w_pen': 25.0}",0.2847399829497016,0.31798806479113384,0.7312318857290697,0.5569348814677454,1.0
"{'lr': 0.0003, 'gamma': 0.9, 'batch_size': 128, 'hidden_dim': 1024, 'w_tox': 150.0, 'w_flip': 150.0, 'w_pen': 50.0}",0.2898550724637681,0.33248081841432225,0.7278279063640775,0.5395121520616745,1.0
"{'lr': 0.0003, 'gamma': 0.9, 'batch_size': 128, 'hidden_dim': 1024, 'w_tox': 150.0, 'w_flip': 200.0, 'w_pen': 25.0}",0.26768968456947995,0.2949701619778346,0.7326389782732425,0.5253297623742059,1.0
"{'lr': 0.0003, 'gamma': 0.9, 'batch_size': 128, 'hidden_dim': 1024, 'w_tox': 150.0, 'w_flip': 200.0, 'w_pen': 50.0}",0.27877237851662406,0.30775788576300084,0.734821792612235,0.5607398606815157,1.0
"{'lr': 0.0003, 'gamma': 0.9, 'batch_size': 128, 'hidden_dim': 1024, 'w_tox': 150.0, 'w_flip': 300.0, 'w_pen': 25.0}",0.30008525149190113,0.32310315430520037,0.7418851726818444,0.6049269032641805,1.0
"{'lr': 0.0003, 'gamma': 0.9, 'batch_size': 128, 'hidden_dim': 1024, 'w_tox': 150.0, 'w_flip': 300.0, 'w_pen': 50.0}",0.2949701619778346,0.32821824381926684,0.7353629413856289,0.6103129527711075,1.0
"{'lr': 0.0003, 'gamma': 0.9, 'batch_size': 128, 'hidden_dim': 1024, 'w_tox': 200.0, 'w_flip': 150.0, 'w_pen': 25.0}",0.27877237851662406,0.3205456095481671,0.7244741048035934,0.5177346107030243,1.0
"{'lr': 0.0003, 'gamma': 0.9, 'batch_size': 128, 'hidden_dim': 1024, 'w_tox': 200.0, 'w_flip': 150.0, 'w_pen': 50.0}",0.2830349531116795,0.3103154305200341,0.7397137278774337,0.543953102887269,1.0
"{'lr': 0.0003, 'gamma': 0.9, 'batch_size': 128, 'hidden_dim': 1024, 'w_tox': 200.0, 'w_flip': 200.0, 'w_pen': 25.0}",0.2668371696504689,0.2932651321398124,0.7403306202483483,0.5782408424295652,1.0
"{'lr': 0.0003, 'gamma': 0.9, 'batch_size': 128, 'hidden_dim': 1024, 'w_tox': 200.0, 'w_flip': 200.0, 'w_pen': 50.0}",0.28218243819266836,0.3052003410059676,0.7426847058261729,0.570360209433778,1.0
"{'lr': 0.0003, 'gamma': 0.9, 'batch_size': 128, 'hidden_dim': 1024, 'w_tox': 200.0, 'w_flip': 300.0, 'w_pen': 25.0}",0.2864450127877238,0.32310315430520037,0.7254977375405662,0.5409429785808452,1.0
"{'lr': 0.0003, 'gamma': 0.9, 'batch_size': 128, 'hidden_dim': 1024, 'w_tox': 200.0, 'w_flip': 300.0, 'w_pen': 50.0}",0.20886615515771526,0.22421142369991476,0.7554234370818808,0.5309162158053332,1.0
"{'lr': 0.0003, 'gamma': 0.99, 'batch_size': 64, 'hidden_dim': 256, 'w_tox': 100.0, 'w_flip': 150.0, 'w_pen': 25.0}",0.2071611253196931,0.22250639386189258,0.762743217067305,0.5703293972784726,1.0
"{'lr': 0.0003, 'gamma': 0.99, 'batch_size': 64, 'hidden_dim': 256, 'w_tox': 100.0, 'w_flip': 150.0, 'w_pen': 50.0}",0.2728047740835465,0.30264279624893436,0.7396453096572931,0.5344939135417324,1.0
"{'lr': 0.0003, 'gamma': 0.99, 'batch_size': 64, 'hidden_dim': 256, 'w_tox': 100.0, 'w_flip': 200.0, 'w_pen': 25.0}",0.2813299232736573,0.319693094629156,0.7318633353032882,0.574918320316534,1.0
"{'lr': 0.0003, 'gamma': 0.99, 'batch_size': 64, 'hidden_dim': 256, 'w_tox': 100.0, 'w_flip': 200.0, 'w_pen': 50.0}",0.2693947144075021,0.3103154305200341,0.7218222708613571,0.5316519053249164,1.0
"{'lr': 0.0003, 'gamma': 0.99, 'batch_size': 64, 'hidden_dim': 256, 'w_tox': 100.0, 'w_flip': 300.0, 'w_pen': 25.0}",0.30775788576300084,0.3546462063086104,0.7207426273030103,0.5678643051092036,1.0
"{'lr': 0.0003, 'gamma': 0.99, 'batch_size': 64, 'hidden_dim': 256, 'w_tox': 100.0, 'w_flip': 300.0, 'w_pen': 50.0}",0.22250639386189258,0.2463768115942029,0.7331707464419187,0.3757731300819062,1.0
"{'lr': 0.0003, 'gamma': 0.99, 'batch_size': 64, 'hidden_dim': 256, 'w_tox': 150.0, 'w_flip': 150.0, 'w_pen': 25.0}",0.26001705029838024,0.30008525149190113,0.7249888194242438,0.5482793217421386,1.0
"{'lr': 0.0003, 'gamma': 0.99, 'batch_size': 64, 'hidden_dim': 256, 'w_tox': 150.0, 'w_flip': 150.0, 'w_pen': 50.0}",0.27791986359761295,0.30775788576300084,0.7214387430569711,0.500264684235198,1.0
"{'lr': 0.0003, 'gamma': 0.99, 'batch_size': 64, 'hidden_dim': 256, 'w_tox': 150.0, 'w_flip': 200.0, 'w_pen': 25.0}",0.24040920716112532,0.2591645353793691,0.7502574029355621,0.5413848110649104,1.0
"{'lr': 0.0003, 'gamma': 0.99, 'batch_size': 64, 'hidden_dim': 256, 'w_tox': 150.0, 'w_flip': 200.0, 'w_pen': 50.0}",0.24808184143222506,0.26768968456947995,0.7581426893540807,0.5376064783477165,1.0
"{'lr': 0.0003, 'gamma': 0.99, 'batch_size': 64, 'hidden_dim': 256, 'w_tox': 150.0, 'w_flip': 300.0, 'w_pen': 25.0}",0.2915601023017903,0.3350383631713555,0.7165571757628673,0.5273281570209426,1.0
"{'lr': 0.0003, 'gamma': 0.99, 'batch_size': 64, 'hidden_dim': 256, 'w_tox': 150.0, 'w_flip': 300.0, 'w_pen': 50.0}",0.20971867007672634,0.2310315430520034,0.747404690551852,0.467551938291333,1.0
"{'lr': 0.0003, 'gamma': 0.99, 'batch_size': 64, 'hidden_dim': 256, 'w_tox': 200.0, 'w_flip': 150.0, 'w_pen': 25.0}",0.2728047740835465,0.30861040068201195,0.7255750265963833,0.5327934568995402,1.0
"{'lr': 0.0003, 'gamma': 0.99, 'batch_size': 64, 'hidden_dim': 256, 'w_tox': 200.0, 'w_flip': 150.0, 'w_pen': 50.0}",0.2753623188405797,0.31287297527706737,0.7300386986017965,0.548470792340622,1.0
"{'lr': 0.0003, 'gamma': 0.99, 'batch_size': 64, 'hidden_dim': 256, 'w_tox': 200.0, 'w_flip': 200.0, 'w_pen': 25.0}",0.26854219948849106,0.2958226768968457,0.7315011691264142,0.4807715169373831,1.0
"{'lr': 0.0003, 'gamma': 0.99, 'batch_size': 64, 'hidden_dim': 256, 'w_tox': 200.0, 'w_flip': 200.0, 'w_pen': 50.0}",0.29752770673486784,0.34782608695652173,0.7174906084658249,0.5536139581307263,1.0
"{'lr': 0.0003, 'gamma': 0.99, 'batch_size': 64, 'hidden_dim': 256, 'w_tox': 200.0, 'w_flip': 300.0, 'w_pen': 25.0}",0.27365728900255754,0.3137254901960784,0.7175261698642508,0.48680319723955773,1.0
"{'lr': 0.0003, 'gamma': 0.99, 'batch_size': 64, 'hidden_dim': 256, 'w_tox': 200.0, 'w_flip': 300.0, 'w_pen': 50.0}",0.19863597612958228,0.21483375959079284,0.7488705749052679,0.5500034361786326,1.0
"{'lr': 0.0003, 'gamma': 0.99, 'batch_size': 64, 'hidden_dim': 512, 'w_tox': 100.0, 'w_flip': 150.0, 'w_pen': 25.0}",0.3034953111679454,0.33844842284739984,0.7254230180884914,0.5499949774257497,1.0
"{'lr': 0.0003, 'gamma': 0.99, 'batch_size': 64, 'hidden_dim': 512, 'w_tox': 100.0, 'w_flip': 150.0, 'w_pen': 50.0}",0.27365728900255754,0.30775788576300084,0.7292061173954294,0.5446973493937228,1.0
"{'lr': 0.0003, 'gamma': 0.99, 'batch_size': 64, 'hidden_dim': 512, 'w_tox': 100.0, 'w_flip': 200.0, 'w_pen': 25.0}",0.27791986359761295,0.3137254901960784,0.7321769087612284,0.5484249700735102,1.0
"{'lr': 0.0003, 'gamma': 0.99, 'batch_size': 64, 'hidden_dim': 512, 'w_tox': 100.0, 'w_flip': 200.0, 'w_pen': 50.0}",0.3034953111679454,0.34441602728047743,0.7202321935192341,0.5862089915997709,1.0
"{'lr': 0.0003, 'gamma': 0.99, 'batch_size': 64, 'hidden_dim': 512, 'w_tox': 100.0, 'w_flip': 300.0, 'w_pen': 25.0}",0.2949701619778346,0.3205456095481671,0.7377353335773761,0.5287258522972993,1.0
"{'lr': 0.0003, 'gamma': 0.99, 'batch_size': 64, 'hidden_dim': 512, 'w_tox': 100.0, 'w_flip': 300.0, 'w_pen': 50.0}",0.30179028132992325,0.3435635123614663,0.7210300843537413,0.528330219260174,1.0
"{'lr': 0.0003, 'gamma': 0.99, 'batch_size': 64, 'hidden_dim': 512, 'w_tox': 150.0, 'w_flip': 150.0, 'w_pen': 25.0}",0.28218243819266836,0.31798806479113384,0.7219232494675131,0.5419595928038109,1.0
"{'lr': 0.0003, 'gamma': 0.99, 'batch_size': 64, 'hidden_dim': 512, 'w_tox': 150.0, 'w_flip': 150.0, 'w_pen': 50.0}",0.3009377664109122,0.3290707587382779,0.7390344951389203,0.530755895826508,1.0
"{'lr': 0.0003, 'gamma': 0.99, 'batch_size': 64, 'hidden_dim': 512, 'w_tox': 150.0, 'w_flip': 200.0, 'w_pen': 25.0}",0.30008525149190113,0.34782608695652173,0.7182196684456053,0.5555581755579254,1.0
"{'lr': 0.0003, 'gamma': 0.99, 'batch_size': 64, 'hidden_dim': 512, 'w_tox': 150.0, 'w_flip': 200.0, 'w_pen': 50.0}",0.3111679454390452,0.35294117647058826,0.7230590721951946,0.5571009483469085,1.0
"{'lr': 0.0003, 'gamma': 0.99, 'batch_size': 64, 'hidden_dim': 512, 'w_tox': 150.0, 'w_flip': 300.0, 'w_pen': 25.0}",0.27877237851662406,0.31202046035805625,0.7269281572758736,0.45313671156962315,1.0
"{'lr': 0.0003, 'gamma': 0.99, 'batch_size': 64, 'hidden_dim': 512, 'w_tox': 150.0, 'w_flip': 300.0, 'w_pen': 50.0}",0.29838022165387895,0.33248081841432225,0.7264785947326147,0.5508006402535859,1.0
"{'lr': 0.0003, 'gamma': 0.99, 'batch_size': 64, 'hidden_dim': 512, 'w_tox': 200.0, 'w_flip': 150.0, 'w_pen': 25.0}",0.29752770673486784,0.3333333333333333,0.7298988335897854,0.5970326888046257,1.0
"{'lr': 0.0003, 'gamma': 0.99, 'batch_size': 64, 'hidden_dim': 512, 'w_tox': 200.0, 'w_flip': 150.0, 'w_pen': 50.0}",0.3009377664109122,0.33844842284739984,0.7300363500893596,0.6065391538967912,1.0
"{'lr': 0.0003, 'gamma': 0.99, 'batch_size': 64, 'hidden_dim': 512, 'w_tox': 200.0, 'w_flip': 200.0, 'w_pen': 25.0}",0.28815004262574595,0.3111679454390452,0.7352751633387741,0.5686971471269703,1.0
"{'lr': 0.0003, 'gamma': 0.99, 'batch_size': 64, 'hidden_dim': 512, 'w_tox': 200.0, 'w_flip': 200.0, 'w_pen': 50.0}",0.2872975277067349,0.31798806479113384,0.731550906572349,0.5429438517333736,1.0
"{'lr': 0.0003, 'gamma': 0.99, 'batch_size': 64, 'hidden_dim': 512, 'w_tox': 200.0, 'w_flip': 300.0, 'w_pen': 25.0}",0.29838022165387895,0.33844842284739984,0.719955979930941,0.5191897024672713,1.0
"{'lr': 0.0003, 'gamma': 0.99, 'batch_size': 64, 'hidden_dim': 512, 'w_tox': 200.0, 'w_flip': 300.0, 'w_pen': 50.0}",0.2728047740835465,0.30434782608695654,0.7317577690578523,0.5177919990613747,1.0
"{'lr': 0.0003, 'gamma': 0.99, 'batch_size': 64, 'hidden_dim': 1024, 'w_tox': 100.0, 'w_flip': 150.0, 'w_pen': 25.0}",0.30861040068201195,0.34185848252344414,0.7356431257344916,0.5982814583911029,1.0
"{'lr': 0.0003, 'gamma': 0.99, 'batch_size': 64, 'hidden_dim': 1024, 'w_tox': 100.0, 'w_flip': 150.0, 'w_pen': 50.0}",0.30179028132992325,0.3452685421994885,0.7288085463377089,0.5830840778087959,1.0
"{'lr': 0.0003, 'gamma': 0.99, 'batch_size': 64, 'hidden_dim': 1024, 'w_tox': 100.0, 'w_flip': 200.0, 'w_pen': 25.0}",0.2804774083546462,0.309462915601023,0.739159461936619,0.5346697346508203,1.0
"{'lr': 0.0003, 'gamma': 0.99, 'batch_size': 64, 'hidden_dim': 1024, 'w_tox': 100.0, 'w_flip': 200.0, 'w_pen': 50.0}",0.2907075873827792,0.32225063938618925,0.730319297901919,0.5684764470063317,1.0
"{'lr': 0.0003, 'gamma': 0.99, 'batch_size': 64, 'hidden_dim': 1024, 'w_tox': 100.0, 'w_flip': 300.0, 'w_pen': 25.0}",0.2796248934356351,0.30605285592497866,0.7437213086316088,0.5635021288652572,1.0
"{'lr': 0.0003, 'gamma': 0.99, 'batch_size': 64, 'hidden_dim': 1024, 'w_tox': 100.0, 'w_flip': 300.0, 'w_pen': 50.0}",0.25404944586530265,0.2804774083546462,0.7430254648819412,0.5424895764717497,1.0
"{'lr': 0.0003, 'gamma': 0.99, 'batch_size': 64, 'hidden_dim': 1024, 'w_tox': 150.0, 'w_flip': 150.0, 'w_pen': 25.0}",0.3052003410059676,0.3410059676044331,0.7289093971535958,0.5580415444448938,1.0
"{'lr': 0.0003, 'gamma': 0.99, 'batch_size': 64, 'hidden_dim': 1024, 'w_tox': 150.0, 'w_flip': 150.0, 'w_pen': 50.0}",0.30179028132992325,0.34441602728047743,0.7308937981929777,0.5657522342126828,1.0
"{'lr': 0.0003, 'gamma': 0.99, 'batch_size': 64, 'hidden_dim': 1024, 'w_tox': 150.0, 'w_flip': 200.0, 'w_pen': 25.0}",0.2915601023017903,0.31798806479113384,0.7373181903594866,0.5566613201584704,1.0
"{'lr': 0.0003, 'gamma': 0.99, 'batch_size': 64, 'hidden_dim': 1024, 'w_tox': 150.0, 'w_flip': 200.0, 'w_pen': 50.0}",0.2949701619778346,0.3256606990622336,0.7342600053111873,0.5842097578598127,1.0
"{'lr': 0.0003, 'gamma': 0.99, 'batch_size': 64, 'hidden_dim': 1024, 'w_tox': 150.0, 'w_flip': 300.0, 'w_pen': 25.0}",0.2028985507246377,0.2208013640238704,0.7494191986644219,0.5746852933569876,1.0
"{'lr': 0.0003, 'gamma': 0.99, 'batch_size': 64, 'hidden_dim': 1024, 'w_tox': 150.0, 'w_flip': 300.0, 'w_pen': 50.0}",0.2855924978687127,0.3188405797101449,0.7299560249982587,0.5603690472555427,1.0
"{'lr': 0.0003, 'gamma': 0.99, 'batch_size': 64, 'hidden_dim': 1024, 'w_tox': 200.0, 'w_flip': 150.0, 'w_pen': 25.0}",0.29241261722080136,0.340153452685422,0.7181165367094836,0.5516741386822266,1.0
"{'lr': 0.0003, 'gamma': 0.99, 'batch_size': 64, 'hidden_dim': 1024, 'w_tox': 200.0, 'w_flip': 150.0, 'w_pen': 50.0}",0.22506393861892582,0.24552429667519182,0.7540832208427075,0.5165896394796518,1.0
"{'lr': 0.0003, 'gamma': 0.99, 'batch_size': 64, 'hidden_dim': 1024, 'w_tox': 200.0, 'w_flip': 200.0, 'w_pen': 25.0}",0.30179028132992325,0.3410059676044331,0.7267181405791661,0.5691682066485324,1.0
"{'lr': 0.0003, 'gamma': 0.99, 'batch_size': 64, 'hidden_dim': 1024, 'w_tox': 200.0, 'w_flip': 200.0, 'w_pen': 50.0}",0.29752770673486784,0.3452685421994885,0.7206781284321172,0.5914669551225624,1.0
"{'lr': 0.0003, 'gamma': 0.99, 'batch_size': 64, 'hidden_dim': 1024, 'w_tox': 200.0, 'w_flip': 300.0, 'w_pen': 25.0}",0.31798806479113384,0.35038363171355497,0.7315306728694588,0.5732955511248001,1.0
"{'lr': 0.0003, 'gamma': 0.99, 'batch_size': 64, 'hidden_dim': 1024, 'w_tox': 200.0, 'w_flip': 300.0, 'w_pen': 50.0}",0.28815004262574595,0.3213981244671782,0.725217171039518,0.5366150139677703,1.0
"{'lr': 0.0003, 'gamma': 0.99, 'batch_size': 128, 'hidden_dim': 256, 'w_tox': 100.0, 'w_flip': 150.0, 'w_pen': 25.0}",0.1773231031543052,0.19352088661551578,0.7612993162339433,0.49588616599549007,1.0
"{'lr': 0.0003, 'gamma': 0.99, 'batch_size': 128, 'hidden_dim': 256, 'w_tox': 100.0, 'w_flip': 150.0, 'w_pen': 50.0}",0.216538789428815,0.23444160272804773,0.7493463511520555,0.5091434687213962,1.0
"{'lr': 0.0003, 'gamma': 0.99, 'batch_size': 128, 'hidden_dim': 256, 'w_tox': 100.0, 'w_flip': 200.0, 'w_pen': 25.0}",0.21483375959079284,0.23785166240409208,0.7375950365870105,0.5214877814552292,1.0
"{'lr': 0.0003, 'gamma': 0.99, 'batch_size': 128, 'hidden_dim': 256, 'w_tox': 100.0, 'w_flip': 200.0, 'w_pen': 50.0}",0.236999147485081,0.27450980392156865,0.7273276820620727,0.4797529996267058,1.0
"{'lr': 0.0003, 'gamma': 0.99, 'batch_size': 128, 'hidden_dim': 256, 'w_tox': 100.0, 'w_flip': 300.0, 'w_pen': 25.0}",0.30861040068201195,0.3537936913895993,0.7226651021819169,0.5721281201173788,1.0
"{'lr': 0.0003, 'gamma': 0.99, 'batch_size': 128, 'hidden_dim': 256, 'w_tox': 100.0, 'w_flip': 300.0, 'w_pen': 50.0}",0.23870417732310314,0.26342710997442453,0.7384154015563597,0.5319126518143996,1.0
"{'lr': 0.0003, 'gamma': 0.99, 'batch_size': 128, 'hidden_dim': 256, 'w_tox': 150.0, 'w_flip': 150.0, 'w_pen': 25.0}",0.2804774083546462,0.32310315430520037,0.7218137192831764,0.5769281102788084,1.0
"{'lr': 0.0003, 'gamma': 0.99, 'batch_size': 128, 'hidden_dim': 256, 'w_tox': 150.0, 'w_flip': 150.0, 'w_pen': 50.0}",0.2804774083546462,0.3213981244671782,0.7210087071960635,0.5285235683195573,1.0
"{'lr': 0.0003, 'gamma': 0.99, 'batch_size': 128, 'hidden_dim': 256, 'w_tox': 150.0, 'w_flip': 200.0, 'w_pen': 25.0}",0.2625745950554135,0.3009377664109122,0.727304716779115,0.5024626022638873,1.0
"{'lr': 0.0003, 'gamma': 0.99, 'batch_size': 128, 'hidden_dim': 256, 'w_tox': 150.0, 'w_flip': 200.0, 'w_pen': 50.0}",0.2949701619778346,0.3316283034953112,0.7294798945365528,0.5548792344253283,1.0
"{'lr': 0.0003, 'gamma': 0.99, 'batch_size': 128, 'hidden_dim': 256, 'w_tox': 150.0, 'w_flip': 300.0, 'w_pen': 25.0}",0.2531969309462916,0.28815004262574595,0.7268651249791558,0.5157597750879839,1.0
"{'lr': 0.0003, 'gamma': 0.99, 'batch_size': 128, 'hidden_dim': 256, 'w_tox': 150.0, 'w_flip': 300.0, 'w_pen': 50.0}",0.28218243819266836,0.32651321398124467,0.7289365204097594,0.6038288186533155,1.0
"{'lr': 0.0003, 'gamma': 0.99, 'batch_size': 128, 'hidden_dim': 256, 'w_tox': 200.0, 'w_flip': 150.0, 'w_pen': 25.0}",0.2830349531116795,0.32310315430520037,0.721452706475817,0.5471725606518258,1.0
"{'lr': 0.0003, 'gamma': 0.99, 'batch_size': 128, 'hidden_dim': 256, 'w_tox': 200.0, 'w_flip': 150.0, 'w_pen': 50.0}",0.2208013640238704,0.23955669224211423,0.7427152419572763,0.5057187109098985,1.0
"{'lr': 0.0003, 'gamma': 0.99, 'batch_size': 128, 'hidden_dim': 256, 'w_tox': 200.0, 'w_flip': 200.0, 'w_pen': 25.0}",0.2966751918158568,0.32310315430520037,0.7461933739650131,0.5811390124905973,1.0
"{'lr': 0.0003, 'gamma': 0.99, 'batch_size': 128, 'hidden_dim': 256, 'w_tox': 200.0, 'w_flip': 200.0, 'w_pen': 50.0}",0.28218243819266836,0.319693094629156,0.7265871164924989,0.530401480515579,1.0
"{'lr': 0.0003, 'gamma': 0.99, 'batch_size': 128, 'hidden_dim': 256, 'w_tox': 200.0, 'w_flip': 300.0, 'w_pen': 25.0}",0.20801364023870417,0.23870417732310314,0.7330791519411959,0.44947285462494074,1.0
"{'lr': 0.0003, 'gamma': 0.99, 'batch_size': 128, 'hidden_dim': 256, 'w_tox': 200.0, 'w_flip': 300.0, 'w_pen': 50.0}",0.21994884910485935,0.24467178175618073,0.7413429428447146,0.4652602992742599,1.0
"{'lr': 0.0003, 'gamma': 0.99, 'batch_size': 128, 'hidden_dim': 512, 'w_tox': 100.0, 'w_flip': 150.0, 'w_pen': 25.0}",0.2625745950554135,0.2932651321398124,0.7277696952692931,0.5704526739267892,1.0
"{'lr': 0.0003, 'gamma': 0.99, 'batch_size': 128, 'hidden_dim': 512, 'w_tox': 100.0, 'w_flip': 150.0, 'w_pen': 50.0}",0.2813299232736573,0.30775788576300084,0.7330836076553687,0.5419811058627911,1.0
"{'lr': 0.0003, 'gamma': 0.99, 'batch_size': 128, 'hidden_dim': 512, 'w_tox': 100.0, 'w_flip': 200.0, 'w_pen': 25.0}",0.2847399829497016,0.3137254901960784,0.7471623951545397,0.5766293406646704,1.0
"{'lr': 0.0003, 'gamma': 0.99, 'batch_size': 128, 'hidden_dim': 512, 'w_tox': 100.0, 'w_flip': 200.0, 'w_pen': 50.0}",0.29411764705882354,0.33248081841432225,0.7319682027981189,0.5732383217566437,1.0
"{'lr': 0.0003, 'gamma': 0.99, 'batch_size': 128, 'hidden_dim': 512, 'w_tox': 100.0, 'w_flip': 300.0, 'w_pen': 25.0}",0.2813299232736573,0.3154305200341006,0.7276257860329267,0.529877452220026,1.0
"{'lr': 0.0003, 'gamma': 0.99, 'batch_size': 128, 'hidden_dim': 512, 'w_tox': 100.0, 'w_flip': 300.0, 'w_pen': 50.0}",0.2617220801364024,0.29923273657289,0.72083972116856,0.5025240133273277,1.0
"{'lr': 0.0003, 'gamma': 0.99, 'batch_size': 128, 'hidden_dim': 512, 'w_tox': 150.0, 'w_flip': 150.0, 'w_pen': 25.0}",0.2531969309462916,0.27450980392156865,0.7437462161017134,0.5130369572395268,1.0
"{'lr': 0.0003, 'gamma': 0.99, 'batch_size': 128, 'hidden_dim': 512, 'w_tox': 150.0, 'w_flip': 150.0, 'w_pen': 50.0}",0.226768968456948,0.24296675191815856,0.7647463655938946,0.5443314212199073,1.0
"{'lr': 0.0003, 'gamma': 0.99, 'batch_size': 128, 'hidden_dim': 512, 'w_tox': 150.0, 'w_flip': 200.0, 'w_pen': 25.0}",0.3103154305200341,0.3452685421994885,0.7345367762838845,0.5785655923437301,1.0
"{'lr': 0.0003, 'gamma': 0.99, 'batch_size': 128, 'hidden_dim': 512, 'w_tox': 150.0, 'w_flip': 200.0, 'w_pen': 50.0}",0.2830349531116795,0.3316283034953112,0.7180181150110952,0.5619467454670379,1.0
"{'lr': 0.0003, 'gamma': 0.99, 'batch_size': 128, 'hidden_dim': 512, 'w_tox': 150.0, 'w_flip': 300.0, 'w_pen': 25.0}",0.2804774083546462,0.31798806479113384,0.7200256113990583,0.5616555918733697,1.0
"{'lr': 0.0003, 'gamma': 0.99, 'batch_size': 128, 'hidden_dim': 512, 'w_tox': 150.0, 'w_flip': 300.0, 'w_pen': 50.0}",0.257459505541347,0.2932651321398124,0.7349452986638084,0.5087591273517773,1.0
"{'lr': 0.0003, 'gamma': 0.99, 'batch_size': 128, 'hidden_dim': 512, 'w_tox': 200.0, 'w_flip': 150.0, 'w_pen': 25.0}",0.2855924978687127,0.3273657289002558,0.721470869978838,0.5360102713684641,1.0
"{'lr': 0.0003, 'gamma': 0.99, 'batch_size': 128, 'hidden_dim': 512, 'w_tox': 200.0, 'w_flip': 150.0, 'w_pen': 50.0}",0.23273657289002558,0.25404944586530265,0.7494953104110422,0.5527485531567083,1.0
"{'lr': 0.0003, 'gamma': 0.99, 'batch_size': 128, 'hidden_dim': 512, 'w_tox': 200.0, 'w_flip': 200.0, 'w_pen': 25.0}",0.2651321398124467,0.28815004262574595,0.7372378499367503,0.5155060594004635,1.0
"{'lr': 0.0003, 'gamma': 0.99, 'batch_size': 128, 'hidden_dim': 512, 'w_tox': 200.0, 'w_flip': 200.0, 'w_pen': 50.0}",0.2557544757033248,0.28218243819266836,0.7287138083094983,0.5548517271050584,1.0
"{'lr': 0.0003, 'gamma': 0.99, 'batch_size': 128, 'hidden_dim': 512, 'w_tox': 200.0, 'w_flip': 300.0, 'w_pen': 25.0}",0.26427962489343565,0.30775788576300084,0.720205538258864,0.47070500678190613,1.0
"{'lr': 0.0003, 'gamma': 0.99, 'batch_size': 128, 'hidden_dim': 512, 'w_tox': 200.0, 'w_flip': 300.0, 'w_pen': 50.0}",0.29838022165387895,0.3435635123614663,0.7119929327770208,0.5450843759625709,1.0
"{'lr': 0.0003, 'gamma': 0.99, 'batch_size': 128, 'hidden_dim': 1024, 'w_tox': 100.0, 'w_flip': 150.0, 'w_pen': 25.0}",0.27450980392156865,0.29923273657289,0.7337939913913534,0.52670295752986,1.0
"{'lr': 0.0003, 'gamma': 0.99, 'batch_size': 128, 'hidden_dim': 1024, 'w_tox': 100.0, 'w_flip': 150.0, 'w_pen': 50.0}",0.2804774083546462,0.3145780051150895,0.7311197976248602,0.5674013194703139,1.0
"{'lr': 0.0003, 'gamma': 0.99, 'batch_size': 128, 'hidden_dim': 1024, 'w_tox': 100.0, 'w_flip': 200.0, 'w_pen': 25.0}",0.2591645353793691,0.2915601023017903,0.7323060603682848,0.526141129893099,1.0
"{'lr': 0.0003, 'gamma': 0.99, 'batch_size': 128, 'hidden_dim': 1024, 'w_tox': 100.0, 'w_flip': 200.0, 'w_pen': 50.0}",0.23529411764705882,0.2668371696504689,0.734084910015587,0.49143953678067026,1.0
"{'lr': 0.0003, 'gamma': 0.99, 'batch_size': 128, 'hidden_dim': 1024, 'w_tox': 100.0, 'w_flip': 300.0, 'w_pen': 25.0}",0.2872975277067349,0.32225063938618925,0.7272134891370154,0.5463095414507961,1.0
"{'lr': 0.0003, 'gamma': 0.99, 'batch_size': 128, 'hidden_dim': 1024, 'w_tox': 100.0, 'w_flip': 300.0, 'w_pen': 50.0}",0.2728047740835465,0.309462915601023,0.7318505428038365,0.49873533642482326,1.0
"{'lr': 0.0003, 'gamma': 0.99, 'batch_size': 128, 'hidden_dim': 1024, 'w_tox': 150.0, 'w_flip': 150.0, 'w_pen': 25.0}",0.25234441602728047,0.2847399829497016,0.73442317016254,0.5595844318432229,1.0
"{'lr': 0.0003, 'gamma': 0.99, 'batch_size': 128, 'hidden_dim': 1024, 'w_tox': 150.0, 'w_flip': 150.0, 'w_pen': 50.0}",0.30605285592497866,0.3512361466325661,0.7234153692460314,0.5493485651886968,1.0
"{'lr': 0.0003, 'gamma': 0.99, 'batch_size': 128, 'hidden_dim': 1024, 'w_tox': 150.0, 'w_flip': 200.0, 'w_pen': 25.0}",0.2796248934356351,0.3171355498721228,0.7292843850441991,0.5211168047827232,1.0
"{'lr': 0.0003, 'gamma': 0.99, 'batch_size': 128, 'hidden_dim': 1024, 'w_tox': 150.0, 'w_flip': 200.0, 'w_pen': 50.0}",0.2625745950554135,0.28815004262574595,0.7355886176542773,0.554433333930514,1.0
"{'lr': 0.0003, 'gamma': 0.99, 'batch_size': 128, 'hidden_dim': 1024, 'w_tox': 150.0, 'w_flip': 300.0, 'w_pen': 25.0}",0.29241261722080136,0.3316283034953112,0.7258019432082515,0.5665707065543119,1.0
"{'lr': 0.0003, 'gamma': 0.99, 'batch_size': 128, 'hidden_dim': 1024, 'w_tox': 150.0, 'w_flip': 300.0, 'w_pen': 50.0}",0.2608695652173913,0.2898550724637681,0.7318661221934522,0.5249343977745841,1.0
"{'lr': 0.0003, 'gamma': 0.99, 'batch_size': 128, 'hidden_dim': 1024, 'w_tox': 200.0, 'w_flip': 150.0, 'w_pen': 25.0}",0.2855924978687127,0.3213981244671782,0.7273090743152247,0.5335879149558874,1.0
"{'lr': 0.0003, 'gamma': 0.99, 'batch_size': 128, 'hidden_dim': 1024, 'w_tox': 200.0, 'w_flip': 150.0, 'w_pen': 50.0}",0.23529411764705882,0.2557544757033248,0.7533760568526323,0.537322638748748,1.0
"{'lr': 0.0003, 'gamma': 0.99, 'batch_size': 128, 'hidden_dim': 1024, 'w_tox': 200.0, 'w_flip': 200.0, 'w_pen': 25.0}",0.2804774083546462,0.3154305200341006,0.7252306768454855,0.5440686241065646,1.0
"{'lr': 0.0003, 'gamma': 0.99, 'batch_size': 128, 'hidden_dim': 1024, 'w_tox': 200.0, 'w_flip': 200.0, 'w_pen': 50.0}",0.2693947144075021,0.30008525149190113,0.732215583906953,0.5480178150646668,1.0
"{'lr': 0.0003, 'gamma': 0.99, 'batch_size': 128, 'hidden_dim': 1024, 'w_tox': 200.0, 'w_flip': 300.0, 'w_pen': 25.0}",0.27024722932651324,0.30861040068201195,0.7213619895316841,0.5388325182219292,1.0
"{'lr': 0.0003, 'gamma': 0.99, 'batch_size': 128, 'hidden_dim': 1024, 'w_tox': 200.0, 'w_flip': 300.0, 'w_pen': 50.0}",0.2728047740835465,0.31287297527706737,0.72352647081309,0.5765380574674808,1.0
"{'lr': 0.0005, 'gamma': 0.5, 'batch_size': 64, 'hidden_dim': 256, 'w_tox': 100.0, 'w_flip': 150.0, 'w_pen': 25.0}",0.3034953111679454,0.34867860187553285,0.7207777837695308,0.5926569172859335,1.0
"{'lr': 0.0005, 'gamma': 0.5, 'batch_size': 64, 'hidden_dim': 256, 'w_tox': 100.0, 'w_flip': 150.0, 'w_pen': 50.0}",0.26342710997442453,0.2915601023017903,0.7414473901667292,0.5901595527070523,1.0
"{'lr': 0.0005, 'gamma': 0.5, 'batch_size': 64, 'hidden_dim': 256, 'w_tox': 100.0, 'w_flip': 200.0, 'w_pen': 25.0}",0.29411764705882354,0.34185848252344414,0.7163965327597124,0.5702631369654243,1.0
"{'lr': 0.0005, 'gamma': 0.5, 'batch_size': 64, 'hidden_dim': 256, 'w_tox': 100.0, 'w_flip': 200.0, 'w_pen': 50.0}",0.3103154305200341,0.35208866155157714,0.7199304453498392,0.5807253490693252,1.0
"{'lr': 0.0005, 'gamma': 0.5, 'batch_size': 64, 'hidden_dim': 256, 'w_tox': 100.0, 'w_flip': 300.0, 'w_pen': 25.0}",0.28388746803069054,0.3358908780903666,0.7169546811755759,0.5484948621336724,1.0
"{'lr': 0.0005, 'gamma': 0.5, 'batch_size': 64, 'hidden_dim': 256, 'w_tox': 100.0, 'w_flip': 300.0, 'w_pen': 50.0}",0.2958226768968457,0.3452685421994885,0.7151798652678898,0.560161407710671,1.0
"{'lr': 0.0005, 'gamma': 0.5, 'batch_size': 64, 'hidden_dim': 256, 'w_tox': 150.0, 'w_flip': 150.0, 'w_pen': 25.0}",0.2710997442455243,0.29838022165387895,0.7347197645270568,0.5284664684570245,1.0
"{'lr': 0.0005, 'gamma': 0.5, 'batch_size': 64, 'hidden_dim': 256, 'w_tox': 150.0, 'w_flip': 150.0, 'w_pen': 50.0}",0.19948849104859334,0.216538789428815,0.7509153696296061,0.532997271140416,1.0
"{'lr': 0.0005, 'gamma': 0.5, 'batch_size': 64, 'hidden_dim': 256, 'w_tox': 150.0, 'w_flip': 200.0, 'w_pen': 25.0}",0.2506393861892583,0.27621483375959077,0.7470531112521126,0.616532640926107,1.0
"{'lr': 0.0005, 'gamma': 0.5, 'batch_size': 64, 'hidden_dim': 256, 'w_tox': 150.0, 'w_flip': 200.0, 'w_pen': 50.0}",0.14407502131287298,0.15430520034100598,0.7688060198417063,0.4520570035846603,1.0
"{'lr': 0.0005, 'gamma': 0.5, 'batch_size': 64, 'hidden_dim': 256, 'w_tox': 150.0, 'w_flip': 300.0, 'w_pen': 25.0}",0.26768968456947995,0.31287297527706737,0.7179441736714428,0.498330857159254,1.0
"{'lr': 0.0005, 'gamma': 0.5, 'batch_size': 64, 'hidden_dim': 256, 'w_tox': 150.0, 'w_flip': 300.0, 'w_pen': 50.0}",0.28218243819266836,0.3273657289002558,0.7165301330441946,0.5093906400315403,1.0
"{'lr': 0.0005, 'gamma': 0.5, 'batch_size': 64, 'hidden_dim': 256, 'w_tox': 200.0, 'w_flip': 150.0, 'w_pen': 25.0}",0.24893435635123615,0.2770673486786019,0.750909272215735,0.5970142387605254,1.0
"{'lr': 0.0005, 'gamma': 0.5, 'batch_size': 64, 'hidden_dim': 256, 'w_tox': 200.0, 'w_flip': 150.0, 'w_pen': 50.0}",0.30008525149190113,0.34271099744245526,0.7198501813246939,0.5368175427701366,1.0
"{'lr': 0.0005, 'gamma': 0.5, 'batch_size': 64, 'hidden_dim': 256, 'w_tox': 200.0, 'w_flip': 200.0, 'w_pen': 25.0}",0.29752770673486784,0.3452685421994885,0.7219610151704606,0.5425930408963978,1.0
"{'lr': 0.0005, 'gamma': 0.5, 'batch_size': 64, 'hidden_dim': 256, 'w_tox': 200.0, 'w_flip': 200.0, 'w_pen': 50.0}",0.2531969309462916,0.2830349531116795,0.7304173865613466,0.45300075850130606,1.0
"{'lr': 0.0005, 'gamma': 0.5, 'batch_size': 64, 'hidden_dim': 256, 'w_tox': 200.0, 'w_flip': 300.0, 'w_pen': 25.0}",0.19352088661551578,0.21398124467178176,0.7454862230163758,0.4483862589986223,1.0
"{'lr': 0.0005, 'gamma': 0.5, 'batch_size': 64, 'hidden_dim': 256, 'w_tox': 200.0, 'w_flip': 300.0, 'w_pen': 50.0}",0.2421142369991475,0.26854219948849106,0.7517236876891011,0.5673892224621846,1.0
"{'lr': 0.0005, 'gamma': 0.5, 'batch_size': 64, 'hidden_dim': 512, 'w_tox': 100.0, 'w_flip': 150.0, 'w_pen': 25.0}",0.2966751918158568,0.3213981244671782,0.7389019729862756,0.6014008210563394,1.0
"{'lr': 0.0005, 'gamma': 0.5, 'batch_size': 64, 'hidden_dim': 512, 'w_tox': 100.0, 'w_flip': 150.0, 'w_pen': 50.0}",0.289002557544757,0.32310315430520037,0.7386004001028993,0.6109196686112663,1.0
"{'lr': 0.0005, 'gamma': 0.5, 'batch_size': 64, 'hidden_dim': 512, 'w_tox': 100.0, 'w_flip': 200.0, 'w_pen': 25.0}",0.28218243819266836,0.3154305200341006,0.733506216004374,0.5855488597691281,1.0
"{'lr': 0.0005, 'gamma': 0.5, 'batch_size': 64, 'hidden_dim': 512, 'w_tox': 100.0, 'w_flip': 200.0, 'w_pen': 50.0}",0.2804774083546462,0.3154305200341006,0.7265582302121325,0.5606636405475459,1.0
"{'lr': 0.0005, 'gamma': 0.5, 'batch_size': 64, 'hidden_dim': 512, 'w_tox': 100.0, 'w_flip': 300.0, 'w_pen': 25.0}",0.26342710997442453,0.2898550724637681,0.7424123755332049,0.5648446797714073,1.0
"{'lr': 0.0005, 'gamma': 0.5, 'batch_size': 64, 'hidden_dim': 512, 'w_tox': 100.0, 'w_flip': 300.0, 'w_pen': 50.0}",0.28815004262574595,0.3188405797101449,0.7285286799172729,0.5778713666962242,1.0
"{'lr': 0.0005, 'gamma': 0.5, 'batch_size': 64, 'hidden_dim': 512, 'w_tox': 150.0, 'w_flip': 150.0, 'w_pen': 25.0}",0.30008525149190113,0.3333333333333333,0.7292527916959247,0.5791370013937299,1.0
"{'lr': 0.0005, 'gamma': 0.5, 'batch_size': 64, 'hidden_dim': 512, 'w_tox': 150.0, 'w_flip': 150.0, 'w_pen': 50.0}",0.2932651321398124,0.33248081841432225,0.7251173337849857,0.5848429457145738,1.0
"{'lr': 0.0005, 'gamma': 0.5, 'batch_size': 64, 'hidden_dim': 512, 'w_tox': 150.0, 'w_flip': 200.0, 'w_pen': 25.0}",0.2864450127877238,0.3256606990622336,0.7234495824533183,0.5383272767713099,1.0
"{'lr': 0.0005, 'gamma': 0.5, 'batch_size': 64, 'hidden_dim': 512, 'w_tox': 150.0, 'w_flip': 200.0, 'w_pen': 50.0}",0.2898550724637681,0.33674339300937767,0.7190610408539166,0.512455931742924,1.0
"{'lr': 0.0005, 'gamma': 0.5, 'batch_size': 64, 'hidden_dim': 512, 'w_tox': 150.0, 'w_flip': 300.0, 'w_pen': 25.0}",0.28218243819266836,0.3069053708439898,0.7446133837254544,0.5593526758253913,1.0
"{'lr': 0.0005, 'gamma': 0.5, 'batch_size': 64, 'hidden_dim': 512, 'w_tox': 150.0, 'w_flip': 300.0, 'w_pen': 50.0}",0.29838022165387895,0.329923273657289,0.735453282614603,0.5595822008092466,1.0
"{'lr': 0.0005, 'gamma': 0.5, 'batch_size': 64, 'hidden_dim': 512, 'w_tox': 200.0, 'w_flip': 150.0, 'w_pen': 25.0}",0.30264279624893436,0.3410059676044331,0.7288408542893845,0.5961876332075398,1.0
"{'lr': 0.0005, 'gamma': 0.5, 'batch_size': 64, 'hidden_dim': 512, 'w_tox': 200.0, 'w_flip': 150.0, 'w_pen': 50.0}",0.2813299232736573,0.3290707587382779,0.7204369463563612,0.5644714039193828,1.0
"{'lr': 0.0005, 'gamma': 0.5, 'batch_size': 64, 'hidden_dim': 512, 'w_tox': 200.0, 'w_flip': 200.0, 'w_pen': 25.0}",0.27877237851662406,0.3145780051150895,0.7245397235399406,0.5553018861594535,1.0
"{'lr': 0.0005, 'gamma': 0.5, 'batch_size': 64, 'hidden_dim': 512, 'w_tox': 200.0, 'w_flip': 200.0, 'w_pen': 50.0}",0.3009377664109122,0.3393009377664109,0.7287214477852694,0.5591432437567493,1.0
"{'lr': 0.0005, 'gamma': 0.5, 'batch_size': 64, 'hidden_dim': 512, 'w_tox': 200.0, 'w_flip': 300.0, 'w_pen': 25.0}",0.28218243819266836,0.319693094629156,0.721328150794183,0.5702824212505152,1.0
"{'lr': 0.0005, 'gamma': 0.5, 'batch_size': 64, 'hidden_dim': 512, 'w_tox': 200.0, 'w_flip': 300.0, 'w_pen': 50.0}",0.2949701619778346,0.3435635123614663,0.7205079775151924,0.5468150914569377,1.0
"{'lr': 0.0005, 'gamma': 0.5, 'batch_size': 64, 'hidden_dim': 1024, 'w_tox': 100.0, 'w_flip': 150.0, 'w_pen': 25.0}",0.24296675191815856,0.2659846547314578,0.7494367654962051,0.5881212499478604,1.0
"{'lr': 0.0005, 'gamma': 0.5, 'batch_size': 64, 'hidden_dim': 1024, 'w_tox': 100.0, 'w_flip': 150.0, 'w_pen': 50.0}",0.30861040068201195,0.34185848252344414,0.7352797701885317,0.5719168428895403,1.0
"{'lr': 0.0005, 'gamma': 0.5, 'batch_size': 64, 'hidden_dim': 1024, 'w_tox': 100.0, 'w_flip': 200.0, 'w_pen': 25.0}",0.29411764705882354,0.3333333333333333,0.7265287786619198,0.5627924211382566,1.0
"{'lr': 0.0005, 'gamma': 0.5, 'batch_size': 64, 'hidden_dim': 1024, 'w_tox': 100.0, 'w_flip': 200.0, 'w_pen': 50.0}",0.2932651321398124,0.31798806479113384,0.7342268647436456,0.5920689377622048,1.0
"{'lr': 0.0005, 'gamma': 0.5, 'batch_size': 64, 'hidden_dim': 1024, 'w_tox': 100.0, 'w_flip': 300.0, 'w_pen': 25.0}",0.2753623188405797,0.3103154305200341,0.729250413761033,0.5653963159723772,1.0
"{'lr': 0.0005, 'gamma': 0.5, 'batch_size': 64, 'hidden_dim': 1024, 'w_tox': 100.0, 'w_flip': 300.0, 'w_pen': 50.0}",0.2710997442455243,0.3009377664109122,0.7375638008892735,0.562152371382631,1.0
"{'lr': 0.0005, 'gamma': 0.5, 'batch_size': 64, 'hidden_dim': 1024, 'w_tox': 150.0, 'w_flip': 150.0, 'w_pen': 25.0}",0.28388746803069054,0.31287297527706737,0.7417992872279185,0.5757795976746106,1.0
"{'lr': 0.0005, 'gamma': 0.5, 'batch_size': 64, 'hidden_dim': 1024, 'w_tox': 150.0, 'w_flip': 150.0, 'w_pen': 50.0}",0.309462915601023,0.3512361466325661,0.7231536527573955,0.5743525199854793,1.0
"{'lr': 0.0005, 'gamma': 0.5, 'batch_size': 64, 'hidden_dim': 1024, 'w_tox': 150.0, 'w_flip': 200.0, 'w_pen': 25.0}",0.29411764705882354,0.32395566922421143,0.7345781155209965,0.5965058901598143,1.0
"{'lr': 0.0005, 'gamma': 0.5, 'batch_size': 64, 'hidden_dim': 1024, 'w_tox': 150.0, 'w_flip': 200.0, 'w_pen': 50.0}",0.2830349531116795,0.32310315430520037,0.7314784880611217,0.5635825479336595,1.0
"{'lr': 0.0005, 'gamma': 0.5, 'batch_size': 64, 'hidden_dim': 1024, 'w_tox': 150.0, 'w_flip': 300.0, 'w_pen': 25.0}",0.2770673486786019,0.31798806479113384,0.7218571731573542,0.5588942052942195,1.0
"{'lr': 0.0005, 'gamma': 0.5, 'batch_size': 64, 'hidden_dim': 1024, 'w_tox': 150.0, 'w_flip': 300.0, 'w_pen': 50.0}",0.2310315430520034,0.2506393861892583,0.7599627879126353,0.573067431945819,1.0
"{'lr': 0.0005, 'gamma': 0.5, 'batch_size': 64, 'hidden_dim': 1024, 'w_tox': 200.0, 'w_flip': 150.0, 'w_pen': 25.0}",0.2361466325660699,0.2557544757033248,0.7539567430716291,0.5839498716979391,1.0
"{'lr': 0.0005, 'gamma': 0.5, 'batch_size': 64, 'hidden_dim': 1024, 'w_tox': 200.0, 'w_flip': 150.0, 'w_pen': 50.0}",0.2855924978687127,0.32310315430520037,0.7223958848957199,0.5758306423872296,1.0
"{'lr': 0.0005, 'gamma': 0.5, 'batch_size': 64, 'hidden_dim': 1024, 'w_tox': 200.0, 'w_flip': 200.0, 'w_pen': 25.0}",0.3213981244671782,0.3537936913895993,0.7373482200293758,0.57289148422174,1.0
"{'lr': 0.0005, 'gamma': 0.5, 'batch_size': 64, 'hidden_dim': 1024, 'w_tox': 200.0, 'w_flip': 200.0, 'w_pen': 50.0}",0.30434782608695654,0.34441602728047743,0.7220479900327689,0.5774088709164469,1.0
"{'lr': 0.0005, 'gamma': 0.5, 'batch_size': 64, 'hidden_dim': 1024, 'w_tox': 200.0, 'w_flip': 300.0, 'w_pen': 25.0}",0.2872975277067349,0.329923273657289,0.7211054550233624,0.5409410260050581,1.0
"{'lr': 0.0005, 'gamma': 0.5, 'batch_size': 64, 'hidden_dim': 1024, 'w_tox': 200.0, 'w_flip': 300.0, 'w_pen': 50.0}",0.289002557544757,0.32651321398124467,0.728673936454538,0.5629235655906993,1.0
"{'lr': 0.0005, 'gamma': 0.5, 'batch_size': 128, 'hidden_dim': 256, 'w_tox': 100.0, 'w_flip': 150.0, 'w_pen': 25.0}",0.2958226768968457,0.3273657289002558,0.7276553768351418,0.5701288612347639,1.0
"{'lr': 0.0005, 'gamma': 0.5, 'batch_size': 128, 'hidden_dim': 256, 'w_tox': 100.0, 'w_flip': 150.0, 'w_pen': 50.0}",0.2813299232736573,0.3171355498721228,0.7229772731260234,0.5488586808334373,1.0
"{'lr': 0.0005, 'gamma': 0.5, 'batch_size': 128, 'hidden_dim': 256, 'w_tox': 100.0, 'w_flip': 200.0, 'w_pen': 25.0}",0.30861040068201195,0.3512361466325661,0.7229859210618311,0.5764364459484815,1.0
"{'lr': 0.0005, 'gamma': 0.5, 'batch_size': 128, 'hidden_dim': 256, 'w_tox': 100.0, 'w_flip': 200.0, 'w_pen': 50.0}",0.27791986359761295,0.31628303495311166,0.7247249558524013,0.5647430183135108,1.0
"{'lr': 0.0005, 'gamma': 0.5, 'batch_size': 128, 'hidden_dim': 256, 'w_tox': 100.0, 'w_flip': 300.0, 'w_pen': 25.0}",0.21483375959079284,0.23529411764705882,0.7439119585834796,0.5357808805279164,1.0
"{'lr': 0.0005, 'gamma': 0.5, 'batch_size': 128, 'hidden_dim': 256, 'w_tox': 100.0, 'w_flip': 300.0, 'w_pen': 50.0}",0.3009377664109122,0.34612105711849955,0.7177677627697173,0.5388510089399149,1.0
"{'lr': 0.0005, 'gamma': 0.5, 'batch_size': 128, 'hidden_dim': 256, 'w_tox': 150.0, 'w_flip': 150.0, 'w_pen': 25.0}",0.24808184143222506,0.27450980392156865,0.7483954350256158,0.607676602002835,1.0
"{'lr': 0.0005, 'gamma': 0.5, 'batch_size': 128, 'hidden_dim': 256, 'w_tox': 150.0, 'w_flip': 150.0, 'w_pen': 50.0}",0.2855924978687127,0.31798806479113384,0.7345870468728101,0.5895834067228782,1.0
"{'lr': 0.0005, 'gamma': 0.5, 'batch_size': 128, 'hidden_dim': 256, 'w_tox': 150.0, 'w_flip': 200.0, 'w_pen': 25.0}",0.29838022165387895,0.33674339300937767,0.7209141583381857,0.5566699217099592,1.0
"{'lr': 0.0005, 'gamma': 0.5, 'batch_size': 128, 'hidden_dim': 256, 'w_tox': 150.0, 'w_flip': 200.0, 'w_pen': 50.0}",0.2872975277067349,0.32310315430520037,0.7294511374698271,0.5599241927439994,1.0
"{'lr': 0.0005, 'gamma': 0.5, 'batch_size': 128, 'hidden_dim': 256, 'w_tox': 150.0, 'w_flip': 300.0, 'w_pen': 25.0}",0.2813299232736573,0.3154305200341006,0.7245013264638951,0.5262631496629051,1.0
"{'lr': 0.0005, 'gamma': 0.5, 'batch_size': 128, 'hidden_dim': 256, 'w_tox': 150.0, 'w_flip': 300.0, 'w_pen': 50.0}",0.28218243819266836,0.32225063938618925,0.725739870078099,0.5387556553237715,1.0
"{'lr': 0.0005, 'gamma': 0.5, 'batch_size': 128, 'hidden_dim': 256, 'w_tox': 200.0, 'w_flip': 150.0, 'w_pen': 25.0}",0.27621483375959077,0.3145780051150895,0.7304563724522063,0.5679529979071862,1.0
"{'lr': 0.0005, 'gamma': 0.5, 'batch_size': 128, 'hidden_dim': 256, 'w_tox': 200.0, 'w_flip': 150.0, 'w_pen': 50.0}",0.28815004262574595,0.32395566922421143,0.7283657572977871,0.5863578894686194,1.0
"{'lr': 0.0005, 'gamma': 0.5, 'batch_size': 128, 'hidden_dim': 256, 'w_tox': 200.0, 'w_flip': 200.0, 'w_pen': 25.0}",0.30434782608695654,0.34867860187553285,0.7228815127187724,0.5771034421951815,1.0
"{'lr': 0.0005, 'gamma': 0.5, 'batch_size': 128, 'hidden_dim': 256, 'w_tox': 200.0, 'w_flip': 200.0, 'w_pen': 50.0}",0.24381926683716965,0.2608695652173913,0.7610526137305591,0.5933846537363331,1.0
"{'lr': 0.0005, 'gamma': 0.5, 'batch_size': 128, 'hidden_dim': 256, 'w_tox': 200.0, 'w_flip': 300.0, 'w_pen': 25.0}",0.27024722932651324,0.29752770673486784,0.7315437723325119,0.5507496274463205,1.0
"{'lr': 0.0005, 'gamma': 0.5, 'batch_size': 128, 'hidden_dim': 256, 'w_tox': 200.0, 'w_flip': 300.0, 'w_pen': 50.0}",0.2259164535379369,0.2549019607843137,0.7272337752158524,0.48435058582473123,1.0
"{'lr': 0.0005, 'gamma': 0.5, 'batch_size': 128, 'hidden_dim': 512, 'w_tox': 100.0, 'w_flip': 150.0, 'w_pen': 25.0}",0.24722932651321397,0.27195225916453536,0.7422340130024139,0.5724780375365743,1.0
"{'lr': 0.0005, 'gamma': 0.5, 'batch_size': 128, 'hidden_dim': 512, 'w_tox': 100.0, 'w_flip': 150.0, 'w_pen': 50.0}",0.28815004262574595,0.3069053708439898,0.740661524782507,0.6004774185410374,1.0
"{'lr': 0.0005, 'gamma': 0.5, 'batch_size': 128, 'hidden_dim': 512, 'w_tox': 100.0, 'w_flip': 200.0, 'w_pen': 25.0}",0.2872975277067349,0.3145780051150895,0.7365226681398621,0.5595470625034473,1.0
"{'lr': 0.0005, 'gamma': 0.5, 'batch_size': 128, 'hidden_dim': 512, 'w_tox': 100.0, 'w_flip': 200.0, 'w_pen': 50.0}",0.23529411764705882,0.2566069906223359,0.7457295285151755,0.5392028168334653,1.0
"{'lr': 0.0005, 'gamma': 0.5, 'batch_size': 128, 'hidden_dim': 512, 'w_tox': 100.0, 'w_flip': 300.0, 'w_pen': 25.0}",0.2855924978687127,0.32310315430520037,0.7331250564891035,0.5633686300679954,1.0
"{'lr': 0.0005, 'gamma': 0.5, 'batch_size': 128, 'hidden_dim': 512, 'w_tox': 100.0, 'w_flip': 300.0, 'w_pen': 50.0}",0.2932651321398124,0.329923273657289,0.7266895233554043,0.5550144100058665,1.0
"{'lr': 0.0005, 'gamma': 0.5, 'batch_size': 128, 'hidden_dim': 512, 'w_tox': 150.0, 'w_flip': 150.0, 'w_pen': 25.0}",0.30605285592497866,0.340153452685422,0.7298033210855623,0.5775183642610516,1.0
"{'lr': 0.0005, 'gamma': 0.5, 'batch_size': 128, 'hidden_dim': 512, 'w_tox': 150.0, 'w_flip': 150.0, 'w_pen': 50.0}",0.2932651321398124,0.3316283034953112,0.7232374095123854,0.5710618347772876,1.0
"{'lr': 0.0005, 'gamma': 0.5, 'batch_size': 128, 'hidden_dim': 512, 'w_tox': 150.0, 'w_flip': 200.0, 'w_pen': 25.0}",0.289002557544757,0.32225063938618925,0.7365697557610446,0.5672741040970736,1.0
"{'lr': 0.0005, 'gamma': 0.5, 'batch_size': 128, 'hidden_dim': 512, 'w_tox': 150.0, 'w_flip': 200.0, 'w_pen': 50.0}",0.30605285592497866,0.3452685421994885,0.7319762234407038,0.5833226080577102,1.0
"{'lr': 0.0005, 'gamma': 0.5, 'batch_size': 128, 'hidden_dim': 512, 'w_tox': 150.0, 'w_flip': 300.0, 'w_pen': 25.0}",0.2557544757033248,0.28815004262574595,0.7382454842166761,0.578036526703615,1.0
"{'lr': 0.0005, 'gamma': 0.5, 'batch_size': 128, 'hidden_dim': 512, 'w_tox': 150.0, 'w_flip': 300.0, 'w_pen': 50.0}",0.30179028132992325,0.33844842284739984,0.7315197577759508,0.5810569145086993,1.0
"{'lr': 0.0005, 'gamma': 0.5, 'batch_size': 128, 'hidden_dim': 512, 'w_tox': 200.0, 'w_flip': 150.0, 'w_pen': 25.0}",0.30434782608695654,0.34697357203751067,0.7275622684425245,0.5678219521424513,1.0
"{'lr': 0.0005, 'gamma': 0.5, 'batch_size': 128, 'hidden_dim': 512, 'w_tox': 200.0, 'w_flip': 150.0, 'w_pen': 50.0}",0.2549019607843137,0.2855924978687127,0.7450528164590118,0.585861934901449,1.0
"{'lr': 0.0005, 'gamma': 0.5, 'batch_size': 128, 'hidden_dim': 512, 'w_tox': 200.0, 'w_flip': 200.0, 'w_pen': 25.0}",0.2506393861892583,0.27195225916453536,0.7482234600752856,0.5752166792793402,1.0
"{'lr': 0.0005, 'gamma': 0.5, 'batch_size': 128, 'hidden_dim': 512, 'w_tox': 200.0, 'w_flip': 200.0, 'w_pen': 50.0}",0.26427962489343565,0.2932651321398124,0.7329891941620182,0.5671184422116355,1.0
"{'lr': 0.0005, 'gamma': 0.5, 'batch_size': 128, 'hidden_dim': 512, 'w_tox': 200.0, 'w_flip': 300.0, 'w_pen': 25.0}",0.28815004262574595,0.329923273657289,0.7238656317780292,0.552152738191607,1.0
"{'lr': 0.0005, 'gamma': 0.5, 'batch_size': 128, 'hidden_dim': 512, 'w_tox': 200.0, 'w_flip': 300.0, 'w_pen': 50.0}",0.2463768115942029,0.2668371696504689,0.7535567876452145,0.5593496200863041,1.0
"{'lr': 0.0005, 'gamma': 0.5, 'batch_size': 128, 'hidden_dim': 1024, 'w_tox': 100.0, 'w_flip': 150.0, 'w_pen': 25.0}",0.28218243819266836,0.3111679454390452,0.7372897835249336,0.5719253680315222,1.0
"{'lr': 0.0005, 'gamma': 0.5, 'batch_size': 128, 'hidden_dim': 1024, 'w_tox': 100.0, 'w_flip': 150.0, 'w_pen': 50.0}",0.31287297527706737,0.3393009377664109,0.740148944654247,0.5942039296392717,1.0
"{'lr': 0.0005, 'gamma': 0.5, 'batch_size': 128, 'hidden_dim': 1024, 'w_tox': 100.0, 'w_flip': 200.0, 'w_pen': 25.0}",0.2907075873827792,0.3205456095481671,0.7338613855324312,0.5548860777938759,1.0
"{'lr': 0.0005, 'gamma': 0.5, 'batch_size': 128, 'hidden_dim': 1024, 'w_tox': 100.0, 'w_flip': 200.0, 'w_pen': 50.0}",0.257459505541347,0.2864450127877238,0.735192123879168,0.5648907648858993,1.0
"{'lr': 0.0005, 'gamma': 0.5, 'batch_size': 128, 'hidden_dim': 1024, 'w_tox': 100.0, 'w_flip': 300.0, 'w_pen': 25.0}",0.2796248934356351,0.30605285592497866,0.732323749577332,0.5468425784346751,1.0
"{'lr': 0.0005, 'gamma': 0.5, 'batch_size': 128, 'hidden_dim': 1024, 'w_tox': 100.0, 'w_flip': 300.0, 'w_pen': 50.0}",0.24808184143222506,0.2710997442455243,0.7388841463236118,0.5709469972406265,1.0
"{'lr': 0.0005, 'gamma': 0.5, 'batch_size': 128, 'hidden_dim': 1024, 'w_tox': 150.0, 'w_flip': 150.0, 'w_pen': 25.0}",0.2907075873827792,0.31798806479113384,0.7410027792058946,0.5773716013337472,1.0
"{'lr': 0.0005, 'gamma': 0.5, 'batch_size': 128, 'hidden_dim': 1024, 'w_tox': 150.0, 'w_flip': 150.0, 'w_pen': 50.0}",0.30434782608695654,0.34271099744245526,0.7258212410436653,0.5869219559960287,1.0
"{'lr': 0.0005, 'gamma': 0.5, 'batch_size': 128, 'hidden_dim': 1024, 'w_tox': 150.0, 'w_flip': 200.0, 'w_pen': 25.0}",0.21994884910485935,0.23870417732310314,0.7516808745916602,0.5680550003835716,1.0
"{'lr': 0.0005, 'gamma': 0.5, 'batch_size': 128, 'hidden_dim': 1024, 'w_tox': 150.0, 'w_flip': 200.0, 'w_pen': 50.0}",0.2958226768968457,0.3375959079283887,0.7227352456132677,0.5672195356191596,1.0
"{'lr': 0.0005, 'gamma': 0.5, 'batch_size': 128, 'hidden_dim': 1024, 'w_tox': 150.0, 'w_flip': 300.0, 'w_pen': 25.0}",0.27621483375959077,0.30861040068201195,0.7335508832321709,0.5503671036073946,1.0
"{'lr': 0.0005, 'gamma': 0.5, 'batch_size': 128, 'hidden_dim': 1024, 'w_tox': 150.0, 'w_flip': 300.0, 'w_pen': 50.0}",0.2693947144075021,0.2932651321398124,0.7454719990536137,0.5839382394514963,1.0
"{'lr': 0.0005, 'gamma': 0.5, 'batch_size': 128, 'hidden_dim': 1024, 'w_tox': 200.0, 'w_flip': 150.0, 'w_pen': 25.0}",0.2728047740835465,0.29838022165387895,0.7480941067196633,0.5839227249518593,1.0
"{'lr': 0.0005, 'gamma': 0.5, 'batch_size': 128, 'hidden_dim': 1024, 'w_tox': 200.0, 'w_flip': 150.0, 'w_pen': 50.0}",0.2958226768968457,0.3256606990622336,0.7408840702221977,0.5782050865528056,1.0
"{'lr': 0.0005, 'gamma': 0.5, 'batch_size': 128, 'hidden_dim': 1024, 'w_tox': 200.0, 'w_flip': 200.0, 'w_pen': 25.0}",0.2915601023017903,0.32225063938618925,0.7296777206178144,0.5685241042534044,1.0
"{'lr': 0.0005, 'gamma': 0.5, 'batch_size': 128, 'hidden_dim': 1024, 'w_tox': 200.0, 'w_flip': 200.0, 'w_pen': 50.0}",0.29411764705882354,0.3316283034953112,0.7231244771496247,0.5896216240957572,1.0
"{'lr': 0.0005, 'gamma': 0.5, 'batch_size': 128, 'hidden_dim': 1024, 'w_tox': 200.0, 'w_flip': 300.0, 'w_pen': 25.0}",0.3111679454390452,0.35635123614663256,0.7181566059267183,0.5669607090792722,1.0
"{'lr': 0.0005, 'gamma': 0.5, 'batch_size': 128, 'hidden_dim': 1024, 'w_tox': 200.0, 'w_flip': 300.0, 'w_pen': 50.0}",0.2813299232736573,0.30861040068201195,0.7407991103601861,0.5649406600563758,1.0
"{'lr': 0.0005, 'gamma': 0.9, 'batch_size': 64, 'hidden_dim': 256, 'w_tox': 100.0, 'w_flip': 150.0, 'w_pen': 25.0}",0.27877237851662406,0.31202046035805625,0.7206809084142767,0.5390241883488746,1.0
"{'lr': 0.0005, 'gamma': 0.9, 'batch_size': 64, 'hidden_dim': 256, 'w_tox': 100.0, 'w_flip': 150.0, 'w_pen': 50.0}",0.23870417732310314,0.257459505541347,0.7588114639054734,0.5933123671535843,1.0
"{'lr': 0.0005, 'gamma': 0.9, 'batch_size': 64, 'hidden_dim': 256, 'w_tox': 100.0, 'w_flip': 200.0, 'w_pen': 25.0}",0.27365728900255754,0.3069053708439898,0.7263928740915961,0.5579970100325499,1.0
"{'lr': 0.0005, 'gamma': 0.9, 'batch_size': 64, 'hidden_dim': 256, 'w_tox': 100.0, 'w_flip': 200.0, 'w_pen': 50.0}",0.2847399829497016,0.3307757885763001,0.7292120917734517,0.5467405275021325,1.0
"{'lr': 0.0005, 'gamma': 0.9, 'batch_size': 64, 'hidden_dim': 256, 'w_tox': 100.0, 'w_flip': 300.0, 'w_pen': 25.0}",0.28815004262574595,0.33418584825234443,0.7174100716570248,0.5420293556086887,1.0
"{'lr': 0.0005, 'gamma': 0.9, 'batch_size': 64, 'hidden_dim': 256, 'w_tox': 100.0, 'w_flip': 300.0, 'w_pen': 50.0}",0.3188405797101449,0.3657289002557545,0.7256886420235068,0.5857200246300258,1.0
"{'lr': 0.0005, 'gamma': 0.9, 'batch_size': 64, 'hidden_dim': 256, 'w_tox': 150.0, 'w_flip': 150.0, 'w_pen': 25.0}",0.27791986359761295,0.32310315430520037,0.7190431535202234,0.5660936998409137,1.0
"{'lr': 0.0005, 'gamma': 0.9, 'batch_size': 64, 'hidden_dim': 256, 'w_tox': 150.0, 'w_flip': 150.0, 'w_pen': 50.0}",0.23870417732310314,0.2668371696504689,0.7431038508167637,0.5696130130930304,1.0
"{'lr': 0.0005, 'gamma': 0.9, 'batch_size': 64, 'hidden_dim': 256, 'w_tox': 150.0, 'w_flip': 200.0, 'w_pen': 25.0}",0.23273657289002558,0.2531969309462916,0.7540411852083629,0.5868760103993208,1.0
"{'lr': 0.0005, 'gamma': 0.9, 'batch_size': 64, 'hidden_dim': 256, 'w_tox': 150.0, 'w_flip': 200.0, 'w_pen': 50.0}",0.1628303495311168,0.17220801364023872,0.7650563724902343,0.47484375398999545,1.0
"{'lr': 0.0005, 'gamma': 0.9, 'batch_size': 64, 'hidden_dim': 256, 'w_tox': 150.0, 'w_flip': 300.0, 'w_pen': 25.0}",0.2847399829497016,0.3333333333333333,0.7198929298860326,0.5412010964234495,1.0
"{'lr': 0.0005, 'gamma': 0.9, 'batch_size': 64, 'hidden_dim': 256, 'w_tox': 150.0, 'w_flip': 300.0, 'w_pen': 50.0}",0.2966751918158568,0.34441602728047743,0.7129210492606922,0.5642062334235874,1.0
"{'lr': 0.0005, 'gamma': 0.9, 'batch_size': 64, 'hidden_dim': 256, 'w_tox': 200.0, 'w_flip': 150.0, 'w_pen': 25.0}",0.23017902813299232,0.24381926683716965,0.7595290312805563,0.5603823047887734,1.0
"{'lr': 0.0005, 'gamma': 0.9, 'batch_size': 64, 'hidden_dim': 256, 'w_tox': 200.0, 'w_flip': 150.0, 'w_pen': 50.0}",0.3111679454390452,0.35294117647058826,0.7202813450043865,0.5674526943843949,1.0
"{'lr': 0.0005, 'gamma': 0.9, 'batch_size': 64, 'hidden_dim': 256, 'w_tox': 200.0, 'w_flip': 200.0, 'w_pen': 25.0}",0.2728047740835465,0.31287297527706737,0.7253751764172915,0.5279075988933575,1.0
"{'lr': 0.0005, 'gamma': 0.9, 'batch_size': 64, 'hidden_dim': 256, 'w_tox': 200.0, 'w_flip': 200.0, 'w_pen': 50.0}",0.2710997442455243,0.3111679454390452,0.7238116749624903,0.49193356478048894,1.0
"{'lr': 0.0005, 'gamma': 0.9, 'batch_size': 64, 'hidden_dim': 256, 'w_tox': 200.0, 'w_flip': 300.0, 'w_pen': 25.0}",0.2804774083546462,0.32651321398124467,0.7150305260915533,0.5219698253848051,1.0
"{'lr': 0.0005, 'gamma': 0.9, 'batch_size': 64, 'hidden_dim': 256, 'w_tox': 200.0, 'w_flip': 300.0, 'w_pen': 50.0}",0.257459505541347,0.2872975277067349,0.7422685212300659,0.5770720063552877,1.0
"{'lr': 0.0005, 'gamma': 0.9, 'batch_size': 64, 'hidden_dim': 512, 'w_tox': 100.0, 'w_flip': 150.0, 'w_pen': 25.0}",0.32821824381926684,0.37254901960784315,0.7288099532111884,0.5829879863760553,1.0
"{'lr': 0.0005, 'gamma': 0.9, 'batch_size': 64, 'hidden_dim': 512, 'w_tox': 100.0, 'w_flip': 150.0, 'w_pen': 50.0}",0.2915601023017903,0.3290707587382779,0.7275013059937376,0.6181170441291692,1.0
"{'lr': 0.0005, 'gamma': 0.9, 'batch_size': 64, 'hidden_dim': 512, 'w_tox': 100.0, 'w_flip': 200.0, 'w_pen': 25.0}",0.2659846547314578,0.29838022165387895,0.7332511930582479,0.5895749348345148,1.0
"{'lr': 0.0005, 'gamma': 0.9, 'batch_size': 64, 'hidden_dim': 512, 'w_tox': 100.0, 'w_flip': 200.0, 'w_pen': 50.0}",0.28388746803069054,0.31628303495311166,0.7346558969311792,0.5469196917459643,1.0
"{'lr': 0.0005, 'gamma': 0.9, 'batch_size': 64, 'hidden_dim': 512, 'w_tox': 100.0, 'w_flip': 300.0, 'w_pen': 25.0}",0.309462915601023,0.34867860187553285,0.7318220802676952,0.5983260314871064,1.0
"{'lr': 0.0005, 'gamma': 0.9, 'batch_size': 64, 'hidden_dim': 512, 'w_tox': 100.0, 'w_flip': 300.0, 'w_pen': 50.0}",0.28218243819266836,0.3213981244671782,0.7226825487759314,0.5203020963957175,1.0
"{'lr': 0.0005, 'gamma': 0.9, 'batch_size': 64, 'hidden_dim': 512, 'w_tox': 150.0, 'w_flip': 150.0, 'w_pen': 25.0}",0.289002557544757,0.3256606990622336,0.7273490737180928,0.5886840407515428,1.0
"{'lr': 0.0005, 'gamma': 0.9, 'batch_size': 64, 'hidden_dim': 512, 'w_tox': 150.0, 'w_flip': 150.0, 'w_pen': 50.0}",0.27877237851662406,0.30179028132992325,0.7379286216774241,0.5279983358232905,1.0
"{'lr': 0.0005, 'gamma': 0.9, 'batch_size': 64, 'hidden_dim': 512, 'w_tox': 150.0, 'w_flip': 200.0, 'w_pen': 25.0}",0.3145780051150895,0.3589087809036658,0.7265320471304211,0.582163395884118,1.0
"{'lr': 0.0005, 'gamma': 0.9, 'batch_size': 64, 'hidden_dim': 512, 'w_tox': 150.0, 'w_flip': 200.0, 'w_pen': 50.0}",0.2898550724637681,0.3316283034953112,0.7241604354915985,0.5428091780623222,1.0
"{'lr': 0.0005, 'gamma': 0.9, 'batch_size': 64, 'hidden_dim': 512, 'w_tox': 150.0, 'w_flip': 300.0, 'w_pen': 25.0}",0.27365728900255754,0.3111679454390452,0.7242226047140805,0.5614456136264957,1.0
"{'lr': 0.0005, 'gamma': 0.9, 'batch_size': 64, 'hidden_dim': 512, 'w_tox': 150.0, 'w_flip': 300.0, 'w_pen': 50.0}",0.29923273657289,0.3333333333333333,0.7261155529870065,0.5688296797303498,1.0
"{'lr': 0.0005, 'gamma': 0.9, 'batch_size': 64, 'hidden_dim': 512, 'w_tox': 200.0, 'w_flip': 150.0, 'w_pen': 25.0}",0.27195225916453536,0.309462915601023,0.7280878149835408,0.5724700048149405,1.0
"{'lr': 0.0005, 'gamma': 0.9, 'batch_size': 64, 'hidden_dim': 512, 'w_tox': 200.0, 'w_flip': 150.0, 'w_pen': 50.0}",0.2804774083546462,0.3171355498721228,0.7280662906439943,0.552978434989599,1.0
"{'lr': 0.0005, 'gamma': 0.9, 'batch_size': 64, 'hidden_dim': 512, 'w_tox': 200.0, 'w_flip': 200.0, 'w_pen': 25.0}",0.29752770673486784,0.340153452685422,0.727651650129723,0.5862689946690266,1.0
"{'lr': 0.0005, 'gamma': 0.9, 'batch_size': 64, 'hidden_dim': 512, 'w_tox': 200.0, 'w_flip': 200.0, 'w_pen': 50.0}",0.309462915601023,0.34612105711849955,0.7278428349376143,0.554490566276255,1.0
"{'lr': 0.0005, 'gamma': 0.9, 'batch_size': 64, 'hidden_dim': 512, 'w_tox': 200.0, 'w_flip': 300.0, 'w_pen': 25.0}",0.2753623188405797,0.309462915601023,0.7221282333022824,0.5720795491354052,1.0
"{'lr': 0.0005, 'gamma': 0.9, 'batch_size': 64, 'hidden_dim': 512, 'w_tox': 200.0, 'w_flip': 300.0, 'w_pen': 50.0}",0.2796248934356351,0.3137254901960784,0.7319862840752537,0.5584849674721556,1.0
"{'lr': 0.0005, 'gamma': 0.9, 'batch_size': 64, 'hidden_dim': 1024, 'w_tox': 100.0, 'w_flip': 150.0, 'w_pen': 25.0}",0.27450980392156865,0.30264279624893436,0.7358868249778034,0.6087798183048744,1.0
"{'lr': 0.0005, 'gamma': 0.9, 'batch_size': 64, 'hidden_dim': 1024, 'w_tox': 100.0, 'w_flip': 150.0, 'w_pen': 50.0}",0.2898550724637681,0.32395566922421143,0.7315294289862683,0.5896073370006536,1.0
"{'lr': 0.0005, 'gamma': 0.9, 'batch_size': 64, 'hidden_dim': 1024, 'w_tox': 100.0, 'w_flip': 200.0, 'w_pen': 25.0}",0.289002557544757,0.3213981244671782,0.7367409504387344,0.5892092511226287,1.0
"{'lr': 0.0005, 'gamma': 0.9, 'batch_size': 64, 'hidden_dim': 1024, 'w_tox': 100.0, 'w_flip': 200.0, 'w_pen': 50.0}",0.236999147485081,0.25234441602728047,0.7494317150426005,0.5044275258852036,1.0
"{'lr': 0.0005, 'gamma': 0.9, 'batch_size': 64, 'hidden_dim': 1024, 'w_tox': 100.0, 'w_flip': 300.0, 'w_pen': 25.0}",0.24381926683716965,0.2847399829497016,0.7228877932065545,0.548463980353048,1.0
"{'lr': 0.0005, 'gamma': 0.9, 'batch_size': 64, 'hidden_dim': 1024, 'w_tox': 100.0, 'w_flip': 300.0, 'w_pen': 50.0}",0.27450980392156865,0.31202046035805625,0.7283969699575544,0.568282636053251,1.0
"{'lr': 0.0005, 'gamma': 0.9, 'batch_size': 64, 'hidden_dim': 1024, 'w_tox': 150.0, 'w_flip': 150.0, 'w_pen': 25.0}",0.23017902813299232,0.24552429667519182,0.7517142228506548,0.5830250259599356,1.0
"{'lr': 0.0005, 'gamma': 0.9, 'batch_size': 64, 'hidden_dim': 1024, 'w_tox': 150.0, 'w_flip': 150.0, 'w_pen': 50.0}",0.2813299232736573,0.31798806479113384,0.7312024511335599,0.5952193305321195,1.0
"{'lr': 0.0005, 'gamma': 0.9, 'batch_size': 64, 'hidden_dim': 1024, 'w_tox': 150.0, 'w_flip': 200.0, 'w_pen': 25.0}",0.289002557544757,0.3171355498721228,0.7387661268077016,0.6120080481443555,1.0
"{'lr': 0.0005, 'gamma': 0.9, 'batch_size': 64, 'hidden_dim': 1024, 'w_tox': 150.0, 'w_flip': 200.0, 'w_pen': 50.0}",0.2710997442455243,0.29752770673486784,0.7384849485039828,0.5502097341794269,1.0
"{'lr': 0.0005, 'gamma': 0.9, 'batch_size': 64, 'hidden_dim': 1024, 'w_tox': 150.0, 'w_flip': 300.0, 'w_pen': 25.0}",0.2608695652173913,0.2864450127877238,0.7405480937142388,0.5366256169261823,1.0
"{'lr': 0.0005, 'gamma': 0.9, 'batch_size': 64, 'hidden_dim': 1024, 'w_tox': 150.0, 'w_flip': 300.0, 'w_pen': 50.0}",0.2549019607843137,0.2813299232736573,0.7312157375446476,0.5544887299214822,1.0
"{'lr': 0.0005, 'gamma': 0.9, 'batch_size': 64, 'hidden_dim': 1024, 'w_tox': 200.0, 'w_flip': 150.0, 'w_pen': 25.0}",0.2813299232736573,0.3171355498721228,0.7267024987649084,0.553293629733624,1.0
"{'lr': 0.0005, 'gamma': 0.9, 'batch_size': 64, 'hidden_dim': 1024, 'w_tox': 200.0, 'w_flip': 150.0, 'w_pen': 50.0}",0.2557544757033248,0.27365728900255754,0.7449496355104827,0.5503867193700389,1.0
"{'lr': 0.0005, 'gamma': 0.9, 'batch_size': 64, 'hidden_dim': 1024, 'w_tox': 200.0, 'w_flip': 200.0, 'w_pen': 25.0}",0.26342710997442453,0.30008525149190113,0.7291797293739921,0.5665082685756635,1.0
"{'lr': 0.0005, 'gamma': 0.9, 'batch_size': 64, 'hidden_dim': 1024, 'w_tox': 200.0, 'w_flip': 200.0, 'w_pen': 50.0}",0.3009377664109122,0.3316283034953112,0.7349193188707588,0.5630176085524359,1.0
"{'lr': 0.0005, 'gamma': 0.9, 'batch_size': 64, 'hidden_dim': 1024, 'w_tox': 200.0, 'w_flip': 300.0, 'w_pen': 25.0}",0.28815004262574595,0.32651321398124467,0.7230127864762439,0.5741968812168395,1.0
"{'lr': 0.0005, 'gamma': 0.9, 'batch_size': 64, 'hidden_dim': 1024, 'w_tox': 200.0, 'w_flip': 300.0, 'w_pen': 50.0}",0.3009377664109122,0.33844842284739984,0.7232115212243779,0.6212311231048204,1.0
"{'lr': 0.0005, 'gamma': 0.9, 'batch_size': 128, 'hidden_dim': 256, 'w_tox': 100.0, 'w_flip': 150.0, 'w_pen': 25.0}",0.27621483375959077,0.3034953111679454,0.7327560510422352,0.5460207041993331,1.0
"{'lr': 0.0005, 'gamma': 0.9, 'batch_size': 128, 'hidden_dim': 256, 'w_tox': 100.0, 'w_flip': 150.0, 'w_pen': 50.0}",0.2813299232736573,0.32821824381926684,0.7183536148930405,0.5355191358307008,1.0
"{'lr': 0.0005, 'gamma': 0.9, 'batch_size': 128, 'hidden_dim': 256, 'w_tox': 100.0, 'w_flip': 200.0, 'w_pen': 25.0}",0.2949701619778346,0.329923273657289,0.7294957090213138,0.5424050238594353,1.0
"{'lr': 0.0005, 'gamma': 0.9, 'batch_size': 128, 'hidden_dim': 256, 'w_tox': 100.0, 'w_flip': 200.0, 'w_pen': 50.0}",0.2932651321398124,0.3316283034953112,0.7297602097250179,0.596848946727015,1.0
"{'lr': 0.0005, 'gamma': 0.9, 'batch_size': 128, 'hidden_dim': 256, 'w_tox': 100.0, 'w_flip': 300.0, 'w_pen': 25.0}",0.24978687127024723,0.2830349531116795,0.7239450416388066,0.5488928478881824,1.0
"{'lr': 0.0005, 'gamma': 0.9, 'batch_size': 128, 'hidden_dim': 256, 'w_tox': 100.0, 'w_flip': 300.0, 'w_pen': 50.0}",0.2958226768968457,0.3316283034953112,0.7175423927149832,0.5444197019297025,1.0
"{'lr': 0.0005, 'gamma': 0.9, 'batch_size': 128, 'hidden_dim': 256, 'w_tox': 150.0, 'w_flip': 150.0, 'w_pen': 25.0}",0.2966751918158568,0.329923273657289,0.7258135455150155,0.5601652835321119,1.0
"{'lr': 0.0005, 'gamma': 0.9, 'batch_size': 128, 'hidden_dim': 256, 'w_tox': 150.0, 'w_flip': 150.0, 'w_pen': 50.0}",0.27024722932651324,0.31287297527706737,0.718604905450346,0.6009591350239595,1.0
"{'lr': 0.0005, 'gamma': 0.9, 'batch_size': 128, 'hidden_dim': 256, 'w_tox': 150.0, 'w_flip': 200.0, 'w_pen': 25.0}",0.2693947144075021,0.3009377664109122,0.727405667093162,0.5482566806887837,1.0
"{'lr': 0.0005, 'gamma': 0.9, 'batch_size': 128, 'hidden_dim': 256, 'w_tox': 150.0, 'w_flip': 200.0, 'w_pen': 50.0}",0.2549019607843137,0.2915601023017903,0.7317449537048125,0.5494975810833793,1.0
"{'lr': 0.0005, 'gamma': 0.9, 'batch_size': 128, 'hidden_dim': 256, 'w_tox': 150.0, 'w_flip': 300.0, 'w_pen': 25.0}",0.2728047740835465,0.3171355498721228,0.7149674874949414,0.4959030596017558,1.0
"{'lr': 0.0005, 'gamma': 0.9, 'batch_size': 128, 'hidden_dim': 256, 'w_tox': 150.0, 'w_flip': 300.0, 'w_pen': 50.0}",0.2651321398124467,0.289002557544757,0.7368938182212491,0.5662550741069358,1.0
"{'lr': 0.0005, 'gamma': 0.9, 'batch_size': 128, 'hidden_dim': 256, 'w_tox': 200.0, 'w_flip': 150.0, 'w_pen': 25.0}",0.2898550724637681,0.3375959079283887,0.7179308345498434,0.5761083723790896,1.0
"{'lr': 0.0005, 'gamma': 0.9, 'batch_size': 128, 'hidden_dim': 256, 'w_tox': 200.0, 'w_flip': 150.0, 'w_pen': 50.0}",0.2932651321398124,0.32395566922421143,0.7368496563770751,0.5693357818158142,1.0
"{'lr': 0.0005, 'gamma': 0.9, 'batch_size': 128, 'hidden_dim': 256, 'w_tox': 200.0, 'w_flip': 200.0, 'w_pen': 25.0}",0.29838022165387895,0.34271099744245526,0.7201916307688051,0.5887687712905705,1.0
"{'lr': 0.0005, 'gamma': 0.9, 'batch_size': 128, 'hidden_dim': 256, 'w_tox': 200.0, 'w_flip': 200.0, 'w_pen': 50.0}",0.3052003410059676,0.340153452685422,0.7311296573927185,0.5661196103948785,1.0
"{'lr': 0.0005, 'gamma': 0.9, 'batch_size': 128, 'hidden_dim': 256, 'w_tox': 200.0, 'w_flip': 300.0, 'w_pen': 25.0}",0.27024722932651324,0.30775788576300084,0.7250411923387102,0.5245339719650408,1.0
"{'lr': 0.0005, 'gamma': 0.9, 'batch_size': 128, 'hidden_dim': 256, 'w_tox': 200.0, 'w_flip': 300.0, 'w_pen': 50.0}",0.2318840579710145,0.257459505541347,0.7401387778096508,0.523900806153222,1.0
"{'lr': 0.0005, 'gamma': 0.9, 'batch_size': 128, 'hidden_dim': 512, 'w_tox': 100.0, 'w_flip': 150.0, 'w_pen': 25.0}",0.2668371696504689,0.3009377664109122,0.7385788166547416,0.5607624806679752,1.0
"{'lr': 0.0005, 'gamma': 0.9, 'batch_size': 128, 'hidden_dim': 512, 'w_tox': 100.0, 'w_flip': 150.0, 'w_pen': 50.0}",0.2531969309462916,0.2872975277067349,0.7336858976372376,0.5666930856549901,1.0
"{'lr': 0.0005, 'gamma': 0.9, 'batch_size': 128, 'hidden_dim': 512, 'w_tox': 100.0, 'w_flip': 200.0, 'w_pen': 25.0}",0.26342710997442453,0.28815004262574595,0.7357705475378862,0.5376895114192005,1.0
"{'lr': 0.0005, 'gamma': 0.9, 'batch_size': 128, 'hidden_dim': 512, 'w_tox': 100.0, 'w_flip': 200.0, 'w_pen': 50.0}",0.27024722932651324,0.3052003410059676,0.7355230462031873,0.5656766607556255,1.0
"{'lr': 0.0005, 'gamma': 0.9, 'batch_size': 128, 'hidden_dim': 512, 'w_tox': 100.0, 'w_flip': 300.0, 'w_pen': 25.0}",0.2796248934356351,0.3154305200341006,0.7324744188067867,0.5617435461519089,1.0
"{'lr': 0.0005, 'gamma': 0.9, 'batch_size': 128, 'hidden_dim': 512, 'w_tox': 100.0, 'w_flip': 300.0, 'w_pen': 50.0}",0.2557544757033248,0.2830349531116795,0.7342516723405427,0.5620545059247655,1.0
"{'lr': 0.0005, 'gamma': 0.9, 'batch_size': 128, 'hidden_dim': 512, 'w_tox': 150.0, 'w_flip': 150.0, 'w_pen': 25.0}",0.29838022165387895,0.32395566922421143,0.741235943787812,0.5774919938891383,1.0
"{'lr': 0.0005, 'gamma': 0.9, 'batch_size': 128, 'hidden_dim': 512, 'w_tox': 150.0, 'w_flip': 150.0, 'w_pen': 50.0}",0.2958226768968457,0.32821824381926684,0.7357817861261281,0.6036051505051074,1.0
"{'lr': 0.0005, 'gamma': 0.9, 'batch_size': 128, 'hidden_dim': 512, 'w_tox': 150.0, 'w_flip': 200.0, 'w_pen': 25.0}",0.27791986359761295,0.30605285592497866,0.7442507806634799,0.5691795458693429,1.0
"{'lr': 0.0005, 'gamma': 0.9, 'batch_size': 128, 'hidden_dim': 512, 'w_tox': 150.0, 'w_flip': 200.0, 'w_pen': 50.0}",0.31287297527706737,0.34697357203751067,0.7296808533981842,0.5833264953103369,1.0
"{'lr': 0.0005, 'gamma': 0.9, 'batch_size': 128, 'hidden_dim': 512, 'w_tox': 150.0, 'w_flip': 300.0, 'w_pen': 25.0}",0.2804774083546462,0.31287297527706737,0.7377548793889012,0.5685201775581261,1.0
"{'lr': 0.0005, 'gamma': 0.9, 'batch_size': 128, 'hidden_dim': 512, 'w_tox': 150.0, 'w_flip': 300.0, 'w_pen': 50.0}",0.30008525149190113,0.34697357203751067,0.7193714714655373,0.5596672601969672,1.0
"{'lr': 0.0005, 'gamma': 0.9, 'batch_size': 128, 'hidden_dim': 512, 'w_tox': 200.0, 'w_flip': 150.0, 'w_pen': 25.0}",0.2770673486786019,0.30264279624893436,0.7394280739952623,0.5914369493047229,1.0
"{'lr': 0.0005, 'gamma': 0.9, 'batch_size': 128, 'hidden_dim': 512, 'w_tox': 200.0, 'w_flip': 150.0, 'w_pen': 50.0}",0.21312872975277067,0.2361466325660699,0.7510043198662741,0.5382569450450422,1.0
"{'lr': 0.0005, 'gamma': 0.9, 'batch_size': 128, 'hidden_dim': 512, 'w_tox': 200.0, 'w_flip': 200.0, 'w_pen': 25.0}",0.24978687127024723,0.2907075873827792,0.7281516174657487,0.5181205532226905,1.0
"{'lr': 0.0005, 'gamma': 0.9, 'batch_size': 128, 'hidden_dim': 512, 'w_tox': 200.0, 'w_flip': 200.0, 'w_pen': 50.0}",0.29241261722080136,0.32395566922421143,0.7280585375796249,0.5758795898106998,1.0
"{'lr': 0.0005, 'gamma': 0.9, 'batch_size': 128, 'hidden_dim': 512, 'w_tox': 200.0, 'w_flip': 300.0, 'w_pen': 25.0}",0.28815004262574595,0.3273657289002558,0.7229064600191949,0.5407879432842061,1.0
"{'lr': 0.0005, 'gamma': 0.9, 'batch_size': 128, 'hidden_dim': 512, 'w_tox': 200.0, 'w_flip': 300.0, 'w_pen': 50.0}",0.23358908780903667,0.25234441602728047,0.7471709235691835,0.5713338557816493,1.0
"{'lr': 0.0005, 'gamma': 0.9, 'batch_size': 128, 'hidden_dim': 1024, 'w_tox': 100.0, 'w_flip': 150.0, 'w_pen': 25.0}",0.24978687127024723,0.2710997442455243,0.7411893491076422,0.5547581068711575,1.0
"{'lr': 0.0005, 'gamma': 0.9, 'batch_size': 128, 'hidden_dim': 1024, 'w_tox': 100.0, 'w_flip': 150.0, 'w_pen': 50.0}",0.29411764705882354,0.32225063938618925,0.7374261006663908,0.5812102081135675,1.0
"{'lr': 0.0005, 'gamma': 0.9, 'batch_size': 128, 'hidden_dim': 1024, 'w_tox': 100.0, 'w_flip': 200.0, 'w_pen': 25.0}",0.27791986359761295,0.30605285592497866,0.7372219126790258,0.5669676098104527,1.0
"{'lr': 0.0005, 'gamma': 0.9, 'batch_size': 128, 'hidden_dim': 1024, 'w_tox': 100.0, 'w_flip': 200.0, 'w_pen': 50.0}",0.2915601023017903,0.3205456095481671,0.739569630939641,0.5932562479139357,1.0
"{'lr': 0.0005, 'gamma': 0.9, 'batch_size': 128, 'hidden_dim': 1024, 'w_tox': 100.0, 'w_flip': 300.0, 'w_pen': 25.0}",0.2966751918158568,0.3358908780903666,0.7266963387684893,0.5724150061491471,1.0
"{'lr': 0.0005, 'gamma': 0.9, 'batch_size': 128, 'hidden_dim': 1024, 'w_tox': 100.0, 'w_flip': 300.0, 'w_pen': 50.0}",0.28815004262574595,0.32651321398124467,0.7256526233072313,0.5536661763307876,1.0
"{'lr': 0.0005, 'gamma': 0.9, 'batch_size': 128, 'hidden_dim': 1024, 'w_tox': 150.0, 'w_flip': 150.0, 'w_pen': 25.0}",0.27195225916453536,0.30605285592497866,0.7299169846259944,0.5708891789841847,1.0
"{'lr': 0.0005, 'gamma': 0.9, 'batch_size': 128, 'hidden_dim': 1024, 'w_tox': 150.0, 'w_flip': 150.0, 'w_pen': 50.0}",0.2864450127877238,0.3111679454390452,0.7393306190472912,0.5634919129806883,1.0
"{'lr': 0.0005, 'gamma': 0.9, 'batch_size': 128, 'hidden_dim': 1024, 'w_tox': 150.0, 'w_flip': 200.0, 'w_pen': 25.0}",0.27450980392156865,0.3188405797101449,0.72201239072645,0.5792816721308933,1.0
"{'lr': 0.0005, 'gamma': 0.9, 'batch_size': 128, 'hidden_dim': 1024, 'w_tox': 150.0, 'w_flip': 200.0, 'w_pen': 50.0}",0.30264279624893436,0.3307757885763001,0.7403351145729802,0.5684485791990685,1.0
"{'lr': 0.0005, 'gamma': 0.9, 'batch_size': 128, 'hidden_dim': 1024, 'w_tox': 150.0, 'w_flip': 300.0, 'w_pen': 25.0}",0.2710997442455243,0.2949701619778346,0.7377019863749623,0.5368691453038159,1.0
"{'lr': 0.0005, 'gamma': 0.9, 'batch_size': 128, 'hidden_dim': 1024, 'w_tox': 150.0, 'w_flip': 300.0, 'w_pen': 50.0}",0.28218243819266836,0.30861040068201195,0.7399393265880102,0.5829424967881789,1.0
"{'lr': 0.0005, 'gamma': 0.9, 'batch_size': 128, 'hidden_dim': 1024, 'w_tox': 200.0, 'w_flip': 150.0, 'w_pen': 25.0}",0.2907075873827792,0.3273657289002558,0.7359660799234596,0.5464585830061228,1.0
"{'lr': 0.0005, 'gamma': 0.9, 'batch_size': 128, 'hidden_dim': 1024, 'w_tox': 200.0, 'w_flip': 150.0, 'w_pen': 50.0}",0.2958226768968457,0.3307757885763001,0.7259114134603802,0.562981633667018,1.0
"{'lr': 0.0005, 'gamma': 0.9, 'batch_size': 128, 'hidden_dim': 1024, 'w_tox': 200.0, 'w_flip': 200.0, 'w_pen': 25.0}",0.289002557544757,0.31628303495311166,0.7388276351186843,0.5705202828226298,1.0
"{'lr': 0.0005, 'gamma': 0.9, 'batch_size': 128, 'hidden_dim': 1024, 'w_tox': 200.0, 'w_flip': 200.0, 'w_pen': 50.0}",0.26768968456947995,0.30008525149190113,0.7329869405668112,0.5759452536117177,1.0
"{'lr': 0.0005, 'gamma': 0.9, 'batch_size': 128, 'hidden_dim': 1024, 'w_tox': 200.0, 'w_flip': 300.0, 'w_pen': 25.0}",0.27365728900255754,0.29923273657289,0.7370194039265858,0.561929689940636,1.0
"{'lr': 0.0005, 'gamma': 0.9, 'batch_size': 128, 'hidden_dim': 1024, 'w_tox': 200.0, 'w_flip': 300.0, 'w_pen': 50.0}",0.27450980392156865,0.31628303495311166,0.722680170746965,0.5491923077720785,1.0
"{'lr': 0.0005, 'gamma': 0.99, 'batch_size': 64, 'hidden_dim': 256, 'w_tox': 100.0, 'w_flip': 150.0, 'w_pen': 25.0}",0.29923273657289,0.3452685421994885,0.718375763491312,0.5800721737748122,1.0
"{'lr': 0.0005, 'gamma': 0.99, 'batch_size': 64, 'hidden_dim': 256, 'w_tox': 100.0, 'w_flip': 150.0, 'w_pen': 50.0}",0.2463768115942029,0.2693947144075021,0.7508027337514344,0.5839103627001772,1.0
"{'lr': 0.0005, 'gamma': 0.99, 'batch_size': 64, 'hidden_dim': 256, 'w_tox': 100.0, 'w_flip': 200.0, 'w_pen': 25.0}",0.21824381926683717,0.23870417732310314,0.7551653785151478,0.5805790002262635,1.0
"{'lr': 0.0005, 'gamma': 0.99, 'batch_size': 64, 'hidden_dim': 256, 'w_tox': 100.0, 'w_flip': 200.0, 'w_pen': 50.0}",0.30775788576300084,0.3512361466325661,0.727704810138237,0.5763801419348273,1.0
"{'lr': 0.0005, 'gamma': 0.99, 'batch_size': 64, 'hidden_dim': 256, 'w_tox': 100.0, 'w_flip': 300.0, 'w_pen': 25.0}",0.3069053708439898,0.3546462063086104,0.7194568206003692,0.5333719883373531,1.0
"{'lr': 0.0005, 'gamma': 0.99, 'batch_size': 64, 'hidden_dim': 256, 'w_tox': 100.0, 'w_flip': 300.0, 'w_pen': 50.0}",0.2566069906223359,0.2847399829497016,0.7487698939811203,0.6084528254918891,1.0
"{'lr': 0.0005, 'gamma': 0.99, 'batch_size': 64, 'hidden_dim': 256, 'w_tox': 150.0, 'w_flip': 150.0, 'w_pen': 25.0}",0.2549019607843137,0.28815004262574595,0.7267339567281652,0.5177101567560025,1.0
"{'lr': 0.0005, 'gamma': 0.99, 'batch_size': 64, 'hidden_dim': 256, 'w_tox': 150.0, 'w_flip': 150.0, 'w_pen': 50.0}",0.2804774083546462,0.32225063938618925,0.7312054351444398,0.5826519126449555,1.0
"{'lr': 0.0005, 'gamma': 0.99, 'batch_size': 64, 'hidden_dim': 256, 'w_tox': 150.0, 'w_flip': 200.0, 'w_pen': 25.0}",0.2591645353793691,0.2796248934356351,0.7537105381143893,0.6210058429177804,1.0
"{'lr': 0.0005, 'gamma': 0.99, 'batch_size': 64, 'hidden_dim': 256, 'w_tox': 150.0, 'w_flip': 200.0, 'w_pen': 50.0}",0.1577152600170503,0.16879795396419436,0.7566852632306877,0.4707305466211565,1.0
"{'lr': 0.0005, 'gamma': 0.99, 'batch_size': 64, 'hidden_dim': 256, 'w_tox': 150.0, 'w_flip': 300.0, 'w_pen': 25.0}",0.27877237851662406,0.32651321398124467,0.7168308484386497,0.5117897372625703,1.0
"{'lr': 0.0005, 'gamma': 0.99, 'batch_size': 64, 'hidden_dim': 256, 'w_tox': 150.0, 'w_flip': 300.0, 'w_pen': 50.0}",0.3111679454390452,0.3597612958226769,0.7189633349885085,0.5642492607959113,1.0
"{'lr': 0.0005, 'gamma': 0.99, 'batch_size': 64, 'hidden_dim': 256, 'w_tox': 200.0, 'w_flip': 150.0, 'w_pen': 25.0}",0.24467178175618073,0.2668371696504689,0.7480683855715454,0.6106983079026203,1.0
"{'lr': 0.0005, 'gamma': 0.99, 'batch_size': 64, 'hidden_dim': 256, 'w_tox': 200.0, 'w_flip': 150.0, 'w_pen': 50.0}",0.2847399829497016,0.33248081841432225,0.7199763405689596,0.5407695148194653,1.0
"{'lr': 0.0005, 'gamma': 0.99, 'batch_size': 64, 'hidden_dim': 256, 'w_tox': 200.0, 'w_flip': 200.0, 'w_pen': 25.0}",0.2668371696504689,0.30264279624893436,0.7221186403480326,0.49643207019373753,1.0
"{'lr': 0.0005, 'gamma': 0.99, 'batch_size': 64, 'hidden_dim': 256, 'w_tox': 200.0, 'w_flip': 200.0, 'w_pen': 50.0}",0.2728047740835465,0.3103154305200341,0.7197016913369574,0.47916990596965053,1.0
"{'lr': 0.0005, 'gamma': 0.99, 'batch_size': 64, 'hidden_dim': 256, 'w_tox': 200.0, 'w_flip': 300.0, 'w_pen': 25.0}",0.2668371696504689,0.2958226768968457,0.7332806227279237,0.5535912737556178,1.0
"{'lr': 0.0005, 'gamma': 0.99, 'batch_size': 64, 'hidden_dim': 256, 'w_tox': 200.0, 'w_flip': 300.0, 'w_pen': 50.0}",0.2412617220801364,0.26427962489343565,0.752637333799722,0.5828885611771587,1.0
"{'lr': 0.0005, 'gamma': 0.99, 'batch_size': 64, 'hidden_dim': 512, 'w_tox': 100.0, 'w_flip': 150.0, 'w_pen': 25.0}",0.289002557544757,0.3273657289002558,0.7313296907262252,0.5939242273865545,1.0
"{'lr': 0.0005, 'gamma': 0.99, 'batch_size': 64, 'hidden_dim': 512, 'w_tox': 100.0, 'w_flip': 150.0, 'w_pen': 50.0}",0.30264279624893436,0.33844842284739984,0.7331972086335333,0.5662462106520514,1.0
"{'lr': 0.0005, 'gamma': 0.99, 'batch_size': 64, 'hidden_dim': 512, 'w_tox': 100.0, 'w_flip': 200.0, 'w_pen': 25.0}",0.31287297527706737,0.3495311167945439,0.7247456725309305,0.581651205003873,1.0
"{'lr': 0.0005, 'gamma': 0.99, 'batch_size': 64, 'hidden_dim': 512, 'w_tox': 100.0, 'w_flip': 200.0, 'w_pen': 50.0}",0.2872975277067349,0.3188405797101449,0.7296349264609685,0.5768243088463935,1.0
"{'lr': 0.0005, 'gamma': 0.99, 'batch_size': 64, 'hidden_dim': 512, 'w_tox': 100.0, 'w_flip': 300.0, 'w_pen': 25.0}",0.27621483375959077,0.3145780051150895,0.7299565758820488,0.5734667907265563,1.0
"{'lr': 0.0005, 'gamma': 0.99, 'batch_size': 64, 'hidden_dim': 512, 'w_tox': 100.0, 'w_flip': 300.0, 'w_pen': 50.0}",0.27621483375959077,0.309462915601023,0.7300469775777119,0.5831052499638458,1.0
"{'lr': 0.0005, 'gamma': 0.99, 'batch_size': 64, 'hidden_dim': 512, 'w_tox': 150.0, 'w_flip': 150.0, 'w_pen': 25.0}",0.2949701619778346,0.3307757885763001,0.7236199940614793,0.5796470434976829,1.0
"{'lr': 0.0005, 'gamma': 0.99, 'batch_size': 64, 'hidden_dim': 512, 'w_tox': 150.0, 'w_flip': 150.0, 'w_pen': 50.0}",0.31287297527706737,0.3512361466325661,0.7317603494292342,0.5968254069162839,1.0
"{'lr': 0.0005, 'gamma': 0.99, 'batch_size': 64, 'hidden_dim': 512, 'w_tox': 150.0, 'w_flip': 200.0, 'w_pen': 25.0}",0.29752770673486784,0.33674339300937767,0.7206225710945537,0.5601372849146821,1.0
"{'lr': 0.0005, 'gamma': 0.99, 'batch_size': 64, 'hidden_dim': 512, 'w_tox': 150.0, 'w_flip': 200.0, 'w_pen': 50.0}",0.30264279624893436,0.3452685421994885,0.726010615467246,0.5771315896649966,1.0
"{'lr': 0.0005, 'gamma': 0.99, 'batch_size': 64, 'hidden_dim': 512, 'w_tox': 150.0, 'w_flip': 300.0, 'w_pen': 25.0}",0.2864450127877238,0.3205456095481671,0.7313909106964217,0.5979440008658686,1.0
"{'lr': 0.0005, 'gamma': 0.99, 'batch_size': 64, 'hidden_dim': 512, 'w_tox': 150.0, 'w_flip': 300.0, 'w_pen': 50.0}",0.32310315430520037,0.3640238704177323,0.7272151674049231,0.5658068995555349,1.0
"{'lr': 0.0005, 'gamma': 0.99, 'batch_size': 64, 'hidden_dim': 512, 'w_tox': 200.0, 'w_flip': 150.0, 'w_pen': 25.0}",0.3009377664109122,0.34441602728047743,0.7288395644012294,0.5988558932574756,1.0
"{'lr': 0.0005, 'gamma': 0.99, 'batch_size': 64, 'hidden_dim': 512, 'w_tox': 200.0, 'w_flip': 150.0, 'w_pen': 50.0}",0.26854219948849106,0.3103154305200341,0.7264720636830106,0.5729211302567002,1.0
"{'lr': 0.0005, 'gamma': 0.99, 'batch_size': 64, 'hidden_dim': 512, 'w_tox': 200.0, 'w_flip': 200.0, 'w_pen': 25.0}",0.3052003410059676,0.3410059676044331,0.734345983767686,0.5902754126249675,1.0
"{'lr': 0.0005, 'gamma': 0.99, 'batch_size': 64, 'hidden_dim': 512, 'w_tox': 200.0, 'w_flip': 200.0, 'w_pen': 50.0}",0.2907075873827792,0.3213981244671782,0.7313534159811445,0.5491068784237679,1.0
"{'lr': 0.0005, 'gamma': 0.99, 'batch_size': 64, 'hidden_dim': 512, 'w_tox': 200.0, 'w_flip': 300.0, 'w_pen': 25.0}",0.27450980392156865,0.30605285592497866,0.7322265998966416,0.5643540184330271,1.0
"{'lr': 0.0005, 'gamma': 0.99, 'batch_size': 64, 'hidden_dim': 512, 'w_tox': 200.0, 'w_flip': 300.0, 'w_pen': 50.0}",0.3034953111679454,0.34185848252344414,0.7278283574932694,0.5546343181596907,1.0
"{'lr': 0.0005, 'gamma': 0.99, 'batch_size': 64, 'hidden_dim': 1024, 'w_tox': 100.0, 'w_flip': 150.0, 'w_pen': 25.0}",0.2830349531116795,0.3052003410059676,0.7392620758293273,0.6009598534020922,1.0
"{'lr': 0.0005, 'gamma': 0.99, 'batch_size': 64, 'hidden_dim': 1024, 'w_tox': 100.0, 'w_flip': 150.0, 'w_pen': 50.0}",0.28218243819266836,0.30861040068201195,0.7382917070497639,0.6009863684827079,1.0
"{'lr': 0.0005, 'gamma': 0.99, 'batch_size': 64, 'hidden_dim': 1024, 'w_tox': 100.0, 'w_flip': 200.0, 'w_pen': 25.0}",0.2949701619778346,0.3358908780903666,0.7254378182948653,0.5739452119093666,1.0
"{'lr': 0.0005, 'gamma': 0.99, 'batch_size': 64, 'hidden_dim': 1024, 'w_tox': 100.0, 'w_flip': 200.0, 'w_pen': 50.0}",0.3137254901960784,0.3435635123614663,0.7373998871517193,0.5867560454582069,1.0
"{'lr': 0.0005, 'gamma': 0.99, 'batch_size': 64, 'hidden_dim': 1024, 'w_tox': 100.0, 'w_flip': 300.0, 'w_pen': 25.0}",0.2932651321398124,0.3273657289002558,0.7302684699598571,0.6161789513763662,1.0
"{'lr': 0.0005, 'gamma': 0.99, 'batch_size': 64, 'hidden_dim': 1024, 'w_tox': 100.0, 'w_flip': 300.0, 'w_pen': 50.0}",0.27791986359761295,0.3171355498721228,0.7203036295844782,0.5100041844274106,1.0
"{'lr': 0.0005, 'gamma': 0.99, 'batch_size': 64, 'hidden_dim': 1024, 'w_tox': 150.0, 'w_flip': 150.0, 'w_pen': 25.0}",0.30008525149190113,0.3333333333333333,0.7308575698731892,0.5939799259652958,1.0
"{'lr': 0.0005, 'gamma': 0.99, 'batch_size': 64, 'hidden_dim': 1024, 'w_tox': 150.0, 'w_flip': 150.0, 'w_pen': 50.0}",0.2958226768968457,0.3358908780903666,0.7254532205203591,0.5774498430834938,1.0
"{'lr': 0.0005, 'gamma': 0.99, 'batch_size': 64, 'hidden_dim': 1024, 'w_tox': 150.0, 'w_flip': 200.0, 'w_pen': 25.0}",0.25404944586530265,0.2813299232736573,0.7486753340984617,0.572491826274305,1.0
"{'lr': 0.0005, 'gamma': 0.99, 'batch_size': 64, 'hidden_dim': 1024, 'w_tox': 150.0, 'w_flip': 200.0, 'w_pen': 50.0}",0.32821824381926684,0.35720375106564367,0.7412965001345541,0.6255937348702183,1.0
"{'lr': 0.0005, 'gamma': 0.99, 'batch_size': 64, 'hidden_dim': 1024, 'w_tox': 150.0, 'w_flip': 300.0, 'w_pen': 25.0}",0.30264279624893436,0.33674339300937767,0.7305855470547987,0.6022379551642236,1.0
"{'lr': 0.0005, 'gamma': 0.99, 'batch_size': 64, 'hidden_dim': 1024, 'w_tox': 150.0, 'w_flip': 300.0, 'w_pen': 50.0}",0.17306052855924978,0.18499573742540495,0.7570625985991817,0.5432242178780522,1.0
"{'lr': 0.0005, 'gamma': 0.99, 'batch_size': 64, 'hidden_dim': 1024, 'w_tox': 200.0, 'w_flip': 150.0, 'w_pen': 25.0}",0.2608695652173913,0.2915601023017903,0.7322511663104675,0.548264122105185,1.0
"{'lr': 0.0005, 'gamma': 0.99, 'batch_size': 64, 'hidden_dim': 1024, 'w_tox': 200.0, 'w_flip': 150.0, 'w_pen': 50.0}",0.2693947144075021,0.29752770673486784,0.7340961002531476,0.5586260368305925,1.0
"{'lr': 0.0005, 'gamma': 0.99, 'batch_size': 64, 'hidden_dim': 1024, 'w_tox': 200.0, 'w_flip': 200.0, 'w_pen': 25.0}",0.2506393861892583,0.2659846547314578,0.7599710596527383,0.6037650968309397,1.0
"{'lr': 0.0005, 'gamma': 0.99, 'batch_size': 64, 'hidden_dim': 1024, 'w_tox': 200.0, 'w_flip': 200.0, 'w_pen': 50.0}",0.319693094629156,0.3537936913895993,0.727610473073314,0.5887270913983862,1.0
"{'lr': 0.0005, 'gamma': 0.99, 'batch_size': 64, 'hidden_dim': 1024, 'w_tox': 200.0, 'w_flip': 300.0, 'w_pen': 25.0}",0.29923273657289,0.3290707587382779,0.7278096515428244,0.5743881185423181,1.0
"{'lr': 0.0005, 'gamma': 0.99, 'batch_size': 64, 'hidden_dim': 1024, 'w_tox': 200.0, 'w_flip': 300.0, 'w_pen': 50.0}",0.3111679454390452,0.35038363171355497,0.7310440561751045,0.5795345183708991,1.0
"{'lr': 0.0005, 'gamma': 0.99, 'batch_size': 128, 'hidden_dim': 256, 'w_tox': 100.0, 'w_flip': 150.0, 'w_pen': 25.0}",0.2617220801364024,0.2898550724637681,0.7295143439922638,0.5223655949931014,1.0
"{'lr': 0.0005, 'gamma': 0.99, 'batch_size': 128, 'hidden_dim': 256, 'w_tox': 100.0, 'w_flip': 150.0, 'w_pen': 50.0}",0.27877237851662406,0.31202046035805625,0.7270696539698017,0.5429096340387488,1.0
"{'lr': 0.0005, 'gamma': 0.99, 'batch_size': 128, 'hidden_dim': 256, 'w_tox': 100.0, 'w_flip': 200.0, 'w_pen': 25.0}",0.29411764705882354,0.33248081841432225,0.7269669121355262,0.6068528150968312,1.0
"{'lr': 0.0005, 'gamma': 0.99, 'batch_size': 128, 'hidden_dim': 256, 'w_tox': 100.0, 'w_flip': 200.0, 'w_pen': 50.0}",0.30264279624893436,0.34185848252344414,0.7270515975473018,0.5640779734136576,1.0
"{'lr': 0.0005, 'gamma': 0.99, 'batch_size': 128, 'hidden_dim': 256, 'w_tox': 100.0, 'w_flip': 300.0, 'w_pen': 25.0}",0.236999147485081,0.27195225916453536,0.7286097397241537,0.5558470664825613,1.0
"{'lr': 0.0005, 'gamma': 0.99, 'batch_size': 128, 'hidden_dim': 256, 'w_tox': 100.0, 'w_flip': 300.0, 'w_pen': 50.0}",0.2830349531116795,0.3248081841432225,0.7226559854766621,0.5373168894463004,1.0
"{'lr': 0.0005, 'gamma': 0.99, 'batch_size': 128, 'hidden_dim': 256, 'w_tox': 150.0, 'w_flip': 150.0, 'w_pen': 25.0}",0.2898550724637681,0.3248081841432225,0.7347837941276671,0.6012958206587489,1.0
"{'lr': 0.0005, 'gamma': 0.99, 'batch_size': 128, 'hidden_dim': 256, 'w_tox': 150.0, 'w_flip': 150.0, 'w_pen': 50.0}",0.26427962489343565,0.29838022165387895,0.7348287919770851,0.5727397174937804,1.0
"{'lr': 0.0005, 'gamma': 0.99, 'batch_size': 128, 'hidden_dim': 256, 'w_tox': 150.0, 'w_flip': 200.0, 'w_pen': 25.0}",0.2728047740835465,0.30264279624893436,0.7338637614581971,0.5547978700585294,1.0
"{'lr': 0.0005, 'gamma': 0.99, 'batch_size': 128, 'hidden_dim': 256, 'w_tox': 150.0, 'w_flip': 200.0, 'w_pen': 50.0}",0.2855924978687127,0.32310315430520037,0.7302397459013741,0.5559744758090555,1.0
"{'lr': 0.0005, 'gamma': 0.99, 'batch_size': 128, 'hidden_dim': 256, 'w_tox': 150.0, 'w_flip': 300.0, 'w_pen': 25.0}",0.2728047740835465,0.3111679454390452,0.732917160997282,0.527655363776803,1.0
"{'lr': 0.0005, 'gamma': 0.99, 'batch_size': 128, 'hidden_dim': 256, 'w_tox': 150.0, 'w_flip': 300.0, 'w_pen': 50.0}",0.3009377664109122,0.3316283034953112,0.7350706427044419,0.6150454767789989,1.0
"{'lr': 0.0005, 'gamma': 0.99, 'batch_size': 128, 'hidden_dim': 256, 'w_tox': 200.0, 'w_flip': 150.0, 'w_pen': 25.0}",0.30264279624893436,0.3393009377664109,0.726599385616924,0.5917261609598842,1.0
"{'lr': 0.0005, 'gamma': 0.99, 'batch_size': 128, 'hidden_dim': 256, 'w_tox': 200.0, 'w_flip': 150.0, 'w_pen': 50.0}",0.2591645353793691,0.29241261722080136,0.7284562081069026,0.5391997342798113,1.0
"{'lr': 0.0005, 'gamma': 0.99, 'batch_size': 128, 'hidden_dim': 256, 'w_tox': 200.0, 'w_flip': 200.0, 'w_pen': 25.0}",0.2318840579710145,0.24552429667519182,0.7569001450679831,0.5705938883086673,1.0
"{'lr': 0.0005, 'gamma': 0.99, 'batch_size': 128, 'hidden_dim': 256, 'w_tox': 200.0, 'w_flip': 200.0, 'w_pen': 50.0}",0.29752770673486784,0.3358908780903666,0.7241976907556681,0.5640302782361167,1.0
"{'lr': 0.0005, 'gamma': 0.99, 'batch_size': 128, 'hidden_dim': 256, 'w_tox': 200.0, 'w_flip': 300.0, 'w_pen': 25.0}",0.25831202046035806,0.30008525149190113,0.7204632308569825,0.5353054020885758,1.0
"{'lr': 0.0005, 'gamma': 0.99, 'batch_size': 128, 'hidden_dim': 256, 'w_tox': 200.0, 'w_flip': 300.0, 'w_pen': 50.0}",0.29241261722080136,0.33248081841432225,0.7336886208209435,0.5640377895315773,1.0
"{'lr': 0.0005, 'gamma': 0.99, 'batch_size': 128, 'hidden_dim': 512, 'w_tox': 100.0, 'w_flip': 150.0, 'w_pen': 25.0}",0.2796248934356351,0.30861040068201195,0.7390861946255409,0.5985972140137258,1.0
"{'lr': 0.0005, 'gamma': 0.99, 'batch_size': 128, 'hidden_dim': 512, 'w_tox': 100.0, 'w_flip': 150.0, 'w_pen': 50.0}",0.29411764705882354,0.32310315430520037,0.7340922532673283,0.590041052297825,1.0
"{'lr': 0.0005, 'gamma': 0.99, 'batch_size': 128, 'hidden_dim': 512, 'w_tox': 100.0, 'w_flip': 200.0, 'w_pen': 25.0}",0.27195225916453536,0.2966751918158568,0.7356008943466503,0.529987278318747,1.0
"{'lr': 0.0005, 'gamma': 0.99, 'batch_size': 128, 'hidden_dim': 512, 'w_tox': 100.0, 'w_flip': 200.0, 'w_pen': 50.0}",0.289002557544757,0.32225063938618925,0.7318903012207351,0.5873037372409375,1.0
"{'lr': 0.0005, 'gamma': 0.99, 'batch_size': 128, 'hidden_dim': 512, 'w_tox': 100.0, 'w_flip': 300.0, 'w_pen': 25.0}",0.29752770673486784,0.329923273657289,0.7369350745152066,0.5950228555818544,1.0
"{'lr': 0.0005, 'gamma': 0.99, 'batch_size': 128, 'hidden_dim': 512, 'w_tox': 100.0, 'w_flip': 300.0, 'w_pen': 50.0}",0.26768968456947995,0.2958226768968457,0.7420039183462904,0.5362454914637176,1.0
"{'lr': 0.0005, 'gamma': 0.99, 'batch_size': 128, 'hidden_dim': 512, 'w_tox': 150.0, 'w_flip': 150.0, 'w_pen': 25.0}",0.29923273657289,0.3350383631713555,0.7246097989005874,0.5800890886044512,1.0
"{'lr': 0.0005, 'gamma': 0.99, 'batch_size': 128, 'hidden_dim': 512, 'w_tox': 150.0, 'w_flip': 150.0, 'w_pen': 50.0}",0.29241261722080136,0.32821824381926684,0.7307344016254856,0.5846761327759757,1.0
"{'lr': 0.0005, 'gamma': 0.99, 'batch_size': 128, 'hidden_dim': 512, 'w_tox': 150.0, 'w_flip': 200.0, 'w_pen': 25.0}",0.2804774083546462,0.3145780051150895,0.737147602092926,0.5506355504633701,1.0
"{'lr': 0.0005, 'gamma': 0.99, 'batch_size': 128, 'hidden_dim': 512, 'w_tox': 150.0, 'w_flip': 200.0, 'w_pen': 50.0}",0.2915601023017903,0.3248081841432225,0.7273418013667402,0.5702208266816319,1.0
"{'lr': 0.0005, 'gamma': 0.99, 'batch_size': 128, 'hidden_dim': 512, 'w_tox': 150.0, 'w_flip': 300.0, 'w_pen': 25.0}",0.2796248934356351,0.3111679454390452,0.734254490631677,0.570055288406699,1.0
"{'lr': 0.0005, 'gamma': 0.99, 'batch_size': 128, 'hidden_dim': 512, 'w_tox': 150.0, 'w_flip': 300.0, 'w_pen': 50.0}",0.29838022165387895,0.34441602728047743,0.7248426188682459,0.5378534887859644,1.0
"{'lr': 0.0005, 'gamma': 0.99, 'batch_size': 128, 'hidden_dim': 512, 'w_tox': 200.0, 'w_flip': 150.0, 'w_pen': 25.0}",0.22847399829497017,0.24722932651321397,0.7592512223334562,0.553149283711744,1.0
"{'lr': 0.0005, 'gamma': 0.99, 'batch_size': 128, 'hidden_dim': 512, 'w_tox': 200.0, 'w_flip': 150.0, 'w_pen': 50.0}",0.2412617220801364,0.2549019607843137,0.7559976902005825,0.6110236288247592,1.0
"{'lr': 0.0005, 'gamma': 0.99, 'batch_size': 128, 'hidden_dim': 512, 'w_tox': 200.0, 'w_flip': 200.0, 'w_pen': 25.0}",0.27877237851662406,0.30861040068201195,0.7415174308924061,0.5625978336098935,1.0
"{'lr': 0.0005, 'gamma': 0.99, 'batch_size': 128, 'hidden_dim': 512, 'w_tox': 200.0, 'w_flip': 200.0, 'w_pen': 50.0}",0.27365728900255754,0.3034953111679454,0.7302755784401929,0.5611278324313205,1.0
"{'lr': 0.0005, 'gamma': 0.99, 'batch_size': 128, 'hidden_dim': 512, 'w_tox': 200.0, 'w_flip': 300.0, 'w_pen': 25.0}",0.30264279624893436,0.33674339300937767,0.7278369043771173,0.5814876232712985,1.0
"{'lr': 0.0005, 'gamma': 0.99, 'batch_size': 128, 'hidden_dim': 512, 'w_tox': 200.0, 'w_flip': 300.0, 'w_pen': 50.0}",0.23358908780903667,0.2557544757033248,0.7584795053120488,0.5455378874099895,1.0
"{'lr': 0.0005, 'gamma': 0.99, 'batch_size': 128, 'hidden_dim': 1024, 'w_tox': 100.0, 'w_flip': 150.0, 'w_pen': 25.0}",0.26342710997442453,0.2898550724637681,0.7384233031542645,0.5749451186627406,1.0
"{'lr': 0.0005, 'gamma': 0.99, 'batch_size': 128, 'hidden_dim': 1024, 'w_tox': 100.0, 'w_flip': 150.0, 'w_pen': 50.0}",0.289002557544757,0.31798806479113384,0.739116420122962,0.5927655128095383,1.0
"{'lr': 0.0005, 'gamma': 0.99, 'batch_size': 128, 'hidden_dim': 1024, 'w_tox': 100.0, 'w_flip': 200.0, 'w_pen': 25.0}",0.2830349531116795,0.30434782608695654,0.7405226170487462,0.5923524689161147,1.0
"{'lr': 0.0005, 'gamma': 0.99, 'batch_size': 128, 'hidden_dim': 1024, 'w_tox': 100.0, 'w_flip': 200.0, 'w_pen': 50.0}",0.3034953111679454,0.3393009377664109,0.7292176473375321,0.5728431702229788,1.0
"{'lr': 0.0005, 'gamma': 0.99, 'batch_size': 128, 'hidden_dim': 1024, 'w_tox': 100.0, 'w_flip': 300.0, 'w_pen': 25.0}",0.2932651321398124,0.319693094629156,0.7380750741951767,0.5730122421952177,1.0
"{'lr': 0.0005, 'gamma': 0.99, 'batch_size': 128, 'hidden_dim': 1024, 'w_tox': 100.0, 'w_flip': 300.0, 'w_pen': 50.0}",0.2668371696504689,0.2958226768968457,0.7433765074014534,0.5917187596368011,1.0
"{'lr': 0.0005, 'gamma': 0.99, 'batch_size': 128, 'hidden_dim': 1024, 'w_tox': 150.0, 'w_flip': 150.0, 'w_pen': 25.0}",0.2898550724637681,0.31628303495311166,0.7369912967104973,0.5967712608261038,1.0
"{'lr': 0.0005, 'gamma': 0.99, 'batch_size': 128, 'hidden_dim': 1024, 'w_tox': 150.0, 'w_flip': 150.0, 'w_pen': 50.0}",0.2864450127877238,0.31628303495311166,0.7364252932251131,0.5900974367218618,1.0
"{'lr': 0.0005, 'gamma': 0.99, 'batch_size': 128, 'hidden_dim': 1024, 'w_tox': 150.0, 'w_flip': 200.0, 'w_pen': 25.0}",0.2932651321398124,0.3307757885763001,0.7297355919174525,0.5665752443859177,1.0
"{'lr': 0.0005, 'gamma': 0.99, 'batch_size': 128, 'hidden_dim': 1024, 'w_tox': 150.0, 'w_flip': 200.0, 'w_pen': 50.0}",0.2966751918158568,0.33248081841432225,0.7305036246994346,0.5624375179745703,1.0
"{'lr': 0.0005, 'gamma': 0.99, 'batch_size': 128, 'hidden_dim': 1024, 'w_tox': 150.0, 'w_flip': 300.0, 'w_pen': 25.0}",0.27791986359761295,0.3052003410059676,0.7405416375269087,0.5652096049056011,1.0
"{'lr': 0.0005, 'gamma': 0.99, 'batch_size': 128, 'hidden_dim': 1024, 'w_tox': 150.0, 'w_flip': 300.0, 'w_pen': 50.0}",0.30775788576300084,0.34782608695652173,0.7230118547799314,0.5826181012789343,1.0
"{'lr': 0.0005, 'gamma': 0.99, 'batch_size': 128, 'hidden_dim': 1024, 'w_tox': 200.0, 'w_flip': 150.0, 'w_pen': 25.0}",0.3154305200341006,0.35294117647058826,0.7320356890498478,0.568445119169778,1.0
"{'lr': 0.0005, 'gamma': 0.99, 'batch_size': 128, 'hidden_dim': 1024, 'w_tox': 200.0, 'w_flip': 150.0, 'w_pen': 50.0}",0.30775788576300084,0.32651321398124467,0.7444438003742814,0.5788472739413832,1.0
"{'lr': 0.0005, 'gamma': 0.99, 'batch_size': 128, 'hidden_dim': 1024, 'w_tox': 200.0, 'w_flip': 200.0, 'w_pen': 25.0}",0.29411764705882354,0.329923273657289,0.7309574468454297,0.5769512951512749,1.0
"{'lr': 0.0005, 'gamma': 0.99, 'batch_size': 128, 'hidden_dim': 1024, 'w_tox': 200.0, 'w_flip': 200.0, 'w_pen': 50.0}",0.3009377664109122,0.33844842284739984,0.7388580320222471,0.5881228069836277,1.0
"{'lr': 0.0005, 'gamma': 0.99, 'batch_size': 128, 'hidden_dim': 1024, 'w_tox': 200.0, 'w_flip': 300.0, 'w_pen': 25.0}",0.3069053708439898,0.34185848252344414,0.7324620417653626,0.5875340651376022,1.0
"{'lr': 0.0005, 'gamma': 0.99, 'batch_size': 128, 'hidden_dim': 1024, 'w_tox': 200.0, 'w_flip': 300.0, 'w_pen': 50.0}",0.29411764705882354,0.32395566922421143,0.7384224459622076,0.5758851845370461,1.0
"{'lr': 0.0001, 'gamma': 0.5, 'batch_size': 64, 'hidden_dim': 256, 'w_tox': 100.0, 'w_flip': 150.0, 'w_pen': 25.0}",0.29241261722080136,0.3333333333333333,0.7265827277436762,0.5050057453327921,1.0
"{'lr': 0.0001, 'gamma': 0.5, 'batch_size': 64, 'hidden_dim': 256, 'w_tox': 100.0, 'w_flip': 150.0, 'w_pen': 50.0}",0.23017902813299232,0.2557544757033248,0.7517491706397553,0.49987854644172924,1.0
"{'lr': 0.0001, 'gamma': 0.5, 'batch_size': 64, 'hidden_dim': 256, 'w_tox': 100.0, 'w_flip': 200.0, 'w_pen': 25.0}",0.2770673486786019,0.3034953111679454,0.7422725869502227,0.48870776401373545,1.0
"{'lr': 0.0001, 'gamma': 0.5, 'batch_size': 64, 'hidden_dim': 256, 'w_tox': 100.0, 'w_flip': 200.0, 'w_pen': 50.0}",0.25831202046035806,0.28218243819266836,0.7528828325687965,0.5917874619322032,1.0
"{'lr': 0.0001, 'gamma': 0.5, 'batch_size': 64, 'hidden_dim': 256, 'w_tox': 100.0, 'w_flip': 300.0, 'w_pen': 25.0}",0.20971867007672634,0.23017902813299232,0.7437738133566638,0.43768028059348973,1.0
"{'lr': 0.0001, 'gamma': 0.5, 'batch_size': 64, 'hidden_dim': 256, 'w_tox': 100.0, 'w_flip': 300.0, 'w_pen': 50.0}",0.2847399829497016,0.31798806479113384,0.735196641714941,0.5753482514939366,1.0
"{'lr': 0.0001, 'gamma': 0.5, 'batch_size': 64, 'hidden_dim': 256, 'w_tox': 150.0, 'w_flip': 150.0, 'w_pen': 25.0}",0.16197783461210571,0.17391304347826086,0.7549701763315178,0.44393085865713316,1.0
"{'lr': 0.0001, 'gamma': 0.5, 'batch_size': 64, 'hidden_dim': 256, 'w_tox': 150.0, 'w_flip': 150.0, 'w_pen': 50.0}",0.21824381926683717,0.23955669224211423,0.7467868299576844,0.4904655508293373,1.0
"{'lr': 0.0001, 'gamma': 0.5, 'batch_size': 64, 'hidden_dim': 256, 'w_tox': 150.0, 'w_flip': 200.0, 'w_pen': 25.0}",0.20119352088661552,0.21824381926683717,0.7572960619824338,0.49747991818222664,1.0
"{'lr': 0.0001, 'gamma': 0.5, 'batch_size': 64, 'hidden_dim': 256, 'w_tox': 150.0, 'w_flip': 200.0, 'w_pen': 50.0}",0.15430520034100598,0.16453537936913895,0.753386066645458,0.42357717106885295,1.0
"{'lr': 0.0001, 'gamma': 0.5, 'batch_size': 64, 'hidden_dim': 256, 'w_tox': 150.0, 'w_flip': 300.0, 'w_pen': 25.0}",0.2557544757033248,0.2796248934356351,0.7501056476234428,0.5405032635964456,1.0
"{'lr': 0.0001, 'gamma': 0.5, 'batch_size': 64, 'hidden_dim': 256, 'w_tox': 150.0, 'w_flip': 300.0, 'w_pen': 50.0}",0.2753623188405797,0.30861040068201195,0.7231704336566817,0.48707530888371026,1.0
"{'lr': 0.0001, 'gamma': 0.5, 'batch_size': 64, 'hidden_dim': 256, 'w_tox': 200.0, 'w_flip': 150.0, 'w_pen': 25.0}",0.23358908780903667,0.2591645353793691,0.7441629874692832,0.4725643453667027,1.0
"{'lr': 0.0001, 'gamma': 0.5, 'batch_size': 64, 'hidden_dim': 256, 'w_tox': 200.0, 'w_flip': 150.0, 'w_pen': 50.0}",0.289002557544757,0.32310315430520037,0.7300192272509053,0.49729240693730686,1.0
"{'lr': 0.0001, 'gamma': 0.5, 'batch_size': 64, 'hidden_dim': 256, 'w_tox': 200.0, 'w_flip': 200.0, 'w_pen': 25.0}",0.2566069906223359,0.2804774083546462,0.749316355166542,0.5612745615383418,1.0
"{'lr': 0.0001, 'gamma': 0.5, 'batch_size': 64, 'hidden_dim': 256, 'w_tox': 200.0, 'w_flip': 200.0, 'w_pen': 50.0}",0.18499573742540495,0.20375106564364875,0.7425495529680655,0.45309228092681747,1.0
"{'lr': 0.0001, 'gamma': 0.5, 'batch_size': 64, 'hidden_dim': 256, 'w_tox': 200.0, 'w_flip': 300.0, 'w_pen': 25.0}",0.1815856777493606,0.19607843137254902,0.7557571487706446,0.4624533818506052,1.0
"{'lr': 0.0001, 'gamma': 0.5, 'batch_size': 64, 'hidden_dim': 256, 'w_tox': 200.0, 'w_flip': 300.0, 'w_pen': 50.0}",0.22421142369991476,0.2361466325660699,0.7639251676607286,0.46851959369448065,1.0
"{'lr': 0.0001, 'gamma': 0.5, 'batch_size': 64, 'hidden_dim': 512, 'w_tox': 100.0, 'w_flip': 150.0, 'w_pen': 25.0}",0.29241261722080136,0.33674339300937767,0.7211841519219127,0.4968710724516686,1.0
"{'lr': 0.0001, 'gamma': 0.5, 'batch_size': 64, 'hidden_dim': 512, 'w_tox': 100.0, 'w_flip': 150.0, 'w_pen': 50.0}",0.26427962489343565,0.29411764705882354,0.7326990948867036,0.4191087896036584,1.0
"{'lr': 0.0001, 'gamma': 0.5, 'batch_size': 64, 'hidden_dim': 512, 'w_tox': 100.0, 'w_flip': 200.0, 'w_pen': 25.0}",0.27195225916453536,0.3034953111679454,0.7279075796190135,0.5512998323823317,1.0
"{'lr': 0.0001, 'gamma': 0.5, 'batch_size': 64, 'hidden_dim': 512, 'w_tox': 100.0, 'w_flip': 200.0, 'w_pen': 50.0}",0.26854219948849106,0.3052003410059676,0.7268588304068896,0.5394372746592367,1.0
"{'lr': 0.0001, 'gamma': 0.5, 'batch_size': 64, 'hidden_dim': 512, 'w_tox': 100.0, 'w_flip': 300.0, 'w_pen': 25.0}",0.2813299232736573,0.31202046035805625,0.7286070900827256,0.4784546173155939,1.0
"{'lr': 0.0001, 'gamma': 0.5, 'batch_size': 64, 'hidden_dim': 512, 'w_tox': 100.0, 'w_flip': 300.0, 'w_pen': 50.0}",0.26768968456947995,0.3069053708439898,0.7233379333946017,0.47968414450506663,1.0
"{'lr': 0.0001, 'gamma': 0.5, 'batch_size': 64, 'hidden_dim': 512, 'w_tox': 150.0, 'w_flip': 150.0, 'w_pen': 25.0}",0.28388746803069054,0.3290707587382779,0.7192939215525637,0.4860337290387524,1.0
"{'lr': 0.0001, 'gamma': 0.5, 'batch_size': 64, 'hidden_dim': 512, 'w_tox': 150.0, 'w_flip': 150.0, 'w_pen': 50.0}",0.2796248934356351,0.3137254901960784,0.724020781171588,0.5292120837961203,1.0
"{'lr': 0.0001, 'gamma': 0.5, 'batch_size': 64, 'hidden_dim': 512, 'w_tox': 150.0, 'w_flip': 200.0, 'w_pen': 25.0}",0.19352088661551578,0.20460358056265984,0.7561634554966333,0.4722853577933295,1.0
"{'lr': 0.0001, 'gamma': 0.5, 'batch_size': 64, 'hidden_dim': 512, 'w_tox': 150.0, 'w_flip': 200.0, 'w_pen': 50.0}",0.29241261722080136,0.329923273657289,0.7291060739324149,0.5567392608180873,1.0
"{'lr': 0.0001, 'gamma': 0.5, 'batch_size': 64, 'hidden_dim': 512, 'w_tox': 150.0, 'w_flip': 300.0, 'w_pen': 25.0}",0.2813299232736573,0.31287297527706737,0.7286741799887165,0.48509227408700906,1.0
"{'lr': 0.0001, 'gamma': 0.5, 'batch_size': 64, 'hidden_dim': 512, 'w_tox': 150.0, 'w_flip': 300.0, 'w_pen': 50.0}",0.2693947144075021,0.29923273657289,0.7343577915575784,0.49930085415530695,1.0
"{'lr': 0.0001, 'gamma': 0.5, 'batch_size': 64, 'hidden_dim': 512, 'w_tox': 200.0, 'w_flip': 150.0, 'w_pen': 25.0}",0.3034953111679454,0.34441602728047743,0.724224204520732,0.538851085306988,1.0
"{'lr': 0.0001, 'gamma': 0.5, 'batch_size': 64, 'hidden_dim': 512, 'w_tox': 200.0, 'w_flip': 150.0, 'w_pen': 50.0}",0.2710997442455243,0.3145780051150895,0.7156918861495795,0.48599290213144297,1.0
"{'lr': 0.0001, 'gamma': 0.5, 'batch_size': 64, 'hidden_dim': 512, 'w_tox': 200.0, 'w_flip': 200.0, 'w_pen': 25.0}",0.31202046035805625,0.3546462063086104,0.7296810762021537,0.533332886567476,1.0
"{'lr': 0.0001, 'gamma': 0.5, 'batch_size': 64, 'hidden_dim': 512, 'w_tox': 200.0, 'w_flip': 200.0, 'w_pen': 50.0}",0.26001705029838024,0.29752770673486784,0.7252822171219355,0.4975790324569015,1.0
"{'lr': 0.0001, 'gamma': 0.5, 'batch_size': 64, 'hidden_dim': 512, 'w_tox': 200.0, 'w_flip': 300.0, 'w_pen': 25.0}",0.2549019607843137,0.27621483375959077,0.7395967243655551,0.4874037237564685,1.0
"{'lr': 0.0001, 'gamma': 0.5, 'batch_size': 64, 'hidden_dim': 512, 'w_tox': 200.0, 'w_flip': 300.0, 'w_pen': 50.0}",0.3103154305200341,0.34612105711849955,0.7264768735052755,0.4729393269041453,1.0
"{'lr': 0.0001, 'gamma': 0.5, 'batch_size': 64, 'hidden_dim': 1024, 'w_tox': 100.0, 'w_flip': 150.0, 'w_pen': 25.0}",0.2958226768968457,0.3248081841432225,0.7383550794055501,0.5127804610755127,1.0
"{'lr': 0.0001, 'gamma': 0.5, 'batch_size': 64, 'hidden_dim': 1024, 'w_tox': 100.0, 'w_flip': 150.0, 'w_pen': 50.0}",0.216538789428815,0.23955669224211423,0.7533882295434406,0.5016757909693255,1.0
"{'lr': 0.0001, 'gamma': 0.5, 'batch_size': 64, 'hidden_dim': 1024, 'w_tox': 100.0, 'w_flip': 200.0, 'w_pen': 25.0}",0.27195225916453536,0.3009377664109122,0.7332749635554799,0.40722887961722637,1.0
"{'lr': 0.0001, 'gamma': 0.5, 'batch_size': 64, 'hidden_dim': 1024, 'w_tox': 100.0, 'w_flip': 200.0, 'w_pen': 50.0}",0.2549019607843137,0.28388746803069054,0.7304561172962729,0.4416496683754627,1.0
"{'lr': 0.0001, 'gamma': 0.5, 'batch_size': 64, 'hidden_dim': 1024, 'w_tox': 100.0, 'w_flip': 300.0, 'w_pen': 25.0}",0.24296675191815856,0.2651321398124467,0.742884438310705,0.4951383213210772,1.0
"{'lr': 0.0001, 'gamma': 0.5, 'batch_size': 64, 'hidden_dim': 1024, 'w_tox': 100.0, 'w_flip': 300.0, 'w_pen': 50.0}",0.19948849104859334,0.21142369991474852,0.7534098262958916,0.4214078813289153,1.0
"{'lr': 0.0001, 'gamma': 0.5, 'batch_size': 64, 'hidden_dim': 1024, 'w_tox': 150.0, 'w_flip': 150.0, 'w_pen': 25.0}",0.1867007672634271,0.20545609548167093,0.7385113520107868,0.4385915268782221,1.0
"{'lr': 0.0001, 'gamma': 0.5, 'batch_size': 64, 'hidden_dim': 1024, 'w_tox': 150.0, 'w_flip': 150.0, 'w_pen': 50.0}",0.2591645353793691,0.2898550724637681,0.727297815111625,0.44899012476118166,1.0
"{'lr': 0.0001, 'gamma': 0.5, 'batch_size': 64, 'hidden_dim': 1024, 'w_tox': 150.0, 'w_flip': 200.0, 'w_pen': 25.0}",0.26854219948849106,0.29923273657289,0.7369544087115252,0.4682462927062691,1.0
"{'lr': 0.0001, 'gamma': 0.5, 'batch_size': 64, 'hidden_dim': 1024, 'w_tox': 150.0, 'w_flip': 200.0, 'w_pen': 50.0}",0.21568627450980393,0.2361466325660699,0.7471604958694964,0.5404569645524664,1.0
"{'lr': 0.0001, 'gamma': 0.5, 'batch_size': 64, 'hidden_dim': 1024, 'w_tox': 150.0, 'w_flip': 300.0, 'w_pen': 25.0}",0.2847399829497016,0.31628303495311166,0.7293919547631035,0.49206666886473405,1.0
"{'lr': 0.0001, 'gamma': 0.5, 'batch_size': 64, 'hidden_dim': 1024, 'w_tox': 150.0, 'w_flip': 300.0, 'w_pen': 50.0}",0.27195225916453536,0.3069053708439898,0.731494797453843,0.5026950196333634,1.0
"{'lr': 0.0001, 'gamma': 0.5, 'batch_size': 64, 'hidden_dim': 1024, 'w_tox': 200.0, 'w_flip': 150.0, 'w_pen': 25.0}",0.27877237851662406,0.30861040068201195,0.7337336619833973,0.47658114149612685,1.0
"{'lr': 0.0001, 'gamma': 0.5, 'batch_size': 64, 'hidden_dim': 1024, 'w_tox': 200.0, 'w_flip': 150.0, 'w_pen': 50.0}",0.2506393861892583,0.2804774083546462,0.7323359532945889,0.4524291092429308,1.0
"{'lr': 0.0001, 'gamma': 0.5, 'batch_size': 64, 'hidden_dim': 1024, 'w_tox': 200.0, 'w_flip': 200.0, 'w_pen': 25.0}",0.20375106564364875,0.22762148337595908,0.7386677622901212,0.44457373566665803,1.0
"{'lr': 0.0001, 'gamma': 0.5, 'batch_size': 64, 'hidden_dim': 1024, 'w_tox': 200.0, 'w_flip': 200.0, 'w_pen': 50.0}",0.2710997442455243,0.3154305200341006,0.7176675040499608,0.5518213957165047,1.0
"{'lr': 0.0001, 'gamma': 0.5, 'batch_size': 64, 'hidden_dim': 1024, 'w_tox': 200.0, 'w_flip': 300.0, 'w_pen': 25.0}",0.29752770673486784,0.33844842284739984,0.7322419972977529,0.5345342258008431,1.0
"{'lr': 0.0001, 'gamma': 0.5, 'batch_size': 64, 'hidden_dim': 1024, 'w_tox': 200.0, 'w_flip': 300.0, 'w_pen': 50.0}",0.257459505541347,0.29411764705882354,0.7255836577797008,0.48662293537629714,1.0
"{'lr': 0.0001, 'gamma': 0.5, 'batch_size': 128, 'hidden_dim': 256, 'w_tox': 100.0, 'w_flip': 150.0, 'w_pen': 25.0}",0.20375106564364875,0.21994884910485935,0.7543056423913019,0.5408542308302074,1.0
"{'lr': 0.0001, 'gamma': 0.5, 'batch_size': 128, 'hidden_dim': 256, 'w_tox': 100.0, 'w_flip': 150.0, 'w_pen': 50.0}",0.2259164535379369,0.24381926683716965,0.7576213634630999,0.5330945629883517,1.0
"{'lr': 0.0001, 'gamma': 0.5, 'batch_size': 128, 'hidden_dim': 256, 'w_tox': 100.0, 'w_flip': 200.0, 'w_pen': 25.0}",0.17902813299232737,0.19522591645353793,0.7525971392441266,0.467550803546083,1.0
"{'lr': 0.0001, 'gamma': 0.5, 'batch_size': 128, 'hidden_dim': 256, 'w_tox': 100.0, 'w_flip': 200.0, 'w_pen': 50.0}",0.1824381926683717,0.19522591645353793,0.749742732350421,0.3836602770732335,1.0
"{'lr': 0.0001, 'gamma': 0.5, 'batch_size': 128, 'hidden_dim': 256, 'w_tox': 100.0, 'w_flip': 300.0, 'w_pen': 25.0}",0.20375106564364875,0.21739130434782608,0.7537386341557639,0.4489035856735663,1.0
"{'lr': 0.0001, 'gamma': 0.5, 'batch_size': 128, 'hidden_dim': 256, 'w_tox': 100.0, 'w_flip': 300.0, 'w_pen': 50.0}",0.21227621483375958,0.22762148337595908,0.7479828323154116,0.46251039157595514,1.0
"{'lr': 0.0001, 'gamma': 0.5, 'batch_size': 128, 'hidden_dim': 256, 'w_tox': 150.0, 'w_flip': 150.0, 'w_pen': 25.0}",0.2216538789428815,0.23273657289002558,0.7545355187383885,0.48983608928109124,1.0
"{'lr': 0.0001, 'gamma': 0.5, 'batch_size': 128, 'hidden_dim': 256, 'w_tox': 150.0, 'w_flip': 150.0, 'w_pen': 50.0}",0.2668371696504689,0.2958226768968457,0.7375032892031903,0.5739512754534334,1.0
"{'lr': 0.0001, 'gamma': 0.5, 'batch_size': 128, 'hidden_dim': 256, 'w_tox': 150.0, 'w_flip': 200.0, 'w_pen': 25.0}",0.2966751918158568,0.3358908780903666,0.7171176601463949,0.5202169925761329,1.0
"{'lr': 0.0001, 'gamma': 0.5, 'batch_size': 128, 'hidden_dim': 256, 'w_tox': 150.0, 'w_flip': 200.0, 'w_pen': 50.0}",0.22847399829497017,0.2531969309462916,0.7385968840410891,0.4562907229887748,1.0
"{'lr': 0.0001, 'gamma': 0.5, 'batch_size': 128, 'hidden_dim': 256, 'w_tox': 150.0, 'w_flip': 300.0, 'w_pen': 25.0}",0.21568627450980393,0.22932651321398123,0.7635064923221485,0.4723694945027263,1.0
"{'lr': 0.0001, 'gamma': 0.5, 'batch_size': 128, 'hidden_dim': 256, 'w_tox': 150.0, 'w_flip': 300.0, 'w_pen': 50.0}",0.21824381926683717,0.23785166240409208,0.7573645492261937,0.49356612541307865,1.0
"{'lr': 0.0001, 'gamma': 0.5, 'batch_size': 128, 'hidden_dim': 256, 'w_tox': 200.0, 'w_flip': 150.0, 'w_pen': 25.0}",0.25404944586530265,0.29241261722080136,0.7238915109218284,0.5233101242728059,1.0
"{'lr': 0.0001, 'gamma': 0.5, 'batch_size': 128, 'hidden_dim': 256, 'w_tox': 200.0, 'w_flip': 150.0, 'w_pen': 50.0}",0.3103154305200341,0.35294117647058826,0.7268451948375999,0.5728227205734441,1.0
"{'lr': 0.0001, 'gamma': 0.5, 'batch_size': 128, 'hidden_dim': 256, 'w_tox': 200.0, 'w_flip': 200.0, 'w_pen': 25.0}",0.30008525149190113,0.3307757885763001,0.7292914836131871,0.5343491074479861,1.0
"{'lr': 0.0001, 'gamma': 0.5, 'batch_size': 128, 'hidden_dim': 256, 'w_tox': 200.0, 'w_flip': 200.0, 'w_pen': 50.0}",0.2668371696504689,0.2864450127877238,0.7472715762816511,0.598833224152212,1.0
"{'lr': 0.0001, 'gamma': 0.5, 'batch_size': 128, 'hidden_dim': 256, 'w_tox': 200.0, 'w_flip': 300.0, 'w_pen': 25.0}",0.2710997442455243,0.30264279624893436,0.741830247043451,0.542086627837194,1.0
"{'lr': 0.0001, 'gamma': 0.5, 'batch_size': 128, 'hidden_dim': 256, 'w_tox': 200.0, 'w_flip': 300.0, 'w_pen': 50.0}",0.2531969309462916,0.2796248934356351,0.7479112898541048,0.5204532233311018,1.0
"{'lr': 0.0001, 'gamma': 0.5, 'batch_size': 128, 'hidden_dim': 512, 'w_tox': 100.0, 'w_flip': 150.0, 'w_pen': 25.0}",0.29411764705882354,0.3205456095481671,0.7351464045930902,0.4613149320906454,1.0
"{'lr': 0.0001, 'gamma': 0.5, 'batch_size': 128, 'hidden_dim': 512, 'w_tox': 100.0, 'w_flip': 150.0, 'w_pen': 50.0}",0.2753623188405797,0.3034953111679454,0.7407237418887387,0.4906422167801971,1.0
"{'lr': 0.0001, 'gamma': 0.5, 'batch_size': 128, 'hidden_dim': 512, 'w_tox': 100.0, 'w_flip': 200.0, 'w_pen': 25.0}",0.2566069906223359,0.2872975277067349,0.7389250790090421,0.4769747471561154,1.0
"{'lr': 0.0001, 'gamma': 0.5, 'batch_size': 128, 'hidden_dim': 512, 'w_tox': 100.0, 'w_flip': 200.0, 'w_pen': 50.0}",0.22932651321398123,0.2617220801364024,0.7381050005933327,0.5115017976918285,1.0
"{'lr': 0.0001, 'gamma': 0.5, 'batch_size': 128, 'hidden_dim': 512, 'w_tox': 100.0, 'w_flip': 300.0, 'w_pen': 25.0}",0.21994884910485935,0.24040920716112532,0.751815662195935,0.47077077218673585,1.0
"{'lr': 0.0001, 'gamma': 0.5, 'batch_size': 128, 'hidden_dim': 512, 'w_tox': 100.0, 'w_flip': 300.0, 'w_pen': 50.0}",0.18499573742540495,0.20630861040068202,0.7449785458919103,0.38568784931361294,1.0
"{'lr': 0.0001, 'gamma': 0.5, 'batch_size': 128, 'hidden_dim': 512, 'w_tox': 150.0, 'w_flip': 150.0, 'w_pen': 25.0}",0.1773231031543052,0.19522591645353793,0.749992097632157,0.4431162541431012,1.0
"{'lr': 0.0001, 'gamma': 0.5, 'batch_size': 128, 'hidden_dim': 512, 'w_tox': 150.0, 'w_flip': 150.0, 'w_pen': 50.0}",0.2804774083546462,0.31287297527706737,0.730570440364432,0.4805091892537877,1.0
"{'lr': 0.0001, 'gamma': 0.5, 'batch_size': 128, 'hidden_dim': 512, 'w_tox': 150.0, 'w_flip': 200.0, 'w_pen': 25.0}",0.26001705029838024,0.2907075873827792,0.7285808014527433,0.47545687170949386,1.0
"{'lr': 0.0001, 'gamma': 0.5, 'batch_size': 128, 'hidden_dim': 512, 'w_tox': 150.0, 'w_flip': 200.0, 'w_pen': 50.0}",0.1926683716965047,0.20971867007672634,0.7571720589211713,0.44045085881594254,1.0
"{'lr': 0.0001, 'gamma': 0.5, 'batch_size': 128, 'hidden_dim': 512, 'w_tox': 150.0, 'w_flip': 300.0, 'w_pen': 25.0}",0.21142369991474852,0.22847399829497017,0.7502652002105501,0.4982858098960296,1.0
"{'lr': 0.0001, 'gamma': 0.5, 'batch_size': 128, 'hidden_dim': 512, 'w_tox': 150.0, 'w_flip': 300.0, 'w_pen': 50.0}",0.2028985507246377,0.22506393861892582,0.7513680817374159,0.4961897307628145,1.0
"{'lr': 0.0001, 'gamma': 0.5, 'batch_size': 128, 'hidden_dim': 512, 'w_tox': 200.0, 'w_flip': 150.0, 'w_pen': 25.0}",0.18329070758738278,0.19948849104859334,0.7472676223380883,0.487100094753049,1.0
"{'lr': 0.0001, 'gamma': 0.5, 'batch_size': 128, 'hidden_dim': 512, 'w_tox': 200.0, 'w_flip': 150.0, 'w_pen': 50.0}",0.19863597612958228,0.21739130434782608,0.7558034722180292,0.5161709448352628,1.0
"{'lr': 0.0001, 'gamma': 0.5, 'batch_size': 128, 'hidden_dim': 512, 'w_tox': 200.0, 'w_flip': 200.0, 'w_pen': 25.0}",0.30861040068201195,0.35208866155157714,0.7265770269971732,0.5573437719546576,1.0
"{'lr': 0.0001, 'gamma': 0.5, 'batch_size': 128, 'hidden_dim': 512, 'w_tox': 200.0, 'w_flip': 200.0, 'w_pen': 50.0}",0.24040920716112532,0.26427962489343565,0.746907580524996,0.44107756696532074,1.0
"{'lr': 0.0001, 'gamma': 0.5, 'batch_size': 128, 'hidden_dim': 512, 'w_tox': 200.0, 'w_flip': 300.0, 'w_pen': 25.0}",0.2208013640238704,0.24467178175618073,0.7481653820835777,0.5188712501657871,1.0
"{'lr': 0.0001, 'gamma': 0.5, 'batch_size': 128, 'hidden_dim': 512, 'w_tox': 200.0, 'w_flip': 300.0, 'w_pen': 50.0}",0.21568627450980393,0.2310315430520034,0.7567484122142724,0.5077626286124427,1.0
"{'lr': 0.0001, 'gamma': 0.5, 'batch_size': 128, 'hidden_dim': 1024, 'w_tox': 100.0, 'w_flip': 150.0, 'w_pen': 25.0}",0.22506393861892582,0.24978687127024723,0.7382381239786723,0.45472893264524217,1.0
"{'lr': 0.0001, 'gamma': 0.5, 'batch_size': 128, 'hidden_dim': 1024, 'w_tox': 100.0, 'w_flip': 150.0, 'w_pen': 50.0}",0.23785166240409208,0.2617220801364024,0.7396224499387148,0.4318079631889343,1.0
"{'lr': 0.0001, 'gamma': 0.5, 'batch_size': 128, 'hidden_dim': 1024, 'w_tox': 100.0, 'w_flip': 200.0, 'w_pen': 25.0}",0.2915601023017903,0.3290707587382779,0.732856985447119,0.5558918563668926,1.0
"{'lr': 0.0001, 'gamma': 0.5, 'batch_size': 128, 'hidden_dim': 1024, 'w_tox': 100.0, 'w_flip': 200.0, 'w_pen': 50.0}",0.23444160272804773,0.2625745950554135,0.7312371781598028,0.37815551592932717,1.0
"{'lr': 0.0001, 'gamma': 0.5, 'batch_size': 128, 'hidden_dim': 1024, 'w_tox': 100.0, 'w_flip': 300.0, 'w_pen': 25.0}",0.20971867007672634,0.2259164535379369,0.7471597254616987,0.37213551049813254,1.0
"{'lr': 0.0001, 'gamma': 0.5, 'batch_size': 128, 'hidden_dim': 1024, 'w_tox': 100.0, 'w_flip': 300.0, 'w_pen': 50.0}",0.2412617220801364,0.26427962489343565,0.7343349246919685,0.4224757175988069,1.0
"{'lr': 0.0001, 'gamma': 0.5, 'batch_size': 128, 'hidden_dim': 1024, 'w_tox': 150.0, 'w_flip': 150.0, 'w_pen': 25.0}",0.22762148337595908,0.2514919011082694,0.735921464470161,0.47198174999963977,1.0
"{'lr': 0.0001, 'gamma': 0.5, 'batch_size': 128, 'hidden_dim': 1024, 'w_tox': 150.0, 'w_flip': 150.0, 'w_pen': 50.0}",0.2310315430520034,0.25234441602728047,0.7541884925980085,0.44636048217345237,1.0
"{'lr': 0.0001, 'gamma': 0.5, 'batch_size': 128, 'hidden_dim': 1024, 'w_tox': 150.0, 'w_flip': 200.0, 'w_pen': 25.0}",0.2710997442455243,0.29752770673486784,0.7386404971447922,0.4820457143757116,1.0
"{'lr': 0.0001, 'gamma': 0.5, 'batch_size': 128, 'hidden_dim': 1024, 'w_tox': 150.0, 'w_flip': 200.0, 'w_pen': 50.0}",0.20630861040068202,0.22506393861892582,0.7484782273052202,0.45538425363493373,1.0
"{'lr': 0.0001, 'gamma': 0.5, 'batch_size': 128, 'hidden_dim': 1024, 'w_tox': 150.0, 'w_flip': 300.0, 'w_pen': 25.0}",0.23955669224211423,0.26854219948849106,0.7392029611025211,0.4143234801609205,1.0
"{'lr': 0.0001, 'gamma': 0.5, 'batch_size': 128, 'hidden_dim': 1024, 'w_tox': 150.0, 'w_flip': 300.0, 'w_pen': 50.0}",0.19011082693947143,0.19948849104859334,0.7669647487590169,0.4332266700049264,1.0
"{'lr': 0.0001, 'gamma': 0.5, 'batch_size': 128, 'hidden_dim': 1024, 'w_tox': 200.0, 'w_flip': 150.0, 'w_pen': 25.0}",0.26342710997442453,0.3009377664109122,0.730178612426124,0.5078251424190477,1.0
"{'lr': 0.0001, 'gamma': 0.5, 'batch_size': 128, 'hidden_dim': 1024, 'w_tox': 200.0, 'w_flip': 150.0, 'w_pen': 50.0}",0.22335890878090367,0.24467178175618073,0.748850945528877,0.5062232082146216,1.0
"{'lr': 0.0001, 'gamma': 0.5, 'batch_size': 128, 'hidden_dim': 1024, 'w_tox': 200.0, 'w_flip': 200.0, 'w_pen': 25.0}",0.26427962489343565,0.30179028132992325,0.7279435309793842,0.48315982561240733,1.0
"{'lr': 0.0001, 'gamma': 0.5, 'batch_size': 128, 'hidden_dim': 1024, 'w_tox': 200.0, 'w_flip': 200.0, 'w_pen': 50.0}",0.23358908780903667,0.25831202046035806,0.7375726626106611,0.44901107145668734,1.0
"{'lr': 0.0001, 'gamma': 0.5, 'batch_size': 128, 'hidden_dim': 1024, 'w_tox': 200.0, 'w_flip': 300.0, 'w_pen': 25.0}",0.2847399829497016,0.31798806479113384,0.7287297071950806,0.5631987220288229,1.0
"{'lr': 0.0001, 'gamma': 0.5, 'batch_size': 128, 'hidden_dim': 1024, 'w_tox': 200.0, 'w_flip': 300.0, 'w_pen': 50.0}",0.22932651321398123,0.2514919011082694,0.7367813675233649,0.3995961341353224,1.0
"{'lr': 0.0001, 'gamma': 0.9, 'batch_size': 64, 'hidden_dim': 256, 'w_tox': 100.0, 'w_flip': 150.0, 'w_pen': 25.0}",0.29241261722080136,0.3333333333333333,0.7265827283953638,0.5050057453327921,1.0
"{'lr': 0.0001, 'gamma': 0.9, 'batch_size': 64, 'hidden_dim': 256, 'w_tox': 100.0, 'w_flip': 150.0, 'w_pen': 50.0}",0.23017902813299232,0.2557544757033248,0.7517491687324066,0.49987854644172924,1.0
"{'lr': 0.0001, 'gamma': 0.9, 'batch_size': 64, 'hidden_dim': 256, 'w_tox': 100.0, 'w_flip': 200.0, 'w_pen': 25.0}",0.2770673486786019,0.3034953111679454,0.7422725873520517,0.48870776401373545,1.0
"{'lr': 0.0001, 'gamma': 0.9, 'batch_size': 64, 'hidden_dim': 256, 'w_tox': 100.0, 'w_flip': 200.0, 'w_pen': 50.0}",0.24893435635123615,0.27621483375959077,0.7379898184899035,0.5866681882901456,1.0
"{'lr': 0.0001, 'gamma': 0.9, 'batch_size': 64, 'hidden_dim': 256, 'w_tox': 100.0, 'w_flip': 300.0, 'w_pen': 25.0}",0.20886615515771526,0.22932651321398123,0.7436189782793157,0.4373999664873895,1.0
"{'lr': 0.0001, 'gamma': 0.9, 'batch_size': 64, 'hidden_dim': 256, 'w_tox': 100.0, 'w_flip': 300.0, 'w_pen': 50.0}",0.2855924978687127,0.3154305200341006,0.7385784857455033,0.5649601931457678,1.0
"{'lr': 0.0001, 'gamma': 0.9, 'batch_size': 64, 'hidden_dim': 256, 'w_tox': 150.0, 'w_flip': 150.0, 'w_pen': 25.0}",0.15942028985507245,0.17050298380221654,0.7536220519602872,0.4404707124633973,1.0
"{'lr': 0.0001, 'gamma': 0.9, 'batch_size': 64, 'hidden_dim': 256, 'w_tox': 150.0, 'w_flip': 150.0, 'w_pen': 50.0}",0.20460358056265984,0.22421142369991476,0.7456959682059143,0.4909962616204829,1.0
"{'lr': 0.0001, 'gamma': 0.9, 'batch_size': 64, 'hidden_dim': 256, 'w_tox': 150.0, 'w_flip': 200.0, 'w_pen': 25.0}",0.21909633418584826,0.23273657289002558,0.764420395654282,0.5011616853580574,1.0
"{'lr': 0.0001, 'gamma': 0.9, 'batch_size': 64, 'hidden_dim': 256, 'w_tox': 150.0, 'w_flip': 200.0, 'w_pen': 50.0}",0.15601023017902813,0.16624040920716113,0.7554036097038986,0.4250046981927509,1.0
"{'lr': 0.0001, 'gamma': 0.9, 'batch_size': 64, 'hidden_dim': 256, 'w_tox': 150.0, 'w_flip': 300.0, 'w_pen': 25.0}",0.2463768115942029,0.2659846547314578,0.7554891537435514,0.4963799937063751,1.0
"{'lr': 0.0001, 'gamma': 0.9, 'batch_size': 64, 'hidden_dim': 256, 'w_tox': 150.0, 'w_flip': 300.0, 'w_pen': 50.0}",0.27621483375959077,0.3111679454390452,0.7247352522773747,0.4824195174919522,1.0
"{'lr': 0.0001, 'gamma': 0.9, 'batch_size': 64, 'hidden_dim': 256, 'w_tox': 200.0, 'w_flip': 150.0, 'w_pen': 25.0}",0.23273657289002558,0.2591645353793691,0.7426213411267129,0.476209568507125,1.0
"{'lr': 0.0001, 'gamma': 0.9, 'batch_size': 64, 'hidden_dim': 256, 'w_tox': 200.0, 'w_flip': 150.0, 'w_pen': 50.0}",0.28815004262574595,0.3213981244671782,0.7273007480159315,0.4778406717035034,1.0
"{'lr': 0.0001, 'gamma': 0.9, 'batch_size': 64, 'hidden_dim': 256, 'w_tox': 200.0, 'w_flip': 200.0, 'w_pen': 25.0}",0.2549019607843137,0.2796248934356351,0.7511320611218418,0.5400140666615784,1.0
"{'lr': 0.0001, 'gamma': 0.9, 'batch_size': 64, 'hidden_dim': 256, 'w_tox': 200.0, 'w_flip': 200.0, 'w_pen': 50.0}",0.1875532821824382,0.20375106564364875,0.7491316837490254,0.4501108825420794,1.0
"{'lr': 0.0001, 'gamma': 0.9, 'batch_size': 64, 'hidden_dim': 256, 'w_tox': 200.0, 'w_flip': 300.0, 'w_pen': 25.0}",0.1773231031543052,0.18925831202046037,0.758171154427408,0.4486224787315967,1.0
"{'lr': 0.0001, 'gamma': 0.9, 'batch_size': 64, 'hidden_dim': 256, 'w_tox': 200.0, 'w_flip': 300.0, 'w_pen': 50.0}",0.21568627450980393,0.22847399829497017,0.7585483601400327,0.45633448779172187,1.0
"{'lr': 0.0001, 'gamma': 0.9, 'batch_size': 64, 'hidden_dim': 512, 'w_tox': 100.0, 'w_flip': 150.0, 'w_pen': 25.0}",0.2949701619778346,0.3307757885763001,0.7292358133598694,0.5047411914239068,1.0
"{'lr': 0.0001, 'gamma': 0.9, 'batch_size': 64, 'hidden_dim': 512, 'w_tox': 100.0, 'w_flip': 150.0, 'w_pen': 50.0}",0.28388746803069054,0.31798806479113384,0.7351419459070289,0.4637404674293757,1.0
"{'lr': 0.0001, 'gamma': 0.9, 'batch_size': 64, 'hidden_dim': 512, 'w_tox': 100.0, 'w_flip': 200.0, 'w_pen': 25.0}",0.26768968456947995,0.2949701619778346,0.7336320951578381,0.4991584397773891,1.0
"{'lr': 0.0001, 'gamma': 0.9, 'batch_size': 64, 'hidden_dim': 512, 'w_tox': 100.0, 'w_flip': 200.0, 'w_pen': 50.0}",0.2796248934356351,0.32651321398124467,0.713814156878519,0.5467029302527012,1.0
"{'lr': 0.0001, 'gamma': 0.9, 'batch_size': 64, 'hidden_dim': 512, 'w_tox': 100.0, 'w_flip': 300.0, 'w_pen': 25.0}",0.28388746803069054,0.31628303495311166,0.7320670224393295,0.4809018383679989,1.0
"{'lr': 0.0001, 'gamma': 0.9, 'batch_size': 64, 'hidden_dim': 512, 'w_tox': 100.0, 'w_flip': 300.0, 'w_pen': 50.0}",0.2728047740835465,0.3154305200341006,0.7217289650764683,0.490321424797282,1.0
"{'lr': 0.0001, 'gamma': 0.9, 'batch_size': 64, 'hidden_dim': 512, 'w_tox': 150.0, 'w_flip': 150.0, 'w_pen': 25.0}",0.27450980392156865,0.3145780051150895,0.7247549152035714,0.4689502503289664,1.0
"{'lr': 0.0001, 'gamma': 0.9, 'batch_size': 64, 'hidden_dim': 512, 'w_tox': 150.0, 'w_flip': 150.0, 'w_pen': 50.0}",0.28388746803069054,0.3137254901960784,0.7277665457906916,0.5325846719124192,1.0
"{'lr': 0.0001, 'gamma': 0.9, 'batch_size': 64, 'hidden_dim': 512, 'w_tox': 150.0, 'w_flip': 200.0, 'w_pen': 25.0}",0.20545609548167093,0.21824381926683717,0.754021374796054,0.48470011342484537,1.0
"{'lr': 0.0001, 'gamma': 0.9, 'batch_size': 64, 'hidden_dim': 512, 'w_tox': 150.0, 'w_flip': 200.0, 'w_pen': 50.0}",0.3009377664109122,0.34271099744245526,0.7232721309283859,0.5712819898006968,1.0
"{'lr': 0.0001, 'gamma': 0.9, 'batch_size': 64, 'hidden_dim': 512, 'w_tox': 150.0, 'w_flip': 300.0, 'w_pen': 25.0}",0.2915601023017903,0.3213981244671782,0.7272890728650101,0.5133458160479497,1.0
"{'lr': 0.0001, 'gamma': 0.9, 'batch_size': 64, 'hidden_dim': 512, 'w_tox': 150.0, 'w_flip': 300.0, 'w_pen': 50.0}",0.2668371696504689,0.2949701619778346,0.7349256462720668,0.4850133592188705,1.0
"{'lr': 0.0001, 'gamma': 0.9, 'batch_size': 64, 'hidden_dim': 512, 'w_tox': 200.0, 'w_flip': 150.0, 'w_pen': 25.0}",0.30861040068201195,0.34441602728047743,0.7334493444027514,0.5537005890543854,1.0
"{'lr': 0.0001, 'gamma': 0.9, 'batch_size': 64, 'hidden_dim': 512, 'w_tox': 200.0, 'w_flip': 150.0, 'w_pen': 50.0}",0.25404944586530265,0.30008525149190113,0.7150304113296152,0.4973911811892098,1.0
"{'lr': 0.0001, 'gamma': 0.9, 'batch_size': 64, 'hidden_dim': 512, 'w_tox': 200.0, 'w_flip': 200.0, 'w_pen': 25.0}",0.3052003410059676,0.34185848252344414,0.7262103404793049,0.5264062245346806,1.0
"{'lr': 0.0001, 'gamma': 0.9, 'batch_size': 64, 'hidden_dim': 512, 'w_tox': 200.0, 'w_flip': 200.0, 'w_pen': 50.0}",0.2770673486786019,0.319693094629156,0.723200632364708,0.5247877985318965,1.0
"{'lr': 0.0001, 'gamma': 0.9, 'batch_size': 64, 'hidden_dim': 512, 'w_tox': 200.0, 'w_flip': 300.0, 'w_pen': 25.0}",0.2651321398124467,0.29411764705882354,0.724856550780908,0.4876606723748465,1.0
"{'lr': 0.0001, 'gamma': 0.9, 'batch_size': 64, 'hidden_dim': 512, 'w_tox': 200.0, 'w_flip': 300.0, 'w_pen': 50.0}",0.2958226768968457,0.3358908780903666,0.7237128181469868,0.5010340069394339,1.0
"{'lr': 0.0001, 'gamma': 0.9, 'batch_size': 64, 'hidden_dim': 1024, 'w_tox': 100.0, 'w_flip': 150.0, 'w_pen': 25.0}",0.26854219948849106,0.2966751918158568,0.7382852438899994,0.4323766883637873,1.0
"{'lr': 0.0001, 'gamma': 0.9, 'batch_size': 64, 'hidden_dim': 1024, 'w_tox': 100.0, 'w_flip': 150.0, 'w_pen': 50.0}",0.28388746803069054,0.32310315430520037,0.7316061361747527,0.5813582174008196,1.0
"{'lr': 0.0001, 'gamma': 0.9, 'batch_size': 64, 'hidden_dim': 1024, 'w_tox': 100.0, 'w_flip': 200.0, 'w_pen': 25.0}",0.2872975277067349,0.3188405797101449,0.7349157983340681,0.4725247737001181,1.0
"{'lr': 0.0001, 'gamma': 0.9, 'batch_size': 64, 'hidden_dim': 1024, 'w_tox': 100.0, 'w_flip': 200.0, 'w_pen': 50.0}",0.2693947144075021,0.3052003410059676,0.7226453331129704,0.4577347614079741,1.0
"{'lr': 0.0001, 'gamma': 0.9, 'batch_size': 64, 'hidden_dim': 1024, 'w_tox': 100.0, 'w_flip': 300.0, 'w_pen': 25.0}",0.24467178175618073,0.2710997442455243,0.7358730214584441,0.5334930409349268,1.0
"{'lr': 0.0001, 'gamma': 0.9, 'batch_size': 64, 'hidden_dim': 1024, 'w_tox': 100.0, 'w_flip': 300.0, 'w_pen': 50.0}",0.21057118499573743,0.2259164535379369,0.7496573384874337,0.4246836808276715,1.0
"{'lr': 0.0001, 'gamma': 0.9, 'batch_size': 64, 'hidden_dim': 1024, 'w_tox': 150.0, 'w_flip': 150.0, 'w_pen': 25.0}",0.23529411764705882,0.2651321398124467,0.7323747193754723,0.4763192590949181,1.0
"{'lr': 0.0001, 'gamma': 0.9, 'batch_size': 64, 'hidden_dim': 1024, 'w_tox': 150.0, 'w_flip': 150.0, 'w_pen': 50.0}",0.2958226768968457,0.3375959079283887,0.7186589321211084,0.4500748720827612,1.0
"{'lr': 0.0001, 'gamma': 0.9, 'batch_size': 64, 'hidden_dim': 1024, 'w_tox': 150.0, 'w_flip': 200.0, 'w_pen': 25.0}",0.2872975277067349,0.3154305200341006,0.7295754873173401,0.5039419985377358,1.0
"{'lr': 0.0001, 'gamma': 0.9, 'batch_size': 64, 'hidden_dim': 1024, 'w_tox': 150.0, 'w_flip': 200.0, 'w_pen': 50.0}",0.23870417732310314,0.2753623188405797,0.7309405307934725,0.5964437812299622,1.0
"{'lr': 0.0001, 'gamma': 0.9, 'batch_size': 64, 'hidden_dim': 1024, 'w_tox': 150.0, 'w_flip': 300.0, 'w_pen': 25.0}",0.2958226768968457,0.3358908780903666,0.7248099883395343,0.5129294228791805,1.0
"{'lr': 0.0001, 'gamma': 0.9, 'batch_size': 64, 'hidden_dim': 1024, 'w_tox': 150.0, 'w_flip': 300.0, 'w_pen': 50.0}",0.2813299232736573,0.309462915601023,0.7271219407185793,0.4422799815066857,1.0
"{'lr': 0.0001, 'gamma': 0.9, 'batch_size': 64, 'hidden_dim': 1024, 'w_tox': 200.0, 'w_flip': 150.0, 'w_pen': 25.0}",0.27365728900255754,0.3034953111679454,0.728756009662793,0.46169114106639414,1.0
"{'lr': 0.0001, 'gamma': 0.9, 'batch_size': 64, 'hidden_dim': 1024, 'w_tox': 200.0, 'w_flip': 150.0, 'w_pen': 50.0}",0.2566069906223359,0.2830349531116795,0.7336810554865963,0.4786829172211727,1.0
"{'lr': 0.0001, 'gamma': 0.9, 'batch_size': 64, 'hidden_dim': 1024, 'w_tox': 200.0, 'w_flip': 200.0, 'w_pen': 25.0}",0.23358908780903667,0.2668371696504689,0.7276321195312007,0.44321793384828395,1.0
"{'lr': 0.0001, 'gamma': 0.9, 'batch_size': 64, 'hidden_dim': 1024, 'w_tox': 200.0, 'w_flip': 200.0, 'w_pen': 50.0}",0.27365728900255754,0.30861040068201195,0.7295545009388172,0.5407892845842686,1.0
"{'lr': 0.0001, 'gamma': 0.9, 'batch_size': 64, 'hidden_dim': 1024, 'w_tox': 200.0, 'w_flip': 300.0, 'w_pen': 25.0}",0.3188405797101449,0.3546462063086104,0.7359034595307793,0.5199118575827937,1.0
"{'lr': 0.0001, 'gamma': 0.9, 'batch_size': 64, 'hidden_dim': 1024, 'w_tox': 200.0, 'w_flip': 300.0, 'w_pen': 50.0}",0.2566069906223359,0.289002557544757,0.7280096146587952,0.4891491112983808,1.0
"{'lr': 0.0001, 'gamma': 0.9, 'batch_size': 128, 'hidden_dim': 256, 'w_tox': 100.0, 'w_flip': 150.0, 'w_pen': 25.0}",0.20460358056265984,0.21824381926683717,0.7541892724395698,0.5267494115133629,1.0
"{'lr': 0.0001, 'gamma': 0.9, 'batch_size': 128, 'hidden_dim': 256, 'w_tox': 100.0, 'w_flip': 150.0, 'w_pen': 50.0}",0.21739130434782608,0.23785166240409208,0.7539566391209894,0.5286702033680403,1.0
"{'lr': 0.0001, 'gamma': 0.9, 'batch_size': 128, 'hidden_dim': 256, 'w_tox': 100.0, 'w_flip': 200.0, 'w_pen': 25.0}",0.19352088661551578,0.20971867007672634,0.7537514763221114,0.4738687204919033,1.0
"{'lr': 0.0001, 'gamma': 0.9, 'batch_size': 128, 'hidden_dim': 256, 'w_tox': 100.0, 'w_flip': 200.0, 'w_pen': 50.0}",0.19607843137254902,0.20971867007672634,0.7513042235853573,0.4056723448693688,1.0
"{'lr': 0.0001, 'gamma': 0.9, 'batch_size': 128, 'hidden_dim': 256, 'w_tox': 100.0, 'w_flip': 300.0, 'w_pen': 25.0}",0.18414322250639387,0.19863597612958228,0.7484571957888846,0.4268920397356325,1.0
"{'lr': 0.0001, 'gamma': 0.9, 'batch_size': 128, 'hidden_dim': 256, 'w_tox': 100.0, 'w_flip': 300.0, 'w_pen': 50.0}",0.2421142369991475,0.2651321398124467,0.7308851908217713,0.4541288451143056,1.0
"{'lr': 0.0001, 'gamma': 0.9, 'batch_size': 128, 'hidden_dim': 256, 'w_tox': 150.0, 'w_flip': 150.0, 'w_pen': 25.0}",0.22762148337595908,0.23955669224211423,0.7529095682680895,0.49693511632682563,1.0
"{'lr': 0.0001, 'gamma': 0.9, 'batch_size': 128, 'hidden_dim': 256, 'w_tox': 150.0, 'w_flip': 150.0, 'w_pen': 50.0}",0.2770673486786019,0.3069053708439898,0.7329452718017082,0.5764147841045115,1.0
"{'lr': 0.0001, 'gamma': 0.9, 'batch_size': 128, 'hidden_dim': 256, 'w_tox': 150.0, 'w_flip': 200.0, 'w_pen': 25.0}",0.27621483375959077,0.3111679454390452,0.7254504068139513,0.4665729815156738,1.0
"{'lr': 0.0001, 'gamma': 0.9, 'batch_size': 128, 'hidden_dim': 256, 'w_tox': 150.0, 'w_flip': 200.0, 'w_pen': 50.0}",0.21909633418584826,0.24381926683716965,0.7364218534194654,0.4553750918177537,1.0
"{'lr': 0.0001, 'gamma': 0.9, 'batch_size': 128, 'hidden_dim': 256, 'w_tox': 150.0, 'w_flip': 300.0, 'w_pen': 25.0}",0.21483375959079284,0.22762148337595908,0.7622891244816242,0.4696619822432445,1.0
"{'lr': 0.0001, 'gamma': 0.9, 'batch_size': 128, 'hidden_dim': 256, 'w_tox': 150.0, 'w_flip': 300.0, 'w_pen': 50.0}",0.2318840579710145,0.24978687127024723,0.7574806589522489,0.48513834919914695,1.0
"{'lr': 0.0001, 'gamma': 0.9, 'batch_size': 128, 'hidden_dim': 256, 'w_tox': 200.0, 'w_flip': 150.0, 'w_pen': 25.0}",0.24296675191815856,0.26854219948849106,0.7390260776490624,0.5134875461526931,1.0
"{'lr': 0.0001, 'gamma': 0.9, 'batch_size': 128, 'hidden_dim': 256, 'w_tox': 200.0, 'w_flip': 150.0, 'w_pen': 50.0}",0.29838022165387895,0.3333333333333333,0.730404433158412,0.5612321239940083,1.0
"{'lr': 0.0001, 'gamma': 0.9, 'batch_size': 128, 'hidden_dim': 256, 'w_tox': 200.0, 'w_flip': 200.0, 'w_pen': 25.0}",0.3009377664109122,0.3350383631713555,0.7269139309580473,0.5268523078880616,1.0
"{'lr': 0.0001, 'gamma': 0.9, 'batch_size': 128, 'hidden_dim': 256, 'w_tox': 200.0, 'w_flip': 200.0, 'w_pen': 50.0}",0.27195225916453536,0.30179028132992325,0.7306697208579875,0.5904468130008013,1.0
"{'lr': 0.0001, 'gamma': 0.9, 'batch_size': 128, 'hidden_dim': 256, 'w_tox': 200.0, 'w_flip': 300.0, 'w_pen': 25.0}",0.23785166240409208,0.2651321398124467,0.737227987305545,0.5431406840520371,1.0
"{'lr': 0.0001, 'gamma': 0.9, 'batch_size': 128, 'hidden_dim': 256, 'w_tox': 200.0, 'w_flip': 300.0, 'w_pen': 50.0}",0.25404944586530265,0.2847399829497016,0.740380525401191,0.5208684877480332,1.0
"{'lr': 0.0001, 'gamma': 0.9, 'batch_size': 128, 'hidden_dim': 512, 'w_tox': 100.0, 'w_flip': 150.0, 'w_pen': 25.0}",0.3145780051150895,0.35208866155157714,0.7211656862159125,0.47211315808604326,1.0
"{'lr': 0.0001, 'gamma': 0.9, 'batch_size': 128, 'hidden_dim': 512, 'w_tox': 100.0, 'w_flip': 150.0, 'w_pen': 50.0}",0.2693947144075021,0.30264279624893436,0.7305178429417679,0.4959778467826445,1.0
"{'lr': 0.0001, 'gamma': 0.9, 'batch_size': 128, 'hidden_dim': 512, 'w_tox': 100.0, 'w_flip': 200.0, 'w_pen': 25.0}",0.24552429667519182,0.2710997442455243,0.740602019104685,0.46086187849992205,1.0
"{'lr': 0.0001, 'gamma': 0.9, 'batch_size': 128, 'hidden_dim': 512, 'w_tox': 100.0, 'w_flip': 200.0, 'w_pen': 50.0}",0.22932651321398123,0.2608695652173913,0.7317656068066938,0.5230267702302881,1.0
"{'lr': 0.0001, 'gamma': 0.9, 'batch_size': 128, 'hidden_dim': 512, 'w_tox': 100.0, 'w_flip': 300.0, 'w_pen': 25.0}",0.20460358056265984,0.22421142369991476,0.7488623543316273,0.4560749347498538,1.0
"{'lr': 0.0001, 'gamma': 0.9, 'batch_size': 128, 'hidden_dim': 512, 'w_tox': 100.0, 'w_flip': 300.0, 'w_pen': 50.0}",0.2216538789428815,0.23955669224211423,0.7573749091779503,0.4357001122627163,1.0
"{'lr': 0.0001, 'gamma': 0.9, 'batch_size': 128, 'hidden_dim': 512, 'w_tox': 150.0, 'w_flip': 150.0, 'w_pen': 25.0}",0.16112531969309463,0.17476555839727195,0.7565087126738399,0.41577476564243315,1.0
"{'lr': 0.0001, 'gamma': 0.9, 'batch_size': 128, 'hidden_dim': 512, 'w_tox': 150.0, 'w_flip': 150.0, 'w_pen': 50.0}",0.2659846547314578,0.30264279624893436,0.7293278794294574,0.46189326876683906,1.0
"{'lr': 0.0001, 'gamma': 0.9, 'batch_size': 128, 'hidden_dim': 512, 'w_tox': 150.0, 'w_flip': 200.0, 'w_pen': 25.0}",0.2753623188405797,0.3069053708439898,0.7268247915863033,0.5030705224824296,1.0
"{'lr': 0.0001, 'gamma': 0.9, 'batch_size': 128, 'hidden_dim': 512, 'w_tox': 150.0, 'w_flip': 200.0, 'w_pen': 50.0}",0.21398124467178176,0.23358908780903667,0.7516704117915338,0.44734662909449646,1.0
"{'lr': 0.0001, 'gamma': 0.9, 'batch_size': 128, 'hidden_dim': 512, 'w_tox': 150.0, 'w_flip': 300.0, 'w_pen': 25.0}",0.2753623188405797,0.30434782608695654,0.7354564473232432,0.5754396719973517,1.0
"{'lr': 0.0001, 'gamma': 0.9, 'batch_size': 128, 'hidden_dim': 512, 'w_tox': 150.0, 'w_flip': 300.0, 'w_pen': 50.0}",0.22421142369991476,0.25234441602728047,0.7390898424652764,0.5473771066197972,1.0
"{'lr': 0.0001, 'gamma': 0.9, 'batch_size': 128, 'hidden_dim': 512, 'w_tox': 200.0, 'w_flip': 150.0, 'w_pen': 25.0}",0.18329070758738278,0.1977834612105712,0.7549397984333983,0.49390907763017733,1.0
"{'lr': 0.0001, 'gamma': 0.9, 'batch_size': 128, 'hidden_dim': 512, 'w_tox': 200.0, 'w_flip': 150.0, 'w_pen': 50.0}",0.1926683716965047,0.21142369991474852,0.7517059369128257,0.49873907185798233,1.0
"{'lr': 0.0001, 'gamma': 0.9, 'batch_size': 128, 'hidden_dim': 512, 'w_tox': 200.0, 'w_flip': 200.0, 'w_pen': 25.0}",0.3034953111679454,0.3393009377664109,0.7389566135103081,0.5581383673921958,1.0
"{'lr': 0.0001, 'gamma': 0.9, 'batch_size': 128, 'hidden_dim': 512, 'w_tox': 200.0, 'w_flip': 200.0, 'w_pen': 50.0}",0.24808184143222506,0.2710997442455243,0.7472654350180207,0.4515251340189108,1.0
"{'lr': 0.0001, 'gamma': 0.9, 'batch_size': 128, 'hidden_dim': 512, 'w_tox': 200.0, 'w_flip': 300.0, 'w_pen': 25.0}",0.23785166240409208,0.257459505541347,0.7487703460424386,0.5447382436610457,1.0
"{'lr': 0.0001, 'gamma': 0.9, 'batch_size': 128, 'hidden_dim': 512, 'w_tox': 200.0, 'w_flip': 300.0, 'w_pen': 50.0}",0.23785166240409208,0.2566069906223359,0.7470888729685355,0.5240770055361779,1.0
"{'lr': 0.0001, 'gamma': 0.9, 'batch_size': 128, 'hidden_dim': 1024, 'w_tox': 100.0, 'w_flip': 150.0, 'w_pen': 25.0}",0.1875532821824382,0.20375106564364875,0.736886581276977,0.35896791410927054,1.0
"{'lr': 0.0001, 'gamma': 0.9, 'batch_size': 128, 'hidden_dim': 1024, 'w_tox': 100.0, 'w_flip': 150.0, 'w_pen': 50.0}",0.23273657289002558,0.2591645353793691,0.7303626358541526,0.42487732948891527,1.0
"{'lr': 0.0001, 'gamma': 0.9, 'batch_size': 128, 'hidden_dim': 1024, 'w_tox': 100.0, 'w_flip': 200.0, 'w_pen': 25.0}",0.19948849104859334,0.216538789428815,0.7477589350596139,0.3992945331470671,1.0
"{'lr': 0.0001, 'gamma': 0.9, 'batch_size': 128, 'hidden_dim': 1024, 'w_tox': 100.0, 'w_flip': 200.0, 'w_pen': 50.0}",0.21739130434782608,0.24296675191815856,0.7312353048004678,0.3439618745987361,1.0
"{'lr': 0.0001, 'gamma': 0.9, 'batch_size': 128, 'hidden_dim': 1024, 'w_tox': 100.0, 'w_flip': 300.0, 'w_pen': 25.0}",0.20375106564364875,0.22421142369991476,0.7400967365457054,0.3823389229229036,1.0
"{'lr': 0.0001, 'gamma': 0.9, 'batch_size': 128, 'hidden_dim': 1024, 'w_tox': 100.0, 'w_flip': 300.0, 'w_pen': 50.0}",0.21227621483375958,0.236999147485081,0.7409367955089805,0.397037392426339,1.0
"{'lr': 0.0001, 'gamma': 0.9, 'batch_size': 128, 'hidden_dim': 1024, 'w_tox': 150.0, 'w_flip': 150.0, 'w_pen': 25.0}",0.20971867007672634,0.23529411764705882,0.7364065668069097,0.4653179593494185,1.0
"{'lr': 0.0001, 'gamma': 0.9, 'batch_size': 128, 'hidden_dim': 1024, 'w_tox': 150.0, 'w_flip': 150.0, 'w_pen': 50.0}",0.23017902813299232,0.2506393861892583,0.7583533224296458,0.4739996186143113,1.0
"{'lr': 0.0001, 'gamma': 0.9, 'batch_size': 128, 'hidden_dim': 1024, 'w_tox': 150.0, 'w_flip': 200.0, 'w_pen': 25.0}",0.27450980392156865,0.3103154305200341,0.732589274118076,0.5189540535985858,1.0
"{'lr': 0.0001, 'gamma': 0.9, 'batch_size': 128, 'hidden_dim': 1024, 'w_tox': 150.0, 'w_flip': 200.0, 'w_pen': 50.0}",0.21057118499573743,0.2310315430520034,0.7534478715969573,0.49827195151101866,1.0
"{'lr': 0.0001, 'gamma': 0.9, 'batch_size': 128, 'hidden_dim': 1024, 'w_tox': 150.0, 'w_flip': 300.0, 'w_pen': 25.0}",0.2591645353793691,0.2864450127877238,0.734063685220968,0.42686197979875545,1.0
"{'lr': 0.0001, 'gamma': 0.9, 'batch_size': 128, 'hidden_dim': 1024, 'w_tox': 150.0, 'w_flip': 300.0, 'w_pen': 50.0}",0.1926683716965047,0.20460358056265984,0.7608412136302471,0.45629825333197255,1.0
"{'lr': 0.0001, 'gamma': 0.9, 'batch_size': 128, 'hidden_dim': 1024, 'w_tox': 200.0, 'w_flip': 150.0, 'w_pen': 25.0}",0.27195225916453536,0.30605285592497866,0.7345212246425264,0.5066086566086802,1.0
"{'lr': 0.0001, 'gamma': 0.9, 'batch_size': 128, 'hidden_dim': 1024, 'w_tox': 200.0, 'w_flip': 150.0, 'w_pen': 50.0}",0.22421142369991476,0.24978687127024723,0.7453323112350689,0.533746657016607,1.0
"{'lr': 0.0001, 'gamma': 0.9, 'batch_size': 128, 'hidden_dim': 1024, 'w_tox': 200.0, 'w_flip': 200.0, 'w_pen': 25.0}",0.28218243819266836,0.31628303495311166,0.7280855849251832,0.5082567654176887,1.0
"{'lr': 0.0001, 'gamma': 0.9, 'batch_size': 128, 'hidden_dim': 1024, 'w_tox': 200.0, 'w_flip': 200.0, 'w_pen': 50.0}",0.236999147485081,0.2625745950554135,0.745672115947644,0.46915791217135405,1.0
"{'lr': 0.0001, 'gamma': 0.9, 'batch_size': 128, 'hidden_dim': 1024, 'w_tox': 200.0, 'w_flip': 300.0, 'w_pen': 25.0}",0.2796248934356351,0.309462915601023,0.7359298544710448,0.5603743349066875,1.0
"{'lr': 0.0001, 'gamma': 0.9, 'batch_size': 128, 'hidden_dim': 1024, 'w_tox': 200.0, 'w_flip': 300.0, 'w_pen': 50.0}",0.24893435635123615,0.2847399829497016,0.7271803463642128,0.4803708063051584,1.0
"{'lr': 0.0001, 'gamma': 0.99, 'batch_size': 64, 'hidden_dim': 256, 'w_tox': 100.0, 'w_flip': 150.0, 'w_pen': 25.0}",0.29241261722080136,0.3333333333333333,0.7265827288869878,0.5050057453327921,1.0
"{'lr': 0.0001, 'gamma': 0.99, 'batch_size': 64, 'hidden_dim': 256, 'w_tox': 100.0, 'w_flip': 150.0, 'w_pen': 50.0}",0.23017902813299232,0.2557544757033248,0.751749169507267,0.49987854644172924,1.0
"{'lr': 0.0001, 'gamma': 0.99, 'batch_size': 64, 'hidden_dim': 256, 'w_tox': 100.0, 'w_flip': 200.0, 'w_pen': 25.0}",0.2770673486786019,0.3034953111679454,0.7422725872013659,0.48870776401373545,1.0
"{'lr': 0.0001, 'gamma': 0.99, 'batch_size': 64, 'hidden_dim': 256, 'w_tox': 100.0, 'w_flip': 200.0, 'w_pen': 50.0}",0.25831202046035806,0.28218243819266836,0.7528828319205285,0.5917874619322032,1.0
"{'lr': 0.0001, 'gamma': 0.99, 'batch_size': 64, 'hidden_dim': 256, 'w_tox': 100.0, 'w_flip': 300.0, 'w_pen': 25.0}",0.22847399829497017,0.24978687127024723,0.7414711279471619,0.46367204524379496,1.0
"{'lr': 0.0001, 'gamma': 0.99, 'batch_size': 64, 'hidden_dim': 256, 'w_tox': 100.0, 'w_flip': 300.0, 'w_pen': 50.0}",0.2855924978687127,0.3154305200341006,0.7385784864704247,0.5649601931457678,1.0
"{'lr': 0.0001, 'gamma': 0.99, 'batch_size': 64, 'hidden_dim': 256, 'w_tox': 150.0, 'w_flip': 150.0, 'w_pen': 25.0}",0.16965046888320545,0.1824381926683717,0.7543289923597711,0.4541073840932643,1.0
"{'lr': 0.0001, 'gamma': 0.99, 'batch_size': 64, 'hidden_dim': 256, 'w_tox': 150.0, 'w_flip': 150.0, 'w_pen': 50.0}",0.22847399829497017,0.2506393861892583,0.7501002858434893,0.4975056981246646,1.0
"{'lr': 0.0001, 'gamma': 0.99, 'batch_size': 64, 'hidden_dim': 256, 'w_tox': 150.0, 'w_flip': 200.0, 'w_pen': 25.0}",0.1824381926683717,0.19522591645353793,0.7531845653742606,0.45215532651572216,1.0
"{'lr': 0.0001, 'gamma': 0.99, 'batch_size': 64, 'hidden_dim': 256, 'w_tox': 150.0, 'w_flip': 200.0, 'w_pen': 50.0}",0.15430520034100598,0.16453537936913895,0.753386067294006,0.42357717106885295,1.0
"{'lr': 0.0001, 'gamma': 0.99, 'batch_size': 64, 'hidden_dim': 256, 'w_tox': 150.0, 'w_flip': 300.0, 'w_pen': 25.0}",0.2412617220801364,0.2659846547314578,0.7523702148300675,0.5219058894715386,1.0
"{'lr': 0.0001, 'gamma': 0.99, 'batch_size': 64, 'hidden_dim': 256, 'w_tox': 150.0, 'w_flip': 300.0, 'w_pen': 50.0}",0.2753623188405797,0.30861040068201195,0.7231704336072854,0.48707530888371026,1.0
"{'lr': 0.0001, 'gamma': 0.99, 'batch_size': 64, 'hidden_dim': 256, 'w_tox': 200.0, 'w_flip': 150.0, 'w_pen': 25.0}",0.22335890878090367,0.2463768115942029,0.745352715214489,0.48304140383947497,1.0
"{'lr': 0.0001, 'gamma': 0.99, 'batch_size': 64, 'hidden_dim': 256, 'w_tox': 200.0, 'w_flip': 150.0, 'w_pen': 50.0}",0.29838022165387895,0.3273657289002558,0.7302889200943691,0.49055258733770124,1.0
"{'lr': 0.0001, 'gamma': 0.99, 'batch_size': 64, 'hidden_dim': 256, 'w_tox': 200.0, 'w_flip': 200.0, 'w_pen': 25.0}",0.2566069906223359,0.2804774083546462,0.7493430055711581,0.5608663877286334,1.0
"{'lr': 0.0001, 'gamma': 0.99, 'batch_size': 64, 'hidden_dim': 256, 'w_tox': 200.0, 'w_flip': 200.0, 'w_pen': 50.0}",0.1815856777493606,0.1977834612105712,0.746734756024375,0.45432813810229594,1.0
"{'lr': 0.0001, 'gamma': 0.99, 'batch_size': 64, 'hidden_dim': 256, 'w_tox': 200.0, 'w_flip': 300.0, 'w_pen': 25.0}",0.1815856777493606,0.19607843137254902,0.758295012334501,0.45373143487278556,1.0
"{'lr': 0.0001, 'gamma': 0.99, 'batch_size': 64, 'hidden_dim': 256, 'w_tox': 200.0, 'w_flip': 300.0, 'w_pen': 50.0}",0.21824381926683717,0.2310315430520034,0.7575110449962883,0.46192513153178466,1.0
"{'lr': 0.0001, 'gamma': 0.99, 'batch_size': 64, 'hidden_dim': 512, 'w_tox': 100.0, 'w_flip': 150.0, 'w_pen': 25.0}",0.2898550724637681,0.3307757885763001,0.7245434953153292,0.49518421313902306,1.0
"{'lr': 0.0001, 'gamma': 0.99, 'batch_size': 64, 'hidden_dim': 512, 'w_tox': 100.0, 'w_flip': 150.0, 'w_pen': 50.0}",0.2847399829497016,0.3256606990622336,0.7212330036579772,0.42698014861955896,1.0
"{'lr': 0.0001, 'gamma': 0.99, 'batch_size': 64, 'hidden_dim': 512, 'w_tox': 100.0, 'w_flip': 200.0, 'w_pen': 25.0}",0.257459505541347,0.2907075873827792,0.7321659878419915,0.5182074569110094,1.0
"{'lr': 0.0001, 'gamma': 0.99, 'batch_size': 64, 'hidden_dim': 512, 'w_tox': 100.0, 'w_flip': 200.0, 'w_pen': 50.0}",0.27791986359761295,0.32225063938618925,0.7209146640524479,0.5470663256496121,1.0
"{'lr': 0.0001, 'gamma': 0.99, 'batch_size': 64, 'hidden_dim': 512, 'w_tox': 100.0, 'w_flip': 300.0, 'w_pen': 25.0}",0.27024722932651324,0.30605285592497866,0.7283866155275565,0.4729650385500086,1.0
"{'lr': 0.0001, 'gamma': 0.99, 'batch_size': 64, 'hidden_dim': 512, 'w_tox': 100.0, 'w_flip': 300.0, 'w_pen': 50.0}",0.27621483375959077,0.3137254901960784,0.7192891649992899,0.5065327772483927,1.0
"{'lr': 0.0001, 'gamma': 0.99, 'batch_size': 64, 'hidden_dim': 512, 'w_tox': 150.0, 'w_flip': 150.0, 'w_pen': 25.0}",0.27621483375959077,0.31628303495311166,0.7190514260813164,0.4885542010502027,1.0
"{'lr': 0.0001, 'gamma': 0.99, 'batch_size': 64, 'hidden_dim': 512, 'w_tox': 150.0, 'w_flip': 150.0, 'w_pen': 50.0}",0.2710997442455243,0.30179028132992325,0.730003186807981,0.49046439447735807,1.0
"{'lr': 0.0001, 'gamma': 0.99, 'batch_size': 64, 'hidden_dim': 512, 'w_tox': 150.0, 'w_flip': 200.0, 'w_pen': 25.0}",0.21398124467178176,0.23017902813299232,0.7473675064911051,0.5212061342854488,1.0
"{'lr': 0.0001, 'gamma': 0.99, 'batch_size': 64, 'hidden_dim': 512, 'w_tox': 150.0, 'w_flip': 200.0, 'w_pen': 50.0}",0.29752770673486784,0.3410059676044331,0.7302322064560891,0.5797653573915584,1.0
"{'lr': 0.0001, 'gamma': 0.99, 'batch_size': 64, 'hidden_dim': 512, 'w_tox': 150.0, 'w_flip': 300.0, 'w_pen': 25.0}",0.2813299232736573,0.3111679454390452,0.7341938468087551,0.4908699429131622,1.0
"{'lr': 0.0001, 'gamma': 0.99, 'batch_size': 64, 'hidden_dim': 512, 'w_tox': 150.0, 'w_flip': 300.0, 'w_pen': 50.0}",0.26342710997442453,0.29923273657289,0.7317274962448383,0.5014113431307905,1.0
"{'lr': 0.0001, 'gamma': 0.99, 'batch_size': 64, 'hidden_dim': 512, 'w_tox': 200.0, 'w_flip': 150.0, 'w_pen': 25.0}",0.30861040068201195,0.35294117647058826,0.7256892938091982,0.5671251784321749,1.0
"{'lr': 0.0001, 'gamma': 0.99, 'batch_size': 64, 'hidden_dim': 512, 'w_tox': 200.0, 'w_flip': 150.0, 'w_pen': 50.0}",0.2608695652173913,0.29241261722080136,0.725778728056068,0.4740261381045462,1.0
"{'lr': 0.0001, 'gamma': 0.99, 'batch_size': 64, 'hidden_dim': 512, 'w_tox': 200.0, 'w_flip': 200.0, 'w_pen': 25.0}",0.30861040068201195,0.35208866155157714,0.7198897563146,0.5666368908604882,1.0
"{'lr': 0.0001, 'gamma': 0.99, 'batch_size': 64, 'hidden_dim': 512, 'w_tox': 200.0, 'w_flip': 200.0, 'w_pen': 50.0}",0.2813299232736573,0.3145780051150895,0.729370608302441,0.49228658721436025,1.0
"{'lr': 0.0001, 'gamma': 0.99, 'batch_size': 64, 'hidden_dim': 512, 'w_tox': 200.0, 'w_flip': 300.0, 'w_pen': 25.0}",0.2770673486786019,0.309462915601023,0.730760488947012,0.49695122054091556,1.0
"{'lr': 0.0001, 'gamma': 0.99, 'batch_size': 64, 'hidden_dim': 512, 'w_tox': 200.0, 'w_flip': 300.0, 'w_pen': 50.0}",0.3137254901960784,0.3512361466325661,0.7221444983004519,0.4870993562232316,1.0
"{'lr': 0.0001, 'gamma': 0.99, 'batch_size': 64, 'hidden_dim': 1024, 'w_tox': 100.0, 'w_flip': 150.0, 'w_pen': 25.0}",0.257459505541347,0.29241261722080136,0.7257016696707868,0.4392269213738943,1.0
"{'lr': 0.0001, 'gamma': 0.99, 'batch_size': 64, 'hidden_dim': 1024, 'w_tox': 100.0, 'w_flip': 150.0, 'w_pen': 50.0}",0.23785166240409208,0.26342710997442453,0.747949249218375,0.5407381200414332,1.0
"{'lr': 0.0001, 'gamma': 0.99, 'batch_size': 64, 'hidden_dim': 1024, 'w_tox': 100.0, 'w_flip': 200.0, 'w_pen': 25.0}",0.2804774083546462,0.3205456095481671,0.7197846576268733,0.4446160394937563,1.0
"{'lr': 0.0001, 'gamma': 0.99, 'batch_size': 64, 'hidden_dim': 1024, 'w_tox': 100.0, 'w_flip': 200.0, 'w_pen': 50.0}",0.257459505541347,0.2966751918158568,0.7168244177593837,0.5004946249920238,1.0
"{'lr': 0.0001, 'gamma': 0.99, 'batch_size': 64, 'hidden_dim': 1024, 'w_tox': 100.0, 'w_flip': 300.0, 'w_pen': 25.0}",0.2557544757033248,0.289002557544757,0.7312458745680065,0.4952611234181668,1.0
"{'lr': 0.0001, 'gamma': 0.99, 'batch_size': 64, 'hidden_dim': 1024, 'w_tox': 100.0, 'w_flip': 300.0, 'w_pen': 50.0}",0.23444160272804773,0.25831202046035806,0.735722313397064,0.42798025494723674,1.0
"{'lr': 0.0001, 'gamma': 0.99, 'batch_size': 64, 'hidden_dim': 1024, 'w_tox': 150.0, 'w_flip': 150.0, 'w_pen': 25.0}",0.20545609548167093,0.2208013640238704,0.7470562343190974,0.4473045507170525,1.0
"{'lr': 0.0001, 'gamma': 0.99, 'batch_size': 64, 'hidden_dim': 1024, 'w_tox': 150.0, 'w_flip': 150.0, 'w_pen': 50.0}",0.2651321398124467,0.29411764705882354,0.7376230685710307,0.4897944921892006,1.0
"{'lr': 0.0001, 'gamma': 0.99, 'batch_size': 64, 'hidden_dim': 1024, 'w_tox': 150.0, 'w_flip': 200.0, 'w_pen': 25.0}",0.2753623188405797,0.30264279624893436,0.7322616177449951,0.4687099686065814,1.0
"{'lr': 0.0001, 'gamma': 0.99, 'batch_size': 64, 'hidden_dim': 1024, 'w_tox': 150.0, 'w_flip': 200.0, 'w_pen': 50.0}",0.236999147485081,0.26854219948849106,0.7336580348648511,0.5744931796192306,1.0
"{'lr': 0.0001, 'gamma': 0.99, 'batch_size': 64, 'hidden_dim': 1024, 'w_tox': 150.0, 'w_flip': 300.0, 'w_pen': 25.0}",0.2617220801364024,0.2966751918158568,0.7220843443909818,0.4616616059923999,1.0
"{'lr': 0.0001, 'gamma': 0.99, 'batch_size': 64, 'hidden_dim': 1024, 'w_tox': 150.0, 'w_flip': 300.0, 'w_pen': 50.0}",0.26001705029838024,0.2855924978687127,0.7284508433940464,0.4476806255282884,1.0
"{'lr': 0.0001, 'gamma': 0.99, 'batch_size': 64, 'hidden_dim': 1024, 'w_tox': 200.0, 'w_flip': 150.0, 'w_pen': 25.0}",0.2813299232736573,0.3205456095481671,0.7261285425696397,0.5041209821608468,1.0
"{'lr': 0.0001, 'gamma': 0.99, 'batch_size': 64, 'hidden_dim': 1024, 'w_tox': 200.0, 'w_flip': 150.0, 'w_pen': 50.0}",0.24808184143222506,0.2796248934356351,0.7354526935420238,0.4656854906492031,1.0
"{'lr': 0.0001, 'gamma': 0.99, 'batch_size': 64, 'hidden_dim': 1024, 'w_tox': 200.0, 'w_flip': 200.0, 'w_pen': 25.0}",0.2531969309462916,0.2830349531116795,0.731818533032514,0.45656157235230593,1.0
"{'lr': 0.0001, 'gamma': 0.99, 'batch_size': 64, 'hidden_dim': 1024, 'w_tox': 200.0, 'w_flip': 200.0, 'w_pen': 50.0}",0.2728047740835465,0.3069053708439898,0.7293440864290625,0.5629256059467345,1.0
"{'lr': 0.0001, 'gamma': 0.99, 'batch_size': 64, 'hidden_dim': 1024, 'w_tox': 200.0, 'w_flip': 300.0, 'w_pen': 25.0}",0.2966751918158568,0.34271099744245526,0.7208665757438414,0.5029113690999516,1.0
"{'lr': 0.0001, 'gamma': 0.99, 'batch_size': 64, 'hidden_dim': 1024, 'w_tox': 200.0, 'w_flip': 300.0, 'w_pen': 50.0}",0.27450980392156865,0.3137254901960784,0.7256182617699329,0.5248081421538732,1.0
"{'lr': 0.0001, 'gamma': 0.99, 'batch_size': 128, 'hidden_dim': 256, 'w_tox': 100.0, 'w_flip': 150.0, 'w_pen': 25.0}",0.20034100596760443,0.21398124467178176,0.7520047167003049,0.5029549893219516,1.0
"{'lr': 0.0001, 'gamma': 0.99, 'batch_size': 128, 'hidden_dim': 256, 'w_tox': 100.0, 'w_flip': 150.0, 'w_pen': 50.0}",0.21057118499573743,0.23017902813299232,0.7553144802572096,0.5200111829059905,1.0
"{'lr': 0.0001, 'gamma': 0.99, 'batch_size': 128, 'hidden_dim': 256, 'w_tox': 100.0, 'w_flip': 200.0, 'w_pen': 25.0}",0.16624040920716113,0.1824381926683717,0.7420721360237678,0.4273919537146694,1.0
"{'lr': 0.0001, 'gamma': 0.99, 'batch_size': 128, 'hidden_dim': 256, 'w_tox': 100.0, 'w_flip': 200.0, 'w_pen': 50.0}",0.1867007672634271,0.19863597612958228,0.7592803716790939,0.4054372961594993,1.0
"{'lr': 0.0001, 'gamma': 0.99, 'batch_size': 128, 'hidden_dim': 256, 'w_tox': 100.0, 'w_flip': 300.0, 'w_pen': 25.0}",0.20119352088661552,0.216538789428815,0.7515998408266908,0.47973318749962696,1.0
"{'lr': 0.0001, 'gamma': 0.99, 'batch_size': 128, 'hidden_dim': 256, 'w_tox': 100.0, 'w_flip': 300.0, 'w_pen': 50.0}",0.22847399829497017,0.24808184143222506,0.7374386489476373,0.48556256170266987,1.0
"{'lr': 0.0001, 'gamma': 0.99, 'batch_size': 128, 'hidden_dim': 256, 'w_tox': 150.0, 'w_flip': 150.0, 'w_pen': 25.0}",0.226768968456948,0.23870417732310314,0.7511259366317975,0.49549204848227857,1.0
"{'lr': 0.0001, 'gamma': 0.99, 'batch_size': 128, 'hidden_dim': 256, 'w_tox': 150.0, 'w_flip': 150.0, 'w_pen': 50.0}",0.28218243819266836,0.31628303495311166,0.7315466855496008,0.5866277205178039,1.0
"{'lr': 0.0001, 'gamma': 0.99, 'batch_size': 128, 'hidden_dim': 256, 'w_tox': 150.0, 'w_flip': 200.0, 'w_pen': 25.0}",0.2915601023017903,0.3350383631713555,0.7214339374271256,0.528517052388046,1.0
"{'lr': 0.0001, 'gamma': 0.99, 'batch_size': 128, 'hidden_dim': 256, 'w_tox': 150.0, 'w_flip': 200.0, 'w_pen': 50.0}",0.2310315430520034,0.2549019607843137,0.740563445540279,0.49673799197734675,1.0
"{'lr': 0.0001, 'gamma': 0.99, 'batch_size': 128, 'hidden_dim': 256, 'w_tox': 150.0, 'w_flip': 300.0, 'w_pen': 25.0}",0.21398124467178176,0.22932651321398123,0.7633437996066608,0.4687409733518022,1.0
"{'lr': 0.0001, 'gamma': 0.99, 'batch_size': 128, 'hidden_dim': 256, 'w_tox': 150.0, 'w_flip': 300.0, 'w_pen': 50.0}",0.21312872975277067,0.22762148337595908,0.7598273481436373,0.4546237907734171,1.0
"{'lr': 0.0001, 'gamma': 0.99, 'batch_size': 128, 'hidden_dim': 256, 'w_tox': 200.0, 'w_flip': 150.0, 'w_pen': 25.0}",0.25404944586530265,0.29241261722080136,0.7238915104526373,0.5233101242728059,1.0
"{'lr': 0.0001, 'gamma': 0.99, 'batch_size': 128, 'hidden_dim': 256, 'w_tox': 200.0, 'w_flip': 150.0, 'w_pen': 50.0}",0.3069053708439898,0.34867860187553285,0.7258914165797433,0.562699617309194,1.0
"{'lr': 0.0001, 'gamma': 0.99, 'batch_size': 128, 'hidden_dim': 256, 'w_tox': 200.0, 'w_flip': 200.0, 'w_pen': 25.0}",0.2915601023017903,0.3205456095481671,0.7299648449273733,0.547081447794217,1.0
"{'lr': 0.0001, 'gamma': 0.99, 'batch_size': 128, 'hidden_dim': 256, 'w_tox': 200.0, 'w_flip': 200.0, 'w_pen': 50.0}",0.27450980392156865,0.3069053708439898,0.7362241000657895,0.5870806117655188,1.0
"{'lr': 0.0001, 'gamma': 0.99, 'batch_size': 128, 'hidden_dim': 256, 'w_tox': 200.0, 'w_flip': 300.0, 'w_pen': 25.0}",0.23955669224211423,0.2625745950554135,0.7437173562032918,0.5288096446720411,1.0
"{'lr': 0.0001, 'gamma': 0.99, 'batch_size': 128, 'hidden_dim': 256, 'w_tox': 200.0, 'w_flip': 300.0, 'w_pen': 50.0}",0.25831202046035806,0.2898550724637681,0.7373680918488605,0.5234757975731082,1.0
"{'lr': 0.0001, 'gamma': 0.99, 'batch_size': 128, 'hidden_dim': 512, 'w_tox': 100.0, 'w_flip': 150.0, 'w_pen': 25.0}",0.27791986359761295,0.3154305200341006,0.7211139430592663,0.467297490754544,1.0
"{'lr': 0.0001, 'gamma': 0.99, 'batch_size': 128, 'hidden_dim': 512, 'w_tox': 100.0, 'w_flip': 150.0, 'w_pen': 50.0}",0.27195225916453536,0.30775788576300084,0.729600307561551,0.4872048960897766,1.0
"{'lr': 0.0001, 'gamma': 0.99, 'batch_size': 128, 'hidden_dim': 512, 'w_tox': 100.0, 'w_flip': 200.0, 'w_pen': 25.0}",0.2566069906223359,0.2813299232736573,0.7472433746154805,0.4956409361191993,1.0
"{'lr': 0.0001, 'gamma': 0.99, 'batch_size': 128, 'hidden_dim': 512, 'w_tox': 100.0, 'w_flip': 200.0, 'w_pen': 50.0}",0.21398124467178176,0.25234441602728047,0.7311527905321461,0.47851340545567317,1.0
"{'lr': 0.0001, 'gamma': 0.99, 'batch_size': 128, 'hidden_dim': 512, 'w_tox': 100.0, 'w_flip': 300.0, 'w_pen': 25.0}",0.21739130434782608,0.2361466325660699,0.7592339404126571,0.4873319899685455,1.0
"{'lr': 0.0001, 'gamma': 0.99, 'batch_size': 128, 'hidden_dim': 512, 'w_tox': 100.0, 'w_flip': 300.0, 'w_pen': 50.0}",0.2071611253196931,0.22847399829497017,0.7534528162271208,0.422649603143786,1.0
"{'lr': 0.0001, 'gamma': 0.99, 'batch_size': 128, 'hidden_dim': 512, 'w_tox': 150.0, 'w_flip': 150.0, 'w_pen': 25.0}",0.1926683716965047,0.20630861040068202,0.7535347489608311,0.4322856330779694,1.0
"{'lr': 0.0001, 'gamma': 0.99, 'batch_size': 128, 'hidden_dim': 512, 'w_tox': 150.0, 'w_flip': 150.0, 'w_pen': 50.0}",0.2659846547314578,0.2966751918158568,0.7351731086079755,0.46033548725146856,1.0
"{'lr': 0.0001, 'gamma': 0.99, 'batch_size': 128, 'hidden_dim': 512, 'w_tox': 150.0, 'w_flip': 200.0, 'w_pen': 25.0}",0.27621483375959077,0.30861040068201195,0.7259264396261027,0.5071028498414671,1.0
"{'lr': 0.0001, 'gamma': 0.99, 'batch_size': 128, 'hidden_dim': 512, 'w_tox': 150.0, 'w_flip': 200.0, 'w_pen': 50.0}",0.23785166240409208,0.2617220801364024,0.7357803287828053,0.48561471227381076,1.0
"{'lr': 0.0001, 'gamma': 0.99, 'batch_size': 128, 'hidden_dim': 512, 'w_tox': 150.0, 'w_flip': 300.0, 'w_pen': 25.0}",0.2028985507246377,0.21568627450980393,0.7583945785245797,0.4639088756649166,1.0
"{'lr': 0.0001, 'gamma': 0.99, 'batch_size': 128, 'hidden_dim': 512, 'w_tox': 150.0, 'w_flip': 300.0, 'w_pen': 50.0}",0.21568627450980393,0.24296675191815856,0.7369568866299375,0.5421343397916355,1.0
"{'lr': 0.0001, 'gamma': 0.99, 'batch_size': 128, 'hidden_dim': 512, 'w_tox': 200.0, 'w_flip': 150.0, 'w_pen': 25.0}",0.18925831202046037,0.20971867007672634,0.7413026934161668,0.4758788538431042,1.0
"{'lr': 0.0001, 'gamma': 0.99, 'batch_size': 128, 'hidden_dim': 512, 'w_tox': 200.0, 'w_flip': 150.0, 'w_pen': 50.0}",0.1977834612105712,0.21142369991474852,0.7582455007523629,0.5067250440393224,1.0
"{'lr': 0.0001, 'gamma': 0.99, 'batch_size': 128, 'hidden_dim': 512, 'w_tox': 200.0, 'w_flip': 200.0, 'w_pen': 25.0}",0.309462915601023,0.35038363171355497,0.7280087324446634,0.5669774149209817,1.0
"{'lr': 0.0001, 'gamma': 0.99, 'batch_size': 128, 'hidden_dim': 512, 'w_tox': 200.0, 'w_flip': 200.0, 'w_pen': 50.0}",0.21568627450980393,0.23785166240409208,0.7539591806774911,0.4384307496147699,1.0
"{'lr': 0.0001, 'gamma': 0.99, 'batch_size': 128, 'hidden_dim': 512, 'w_tox': 200.0, 'w_flip': 300.0, 'w_pen': 25.0}",0.2259164535379369,0.24467178175618073,0.7561528038771524,0.5080975924976582,1.0
"{'lr': 0.0001, 'gamma': 0.99, 'batch_size': 128, 'hidden_dim': 512, 'w_tox': 200.0, 'w_flip': 300.0, 'w_pen': 50.0}",0.20630861040068202,0.21909633418584826,0.7554456932757166,0.4838733180043378,1.0
"{'lr': 0.0001, 'gamma': 0.99, 'batch_size': 128, 'hidden_dim': 1024, 'w_tox': 100.0, 'w_flip': 150.0, 'w_pen': 25.0}",0.236999147485081,0.2651321398124467,0.7313267091201385,0.4350539344079361,1.0
"{'lr': 0.0001, 'gamma': 0.99, 'batch_size': 128, 'hidden_dim': 1024, 'w_tox': 100.0, 'w_flip': 150.0, 'w_pen': 50.0}",0.2514919011082694,0.2804774083546462,0.7276200128450468,0.4501533209965371,1.0
"{'lr': 0.0001, 'gamma': 0.99, 'batch_size': 128, 'hidden_dim': 1024, 'w_tox': 100.0, 'w_flip': 200.0, 'w_pen': 25.0}",0.30775788576300084,0.3452685421994885,0.7327184970027361,0.5645140301043838,1.0
"{'lr': 0.0001, 'gamma': 0.99, 'batch_size': 128, 'hidden_dim': 1024, 'w_tox': 100.0, 'w_flip': 200.0, 'w_pen': 50.0}",0.2216538789428815,0.24722932651321397,0.729393289791052,0.3632323085981686,1.0
"{'lr': 0.0001, 'gamma': 0.99, 'batch_size': 128, 'hidden_dim': 1024, 'w_tox': 100.0, 'w_flip': 300.0, 'w_pen': 25.0}",0.24040920716112532,0.2710997442455243,0.7267388355502966,0.3993510695738123,1.0
"{'lr': 0.0001, 'gamma': 0.99, 'batch_size': 128, 'hidden_dim': 1024, 'w_tox': 100.0, 'w_flip': 300.0, 'w_pen': 50.0}",0.21824381926683717,0.23273657289002558,0.7489109919073764,0.350454548524043,1.0
"{'lr': 0.0001, 'gamma': 0.99, 'batch_size': 128, 'hidden_dim': 1024, 'w_tox': 150.0, 'w_flip': 150.0, 'w_pen': 25.0}",0.22250639386189258,0.24808184143222506,0.7364423353407479,0.4908609007381987,1.0
"{'lr': 0.0001, 'gamma': 0.99, 'batch_size': 128, 'hidden_dim': 1024, 'w_tox': 150.0, 'w_flip': 150.0, 'w_pen': 50.0}",0.25234441602728047,0.2813299232736573,0.7317895686912878,0.5071607279175915,1.0
"{'lr': 0.0001, 'gamma': 0.99, 'batch_size': 128, 'hidden_dim': 1024, 'w_tox': 150.0, 'w_flip': 200.0, 'w_pen': 25.0}",0.24296675191815856,0.27365728900255754,0.7316078660230694,0.4943965129922214,1.0
"{'lr': 0.0001, 'gamma': 0.99, 'batch_size': 128, 'hidden_dim': 1024, 'w_tox': 150.0, 'w_flip': 200.0, 'w_pen': 50.0}",0.21227621483375958,0.23017902813299232,0.7533992703595002,0.4802555729434451,1.0
"{'lr': 0.0001, 'gamma': 0.99, 'batch_size': 128, 'hidden_dim': 1024, 'w_tox': 150.0, 'w_flip': 300.0, 'w_pen': 25.0}",0.23955669224211423,0.2608695652173913,0.7415127784473756,0.4274079391344721,1.0
"{'lr': 0.0001, 'gamma': 0.99, 'batch_size': 128, 'hidden_dim': 1024, 'w_tox': 150.0, 'w_flip': 300.0, 'w_pen': 50.0}",0.1815856777493606,0.1977834612105712,0.749133666293179,0.44583091880327913,1.0
"{'lr': 0.0001, 'gamma': 0.99, 'batch_size': 128, 'hidden_dim': 1024, 'w_tox': 200.0, 'w_flip': 150.0, 'w_pen': 25.0}",0.2659846547314578,0.2966751918158568,0.7350266894127647,0.5095559509933427,1.0
"{'lr': 0.0001, 'gamma': 0.99, 'batch_size': 128, 'hidden_dim': 1024, 'w_tox': 200.0, 'w_flip': 150.0, 'w_pen': 50.0}",0.2318840579710145,0.2591645353793691,0.74705155442738,0.49414446755713304,1.0
"{'lr': 0.0001, 'gamma': 0.99, 'batch_size': 128, 'hidden_dim': 1024, 'w_tox': 200.0, 'w_flip': 200.0, 'w_pen': 25.0}",0.26768968456947995,0.2966751918158568,0.7211613475842793,0.4712163666282947,1.0
"{'lr': 0.0001, 'gamma': 0.99, 'batch_size': 128, 'hidden_dim': 1024, 'w_tox': 200.0, 'w_flip': 200.0, 'w_pen': 50.0}",0.23273657289002558,0.2549019607843137,0.7417457859482292,0.42907273997245726,1.0
"{'lr': 0.0001, 'gamma': 0.99, 'batch_size': 128, 'hidden_dim': 1024, 'w_tox': 200.0, 'w_flip': 300.0, 'w_pen': 25.0}",0.2361466325660699,0.2591645353793691,0.7385796786183702,0.5012070789664438,1.0
"{'lr': 0.0001, 'gamma': 0.99, 'batch_size': 128, 'hidden_dim': 1024, 'w_tox': 200.0, 'w_flip': 300.0, 'w_pen': 50.0}",0.2566069906223359,0.2830349531116795,0.7350209910963058,0.4787173770436956,1.0
